,Name,Rating,Review
0,Megan Ng,5 stars,"Nice view and ambiance. A nice place to watch football or some matches and have a drink, specially at night, wonderful view of the river. Service was good. Food was good. The quesadilla was very tasty. Crowded on the weekend and public …"
1,SG Food Legends,4 stars,Nice view of the river and food is quite tasty! Worth the money if you are into the view.
2,Stan M,3 stars,"It's a sports bar on the Quay.  You can't really expect much.  The edamame were oily, which is weird.  The shrimp were low quality and the sangria was below average...had a fizzy texture instead of a dry red wine base."
3,Viann Low (mintychocobu),5 stars,"The waiters are very friendly and helpful. The river view is superb at night. Although the steak choices are not that much, the pizza, sides, and draught beer didn't disappoint me."
4,Satya Nand,5 stars,"This is awesome place. Their happy hour deals were worthwhile and the food was surprisingly not too bad. Garlic prawns were very good, salad was tasty and fresh, and the Charlie's Burger was delicious though a tad salty."
5,CK Cheong,4 stars,Great place to have a beer and enjoy the riverside scenery at Boat Quay. Food was ok
6,Mel,4 stars,"Went their after work to grab a drink. Their sangria is not that good but I like their mojito. Food wise we ordered truffle fries and calamari, portion is good enough for 3 pax. The ambiance is good!"
7,Lily T,4 stars,"Great views by the river at boat quay. Pretty generous food portions. The salmon is best, followed by the quesidilla, ribs and paella. Dessert chocolate lava cake is pretty good."
8,T. Young,5 stars,"Their happy hour deals were worthwhile and the food was surprisingly not too bad. Garlic prawns were very good, salad was tasty and fresh, and the Charlie's Burger was delicious though a tad salty."
9,Boss,4 stars,"Came for late lunch and watch the rugby world cup. Place was full 1 hour before the match and even when it was full service was great.
Had the Charlie burger and it was pretty good. …"
10,Jörg Wassmuth,5 stars,"Very nice restaurant with friendly service. The menu is good and the portions very good
There is also a very good wine selection.
Everything was really great"
11,Felomina D Rulloda,5 stars,"Their set lunch starts at $15.80. Value for money, a must try. Amazing place to catch live matches. Amazing atmosphere during the World Cup 2018 matches. Opens till late."
12,Yam Yummy,2 stars,"Boat Qauy Area has many types of restaurants and bars. Here, they open from lunch and it's comfortable to crab beer with snacks front of river, view of Marina area. …"
13,SierraCharlie,4 stars,"I ordered the rosemary lamb rack while the mister had their signature bbq ribs.
We actually came here for happy hour drinks and thought this place would be like any bar serving standard bar fare i.e. fills you up but nothing to rave about, …"
14,Selaxy Read,5 stars,Nice place to dine with nice view. Happy dinner. Great and nice server. 👍 …
15,Sharon Tan,5 stars,Been to Charlie's Restaurant on a weekend afternoon at Boat Quay to have lunch recently. Got a seat along the Singapore River and the view was perfect to enjoy on a breezy afternoon. Ordered the Charlie's burger which was one of their …
16,Shar C,2 stars,"Ok wine, food of my companions looked sub standard (quesadillas, nachos). Only dish that people had good things to say about were the buffalo wings. Great place for watching sports though."
17,Hannah Lim,4 stars,"Service was good. Nice quiet environment as I arrived around 5.45pm

Food was good as well. Ordered the seafood platter, calamari rings and octopus …"
18,Caoimhe Te,2 stars,"Came here with a party of 6. Ordered starters of calamari and wings. Wings were fine but the calamari was tough and overbattered. Mains we had: lobster Alfredo, lamb rack, ribs, steak, burger and the squid ink paella. The fries were the …"
19,Cat T,4 stars,"1 of the few places that was open before 5pm... saw that they have takeaway sets at $9 nett with free soft drink, so ordered 2 sets. Really like the chicken &amp; pork adobo, although the pork looked dry, it wasn't &amp; was flavorful. Restaurant …"
20,Brendan Yell,5 stars,"Great little joint with a nice wine selection, tapas bar snacks &amp; live sport on big screens. …"
21,Paolo B,4 stars,Good for a quick and tasty meal by the river. I had the veggie fajitas which were fairly generous and all fresh.
22,Hanajima Saki,5 stars,Very warm and welcoming service. Just drop by for a drinks and order some side dish for munchies. I ordered dessert which's Belgium cocholate waffle with a scoop of ice cream and whip cream on top and a chocolate syrup and berries. I'm …
23,Jay Koh,5 stars,A bit pricey but the portions were generous. Great food. Reserve early and request for a seat by the river for a nicer view. All of us had a great dinner and enjoyed ourselves.
24,Jacqueline L,5 stars,Good quality food very fresh and good portions  good happy hour drinks friendly service too will be back
25,Leica G,3 stars,3.5 stars. Food is decent. And if you’re seated outdoors you have a nice river view and cool breeze at times.
26,Taronce Ng,5 stars,We made a reservation via Eatigo with 50% discounts. Everything we ordered was nice and worth. Must try their desserts!
27,James Russell,4 stars,Great place to watch live sports (AFL) much quieter than other bars in the area so plenty of tables and quick and helpful staff. I will definitely be back. …
28,Julien Condamines,1 star,"It's not me, Charlie, it's you!
Charlie, Charlie, Charlie... I don't know what made you think this was the beginning of a relationship. Our first (and only) date started on the right foot: a …"
29,Petite brush,4 stars,Good taste food  The quantity is suitable for the price.
30,Ron Mañalac,5 stars,Nice place esp the Al Fresco dining area just by the river. Great food and excellent service!
31,JJ FY,5 stars,Had a superb good experience at Charlie’s Boat Quay with my friends..Great tasty food and friendly staff..if you are traveling to Singapore this place has an amazing riverside view.
32,Takaaki Suzuki,4 stars,Great service and food. They has Sport channel TV monitors.
33,JYJJ,3 stars,Recommended the cod fish with mash 😋 yum yum the price $40 quite high but the taste is nice 👍🏻 …
34,Brian Chan,5 stars,"Wonderful view, friendly staffs and good foods. Nice place to spend my lunch hours there."
35,Ray Thang,5 stars,Both Baby Back Ribs &amp; Prime Ribeye Steak are great will be back again.
36,Phoebe Goh,3 stars,"food was decent, but there's better spanish food elsewhere - mini octopus was good but a bit too salty
3 stars cos it felt pretty overpriced for the quality …"
37,Paul Cooke,4 stars,They do a nice mojito. Only tried fish stick snacks which were ok. Expensive but you pay for the location and that was nice.
38,Joyce Zhou,5 stars,"Great deal at lunch time. 3 pieces of juicy lamb chops with mashed potatoes and salad for $13 ish, can’t get any better in central.  Not to mention, great view, warm services and sports was on! Some guests complained about the plain boiled …"
39,Sun Jmt,5 stars,I m just in love with this restaurant.. quality serving  must visit next time....
40,Ruargh Steyn,4 stars,Great food and view over East Coast Bay area.
41,Marcelle Wan,4 stars,Decent lunch. Indoor&amp;outdoor seating. Free wifi. Good service. Smoking area available.
42,Parvish Nagrani,5 stars,"Good service, large portions, baby back ribs and steak was good."
43,Joson Nalpat,5 stars,Excellent view and place to hangout with friends.
44,Louise Roughsedge,5 stars,"We both had burgers here and they were delicious. Fries were really good, not greasy and a nice side salad too. Prices were reasonable and the location on the quay was a fabulous place to enjoy the lights and activities of the evening."
45,Asun Arce,5 stars,Wonderful place for whisky and cigars! The service is beyond expectations!!! Loved it!!
46,Yih Puoh Chua,4 stars,Good  gambas tapas and burger. Will come back again
47,louis lau,4 stars,"Good view at night ,steak no bad,and the salmon is very good, exspecially the sauce is very nice,and the wine quite good"
48,Mark Yeo,4 stars,"Friends picked this place for lunch meet up and its our first time visit. Nice and reasonably priced set lunch options available here. All of us selected the steak plus mushroom soup. There was some mash potatoes, broccoli, cauliflower and …"
49,M,3 stars,"The food is decent but there may be Integrity issues with the restaurant. Even though entertainer 1:1 stated it was available 7x/week, the restaurant did not honor it. Even though they promised us we would get the riverside seats when they are available, they did not keep to their promise when those seats became available."
50,Jerome Yam,1 star,"The food is alright, though over priced. Very. Massively. Overpriced. We had 3 wings and 3 drumlets when ordering buffalo wings. The nachos are good tho, have to be fair. I had a whiskey, yamazaki reserve. A glass was $26,  and i got like …"
51,Sanchit Sagar,4 stars,Great food but charging 9$ for a small bottle of water is ridiculous. Really spoilt the entire mood. We were 5 people and couldn't even get a full glass of water.
52,Shanmuk Yalavarthy,5 stars,The atmosphere is so good and food is so delicious
53,Tyler Case,5 stars,The highlight of this place is Vijay up on the 2nd floor. He takes care of you and your table! He has very good recommendations when it comes to whiskey and cigars. The cigar room upstairs is very neat as well. Will be coming back here again soon!!
54,shubham maurya,5 stars,Delicious food 😍😍😍 the service is too Good ☺️☺️☺️ …
55,Colin lim,5 stars,"Scrumptious food at reasonable price.

IG: @_bluebulb"
56,Shervyn Es,5 stars,"Best place at Boat Quay.
Must try the Whisky and Cigar bar on level 2. Lookout for Mr Vijay. He is an excellent bartender and is more than happy to recommend you the choice of whisky …"
57,Gerah oh,5 stars,"Freshest prawn in the tapas and paella. Interesting pork cheek main, and lovely sangria and whisky sour. Many many thanks to staff named Miu Miu for her genuine service and energetic support to help plan a surprise over dinner. Although I …"
58,Alastair Tan,5 stars,Went at about 2205h when happy hour was long over and we barely had 25 minutes left before they had to stop serving alcohol. But they still served us and gave us happy hour prices. …
59,Kaptain Kerr,3 stars,"Nice bar in Boat Quay. Good happy hour prices, similar to lots of other restaurants in the area."
60,CP,5 stars,Best place for food and drinks. Amazing view for river side and good Ambience. Visited once and have been regular since then. Cannot match the quality of food and the taste. Staff is very friendly and efficient. If you enjoy whiskey then …
61,Brendadirk Cramplescrunch,3 stars,"Just had cocktails. They weren't that delicious but had decent alcohol content.

Attentive service and situated by the river so pretty chill vibes."
62,Toan Vo,4 stars,"Nice view, great location and fantastic atmosphere in Boat Quay, Singapore"
63,A. Saranya,5 stars,"Excellent service and good hospitality, wonderful ambience"
64,AL,2 stars,"Fries were thick, crispy n seasoned well, Charlie's burger was also nice but patty was salty topped wit salty bacon. Worst was calamari fry, it's was odd shaped n not calamari rings, was fried in weird tasting oil, too much batter, barely …"
65,Miles Binney,5 stars,Pet friendly. Child friendly. Good service.
66,Kar Hoe Ng,1 star,used Entertainer app to make a reservation for dinner on a Thursday. Upon reaching we were told the app vouchers are not applicable on that day. The T&amp;C on the app clearly stated the validity is 7 days a week. Didn't want to eat at a place where they set their own rules against agreed terms.
67,ann dally,4 stars,If around Clarke's key in Singapore try Charlie's bar excellent food and service right on river not cheap but well worth it if you want cheap go to Chinatown you get wants there rather pay the extra along the river more atmosphere
68,MJ Zeek Daniels,3 stars,"First time here and tried their lunch. The Cordon Bleu was nice, but chicken was a bit dry. Salad lacked a bit more dressing. I would have preferred if the staff asked me if I wanted the sauce on the side to keep the crunchy texture. I wish they menu offered Chicken Kiev, I bet they could make a good one."
69,Peter Chua,2 stars,"Went there on Thursday early. What a disappointment.No stout and Erdinger...
We proceed upstairs once the cigar bar was open at 3pm. You need to settle your bill before proceeding upstairs.. …"
70,Faizal Shah,5 stars,The best restaurant and bar I’ve been to. The owner is friendly and makes sure that everyone feels at home. The staff is courteous and makes sure that all requests are acceded to. Great food and excellent service. Five star doesn’t do justice.
71,xavier tay,1 star,Bad restaurant service. We already have our seat for almost the whole meal but force us to move our seat to another place because they want to serve more customers coming in. We have to move all the food ourselves to a new seat while having our dinner!!!! Very very rude service
72,Lynn Rui,1 star,"Very expensive for a quality of food you would get at a canteen... Tastes like frozen/industrial food, way too pricey for a flavourless dinner. Also, we went on a Saturday night and the staff was quite unfriendly. Overrated, avoid this place."
73,J Stasia,4 stars,Beef burger was really good. Service was good too. Quesadillas were a tad dry but the staff were more than happy to grab us extra sauces and what not. Alittle on the pricey side ofcourse.
74,James Long,1 star,The restaurant charged me twice the bill amount by adding on a 100% service charge when they processed my card payment. Thankfully I noticed when I was provided with my receipt and the transaction was reversed. …
75,deb,1 star,"Ordered the lunch set - lamb chop but it was overcooked, was only able to barely eat 2 out of the 3 pieces. Also, we sat outside beside the river, when the sudden downpour came, we had to move indoors as there was no blinds to protect from …"
76,Praveen Kumar,5 stars,Great place and ambience was amazing..
77,Kido Daisuke (Dai α),5 stars,Nice location and delicious foods. I enjoyed a lot.
78,Richard Fahy,2 stars,"Good fast service. However, they have a tendancy to add extra drinks to the bill and hope you don't notice. Happened to me more than once but the latest attempt was brazen and I will not return"
79,John,3 stars,"Food was good, HH was till 5 pm. Many other choices close by with HH into the evening."
80,edgi na,1 star,Food was so so but the waitress was really attentive. The waiter however was rude. I won't recommend to my friends and won't come back.
81,Jens Göring,4 stars,"Had a nice grilled salmon here. The vegetables were a bit too raw and the salmon a bit overdone,  but others might prefer it this way. Friendly service personal.  Nice waterfront view."
82,Clement Neo,3 stars,"Had Mexican quesadillas while my partner got a pasta. Food wasn't that great - mine came with a watery bland tasting guacamole and the pasta was bland, but it's ok when using the entertainer app. …"
83,Charles Springgay,5 stars,"Great venue in Boat Quay.  Nice view, good food, attentive staff and a great overall experience.  Had a bunch of appetizers and ribs to share. I'll certainly be back for another relaxing afternoon."
84,rishika T,4 stars,"Good snacks and good drinks, service was a bit slow but that is expected because the F&amp;B outlets are finally experiencing full service crowd. …"
85,Razeen Mujarrab,4 stars,"Huge portions, above average food."
86,Yehan Gunaratne,5 stars,Staff is very polite and helpful. Food is also impressive and I found their sulm chicken dish was quite nice. Good join to relax and have a nice drink with some good food
87,Rishi Khanna,2 stars,"Way too costly for its worth...Served my partner with beef burger, while she ordered chicken...When we informed her that it doesn't taste anything like chicken..she insisted that it's chicken burger only...and she bend over and confirmed …"
88,Ad Barness,1 star,"The food is incredibly mediocre, but I saw something far worse. The kitchen staff share the toilet with the customers. I was disgusted that one of the staff came out of the cubicle and went back to work without washing his hands. Never go to this place."
89,Liew You Xuan,5 stars,Love the food and service. The atmosphere was great too for singapore spurs events.
90,Allen Reed,5 stars,What a great find. Lunch menu really enjoyable. Great fresh fish and chips. Service was amazing thanks to Vijay who made our experience extremely enjoyable. Highly recommend
91,elsa dama,5 stars,Have a lovely evening here. Nice location. Good food. Great services. The waitress are so friendly. Thumbs up for the services
92,William Ho,5 stars,"Visited Charlie's because of an eatiago 50% off promotion.

Ordered the tenderloin (Prime Grade) steak with 2 sides of seasonal vegetables. …"
93,Anri Uozumi,3 stars,Very normal bar and pub. Fro outside seating you can see Singapore river. Inside is slightly air-conditioned. Menu is ordinally.
94,Saurabh Singhaniya,5 stars,Well good restaurants to go
95,Christina Soedjono,5 stars,Excellent Charlie’s burger. A must try. Come before 8pm to enjoy 20% off all cocktails. A variety of cocktails to choose from.
96,LoopeR Rosh,4 stars,River side seating and live matches! Together with grilled meat platter and happy hour drinks worth the money. Must visit.
97,Rupesh Giri,5 stars,Very good
98,Deepanjali Monica,5 stars,"Very good place And very nice staff! This worker named miu is amazing! Very good service, must try their food 😋 …"
99,Aurelia Carissa,1 star,Went there once and won’t be going back. Witnessed the manager scolding an employee until she cried. It’s a pity the vibes are bad because the place itself is quite nice
100,Bill,5 stars,Good place to wind down after work
101,Kamini M,5 stars,Great food and service. Especially enjoyed the squidink risotto. Can share with 2pax. Nice place for couples. Table by the river was nice!
102,Jaydeep dubey,5 stars,Nice place for food and enjoyment
103,Edmund Lim,1 star,Poor service with the waitress trying to pressure customers to order quickly.
104,Robin Thang,3 stars,"Draft beers weren't cold at all. Fries had a strange smell, almost like the oil hasn't been changed in some time. Unimpressive."
105,Shimon,3 stars,"Indoor too much 2nd hand smoke, outdoor roof is canvas, leak during rain, food is good, but mainly for drinks."
106,Nipun Aditya Chawla,4 stars,"Norwegian Salmon, Plum Chicken and Chicken Nachos were excellent. Quesadillas and Fajitas are a pass."
107,LV Chenteley,5 stars,The LeBron and Cigars... In a classy ambience of leather couches... Perfect for business meeting and then some.
108,Shashi Dharan Venugopal,5 stars,Lamb was perfectly cooked and tasty!
109,Knotty Strokes,1 star,"Worst service and experience, wine spilled because their tables were shaky, they returned with wine that was watered down and tasted terrible"
110,Aayush Gulati,5 stars,Really good experience...!!
111,Arunima Sharma,4 stars,Their vegetarian aglio olio was amazing but sangria was so so. Staff is friendly and attentive and location is amazing
112,BNC SC,5 stars,I love food &amp; sevices
113,Samsung Edge,3 stars,It's a nice place to hang out with friends. Staff are attentive and service is quick
114,Derick Brown,3 stars,Nice place for a drink
115,Herman Stevens (igbuend),5 stars,"Very nice place for a quick lunch, with or without beers. Attentive service."
116,Ramnik Bali,4 stars,Good place to chill out. They make real good Fish Fingers. Service is good.
117,Dylan Tan,4 stars,Nice view and atmosphere. Tapas menu is decent but entrees are nothing special.
118,Kevin Chan,5 stars,Amazing burgers! Good whisky and cigar selection
119,Mark Richter,5 stars,"Nice place, good ambience, good food!"
120,Nkr bear,2 stars,"Good  view for sure , trade off with high price food. Just can eat.  Looking for something delicious , not this one"
121,Hieu Le,5 stars,Nice place for chilling out
122,Manlio Tribioli,3 stars,Good spanish &amp; mexican plates. Bad service. Prices really too expensive for this type of restaurant.
123,Amila Silva,5 stars,"Good service and nice staff, they have extended happy hour till 10:30pm."
124,Gordon Scott,5 stars,"Superb place to chill, watch football and a couple of drinks with their mouth watering pulled pork burger"
125,Leong Kiat CHUA,4 stars,Good value set lunches. Must try Lamb chops
126,Rahul Raj,5 stars,Mind blowing food and drinks
127,aditya kumar,5 stars,Really it's awesome
128,Anne Law,5 stars,Nice ambience and good cocktails.  Staff very helpful as well.
129,Aayush Gandhi,5 stars,"Saw the Ind Rsa Cricket math here
Pretty good food
Sports had a slight lag outside"
130,HJ See,3 stars,Service was pretty good but food was below average.
131,Jenifer Solis,5 stars,Excellent service! Nice place to have dinner with your family and friends
132,Jason Chen,3 stars,The drinks are good. But it comes with a side of cancer from second hand smoke.
133,Mariana Mau,4 stars,"Sitting outside to enjoy the Singapore river view, especially the beautiful night view of boat quay."
134,arjun bhadouria,5 stars,Delecious
135,_Ragul93____.,5 stars,It's delicious
136,Vijay Sabby,5 stars,Must try cocktails😋 great service n staff are very attentive. …
137,Ben Greshon,3 stars,Beer at cut-rate price during happy hour and great views over the river.
138,raushan kumar,5 stars,Delicious
139,Ravi Punjabi,3 stars,Just one of the resto-bars on boat quay. Has indoor and outdoor seating.
140,Max Collins,4 stars,"Good for lunch, price is ok staff are nice"
141,Amarnath N,5 stars,"Nice , Super"
142,Hema Rama,5 stars,Good food and drinks. Friendly and helpful staff
143,Nghia Le Minh,4 stars,Nice portion and reasonable price for lunch set.
144,Paul Casaneanu,5 stars,Good bar - upstairs lounge good for a relaxed chat and sampling some good scotch.
145,Psychedelia,3 stars,Service was good but the food was mediocre and the portion was relatively small
146,lazysuzy,4 stars,My favorite!!!!!
147,Shaurya Pratap,1 star,Restaurant was amazing
148,Titus Phoon,2 stars,Their lunch set fish &amp; chips were pretty bad. Soggy and cold.
149,patta veeravarma,5 stars,Good
150,SHIVAM SRIVASTAV,5 stars,Tasty
151,Naman Shrivastav,5 stars,Nice
152,Amrath Purohit,5 stars,It's awesome
153,S T,1 star,Plenty of better alternatives for service and food.
154,Prince Yadav,5 stars,Gr8 experience 💯🔥🔥 …
155,lionel wee,4 stars,One of the rare few places in singapore that sells cigar
156,VinayagaSundar Sankaranarayanan,4 stars,Good place for group to spend evening with drinks
157,Keith Jeremiah,5 stars,Food and the service was great
158,Raj Srivastava,5 stars,delicious food 😋 …
159,Andrew Kemp,4 stars,Excellent singspore sling...
160,SAMIR ROY,5 stars,Delicious
161,Sakthivelan Suppiah,5 stars,So shiok...food n boosting...awesome hospitality...
162,Nikhil Singh,5 stars,I loveed it
163,Ren Fang Quak,5 stars,Enjoyed the squid ink paella here.
164,Narashimha Doley,5 stars,Awesome....
165,Ivan Au,1 star,Staff pretty much pretended I'm non-existent.
166,florent darlet,3 stars,Nothing special. Service is ok but nothing that is asking to come back.
167,Emerson Chua,4 stars,Nice place. Food was good.
168,Hui Tong,4 stars,Good food and service 👌 …
169,shaun lopez,5 stars,Great river view to chill with friends
170,mohit thakur,5 stars,Delicious
171,YS Chee,5 stars,Excellent Services with nice food
172,Vee Halen,5 stars,Food was good and worthwhile. 👍🏻 …
173,Ian Chua,5 stars,Singapore Tottenham Hotspur club gathering spot
174,Mark Ridley,5 stars,"Food was great, and lots of it!"
175,Veronica May,4 stars,"Good nachos, nice views."
176,gardanibagh 6c,5 stars,YUMMY RESTAURANT
177,Helen Sibanda,5 stars,Awesome Lunch Deals
178,Cigdem Joyce,2 stars,Tax and the service charge are not included
179,Rey Y,2 stars,Too oily n old for the lamb
180,mayank saraf,5 stars,Delicious
181,Neeraj Jatav,5 stars,Awesome 😎 😎😎 …
182,Mili Vanilli,4 stars,I love the Coke 😂 …
183,Pimsiri Sangworachat,4 stars,Nice prawn pasta
184,Sébastien Raulin,4 stars,Good food and beer.
185,Manikandan SS,5 stars,Delicious 😋 …
186,A J's,4 stars,Not too bad
187,Davianto,5 stars,Home of Singapore Spurs supporters
188,Pavel Andreev,5 stars,Very cozy place
189,John Britto,5 stars,Delicious
190,Victor Correal,1 star,Fatal.
191,satheeshwaran balachandran,4 stars,Nice
192,Lynzi Chua,1 star,Bland food. The food suck
193,Charlee Hollis,5 stars,Excellent as always
194,Joy Obrien,5 stars,Lovely setting
195,Saket Dewangan,5 stars,Delicious
196,Divyam Dixit,5 stars,Delicious
197,Abhishek Garodia,5 stars,Delicious
198,vinay kumar chaubey,5 stars,Delicious
199,Agam Gupta,5 stars,Delicious
200,Rishabh Belwal,5 stars,"""Delicious"""
201,Shahbaz Alam,5 stars,Delicious
202,Shiva Kumar༻,5 stars,Delicious
203,Sem Karmakar,5 stars,delicious
204,Rahul chy,5 stars,Delicious
205,Abdul Jaffar,5 stars,Delicious
206,Nirbhay Singh,5 stars,Delicious
207,Akash kumar,5 stars,delicious
208,Anil Kumar,5 stars,Delicious
209,Alka Yadav,5 stars,delicious
210,Rahul Kumar,5 stars,Delicious
211,rajesh babu,5 stars,Delicious
212,Bharat Bansal,5 stars,Delicious
213,Nathanael V,5 stars,Delicious
214,Sagar Rana,5 stars,Delicious
215,김채은,5 stars,"Four pints of beer, fried calamari, and a Charlie's burger totaled about ninety dollars! To be honest, I don't expect much from a restaurant with a view like this, but the food here is also delicious! If you're not craving anything in …"
216,Dario Domenico Di Gesu,4 stars,"Good food quality, average prices. There is also the possibility of eating outside overlooking Singapore River and the hotel possibility"
217,Aruru,5 stars,"We're having happy hour.
There are many types of beer and drinks, and the food is also good.
In the evening, you can relax and enjoy eating and drinking on the terrace."
218,Alain Chastagner,4 stars,Very friendly staff. The patatas bravas are excellent. Go there in the evening for the atmosphere.
219,Анна Дяговченко,5 stars,Very tasty and simply huge portions. Friendly staff.
220,T Saka,5 stars,"Great location!!
Please come at night ✨"
221,Kirill,1 star,"I don’t recommend this place, they lure you in with happy hours, which are essentially a small discount and force a tax and service bill on top."
222,Susana Mandry,5 stars,"I went to watch an Argentina England rugby match sitting in a pub restaurant called Charlies next to the river where you could see small tourist boats passing by. Very good service, generous portion, well seasoned, so far in Singapore the best restaurant with the Dim son."
223,Pascal Delcombel,4 stars,"Very well placed, especially on the terrace. Expensive for the food served. Good nothing more: we pay for the location."
224,KAILASH CHAND BAVLIA,5 stars,Very nice thumbs up
225,Jorge Prieto,5 stars,"Singapore, excellent choice to spend time with good food and music."
226,jully choi,5 stars,I always go there. It's the best.
227,Yunkeun Son,5 stars,The taste is good and the price is good for Singapore.
228,Victoria Vidor,4 stars,Restaurant by the river
229,Barend Van Der Sluijs,5 stars,Good atmosphere
230,MF,3 stars,👍👍👍 …
