,Name,Rating,Review
0,Marcus Ang,4 stars,"chicken were juicy and tender, sotong was well cooked as well, however the beef was overcooked and tough. curry were flavourful and thick. …"
1,Lewis Liew,5 stars,"My childhood favourite eating place - when they were at the original Rendezvous Hotel at Bras Basah Rd.
All the food brings back so much good memories. …"
2,John Chong,5 stars,"One of my favourite Restaurants in Singapore.

Rendevouz was originally located along Bras Basah Road where the current …"
3,Sharon K,5 stars,Nasi Padang that brings nostalgic memories each time I dine here. The taste has been consistent over the years since I’ve dined at their restaurant along Bras Basah road. Who else remembers the “cowboy swing doors” when you enter the …
4,Jamie S L,4 stars,"I liked the atmosphere for casual family dinner/big groups.
We had curry chicken, sambal eggplant, cabbage, sambal prawns…Most of the dishes we ordered were tasty, perhaps only the beef rendang I wasn’t wowed by it. …"
5,Jacob TAN,5 stars,"Long time since I ate here. Food still tasted  amazing, although in my opinion, it was slightly better in the early years. Kroma chicken and the sayur lodeh were amazing. The beef rendang is not as tender as I like it to be but still very …"
6,Helpful Tany,3 stars,"I'm here to share my disappointment about revisiting a place I used to enjoy for its nostalgia and food. Unfortunately, the quality of the food has noticeably declined, and the service was subpar. Upon entering, no staff approached us, so …"
7,Aringi Ng,4 stars,"Food was great, we love the chicken and sayur lodeh most. Would be better if the food could be hot instead of warm. All the gravy and chilli sauce were to our liking. Fish was average, must try their chicken, especially the fried chicken. …"
8,Julius Tan,4 stars,Pleasantly surprised after revisiting the restaurant after many years. I remembered their standards dropped a lot when they first moved to Central. Really enjoyed their sambal squid and rendang chicken. Thumbs up.
9,Marc Chan,1 star,"Overpriced food &amp; average Padang food.
I am very disappointed with the food. I’ve been to many restaurants of nasi Padang foo but this was sadly super unexpected with really bland taste. Was thinking maybe it’s the rent that’s expensive . 1/5 stars"
10,Helen Koh,5 stars,My childhood kind of Nasi Padang. Their Nasi Padang is very authentic &amp; their variety of sauces are amazing! Fried Chicken is so Crispy outside &amp; inside is juicy. Sambal Sotong is so fragrance &amp; tasty. Rendang Chicken &amp; Beef are not too lemak just right. Remember to make a reservation during weekends.
11,A T,5 stars,Eating at Rendezvous Restaurant brought back memories of dining in the old restaurant long ago with my dad. Beef rendang was his favourite dish. It still taste good.
12,Jon Song,5 stars,"Great place to bring your friends along for a taste of Indonesia food, everything here really packs a punch. …"
13,YY,5 stars,"One of the nicer Indonesia restaurant in Singapore 👍🏻

Was shopping for some food and decided to try this out since I was craving for a …"
14,Maurice Lee,4 stars,My friend invited to lunch at this place. It is bursting to the seams with customers. The pains of the pandemic seems distant. I am glad they survived. The food is peranakan. Restaurant is located at Central. It is bright and airy. We had …
15,Josephine Tan,4 stars,"One of my grandparents’ old time favorite for nasi padang when it was located back at Bras Basah. Still highly popular, need to queue with patience … Its worth it :) …"
16,Poh Soh Lee,5 stars,"Every dish here is on point! The sambal was a killer!
Price is on the high side, but you get really delicious Nasi Padang here. Served by elders behind counter. …"
17,Graham Monteith,5 stars,"Excellent Nasi Padang fare! Cheap, cheerful and utterly delicious. Located in The Central at Clarke Quay."
18,Reviline James Wang,5 stars,"After two year, i just came and having my lunch. Still the same, good service and food very delicious. Nice views. Located at shopping Mall"
19,Joe Low,3 stars,"Came for lunch on a Saturday, services was quick, as dish a prepared and you just choose what you want. Price is on the high side. Taste is not bad but becasue of my up bringing I am very used to having these dishes at home cooked by my mum so maybe they were not up to my standards."
20,Derek Teo,5 stars,"Ever since the days that I have been eating here, I have never been disappointed. Overall good quality has maintained, various types of curry all has its uniqueness and not super spicy. Makes me want to eat tons of rice to go with the …"
21,Ong Xueni,4 stars,"The curry isn't spicy enough for me but its good for people that cannot take spiciness.
We ordered Chicken thigh with curry x2, curry fishball, kangkong, sambal egg. …"
22,Soo Jong,5 stars,Overall not bad. They serve western Sumatran foods. Strong coconut milk taste compare to normal curry. Great atmosphere and friendly service 👍🏻 …
23,skm 555,3 stars,"Came for lunch.
Their food used to be good. The food is not up to standard as before. Taste is not there! The small glass of lime drink is extremely sour! Prices is expensive! considering the food, presentation, tastes and prices, not recommended!"
24,Mark Ong,4 stars,"I had been passing this place for years and wondered how they could survive in this rather low traffic mall . All doubts are clear when I finally give it a try . Given it's restaurant settings , prices are alright in my opinion. I love how …"
25,CK C,5 stars,"You can definitely get better Nasi Padang elsewhere at a fraction of the cost. Even the white rice is ridiculously priced at $1.70. However, this restaurant is a unique place full of heritage. I love the old-school tables, chairs, tiles, menu and even the staff uniform. I’ll bring my foreigner friends here in future."
26,Amy Goh,4 stars,"An authentic Nasi Padang restaurant in the central area.
The curries are rich in flavours.  Price is on the high range but given the location, we suppose it can’t be too cheap thou.
Worth a try!"
27,steven lim,4 stars,It had been a few years since I last ate here - the very first time I did was at the old Rendevous Hotel in the Rochor area - and I was looking forward to lunch here with my brother-in-law. …
28,Marcus Heng,5 stars,"I'm not really a fan of nasi padang but man... This place blows my mind.

Service was delightful! …"
29,Chris Lee,5 stars,"I haven't been to this restaurant in 30 years. They have since moved to Clarke Quay. The food remains the same. My favourite are the jumbo shrimp. We also stuffed ourselves with sayar lodeh, curry vegetables, beef rendang, baggadail. The place was quite empty despite the good food and view."
30,Edwin Goh,5 stars,"Introduced by a friend to try out Nasi Padang here. Very great experience, feels like in Indonesia in the way food are ordered. Good selection of spice and curry. Lots of different curry and like every one of them. Mutton, beef, chicken all …"
31,Jeremy C,5 stars,Wow. Just amazing nasi padang. Was craving for rice dish with curry today. This really hits the spot. The sotong curry is to die for. Just amazing.
32,Winston C,4 stars,Love the food! Been eating since my childhood. This is my first time eating at this location. Plenty of seating space but we have to queue to order. Was stuck in the queue for a long time because some one in front ordered lots for takeaway. …
33,Little ES,4 stars,"Nostalgic place for my dad, he remembers it since the old days. We ordered a variety of curries and each of them were really flavourful and ingredients used were fresh. Not cheap but it’s worth every dollar for quality. Do note that the …"
34,Leong Yoong,4 stars,Been awhile since our last visit ! So decided to pop in at this local nasi padang favourite at Clark quay. Quality of food still very high and I was surprised I was a let to finish the whole plate of rice. I attribute it to the accompanying …
35,Sarah Tan,4 stars,My family and I have frequented this restaurant since it was located in Rendezvous Hotel (Dhoby Ghaut/Bras Basah). This quaint nasi padang restaurant has a special place in our hearts :) …
36,Jeremy Tay,4 stars,A classic (and nostalgic) cravable nasi padang with delicious curries accompanying fragrant white rice. …
37,Wong Francis,5 stars,"As an overseas visitor to Singapore, coming here is a fantastic cultural experience! With a name like this, you wouldn't expect it actually served up excellent Indonesian style Nasi Padang?! There are great varieties and prices are …"
38,Wang Teck Heng,4 stars,"It has been so many years since I ate this at Rendezvous Hotel. I have not even started writing on food then! There isn’t really a wide selection of dishes but if each dish is as good as what I had here, I think, I don’t need more choices. …"
39,Cedric Choo,4 stars,"A very nostalgic place in my heart. Long time ago, dad used to bring us to eat at their original shop at Selegie Road (Now it is Selegie Arts Center) which they had cowboy swing doors. I managed to only eat their Korma Chicken at that time …"
40,H Ngim,4 stars,"Old school Nasi Padang relocated from Rendezvous hotel to Clark quay. The food &amp; aircon ambience is great, but need to be early to avoid peak hour crowds. Average per pax $24"
41,Sarah Khoo (SasaCoo),5 stars,"Best Nasi padang, there spicy curry and non spicy curry.
Most authentic curry rice in Singapore."
42,Jude Lee,5 stars,This is a very established and famous nasi padang place from a long time ago. Food was good. Enjoyed our lunch with the Singapore River View. Prices were reasonable and portion was good - small for 2 pax.
43,Phoebe Goh,5 stars,"Delicious dinner and first time here. Ordered the mutton rendang, mild spicy chicken curry, sayur lodeh and cucumber salad. Pretty good though I love my food spicy! Great view of the river."
44,Kim Hong,5 stars,"Ate from this place a couple of nights ago and it was delicious. The taste of the dishes are yummy and appetising while the sambal was very nice. A great place to bring friends..with more people, can order more dishes! I went back wanting to try their lunch but was too early... so hopefully I'd get to try their lunch sets another day."
45,Alvin Choo,5 stars,"Went on 2 different occasions but mostly ordered the same dishes so combining the 2 reviews in 1. Have tried their beef rendang, chicken liver curry, sambal goreng, chicken bergedil and sadur loyeh so far. I think the food is really good …"
46,Win Tai,5 stars,Small portion of each plate. Peranakan cooking. Very tasty rumpa sauces. They make really good sauces and food. Not suitable for strict vegetarians. They put meat in the potato balls.  Shrimp in the sauces. The Dessert are not good. Chendol …
47,Cookie Monster,3 stars,It's quite amazing how people actually come back here for the food. It's very pricey. I think u can get better nasi Padang at a lower price. :P no complaints for the food quality except for the Assam fish.
48,Jaslin Poh,5 stars,"Has been visiting this restaurant since the day when they were at Raffles City. Nice Sambal Goreng and various curry dishes. Can give a try to their Chendol too, not too sweet ($5.50)."
49,Joshua Tan,4 stars,"The nasi padang here was great! The rendang and curry was tasty, and begedil was very delicious especially. Service was prompt, and the atmosphere was very old school. Looked unassuming at first, but the food is really good and affordable"
50,Joo Chuan Tong,5 stars,"A gem in town. Do order at the counter first, then pass your order number to any staff. They will bring you to your table. Curry chicken, sambal sotong, chilli eggs, egg plants are amazing as usual. Cucumber salad is a good add on to your meal."
51,Ng Wilson,4 stars,"Its a super old place - just decided to review today. When I first know about them, they were still at their old place at Rendezvous hotel. …"
52,yen yen,4 stars,"Food is pretty decent,beef rendang is good and tender. Fish head fresh and flavoured with spices"
53,Eileen Neo (Sgsohotleh),5 stars,"Price may be at a higher side, but the food is so good. I love it’s prawn, beef rendang and sotong! 👍🏼 …"
54,金Ck,4 stars,"An authentic nasi padang restaurant with a retro ambience.  Food is tasty and rich in flavours. However, those that has patronised it before says the standards have dropped tremendously.  Price can be quite high too depending on what you order. Personally...., think its worth a try."
55,Bin Lee,4 stars,"Rendezvous is well known to discerning lovers of nasi padang in Singapore. With many years of history behind it, it still dishes out one of the best beef rendang &amp; chicken curry in the island state. It serves quality food in a friendly environment without you needing to break the bank. Go for it - you will not be disappointed!"
56,Darren Ong,2 stars,Food was decent (beef and mutton rendang was good) but very overpriced.
57,Jyk Wong,5 stars,"Nasi padang food at its best. I have fond childhood memories of this eatery when my granny first brought us here. Good range of curries. Lovely views across Singapore River, go between 6.00 - 7.30 pm, the night views are a bonus. Rendang is a must. Sambal brinjal, sotong pedas, sambal prawns and korma chicken all scored top marks"
58,Nansha,5 stars,Excellent food . No doubt the shiokest Nasi Padang. Reminds me of the old premier stall in Bras Basah Road in the 70s. The food is par excellence. Keep it up. Never disappoint....bagus! sangat sedap!!!
59,I m Adrian_Tan,2 stars,Is one of my favourite Nasi Pandan normally we lunch there but this time we invited friends for dinner. Dishes were cold eat already not shiok. But freshly fried chicken was good. Saw some comments recently about cold dishes. Hope management can do something about it.
60,Roisu Tsan,5 stars,Great place to bring your foreign friends who loves chicken curry but cannot take it too spicy. Its peranakan cuisine.  Very delicious.  Had it since i was a child when its situated opposite to Cathay Cinema.
61,HF Lei,4 stars,Fuss free dinner with minimum waiting time. $39 for all the dishes that I ordered. Though I must say that the aroma is not as good as what I ate when I was young.
62,Leslie,3 stars,Back here the 2nd time - only one server during peak hours so the queue is painfully slow moving and many people leave mid queue. …
63,Leisha Rai (Stmargaretss),5 stars,"My experience here was wonderful, nice atmosphere, wonderful food, so delicious, we tried the chicken rendang, the fish, the liver, mutton, sayur lodeh, sotong, prawn and aubergine, it was all heavenly! Had a great time there celebrating a birthday!"
64,Jolene Wong,5 stars,Always walk past this restaurant no much customers the service staff are elderly doesn't  attract me. But today I must say I had severely underestimated  the restaurant.The …
65,NIC ANG,4 stars,"Rendezvous Restaurant Hock Lock Kee @ The Central @ Clarke Quay MRT
#09Aug2023 what better way to celebrate local chinese curry nasi padang with rich heritage on Singapore 58th National Day &amp; tingkat home with family"
66,James G,4 stars,Very nice peranakan food with good ambience overseeing the Singapore river. Price was reasonable ar Sgd 15/ person.
67,Rodney Ser,4 stars,"Food is good but the prices are abit on the high side.
Avoid the deep fried potato as it wasn't nice."
68,Pris,5 stars,"My family favorite nasi padang. We had been followed them from old Rendezvous Hotel to Raffles City and now at Clarke Quay Central.
Absolutely love their various curry, rendang, sambal dishes and chendol.
Although is pricey but worth trying."
69,Thanathip Moolvong,4 stars,"Ordered chicken curry (thigh) and vegetable curry. Both were tasty, although the bill was pricey but expected.  The process was a bit messy as you have to queue up to pick &amp; choose your meals. Chili (sambal) is supplement."
70,Colin Chan,2 stars,"Expensive, mediocre food, tiny portions. A far cry from what it used to be years ago. …"
71,adrian gian,4 stars,"Excellent ambience with good food to go along. Preference for curry fish and mutton rendang, very well done."
72,Eats More Fun,3 stars,"The Damage (no drinks): S$25-35 for two

Old time nasi padang eatery located inside the Clarke Quay mall. Semiself …"
73,darren kuah,4 stars,tastes still as good over the years. not the cheapest nasi padang you will find out there but for nostalgia’s sake and a guaranteed good meal. Will be back!
74,Stephen Wee,4 stars,"Great tasting food as always, price a bit stiff service ...meh
But old time good food never fails. Great that they’re still around"
75,John Muzi,5 stars,"This restaurant has been in existence for over 50 years in different locations. Rendezvous serves Nasi Padang or Indonesian cuisine based on the Padang tradition adapted by the cook. The food is just as good as when I first went there in 1960s, when I was student. Price is reasonable. I will continue going there at least once a month."
76,Clarissa,4 stars,"Quite expensive for nasi padang, but overall not bad. Bergedil could have been more crispy."
77,Janice W,5 stars,"I don’t always drop food reviews because, well, it’s Singapore and there’s good food everywhere. :-) But this restaurant surprised us! Chanced upon it because we didn’t want to fork for the higher prices by the water. The Indonesian food …"
78,Mike Eade,5 stars,"Great food.
Superb view of the river looking to Clarke Quay."
79,Shelby Chong,4 stars,Good flavor is their dishes. However the Chendol was a slight miss.
80,Shan Leong,5 stars,The food was still as delicious as before. Is the right place for me if got Nasi Padang craving. 😋 …
81,Serene Law,5 stars,"I've been patronizing this restaurant when I was a child. This is my family's favorite Nasi padang restaurant. After so many decades, diners continue to return with family members and new friends."
82,Choon T,3 stars,It has been a long time since I last ate at Rendezvous. The beef rendang was probably the only dish that has kept its previous standard.
83,ye wang,5 stars,"Tried the chicken rendang, beef rendang, squid rendang, gravy taste all different and delicious, matches very well. The veggie tastes like green curry, creamy and flavourful. Will come again."
84,Ron Mañalac,5 stars,One of the best rendang and curry I've tasted! Must try!
85,Trond Hon,5 stars,Good delicious food in Clark Quay central mall. The dishes are well spiced without too much of chili spiciness. Large sitting space that can cater for walk in guess. A go to place for nasi padang.
86,Cheryl Goh,1 star,"Day light robbery ..Most expensive Indon food I have ever had . Ordered 1 chicken thigh and 1 piece of prawn and white rice , no drink ..I got charge 24 dollars . Was very shocked , didn't check price cos I was rushing to appointment , was thinking the most will be 20 dollars but ended up way more ..feel scammed"
87,Yves-Florian Wolf,5 stars,"It's probably the best beef rendang in town. Also, the staff is super friendly and gives extra gravy. If I could, I would give 6 stars."
88,Moira Margaret Scully,5 stars,Rendezvous at Central Clarke quay. Nasi Padang. 5/5. Brings back memories of the original rendezvous hotel at Bras basah
89,Patrick Lum,5 stars,"First ever meal in Singapore and was very happy.  Curries were delicious.  Saw so many local families eating, and when we finished, there was a very long line.  Always a good sign."
90,R S,4 stars,"Good Nasi Padang, however price was on the higher side. They charge by per piece for the meats. Definitely worth a try!"
91,Joyce Yong,5 stars,"Clean environment, quality food and service oriented. Must come earlier in order to get the fish curry."
92,Jeremy Ho,5 stars,"Been dinning w them for the past 35 years, Beef Rendang still my top choice 😊 …"
93,Deb Lew,5 stars,The food was good. Our order - Beef rendang. Mutton curry. Korma chicken. Liver and gizzard. Sambal eggplant. Turmeric cabbage. Tauhu goreng. Savoury and hearty.
94,Luca Vismara,3 stars,"The food is tasty, very heavy on coconut milk. Prices are very steep, around 60 dollars for two people. The location is nice, you can get a table with a view of Clarke Quay."
95,BBTinTin Ng,4 stars,Nice food
96,Stanley Teo,1 star,"Honestly putting aside their tacky design and subpar service, the food is above average at best, and the prices here are absolutely ludicrous. To charge 29 dollars for 5 pieces of beef rendang is daylight robbery. Similar prices for their …"
97,Capt Roy,4 stars,Overall I enjoyed the food which I would say is authentic. The beef and chicken were soft and tender. It was not overly spicy as well. Window seat gets you a nice view of the river. Clean and comfortable ambience.
98,Jessie W,5 stars,It’s slightly on the pricey side but the food quality is good. I’ve been come back over and over again. Like their food a lot.
99,Skye Mok,4 stars,"Food is no doubt implacable, but the ordering and pricing will shock some first-comers: …"
100,Hie Li Kong,5 stars,Bring oversea visitors to this restaurant. Staff are friendly as usual and food is just as good as I remembered. Only issue is the long wait to order food because of Saturday crowd and diners in front of the queue are undecided on what to …
101,Summer Leo,1 star,"Overcooked vegetables, felt its left over since lunch. Every tables left with reserved tags when they only have few customers. Not honest and refused to give me a table near window... very upsetting dinning experience tonight. I see their standard keeps dropping over years! After tonight's dinner, I won't be going back ever again. 😪 …"
102,Somasundaram Narayanan,1 star,The worst nasi padang ever tasted. All their curries taste the same with different shades of red. Even their rendang tastes the same as their curries. BLAND. Explains the lack of customers in the restaurant. I still regret eating there just …
103,Yeo Cheryl,5 stars,"Most amazing nasi Padang food in Singapore. Best mutton I have eaten and really amazing prawn. The meat are all very soft and tender, super flavourful. Will visit again!! thankiew for the amazing meal!!"
104,Evin Lim,5 stars,Price is reasonable based on the location! Food taste authentic to Indonesian food!
105,SS Tan,3 stars,"Food is good. Not very spicy.
Service is good.
But the price point is high.
At a total of $110 for the pictured food."
106,JW Park,4 stars,"Original Singapore Food Nasi Padang!!!
Good food clean services
Must taste it!"
107,J D,5 stars,Been having this food since the 70s. Seen many a staff transition from youth to aged. Some have since passed on. …
108,Thomas Tan,5 stars,"very good. very2 sedap. sotonged samballed to its rightful spiceness.
sayur lodeh thats so lemak. EggPlant
with its own chillied 🌶🌶🌶Beef 🐂🐂 …"
109,Chris Tan,4 stars,Authentic nasi Padang. Curry and fried chicken is a must try. Slightly pricey for nasi Padang but is worth the price.
110,stingray phelps,5 stars,"Great to know that some things never changed, in spite of the pandemic! We had another great family meal again (one of our favourites). A number of menu items are defining Nasi Padang classics! They manage to maintain  service standards. Its such an institution!"
111,IVY MU,3 stars,"1st visited dated 1st wk November '21

4* for the aroma and taste of gravy and curry. …"
112,不惑:cogent,4 stars,Stylish restaurant/Cafe of yesteryear. A classic.
113,Cheng-Choon Si,5 stars,"Great service, great location. Awesome food!"
114,Veronica Phua,5 stars,"Rendezvous Restaurant Hock Lock Kee is so old-school, they don’t even have an Instagram account. But this #NasiPadang eatery is an institution.
My parents used to take my brothers and I to their original venue to makan when …"
115,Caleb Liu,4 stars,This is authentic Nasi Padang and this restaurant has been serving up this stuff for more than 2 decades. It used to be located at the Rendezvous Hotel hence the name. A tad pricey as good as it is. Come in a bigger group to be able to …
116,Harry Kek,4 stars,Excellent gravy dishes. Always a pleasure to dine here
117,Yvonne “Sapphire” Seah,4 stars,"Quick service and good food selection. Didn't really enjoy the sotong dish as is quite hard. Begerdil &amp; Mutton rendang are good, very flavourful. Must enjoy them with rice. Price is on the higher side. Spent $56 on food and drink."
118,Logan Goh,5 stars,Very tasty. Quite a bit more expensive than regular nasi padang but I didn't mind. Portions are larger than you would expect for padang and are better for sharing.
119,thomas tan,5 stars,"It's always a delight to dine at this top notch
Nasi Padang. Very fresh ingredients with their
Tip top dishes that's so tasty.  Don't bother so much about the cost as you pay …"
120,YONG LAWRENCE,2 stars,"The standard of food has dropped tremendously. Expect the beef rendang to remain tender and smooth but unfortunately, it turns out otherwise. The curry for the various dishes seems to be similar. One plus factor is that the service is quite efficient and pleasant."
121,Walter Wu,2 stars,"I was there on 18 Aug for dinner with a client. The food looked dry. And sadly, the rice served seemed to be old rice as parts of it was dried out (kerak).
The sambal goreng wasn't done well. The tahu that was fried seemed off and the …"
122,Matthew Pang,4 stars,"Once in a while, if I want my fix of Beef Rendang I will go by to this place. Authentic Nasi Padang. Try the fried fish with chili sambal, u will love it. Had the roasted chicken, on my last trip there, it was really very good, crispy on the outside n juicy inside."
123,Kavitha Sed,2 stars,"Had been there couple of times before. Food was above average for me. And overrated for a nasi padang. Thought of going there for lunch today, but I'm changing my mind after so much of negative reviews."
124,Richard Koh,5 stars,"Excellent, the best nasi padang food in Singapore."
125,LIS,1 star,"Average nasi Padang restaurant. Prices are ridiculously exorbitant and portions are so small. Please support other hawker fare and restaurants where prices are more reasonable. Be prepared to burn a big hole in your wallet if you come here. In COVID times, I am appalled at their prices."
126,Kelvin Chua,3 stars,"The place still maintains it's standard when in was in Rendezvous Hotel. The beef rendang, chicken curry and sambal egg are delicious. Fried chicken is worth a try too. The sayoh lodeh or curry vegetable is not heavy so it goes well with …"
127,Ziggy Zag,1 star,Expensive. Prices are not transparent. Paid $20 for nasi padang (2 ingredients) without being informed of prices. …
128,Adrian Chua,5 stars,Delicious mutton curry and sambal eggplant!
129,Gulcin Tefek,4 stars,Decent nasi padang place. The food taste is a bit on the sweeter side compared to other Indonesian nasi padang places and less hot. Ambience is good with nostalgic decor and lovely view of river.
130,Gamer Account,5 stars,"The taste is still the same from day one when I first had Nasi Pandang at the old location at Rendezvous Hotel, and that was 40 years ago. Love it."
131,Fathia Mutiara Willis,1 star,"Sorry to say but the foods is didn't match my plate, I expected a tasty and rich-seasoning flavour but didn't get it at all. Far behind the real taste of Indonesian food. …"
132,Edmund KW,3 stars,"Not as good as I remembered. Rendang had flavor but tough, fried chicken was a little dry, coconut milk curry chicken was a bit bland, potato (begedil) not as tasty as it was and somewhat powdery, sayur lodeh was nice with good crisp …"
133,MoMo Lim,4 stars,"Nostalgic place (for some). Serve good nasi padang. Abit expensive. Recommended dishes, includes mutton rendang, fry fish with or without samba chilli, curry or rendang chicken,  fry chicken (need to wait for them to fry). The ice kajang is …"
134,Asif Iqbal,3 stars,Popular Nasi Padang restaurant that used to be located at the Rendezvous Hotel. Food is authentic and flavourful. Could do with better variety in the taste of their curries. Good location and comfortable amenities owing to its location in Central mall. #BrownManReviews
135,Oon Ban Cheah,3 stars,"This place serves authentic Indonesian nasi padang. It has been in business for many years. The food is good, but it use to be a lot better in the past."
136,Wendy Tsh,1 star,"Auntie at serving counter there with very bad attitude.
Today i ordered beef rendang with veg and i ask for beef rendang gravy.
But she gave me curry source, and i again highlighted to her that i want beef …"
137,M Loh,5 stars,Lovely place. Great view of the river. Good food and friendly service staff.
138,KhengHoe Seah,5 stars,"I give 5 stars, so needless to describe. Everlastingly tasty, as proven over the past 5 decades. It is NOT Peranakan. Nasi Padang originated from Padang, in North Sumatra, Indonesia. The food was so much liked and well received , even by Indonesians who traveled from Indonesian. Price, reasonable, based on Singapore standards."
