,Name,Rating,Review
0,Felicia,5 stars,"Wonderful experience here at Shinji with Head Chef Ishi! We enjoyed the 15 piece sushi for $200++ and enjoyed the whole experience, interacting with chef Ishi and enjoying his artful, beautiful, and most importantly delicious sushi …"
1,Dean Aw,5 stars,"Had a great lunch there. The food was exceptional, so fresh, very premium texture and the twists in unique flavours w the different accents and techniques used. The staff, both the chefs and service staff provided very attentive and warm interactions. Raving about it to friends, well deserved."
2,Ivy Ye,5 stars,"Still as good! Excellent rice consistency with the right pressure applied on every nigiri, firm but not dense. Fish was firm and nicely sliced in the right proportion to the rice. Will definitely continue to visit."
3,Jz L,4 stars,"Waiting area can be enhanced for guests, instead of being placed in the dark area. Chefs are all superb, interactive, well trained in all aspects, considerate as per universal standards of the fine dine Japanese excellence. Cosy space for …"
4,Devi Lissan,5 stars,"picked the Omakase menu but to be honest, only their sushi are worth the price!
Get the sushi set instead!?!?
Really good sushi here, well deserving of their Michelin star. …"
5,Teck Ang,5 stars,"Looking for authentic omakase sushi in singapore, with finesse? HIGHLY recommend Shinji @ Carlton. Chef Ishin is very skilful and precise in his sushi. …"
6,chern Yx,5 stars,"Simplicity is the ultimate sophistication.

Had a wonderful lunch experience at Shinji . …"
7,Daphne,5 stars,Service is always good and the quality of the food items always exceed our expectations. The chef is always thoughtful which is why we always come back to celebrate our special day here.
8,Pam Y,5 stars,Our omakase lunch was a delightful experience. The intrinsic quality and taste of the food were brought out as our chef skillfully prepared our dishes. The sashimi were fresh and of premium quality and we were sufficiently filled at the end …
9,Shane,5 stars,Absolutely top notch and  authentic japanese omakase in SG. Fresh and succulent highly graded fish on top of warm japanese vinegar rice with a unique savory playfulness on your tongue. Would highly recommend to try!
10,JY Quek,5 stars,Overall a decent omakase experience. Was quite crowded today thus there's some noise. Would still prefer a quiet omakase setting. Food was good and chef/staff were attentive.
11,Eric Bosteg,1 star,How do you enjoy your $800 meal if you feel rushed throughout the course. Honestly the quality is fresh but it taste as ordinary as fresh fish taste. I mean you can get super fresh fish even at sakuraya at a fraction of the price. Kudos to the service.
12,Matthew Hyland,5 stars,Stunning chefs omakase with the best of the best ingredients. They have more modestly priced tastings that are still great and prepared expertly. The interaction the chef is always fun and our chef was easygoing and personable. I’m looking forward to coming back soon!
13,Kris Trimoeljo,5 stars,"Great place for omakase sushi.. for lunch the quality vs price equation is really attractive . i think this place is worth considering.  Chutoro , ootoro is rhe highlight for me
Damage +/- $ 150 ."
14,Kejia Lu,5 stars,What a delightful experience at Shinji. It was our first Omakase and it totally exceeded our expectations. The chefs were extremely attentive (e.g. changed the position of sushi depending on your dominant hand) and our tea cups were changed …
15,Elaine Ong,5 stars,Had the chef’s special and Yume omakase set for lunch and it definitely didn’t disappoint. The fish was so fresh you could taste the sea in it. Everything was beautifully presented and one can tell the ingredients were freshly sourced and …
16,JATHL,5 stars,"Food was excellent! But for 2 people, along with one 720ml bottle of sake, cost was just under SG$1000!
I do enjoy Omakase once in a while but I wish every chef could give an …"
17,Daniel Bind,2 stars,I wouldnt recommend. Over priced. Bafun uni taste like any bafun uni you will get from a good sushi place except this is double the price.
18,Tommy Lim,4 stars,"We tried the Omakase lunch set  at Shinji which is located within Carlton hotel. The ingredients were fresh and nicely prepared by the chef. Overall portion was just nice and each dish was bite sized. The price is slightly high, but still considered reasonable."
19,Ryan Loh,5 stars,"Came here to celebrate my birthday and I have to say this is one of the best Japanese sushi restaurants I have ever been to. Firstly the service was amazing, the staff were extremely friendly and patient. They explained to me the different …"
20,WS,5 stars,"The restaurant is managed by a team of Japanese Chefs and offer seasonal courses comprising of appetiser, sashimi, cooked dishes, nigiri sushi, soup and Japanese fruit. …"
21,Angela Hoi,3 stars,The fatty tuna and the uni was really good. It made me think of the ones I had in Japan. However the uni rice was a bit overkilling for me hence I gave them to my partner who would never get tired of eating uni. 😅 Service wise nothing …
22,Desmond Lee,4 stars,1st time experience for omakase style and decide to 做梦 for lunch for my wedding anniversary. …
23,Yiping Chen,5 stars,Absolutely worth every cent. Went for the 15 pieces option. This omakase is a must try. …
24,L T Koh,5 stars,"Wonderful experience, I won't know most of the fish being served, although the staffs tried their very best to advice, many thanks for the great service, and continuous warm tea too. Great food throughout, very fresh. …"
25,Eats More Fun,4 stars,"Shinji
Top grade Michelin starred sushi omakase restaurant thats been synonymous with quality Japanese dining for quite a while. Of the omakase, we recommend the Uni …"
26,Sam L,4 stars,"I've been to both locations, lunch at Carlton and dinner at St. Regis. Felt that for the price, the lunch was a small let down only because sushi courses, although all different fish, they tasted very similar. The dinner I had there was a …"
27,Benjamin Chan,4 stars,"First time back in Shinji after 5 years. Very high standards of sushi, definitely one of the best around. Although somehow I feel it does not give me any wow factor. I feel that there are a handful of other sushi restaurants that have …"
28,tnc teo,5 stars,"Shinji has always one of our to go to omakase place in Singapore. Service has been great on every visit which is one of the reasons why despite having been to many omakase restaurants, this is the one we go to more often than the rest. Quality of good is great and so is the presentation. Will definitely be back again."
29,Gen,5 stars,"This is by far, the best Japanese restaurant in Singapore. The freshness of the food is outstanding and the chefs in Shinji take a lot of pride in the food they serve. They're knowledgeable, and very friendly at the same time. The service …"
30,Em H,5 stars,"Amazing food throughout the course! Sushi was lovely with perfectly balanced flavours, and the chef was nice and very helpful. Will definitely recommend, especially after having a subpar experience at kimura."
31,Low Wee Heng,5 stars,"Amazing food, great dining experience. Shinji lives up to its name and expectations. …"
32,Genevieve Wong,4 stars,Always heard good recommendations from friends and read good reviews too about Shinji. Thought I should try it for myself to see if it is really what others think. We went for the $250 and $350 Omakase lunch menu just to see the difference. …
33,Royal Pears,5 stars,"Excellent sushi and sashimi - fresh, flavourful and nice cuts. Particularly enjoyed the negitoro ikura uni don with the uni throughly mixed with the rice. My only gripes are that the scallop with seaweed could be thicker and the tuna steak could be more interesting. Good service."
34,Rachel Ou,5 stars,"It's my second time here and I have enjoyed the dining experience. The service staff are quite observant. For example, my guest coughed and they served a glass of water without asking. We ordered the 12 piece sushi for lunch and it was just right."
35,Eric Woo,5 stars,"One of the best edomae omakase experiences in Singapore. Set in an intimate setting, the chefs really make everyone feel like they’re getting the full attention and service. Each piece is explained and in detail if requested (e.g., season, …"
36,Joyce Kwan,5 stars,Have been here twice in a month - I think that in itself speaks volumes to how amazing the food here is! Look no further if you want an authentic omakase experience. All the chefs are Japanese and waitresses don cute yukatas. The chefs are …
37,Joanne Chin,5 stars,"We ordered the Wa set and it was excellent. The quality was top notch, and the service was impeccable. Shinji truly lives up to the Michelin 1 Star."
38,Ram Kumar,5 stars,"Shinji by Kanesake, tucked away in a quite corner of Raffles Hotel and best loved hotel. Singapore has plenty of Japanese restaurants right from the chains such as Sushi Tei to the celebrity chefs. Shinji falls in the highest category when …"
39,Andy Tan,4 stars,"Good experience, Premium ingredients. Sushi is one of the best i have had!!

However it’s slightly on the pricer side."
40,Lisa Chan,5 stars,Had an amazing omakase experience here for lunch. It's about 200++ sgd per person so it's really only for that special occasion (unless you're loaded and you has plenty of cash to spare). The selection of fish is quite good and the chef is …
41,Keefe Teo,5 stars,"Still one of the best sushi restaurants in Singapore. Tamaru San had the best hospitality and service was excellent. It’s not hard to book, just get on their waitlist! Sushi was impressive as usual."
42,P J,4 stars,Always really good experience here. However there is a significant differences between head chef and other chefs at the counter table. The ingredients and fresh and carefully sourced.
43,Joy KC,5 stars,"Excellent sashimi and sushi, never ceases to excite and inspire your palate. Omakase dinner ie enjoyable. Service is impeccable."
44,Sun Jian Bo,5 stars,"Decently prices for an omakase. Menu is very traditional, quality is high. Has uni and toro in the 12 piece lunch menu, which is great."
45,Andrew C,5 stars,Shinji has lived up to its reputation. Sushi was fabulous. Service has been attentive but never intrusive. This wonderful experience just makes every other Sushi experiences (even highly praised ones) just not as good.
46,William Lee,5 stars,Just a class of its own. Throughly enjoyed the entire experience from one dish after another. Quite literally having Japan on a plate. …
47,Elna Tan,5 stars,"Our go-to for a simple flight of nigiri, thankful the itamae entertained us for a preference of more hikarimono.
Always ask for sea salt ice cream to end 🍦
11 June 2022 …"
48,khyronzz,3 stars,"Stellar service and excellent sushi/sashimi. Undoubtedly the produce is fresh.

However the food is run of the mill and uninspiring. You would think Japanese …"
49,Agnes Chew,1 star,Our party of 4 took the $200 per pax yuki set. Our food was rapidly rolled out to us in less than an hour as dining time is restricted to only 80 min. Other sushi restaurants at this price would have given you a nice well paced omakase …
50,Ethan Lee,4 stars,"Japanese delicacies! I love the freshness and unique taste of Shinji. Die die must try! 👊 new benchmark! 😎
1. Ambience 🌟🌟🌟🌟- authentic Japanese style &amp; compact area without compromise the …"
51,Wayne Chou,4 stars,"The food was amazing fresh, the taste was great, presentation delicate.  They pay a lot of attention to the taste and the chef gave suggestions on the order of food taking.  Definitely worth trying but omakase was S$500 per person.  Adding sake, service charge, taxes etc... the bill came to thousands for 3 😂 …"
52,Glenn Ng,5 stars,"Quality of the sashimi and sushi is right up there with the top 10 in Tokyo and Kyoto. Not the cheapest meal but certainly memorable. If you and your spouse love sushi/sashimi, definitely eat here at least once a year on your anniversary or …"
53,Jiawen Chua,4 stars,Very good Sushi.  Sweet shrimp was delightful. Service was excellent.
54,Ong Yihen (Avarice),4 stars,"A different experience from previous omakase, Overall had a great experience and amazing food quality! Prices is overwhelming for omakase, Not worth the price, But Great Experience."
55,Andrew Tan,5 stars,"One of the best Japanese restaurant in Singapore! Previously, Shinji was located across the street in Raffles Hotel. Due to the hotel’s renovation, Shinji moved across to the current location in Carlton. …"
56,J ROC,5 stars,Great Edomae style sushi.  The sushi rice has a nice balanced flavor and good texture. The fish were aged to perfection.
57,Nelson Lim,5 stars,First omakase experience and boy was it mind blowing. Food was excellent and the service was top notch. Words can't describe how amazing the meal was.
58,Ravenska Eugenia,5 stars,"had the omakase shin here. nice foods and such a unique experience, a bit diff from other restaurants’ omakase I’ve tried before"
59,Meng Yang Ng,4 stars,"Really good sushi restaurant and great service. We had the Edomae menu which had 15 sushi options with a hefty price tag of S$220. The sea urchin and chutoro were particularly excellent, but the horse mackerel could be better and the temperature of the rice was inconsistent."
60,Kimberly Chew,5 stars,"Had the sushi set for dinner. The sushi was so amazing and yummy! I’m getting hungry looking at the photos again…
Service was tip top - very attentive."
61,Pawena Win,5 stars,Don’t we all love a friendly sushi chef with amazing sushi skills and quality omakase 💋 …
62,Kayden,5 stars,"From the moment I stepped foot in the restaurant, I was greeted with warm hospitality and an atmosphere of elegance. …"
63,Sicilia Lim,4 stars,"First time here for our wedding anniversary. It’s 5 star pricing and location and set up (small and private) . But we didn’t get the counter seat. So the ambience for me and experience was so so. I ordered Omakaze but at normal seat , …"
64,Emilia Ksenia,5 stars,Excellent and authentic experience from Chef Goto Masataka. Highly recommend the preset dinner menu. Superb quality!
65,Brian ZP,5 stars,"Absolute delight to dine here (tsuki set, 12 pieces @ 120++). Its the first time for me and the sushi didn't disappoint - the chutoro, otoro, Spanish mackerel, maguro, bliss. The flounder, floundered for me though. Free parking. Will definitely be back!"
66,Kaejay Ng,5 stars,"Excellent sushi and polite staff. When I had the green tea, they switched the entire cup instead of just the tea."
67,Zargham Khan,5 stars,"Went here for lunch with a friend and had the nine piece menu for ~75 sgd. When I walked in, I felt like I was back in Japan. They fly their fish from Japan almost daily and the quality and attention to detail shown by the chefs is …"
68,Gerald,5 stars,"Excellent food, great attention to detail and friendly staff. The atmosphere is also peaceful, very zen."
69,SH,5 stars,"Nice food &amp; Nice Service! Favourite item is the wasabi, which can taste the sweetness!"
70,Jas Low,1 star,The Shinji by Kanesaka restaurant seafood dishes are very fresh and mouth-watering. It is absolutely a good choice for Japanese fine dining. The menu selection is excellently wide. A Michelin Star 1 Japanese splendid award.
71,Philipp Gonzales-Scheller,5 stars,Best sushi experience outside Japan 🇯🇵 definitely a strong recommendation. Go for the omakase menu …
72,vigneshwaran Balakrishnan,4 stars,"The quality of the food at Shinji by Kanesaka is widely considered to be excellent, with many diners praising the freshness and quality of the ingredients, as well as the skill and precision of the sushi chefs. The restaurant has also been …"
73,eimbrunt rashid,4 stars,"Shinji by Kanesaka is an outstanding restaurant that offers an unforgettable dining experience. From the moment you enter the door, you are greeted by a warm and welcoming atmosphere, with an elegant and minimalist design that sets the tone …"
74,Hope Ang,4 stars,Food was fresh and certainly a league above the usual japanese restaurant. Enjoyed the hospitality of the chef too.
75,an444na,5 stars,this omakase lunch experience was a delightful and special one. the interestingly amazing quality and taste of the food were evident as the chef skillfully prepared each dish professionally. the sashimi were fresh and of premium quality and we were so full at the end of the whole experience. really nice ambiance too!
76,Isaac Ho,4 stars,"Maybe it’s in the VIP room, the experience and taste seems different from being served at the bar counter. However, very good sake!"
77,Yanting,5 stars,"Very nice dining experience at Shinji! Had some “exotic” food like cod fish sperm as part of the omakase menu, which tastes so interesting and good!"
78,Sara N.,5 stars,We came here for our 11th anniversary. We are very impressed with their omakase (lunch).
79,WenD Tan,5 stars,Chef’s special on 11/3/2020 extravagant dinner fresh seafood and great flavours.
80,Zeno Z,1 star,"Only issue is, me and my friend, both had running stomach right after dinner…..not the first time eating Omakase and been to Japan couple of times for food, I think our stomach is used to raw fish and or sushi, so suspecting the quality of food. Very disappointing"
81,Rafael Gobel,4 stars,"Legit omakase experience outside of japan.
The Good-
Food was very good. Sushiman was a Japanese gentleman that would explain all the …"
82,Tanay Bhattacharjee,4 stars,"Excellent sashimi and sushi, never ceases to excite and inspire your palate. Top grade Michelin starred sushi restaurant that's been synonymous with quality Japanese dining for quite a while."
83,Lasantha Bandara,5 stars,"Shinji by Kanesaka is one of the best omakase restaurants in Singapore, and it's easy to see why. From the moment you walk in, the ambiance is serene and elegant, creating the perfect setting for a memorable dining experience. The omakase …"
84,Stef Lim,5 stars,"There are not many restaurants with sushi only omakase in Singapore and we finally found one! Teppei-San was our chef and we had a really enjoyable lunch. Nothing fanciful, just fresh and yummy sushi. Service was also attentive and friendly. Will be back for more!"
85,A Ku,4 stars,"Very fresh, enjoying the umami of the seafood itself"
86,Ask Me,5 stars,"Freshest sashimi, Japanese pride and perfection in executing every dish including palate cleansers and dessert. Truly a performance to enjoy, not just a meal. The seasoning and plating were creative, relevant and well-placed. Chef was …"
87,Mahathir Mohammad,5 stars,"Such an atas place. Great interior. And all of the dishes are well plated.. Feeling like fine dining if I can say.
Not your ordinary restaurant. …"
88,Len Sim,5 stars,Amazing Omakase ! Food is not cheap but definitely worth it ! Everything is made fresh !
89,T3_Serene Tan-Quah,4 stars,Great food with awesome presentations by Chef Teppei Ohinata.
90,Michael Chirico,5 stars,super tasty if you're prepared to splurge. very classy minimalist atmosphere
91,Daniel Le,5 stars,"Great value for money, went here for lunch. Clean and simple interior design, nice and talkative chefs, superior quality. Highly recommend."
92,Paniti Junhasavasdikul,4 stars,Freshness is the main point here than cooking. The steamed fish is fresh without any addition.
93,Rachel Lau,5 stars,"Best omakase in Singapore, quite pricey though."
94,Shen Tan,5 stars,Always enjoy my meals here
95,xy,5 stars,"One of the best sushi restaurants I’ve been to, Shinji provides excellent customer service, a warm and welcoming environment as well as delicious food. Their attention to detail is unmatched and it was a blessing to have been able to dine here"
96,ポンみかん,5 stars,"From the appetizers to the final dessert and green tea, everything was very delicious with great attention to detail. The staff was friendly and we had a great time.
Thank you so much!"
97,Yeo Lai Lian,5 stars,"A fabulous lunch at Shinji Carlton. All the sushi was so luxurious taste cos the shari was top quality and fish was very fresh. Chef Ishi is an excellent chef, thank you for the delicious meal!"
98,Asyraf Ramli,5 stars,"Good experience, Premium ingredients. Sushi is one of the best i have had!!

However it’s slightly on the pricer side. But still the best in town"
99,Shiro Neko Des,5 stars,"The food served was tasty &amp; fresh. It was a wonderful experience to have omakase. From start to end I have a total of 11 dishes, which was quite filling at the end of it. Do note that as it is omakase the dishes will vary from time to time."
100,Elgin Tan,4 stars,"Had the 12 piece nigiri at the Carlton Hotel outlet. Food was not bad, staff were attentive and overall experience was good."
101,YY,5 stars,"Absolutely wonderful and I wish I could give 10 stars! Tried the omakase, it was delightful with a variety of textures and flavours in each dish. Chef was friendly and staff attentive. Prices do not include gst and service charge. Amazing food and I look forward to coming back again. Thank you for the hard work!"
102,Joan David,5 stars,"Shinji by Kanesaka has been a One Michelin Star restaurant for many years. The restaurant is managed by a team of Japanese Chefs and offer seasonal courses comprising of appetizer, sashimi, cooked dishes, nigiri sushi, soup and Japanese …"
103,R M,5 stars,Every piece of sushi was good and this set is extremely value for money. Service was very good. Also get good Japanese meal is a multi sensory experience.
104,Meena BP,4 stars,"We like to have Omakase once in a while, Totally worth for the flavour, texture and overall experience. Know that this is really expensive but
A must visit and highly recommended."
105,Vinoth Venu,5 stars,Overall a decent omakase experience. Was quite crowded today thus there's some noise. Would still prefer a quiet omakase setting. Food was good and chef/staff were attentive.
106,sam godfrey,2 stars,Pretty normal sushi. Definitely not worth the price.
107,Angel Cai,5 stars,Amazing Japanese food with good ambience and tentative service.
108,Daryl Gan,5 stars,"To be named as the Jiro of Singapore, I had to try it myself to see if it was of such standards. Went there and it was exactly as it was said to be, from the standard of the sushi to the atmosphere it was truly one of a kind. And I highly recommend it to anyone wanting to experience the Jiro of Japan standard!!!"
109,Armin Angerer,5 stars,Fantastic food at a true Japanese level. The lunch was perfectly to every measure!
110,Rikitta Chowdhury,5 stars,One of a kind omakase experience. Must try!
111,Venus Chan,5 stars,"Awesome experience, the taste is so fresh and memorable, service is excellent."
112,Desmond T,5 stars,"Our Omakase experience by chef Kudo Kazuki was awesome!

We were presented with snowcrabs, uni and an amazing spread of fresh sashimi …"
113,Colette Tan,5 stars,"This was my first high end sushi experience and I loved loved loved it. I think you really have to have good sushi once in your life. The tuna just melted and the rice is stunning. You can make out the individual grains, which each have …"
114,Yasmeen Shaikh,4 stars,The best option to have ultimate sushi and Japanese food. The quality and task is very good. The menu is extensive. Good experience so far.
115,Jan,5 stars,"Omakase was superb, fresh and intricate. Love it!"
116,Angel Tan,5 stars,Very good food and service. I’ll be back for sure!
117,Steve K,5 stars,Phenomenal lunch omakase with exceptional uni dishes in particular. A bit pricey for lunch but overall had very pleasant experience with amazing service
118,Gen Ong,4 stars,"Great omakse place, their uni rice is the special and is a must try!"
119,Joanne Sim,5 stars,Conveniently located in City Hall area and easily accessible by the MRT.  Shinji serves up one fresh variety of sushi and sashimi. …
120,Daniel Hua,5 stars,A very enjoyable Edo style omakase experience
121,RGDreams,5 stars,"We had the omakase menu, food quality was really good. Service was prompt as well, had an enjoyable and amazing dining experience!"
122,Roderique Tam,4 stars,I liked it. Enjoyed the meal. Sightly on the pricey side but obviously they have a well established reputation. Just one thing I noticed when it came to the shiroko the guy announced it as fish sperm. Appreciate his honesty but maybe …
123,prakashrajsrp,4 stars,"The restaurant is managed by a team of Japanese Chefs and offer seasonal courses comprising of appetiser, sashimi, cooked dishes, nigiri sushi, soup and Japanese fruit."
124,Keith Lim,5 stars,Exceptional sushi and cooked dishes. Still one of the best high end sushi places in town.  Particular enjoyed the tuna belly and the uni. The chefs are incredibly friendly and take the time to explain the food. Do miss the bowl of minced tuna and rice that used to be standard on the Yume menu
125,Mohamed Iskandar,5 stars,"Shinji by Kanesaka offers an exquisite culinary experience with its masterfully crafted sushi, showcasing the highest quality ingredients and precise techniques."
126,S Wong,5 stars,"Great experiences and excellent food.

It was moved to current location in April 2017 from Raffle hotel."
127,Julie Ahearn,3 stars,Experience and food were both good but not good enough for the price tag. At over $350 per person I expect to be blown away and that wasn’t the case. …
128,Anthony Bargar,5 stars,Excellent quality and service.  Go for the chef selection set course.  You will be happy : )
129,Joanna O,5 stars,"An excellent sushi restaurant. Everything was so fresh and tasted amazing. It's also grest when you can watch good sushi chefs practice their craft right in front of you. It's expensive, as is just about any restaurant with quality Japanese food in Singapore, but well worth a trip."
130,Nicholas Ong,5 stars,"Wonderfully fresh food with creative and beautiful plating. Food is just king here and the passion and confidence of the sushi chefs shine brightly. Service is impeccable with constant top up of tea without asking for it. Also, thanks to the team for the quirky birthday celebration. We will be back!"
131,A C,5 stars,One of the best sushi restaurants in Singapore in my view. Super quality - fish and assorted seafood always very fresh. Service is excellent as well (e.g. they always exchange your lukewarm tea with a brand new cup of hot tea instead of …
132,Janardhanaram Ram,5 stars,The food was pretty awesome. It was a very delightful cuisine. Would love go again in the future. Delicious and mouth watering.
133,Song Fengyang,5 stars,"Possibly the best sushi fare you can get in Singapore. The chefs in Shinji really take a lot of pride in the food they serve, and service was immaculate. …"
134,Sunny H,5 stars,Recommend👌🏻Omakase: Chef’s Special 💯 …
135,Ryana Pitkin,5 stars,Excellent lunch at Shinji. Impressive quality of food with great ambience. Superb service from start to finish. Great dining experience :)
136,Goki Muthusamy,4 stars,Outstanding service and really good sushi and sashimi. The starter was pretty average and a couple of the sushis (tuna roll and eel) were not well executed.
137,Geoffrey Lip,5 stars,"Celebrated our 10th wedding anniversary after reading great reviews... and it did not disappoint!!! Everything was pitch perfect, from the service, the sushi chef (from Tokyo but worked in new york, Hawaii, etc), the ambience, and even the …"
138,Jaslyn Lim,5 stars,"I’ve been coming to shinji for a few years now, and the standard of food has remained top notch. I think it’s important for a sushi place to have great quality vinegared rice and the rice here at shinji is always perfect. …"
139,Angela Chen,1 star,"Made reservation one month in advance and went there for my husband's birthday celebration. during booking, the person mending the mailbox was polite and considerate, asking us for our preference and dietary constraints. One of our request …"
140,Benjamin Lam,5 stars,"Had the twelve piece sushi meal. Very costly at $150+ but I mean the food was heavenly, from fatty tuna to uni sushi. My first time eating sushi with my hands like a true Japanese, great experience. The chef was super nice explaining each …"
141,August Wu,4 stars,"Had an exquisite dinner at Shinji. Indeed almost flawless or near perfect offering, from environment, setup, cosy design, utensils, fresh air flown fishes, especially the sushi rice is palatable. However, wish vineger could be slightly …"
142,Anchisa Pongmanavuth,4 stars,"- Michelin star sushi
- High-quality sushi and one of the best in Singapore though some pieces of fish were a bit sub-par. Nonetheless, they do serve some of the rarer / more …"
143,Hiromi Hodgson,5 stars,"We went to shinji at Carleton hotel for my birthday dinner. We ordered  Sushi edomae- Appetiser, Nigiri Sushi 15 pieces,soup, Japanese fruit and Junmai dai ginjyo sake. We took a bar table and it was interesting because the chef makes the …"
144,saya b,5 stars,"If you LOVE sushi, this is likely the best restaurant in Singapore.
The dinner omakase is absolutely fantastic, recommend to have a very light lunch as the servings were never ending and all amazing! …"
145,Shay Seng,5 stars,"Had a wonderful lunch at Shinji recently.
With the covid situation, they've added plexiglass barrier between guests on the counter. …"
146,DEJAN,4 stars,"Shinji is excellent but not for everyone. Firstly, this is not the type of restaurant where you just turn up to check it out. My recommendation is to peruse their menu and more importantly prices before you make your reservation. The …"
147,Muhammad Azhar Cheah,5 stars,"Visit thed the shop at Charlton hotel.
Food was fresh and very delicious.
Its open for lunch and dinner. …"
148,Flo Yeow,5 stars,"Their lunch set is really worth what's paid, although it's still pricey in itself. The experience, the quality of the fish, and the whole shabang of service and vibes is really worth everything you pay. Add some sake, and you're good for …"
149,Rachelle Lily,5 stars,"Undoubtedly the best sushi in Singapore hands-down. Overall besides the food which is excellent already, the experience is also great especially at the counter. Highly recommend if you can afford it."
150,H S,1 star,"The golden age of Shinji is over. This restaurant USED TO serve good high end sushi that matches the price paid.
But not any more........... …"
151,Ochie Trivino,4 stars,"If you like Japanese food, this place is a must-try. The food is authentic and the spread of food is quite a nice selection.:)"
152,Yuho Han,3 stars,Had weekend dinner here for my wedding anniversary. We had the mid-option edo sushi dinner which was 270-ish per person if I remember correctly. We added on some Uni Gunkan Maki at 40$ per piece. Food quality is where you would expect it to …
153,Javier Hernández,5 stars,A top notch japanese restaurant in the heart of the most beautiful hotel in Singapore could never disappoint. We had a really good meal and I would say that lunch menus are we way to go for the best value for money. Probably the best sushi …
154,Cole M,2 stars,"Much better Sushi Omakase available elsewhere in Singapore. Fish was fine (though only a few really rare/premium pieces), but the staff were rude (from server to chef) which brought down the whole experience."
155,Manyu Wang,1 star,"If you want to try, make sure only go for the sushi menu. Omasake is the worst among all I've had. For S$700+ you got stuff like 3 pieces of tuna, some normal uni, mackerel, 8 pieces of sushi of normal fish, even no wagyu, no seasonal fish …"
156,Jeffrey Kok,5 stars,One of best omakase in Singapore
157,Kah Chew,5 stars,A restaurant not to be missed if you love great sushi omakase.  Nice and friendly Japanese chefs will take you on a gastronomical adventure. Great selection of sake to compliment the meal.
158,tony pk,1 star,"Terrible food, not fresh. Cook does taste good. Any street food in Japan would be better than this"
159,BelovedLovesTravel,4 stars,"Managed to get our lunch reservation in Chef Koichiro Oshino’s room which seats only 8.
Everyone who seats in this room seems to know the chef well. So, your dining …"
160,Foo Darren,5 stars,The food is on point one of the best I’ve tried so far the the place look really nice overall!! Would recommend!!
161,Paulina Bon,5 stars,"Fish is super fresh and delicious!
The staff is really nice and accesible. They will not give you what you ask them not to and they will substitute your pieces with something else instead of just …"
162,Ratchumari,5 stars,"Shiniji by Kanesaka is a Japanese authentic cuisine based restaurant, award been received for its traditional authenticity and hygiene."
163,my music,3 stars,Food Quality are 3 stars which was really nothing special except the fresh unis but the price are really 5 Diamonds. I have been to almost all of the plush Omakase in Singapore this join is the most expensively charge but really the quality they produce are far off points
164,Brooklyn Sun,5 stars,"I love the atmosphere here, I usually come here for my meeting with clients and group dinners.Really suggest to try out, top on my list of restaurants in Singapore"
165,Terence Chan,5 stars,Michelin starred sushi omakase restaurant thats been synonymous with quality Japanese dining for quite a while.
166,Yuji Hoshi,4 stars,"Great lunch set starting from $75, only available at the Carlton. The quality is top notch. Sushi is on the traditional side. Reservations required."
167,Victor Darmawan,5 stars,"Superb! Perfection for the chef omakase. Seriously, spent a bomb.. But was an experience of a lifetime :) feels very much like a traditional omakase, the dishes were meticulously presented and menu well put together."
168,Shwetha Shri,4 stars,"Just in a different league. I thoroughly appreciated every aspect of the event, dish after dish. putting Japan on a plate, so to speak."
169,Brenda Aguilar,5 stars,"I have a friend who once told me that she would always have a couple of servings of the bread from a French restaurant that she used to frequent because the bread was heavenly good, not to mention the memorable multi-course dinner. I think …"
170,Molly L,3 stars,They include some unnecessary dishes in the course. Over priced and nothing special comparing to other sushi fine dining restaurants.
171,Shasha Sarip,5 stars,Food was excellent and staff were attentive.  The cost is worthwhile.  Simplicity is the ultimate sophisticated.
172,Jian C,2 stars,Even though the sushi omakase was of the highest quality the lack of professional etiquette and poor level of service displayed by the Apprentice Chef and servers was very disappointing. …
173,Derrick Koh,5 stars,Just went there with my family and my brother Dom for his birthday. Chef overheard our conversation about Dom's bday and surprised us with a birthday song.   Before that we were waiting for our last course which is the dessert and they …
174,Rachel Chin,5 stars,We had Chef’s special Omakase dinner by Head Chef Ishizawa lastnight…it was top notch…we enjoyed each of every serving…love the sake too…it was highly recommended 👍👍👍 …
175,Muhammad Irwan,5 stars,Very good place to eat sushi in that area. High recommend and will come again for sure.
176,Lina,5 stars,Super fresh and yummy
177,Syafiq Jeffri,4 stars,"Food at this place was really good!

Smaller parties also would not be too pricey.  Good recommend."
178,Shanky Balakrishnan,5 stars,"Authentic Japanese restaurant .
Pricing can be high, but overall matches the quality of food"
179,Yun Yuan Kek,5 stars,Probably the best sushi-ya in Singapore
180,Mr Tartufo,4 stars,Most expensive sushi meal I had in Singapore. Very very warm service crew and chefs. I would rate it higher if the price was slightly friendly for my pocket. Great sashim!
181,Benat Onatibia,5 stars,"Best sushi restaurant in Singapore. Dinner omakase is a supreme indulgence but affordable lunch-time sets come full with high-end Uni, Anago and Ikura. Absolutely fantastic"
182,Shawn S,4 stars,Quite good food and service. Authentic Japanese cuisine in Singapore.
183,Thenmolhi Kumaresan,2 stars,"Been there for a sushi dates with colleagues..
Variety of choice and great hospitality"
184,Christopher Siow,5 stars,"The restaurant is managed by a team of Japanese Chefs and offer seasonal courses comprising of appetiser, sashimi, cooked dishes, nigiri sushi, soup and Japanese fruit."
185,Mark Kim,4 stars,"Very good sushi, but also comes with a hefty price tag. If you want an amazing sushi experience in Singapore, this is the place."
186,Azhar Azhar,5 stars,Good restaurant for japanese foods. Must try their specials items.
187,Lyngoh0109 Calma,3 stars,This is a Japanese restaurant that provide fresh and raw sushi 🍣 and is worth the dollar u spent …
188,Steve Wood,2 stars,"Ridiculously expensive! The food is good, but in no way is worth the price. Save your money and dine elsewhere."
189,Hari Struggler,5 stars,I tried squid and mushroom. It's taste very good. I enjoyed a lot
190,Derek Low,5 stars,"Beautiful sources of fish, rice and the condiments.  Skilled chefs as expected from a renowned brand such as Shinji.
A little heavy on the wasabi.
But fresh damn it fresh."
191,Chell Ganesh,5 stars,Still one of the best restaurant in Singapore.there is lot of variety food it tasty and yummy 😊 …
192,S,5 stars,"Great food, very traditional"
193,Lydz C.,5 stars,Ordered the $500 festive Omakase and was very happy with it. The ingredients were so fresh and the taste really stayed in the mouth for a while. The sequence of every dish was carefully managed so they wouldn’t overpower each other. The …
194,bx Tang,5 stars,one of the best sushi restaurants that i have tried in singapore! the lunch sets are delightful  - and watching the chef make the sushi - a great experience!
195,Gerard Lim,4 stars,"Fresh ingredients. Fruits were very sweet. Focus is on sushi, so you must love sushi for the price point."
196,Nhat Nguyen,5 stars,Good Japanese food to enjoy!!! Fresh and nice sashimi!!!
197,Heikal Mubarah,5 stars,"Best Japanese ambience, love the sushi. Fresh sashimi!!!"
198,Agnes Jane,4 stars,Delicious sushi n fresh salmon.  Varities of Japanese cuisine.
199,Leeza Shaheed,3 stars,A great place to dine on for authentic tic Japanese sushi
200,Ride & Destroy,4 stars,A high class sushi diner with fresh seafood. Enjoyable by many.
201,Boon Kwang Lee,5 stars,Freshly made food and delicious. Frendly staff with great services provided.
202,Scott Montague,5 stars,"I love sushi and sashimi. This restaurant for sushi and sashimi lovers. Very talented chef, fresh ingredients, freshly grated Wasabi. Wonderful experience."
203,Muthulakshmi Nagappan,5 stars,Great atmosphere i like sea food I must try this place
204,Peter Wong,5 stars,"Strongly recommend for those who love Japanese food like me 👍
The best ❤️ …"
205,Caleb Liu,5 stars,What can one say other than it was a truly sublime dining experience. The finest sushi you are likely to find in Singapore
206,Jx,5 stars,Fresh ingredients coupled with good ambience 👍 …
207,Indah Elyka,4 stars,"love the omakase experience, will definitely return!"
208,thomas teo,5 stars,great atmosphere and service but food slightly pricey
209,Sihan Tan,5 stars,"If you are willing to spend on good sushi, this is the place to go. No matter how full, will still find space for an ala carte Uni Rice bowl 😍 …"
210,Joanne Lai,4 stars,"The service and atmosphere are great, food are delicious too."
211,Wouter Blok,5 stars,"Best sushi I ever had. 1-1 connection with the head chef, taking me on the journey of epic sushi and sashimi."
212,Ys Lee,3 stars,Gave this place many chances but always finished the meal feeling like I enjoyed myself better at other sushi restaurants.
213,Chee Leong Ang,5 stars,Chef Ishizawa san is friendly and accommodating. Very friendly and professional service staff. Exceptional!
214,jean-christophe desaintfuscien,5 stars,By far the best Japanese restaurant I have experienced. Delicious sushis and surprisingly large quantity for business lunch
215,Thileep R,5 stars,"one of the Best Hotel, the foods are also best.
Value for money"
216,Chris Langham,5 stars,"excellent ingredients. loved everything. the ""cheesecake"" tamago was excellent apart from the raw products. superb service."
217,藤岡杏,5 stars,"The best restaurant I've been to so far. Fresh seafood, great service. Although it's super expensive, it's worth it."
218,Nanang Hindarto,5 stars,Very nice place to enjoy omakase in town! ❤️🫰 …
219,alyssa danielle,5 stars,"delightful options of japanese food, highly recommended!"
220,Ray Sun,5 stars,"People here are professionals. They take so much pride in their job. I'm Japanese myself, and I was amazed their sushis are even bette than the ones I usually eat in Japan."
221,Alfred Wijaya,5 stars,"The omakse was delicious served by the chef himself, the food is fresh and delicious, price okay, service excellent, michelin stars definitely, its worth to come back again"
222,Jax Lee,5 stars,"What a great omakase experience, must give it a try!"
223,Richard Yap,1 star,Truly disappointed.. I felt for $250/pax the food and service could be better.. I went to one in Macau and the experience is day and night.. sad
224,Chris,5 stars,"Amazing experience, adding to my favourites restaurant"
225,Louisa Z.,5 stars,"This place never disappoints, Omakase at lunch is value for money considering the great quality, but dinner is pricey"
226,Phee Jennifer,3 stars,Food not much variety.  Long leg crabs very salty.
227,Mugundhan M,5 stars,I have visited this place many times.Its very nice place to chill.Must visit all peoples
228,Zerlynn Tan,5 stars,Quite an awesome place to eat and chill. Do visit here!
229,Tash Stamatelos,1 star,No big deal. Sushi Omakase there are much better place to go to in Singapore
230,Austin,5 stars,Incredible sushi! Great staff. Friendly and very talented chef.
231,Azhar Samsuddin,5 stars,"Great ambience, food is fresh and delicious."
232,Lleufer Sinsua,5 stars,I was transported to Japan and my happiness index has been restored. Shinji never disappoints! Coming back for more😊 …
233,Divine You Franziska H.,5 stars,"Amazing, masterly, authentic Japanese food, prepared at the counter just for us. Highly recommended!"
234,Hui ping Chen,5 stars,"Food is fresh. Huge variety, will return"
235,Sylvain P,5 stars,Pity cannot go beyond 5*. Out of this world freshness and cookery. I simply recommend though high price
236,Pascal Brax,5 stars,"Very good sushi with chef in front of you, very japanese ambient, but very expensive. The basic menu is $220."
237,ZC OU,5 stars,perfect
238,surya n,5 stars,Sushi was outstanding and hospitality is great
239,Liam Johnson,5 stars,"Wonderful service, food is fresh and taste is unbelievable, pricey omasake menu definitely worth it!"
240,Henry Hariyono,5 stars,"the closest thing to being in japan's best sushiya. the most pillowy soft, warm sushi rice in town."
241,KJ Shadows,5 stars,Sushi was fresh and delicious!
242,Matthew kratos,5 stars,Good food &amp; highly recommend to go another round
243,Anbu Mani,5 stars,Good was excellent.really amazing food
244,Yufis Kadir,5 stars,Great place to eat and nice ambience to relax.
245,Shasha Li,5 stars,Nice place to dine-in. Highly recommended. Tks.
246,Yee Yeong,5 stars,Great omakase experience. Basic tier is 300 bucks
247,Ibrahim Mia,5 stars,Food was excellent. Service is very well.
248,Casper Liew,5 stars,Expensive but worth the experience for special occasion.Fresh sushi and sashimi by Japanese master chefs.
249,T C Peter,5 stars,"Good spread of japanese cuisines
Nine envoment"
250,Kenji Wong,5 stars,Best omakase experience in SG. Highly comparable to Japan one!!
251,Abhilash Agarwal,5 stars,Great for fine dining and good times
252,Ivan Zarif,5 stars,Best sushi I have ever had! Expensive but it worth!
253,kong p s,5 stars,The fish was fresh and excellent. Service very good.
254,Foodman Manfood,4 stars,Very well executed edomae style sushi.
255,WEI HUANG,4 stars,Elegant feeling dining.
256,catalyst mamba,4 stars,Authentic japanese dining experience.
257,Pwincezz Pwincezz,5 stars,Authentic japanese feast to ur stomach
258,Fung Fung,5 stars,Food is amazing and fast service
259,Jiahao Woon,5 stars,Best Japan food ever must try
260,Tina Tiong,5 stars,"Nice with good atmosphere.
Recommended"
261,Ahmad Matien,5 stars,Delightful experience with amazing food and company
262,Charlie Thomas,5 stars,Great attention to details by chef. Celebrated my anniversary there. Thanks!
263,Xavier Barde,5 stars,Always an excellent place to eat delicious Japanese food in Singapore !
264,Jesse Chin,5 stars,Great sushi omakase!
265,William Chong,5 stars,Super. Hands down one of the best sushi in Singapore.
266,lincoln lowe,5 stars,Food was great and the service was great too
267,Md Shahin dhali,5 stars,nice food
268,Matthew Tan,5 stars,Fantastic service and great food. Would definitely come back here
269,Tam Sharon,4 stars,Great ambience good food
270,Aswin Indra,4 stars,"Luv the fresh sashimi, just cant stand the long que on friday/sat nite"
271,Rong Tzuu Lee,5 stars,Great service great food authentic Japanese omakase
272,Anthony Tai,5 stars,A gastronomical extravaganza!! If you haven't tried it before. It is a MUST MUST TRY.
273,Erik Iss,5 stars,"High end Japanese restaurant, very authentic taste."
274,Muhammad Muzammil Bin Ahmad,5 stars,The food is amazingly good
275,Nuraihan Kasman,5 stars,Delightful food n nice
276,Ivan L,5 stars,Love meals with Ishi San!! Thank you
277,frankmchee,5 stars,Top chef great food cannot faulted in anyway
278,patz tan,4 stars,Cozy&amp; relax place to dine in
279,Darrell Tan,5 stars,What a dream of a place! Amazing!
280,EJ Ong,5 stars,"Beautiful place, very nicely presented food"
281,Switzerland lifestyle Bangladeshi Blog,5 stars,Good food in the world 🌎 …
282,vinosha victor,5 stars,Gd place
283,Marvin Lowe,5 stars,Probably the best sushi restaurant in Singapore.
284,G ghg,1 star,Gave us food poisoning. Avoid at all costs
285,Lysette Gauna,4 stars,Badly enjoyed their donburi!! super nice.
286,Jaz C,5 stars,Never a bad experience.
287,Kim Soon Hew,4 stars,Nice place to visit👍 …
288,Linda,3 stars,Very fresh sushi and sashimi
289,Shaun Lim,5 stars,Very good impressive sushi!
290,Jeremy Lee,5 stars,Authentic Japanese restaurant. Top grade food.
291,Dinesh Raja,5 stars,Nice place and nice atmosphere
292,Sebastian Tan,4 stars,Great food! Worth the price!
293,Fann,5 stars,What a perfect and well-worth meal!
294,Abu Hurairah,5 stars,Good
295,Bernard Sabrier,4 stars,One or even the best sushi restaurant in Singapore
296,Fiona Ng,5 stars,Really good chef and sushi
297,Ah Meng,5 stars,Fantastic atmosphere. Great customer service
298,Trisha Cabaye,4 stars,Fantastic service and great food.
299,Cynthia Wei,5 stars,Most delicious sushi in Singapore
300,Nicholas Ho,5 stars,Life changing experience
301,IAN CHAN,3 stars,prefer their outlet at saint regis.
302,Ng Janie,5 stars,The food is so fresh n yummy
303,Rupert Farrow,5 stars,The best Japanese I have ever had.
304,Kho Zhi Qiang,4 stars,nice food
305,Anthony T,5 stars,Fish is too fresh!
306,Amalina Ahmad,5 stars,authentic japanese food
307,Winson Tan,5 stars,Good service
308,Mani Maran,5 stars,Nice service
309,Glen Francis,5 stars,Exquisite Japanese
310,Fong Ching,5 stars,Nice atmosphere
311,Tran Hongvan,5 stars,Good food.
312,Abe Sada,5 stars,Best! Worth every second
313,Cedric Ho,5 stars,Exquisite japanese food
314,SK Teo,5 stars,Best Japanese Food I Had
315,Tzar El,1 star,Rude. Just downright rude reservations staff.
316,RASEL AHMED,5 stars,Nice place
317,Yang-Min Liu,5 stars,Very good food
318,Low Suat Kheam,5 stars,Exquisite
319,girijha rathnasamy,4 stars,Authentic Japanese food.
320,mitsuru tezuka,5 stars,very nice!!
321,MICKEY Wong,5 stars,Wonderful meal...
322,Jie Qun Loke,5 stars,Great food
323,Diyou Lin,5 stars,Fantastic quality.
324,KC Tsui,5 stars,Wonderful experience
325,Richard Smith,5 stars,Truly exceptional !!!
326,Waang,5 stars,Oishiiiiii!
327,Sim Wei Ton,1 star,Overpriced
328,Evan CZX,5 stars,Nice place
329,渡部康宏,5 stars,"To 𝐒𝐡𝐢𝐧𝐣𝐢 𝐛𝐲 𝐊𝐚𝐧𝐞𝐬𝐚𝐤𝐚
The general's consideration and way of thinking were very good, and as I listened to his story before the meal, I was nodding deeply as I realized that this is …"
330,디엑스디자인(dxsign),4 stars,"I arrived at the scheduled time, but had to wait for about 10-20 minutes. There was a sofa in the waiting area, but I still couldn't understand why I had to wait after arriving on time. …"
331,박하하,5 stars,This place is so delicious!! It's truly the best food in Singapore!!! I'm so in love!!!! It's so delicious!
332,v V,4 stars,"More than half of the people in the store are Japanese, so you can just have a casual lunch. It’s not unpalatable. Except for the sea urchin, which is quite good, the rest is pretty good."
333,J Ou,5 stars,"Always a great meal. Fish is fresh. Service is great.

The best taste."
334,Haruka AA,4 stars,"I like it and have visited many times, but the sushi is a little salty."
335,emi,4 stars,"I used it for lunch on a business trip. It was very delicious! If I want to eat sushi in Singapore, I will come here again."
336,ＨＩＲＯＳＨＩ ＫＯＹＡＭＡ,5 stars,"Japanese quality
I think it could be a little more lively."
337,Hana Hana,4 stars,The Singapore branch of Sushi Kanesaka in Ginza uses 100% Japanese ingredients. Apparently they buy fish from Tsukiji four days a week.
338,vongkham yang,5 stars,"I went there after reading the reviews on Google Maps. It said 75 SGD online, haha😄, but it tastes good. …"
339,Alan Wang,4 stars,Delicious sushi but not cheap
340,Colin Tan,5 stars,Awesome omakase with chef Kenji
