,Name,Rating,Review
0,Jas,3 stars,"Great service but food was kinda mid.

Might have ordered the wrong antipasti but both…. are not good. I don’t even …"
1,Yeeun Yook,5 stars,"My friend said this is the best italian restaurant in sg so we went together

We ordered …"
2,JY,4 stars,"As a repeat customer of Cenzo, I have always been impressed with the delicious food, especially their prawn risotto which was particularly delicious, bursting with flavor and cooked to perfection. …"
3,Mike,5 stars,"I’ve dine here on two occasion, with friends and with family.

I’m most impressed by the food and service. They were attentive to hear that we …"
4,YS Ong,5 stars,Amazing food and impeccable service! Their flavours were towards the heavier side which I love it. The staff was extremely attentive and and they were also patient in giving recommendations for us too! …
5,Madelaine Lim,5 stars,"Food was good generally- ordered the veal tongue, orriechette and prawn risotto. …"
6,Vicki Thng,5 stars,"A beautiful restaurant bar for date night and special occasion. Cenzo is tucked away in a little quiet lane of Club Street. Their pastas are beautifully made, with interesting flavours that wowed me, so much so that I went twice in the …"
7,The Biodynamic Duo,5 stars,Cenzo sits on the old Drinks &amp; Co place and is the sister restaurant of Chicco Pasta (which I visited recently and loved). …
8,Yin Shan Ho,5 stars,"Outstanding food. The seafood risotto was cooked in a rich broth, and the prawns had a lovely flavour from the charcoal. The suckling pig was so tender and the skin was wonderfully crispy. Octopus was good, tiramisu was fine but could have had more alcohol. Wine was fine. $230 for two with a glass of wine each (not cheap)."
9,Barry Leek Kok Kee,5 stars,"Walked into this restaurant at random and it was one of the best experiences. Food was amazing and service was great even on a bustling Friday evening. Dined in with my wife, had a couple of starters and pastas. One of my favorites was the …"
10,Justina Tay,5 stars,"Had a very enjoyable Birthday lunch celebration with my husband at Cenzo. We really love the fresh ingredients, daily made pasta and flavourful dishes. The staff also pleasantly surprised us with Tiramisu (with candle) and wishing my …"
11,Nicholas Yong,4 stars,"Was excited to check out this place but left slightly disappointed, but unable to really pinpoint why. …"
12,Tiffanie Leong,5 stars,"Saw this place on tiktok and decided to give it a try. The scallop crudo was recommended to me by the server and it was delicious! Very clean tasting, scallops were fresh and the sourness of the apple and yuzu gave the dish its kick. The …"
13,John Teo,4 stars,Have been a fan of chef Drew since his Salted and Hung days. This is more traditional Italian in its approach and less experimental but still delicious. They have a good set lunch as well.
14,Kelvin Wee,5 stars,"Very enjoyable dinner. All the food dishes we had were good, everything was above average. It was a reasonably priced set menu at $99 per pax. Portion sizes were good. We had to takeaway some items towards the end cos everyone was too full. …"
15,Yi En Leow,4 stars,"Food - started with the gambero which was probably the best dish of the night. garlic butter and seaweed complimented the jumbo prawns so well, with bread to wipe down the sauces. We also had the Frico which was recommended, imagine a …"
16,Amayniah Tan,5 stars,Really really great tiramisu and friendly staff! The pasta portions are alot larger than most other places of the same price point! …
17,Jordon Lim,5 stars,"All dishes were well done, especially the Iberico Pork Ribs and the Shellfish Risotto. …"
18,Daniel Ng,5 stars,Weekend lunch at this place and the food was delicious. Portions are a little big so it’s perfect for sharing. Gotta say that my favorites are all the antipasti - especially the Octopus &amp; Prawns. Super flavorful and umami. …
19,N C,5 stars,"Oct 2023 really excellent food. Every dish well made and delicious. As someone who generally orders beef steak, the pork chop was excellent. Warm bread and cheese starter also excellent"
20,CK Cheong,4 stars,"Nice eatery with above average food. Renovation is cool and chic. Good service. Really liked the lamb shank (really tender), suckling pig (fantastic crackling skin), and tiramisu, which were delicious. The food didn't come cheap at SGD90 per person, excluding the drinks."
21,Shaiy,5 stars,"Cenzo is a cozy Italian restaurant that offers a delightful experience. The standout dishes for me include the Mushrooms Seaweed Risotto, a unique fusion of flavors, and the indulgent Tiramisu. The menu features a variety of authentic …"
22,Brandon Chang,5 stars,Had a remarkable culinary experience with chef Drew’s exceptional Italian cuisine. IMO a perfect blend of authentic flavors and details. The pasta dishes were delectable and cannoli mouthwatering. …
23,Grace F,5 stars,Scrumptious food with decent portions. I recommend the spanner crab bucatini there is so much crab flesh and the pasta is done just right both texture and flavour wise. Service staff were friendly and keen to help with changing of plates as well. I’ll be back to try more of the menu
24,Mathieu Sneep,5 stars,"Absolutely loved my experience at Cenzo! The Italian food here is just incredible. Highly recommend going for the chef's menu - it’s a culinary adventure you don't want to miss. And definitely pair it with their wines, it elevates the whole …"
25,Jai Gutierrez,5 stars,Very impressed about everything especially the food. Loved everything we ordered (octopus and bone marrow are my favorite aps). Will surely come back to try more dishes. Chef Drew’s tiramisu is the best and must try.
26,Denise C,4 stars,Celebrated a dear friends’ birthday here and the pastas and desserts were delicious. Highly recommend their pappardelle as well as their tiramisu
27,Valerie Lee,3 stars,"Honestly had high expectation because of the good reviews. Food was not bad but not out of the world. However, I was pretty disappointed with the service. Made a request during my reservation to surprise my friend with a dessert for her …"
28,Cherrie Liu,5 stars,Love the dessert! Very Italiano 😉starters and main dishes all good …
29,Basil Chong,4 stars,"4 stars - Very good, definitely worth a visit if you like this kind of food. (Read More) …"
30,Edward Teoh,3 stars,"Summary: seaweed risotto was too salty. Great ambience and service.

Even the replacement plate of seaweed risotto was too salty, but it is …"
31,Serena Tan,5 stars,"Visited on a Saturday afternoon for lunch. Menu mentioned that 3 starters and 2 mains are good for 2, but we only had 2 starters and 2 mains and were definitely filled. Didn’t even need dessert. Our favourite was definitely the anchovies on …"
32,Lim Huan,5 stars,"Been searching for the best pasta place in SG, and I think I've found the place! What I love about this place is that the portions of the pasta / risotto are not tiny like the other places - you get a decent portion of pasta/risotto! …"
33,Leia Liew,4 stars,"Really good pasta with interesting and traditional flavours :) we got the chilli crab and carbonara pasta, as well as the seafood risotto. All were super yummy! The pasta’s handmade as well. We also got the beef sandwich and lamb shank which were amazing!"
34,K Woh Loh,5 stars,We went as a large group for lunch. The hosts ordered many small dishes so that we could taste as many types of food as possible. We were filled to the brim. Almost all dishes were good.  We really had a wonderful time feasting. Highly recommended.
35,Fabian John,5 stars,"Found this restaurant in a desperate search for a nice Italian place to have a birthday dinner and I was pleasantly surprised by the food! We had the octopus, the bone marrow and the veal tongue to start and they were all splendid. I never …"
36,Mings,4 stars,"🙂/🥹

Lunch set is very good value, I couldn’t even finish my porchetta sandwich. The …"
37,Kuan Wen Qi,5 stars,"ordered the risotto and petite tender along with some drinks (sunset and hibiscus fizz)
would definitely recommend the risotto! prawns were juicy and the rice was very …"
38,Andrew Goh,4 stars,"An excellent spot to savor Italian cuisine, where we started our meal with salt and pepper squid, a perfect accompaniment to beer or wine. We also tried their special deep-fried risotto with pork and cheese, which was filling and ideal for …"
39,Mau T,4 stars,"Update: Returned for dinner and absolutely enjoyed the mortadella toast, burnt butter &amp; pumpkin conchiglie and porchetta (accompaniment of celeriac slaw could be a tad more refreshing). Although, the arancini seemed to have shrank in size …"
40,Angel Tan,4 stars,"Australian-Italian cuisine along Club Street! The set lunch is designed for sharing, which is perfect for those who like to try a variety. …"
41,J Y,5 stars,Food tasted balanced and well executed. Service staff were attentive. Veal tongue and whipped ricotta with pears and tomato were so delicious. So were the petite tender. Conchiglie with burnt butter was good but the heavy butter may be too …
42,Gny Pang,3 stars,"Expected more from our experience here. Food was not terrible but didn’t match the reviews online. For antipasti, burrata and squid were underwhelming. Bone marrow was decent (bread that came with it was burnt and the staff replaced it …"
43,P H,5 stars,"Mortadella ($17) has a generous portion. Lardo is too raw-tasting, won’t order that again. Rabbit bolognaise ($26) is ok. Porchetta ($28) is soft and crispy."
44,Tricia Lam,5 stars,The antipasti portion sizes were very decent. We had 3 starters and 2 mains (for 2 of us) and I was already stuffed mid-way through the antipasti! But - no complaints there really. I was just a bit underwhelmed by the pasta though. We got …
45,Cleon Tay,5 stars,I would hate to see this place become hard to reserve if it gets even more popular but good things are meant to be shared.. My partner selected this restaurant for our valentines dinner and it turned out to be one of the best culinary …
46,Gaius Leong,4 stars,"Interesting Australian cuisine. Get the lamb shank, this was the best dish we had there. Next best was probably the beef pastrami sandwich. The prosecco sangria was decent. …"
47,Daniella,5 stars,"They’ve got a great lunch set but we opted for the sage pasta and shellfish risotto. Out of this world! Absolutely delicious. Looking forward to try the other dishes next time. Affordable drinks as well, great place!"
48,Jasmine,3 stars,Had higher expectations given the good reviews hence was mildly disappointed. Octopus was overly charred and steak was undercooked. It was quite rare when we ordered the medium (as recommended). Cacio e Pepe was pretty decent
49,Luisa Lai,5 stars,"2 of us had the veal tongue, potatoes, rabbit pasta, petite tender (came with salad), and the panna cotta and cannoli for dessert. …"
50,Karyn Wong,5 stars,"Service was great, they remembered to help put a candle on our dessert to celebrate our friend’s birthday. I really liked the Tiramisu — a little different from what you would usually expect, but try it. It’s good. …"
51,J,5 stars,Spectacular food &amp; service. Seated @ the bar. Started off with the Beef Pastrami Sandwich - expected better from rave reviews but still a very decadent dish. Perhaps changing it to beef tongue like how LBF does would be good? Veal tongue …
52,darren kuah,3 stars,mussels  and the cacio e pepe were prob the best. other dishes were just decent pretty normal nothing much to shout about. not sure if the staff are trained to do so but the service felt abit rush. the moment we finished the last morsel on …
53,L. A_#,5 stars,"Delicious food with good service! Ordered the set menu and added on some Ala Carte dishes on my first visit, and only ordered from the Ala carte menu on the second visit. I must say that the $35 set menu is really good value for money, and it includes many of the signature dishes."
54,Jennifer Yeo,5 stars,We have been planning to try this place since last year! We loved the bread and mains: …
55,Wynnifred Lee,5 stars,"came here for dinner!

for snacks: we had the focaccia, cured pork shoulder and the culatello. all of …"
56,Syahirah Halim,5 stars,So I first went for lunch solo because my friend cancelled last minute. No way was I gonna miss it. Have been to salted and hung back then and I enjoyed it. When I heard chef drew was gonna open up a new restaurant of course I had to try …
57,Stacy Tan,5 stars,I get that Cenzo has only been open for 3 months but it should have a lot more 5-star reviews. …
58,Sheng,4 stars,"Enjoyable meal and good service, but some things could use a little refining, i.e. petite tender and cook on the pasta (mainly al dente while some parts slightly undercooked). The flavour of the bucatini &amp; spanner crab pasta and seafood risotto were fantastic. Pastrami was delicious."
59,Ling kang Ong,5 stars,"Food was hearty, glowing, and life affirming. Ordered the signature pastrami, pumpkin pasta and the rabbit pasta — all three dishes gave me joy and then a little bit more. …"
60,chefquak,4 stars,"friend bought 3pax lunch @ cenzo club street on 21.6.2023👍🏻

food was good. …"
61,Goh David,5 stars,Crab meat pasta is really excellent. Tonight we tried their new Tiramisu … it’s probably the best Tiramisu I had taken. It was excellent.
62,Legit Reviews,4 stars,"Ordered Crab and Pumpkin pasta, both had unique taste, but might not be to everyone's liking. Thought that the food was not worth $35."
63,Elna Tan,5 stars,"Delicious Italian &amp; Australian - ala carte menu. Thé small plates come with good large serving and I recommend that each is good to share for 4 people if you like to try a variety of stuff, so go easy if you are a small eater. We love …"
64,Mani,5 stars,We went there as a group of 6 ppl and ordered 8-10 dishes and we shared everything which I think is the ideal way to eat at this newly opened restaurant and we enjoyed all the dishes and couldn't fault any of our dishes. Chef Drew has taken …
65,M,4 stars,The restaurant vibes is just infectious. Looking at each table’s consumption — endless food and plentbof drinks — buzz is a clear that everyone just giving a great time. Food is overall great and fresh. Service is attentive and I am planning to meet for more!
66,Tan Anthony Tanoto,4 stars,Good food at affordable price.  Shellfish risotto with grilled prawns and the rabbit bolognaise were great.
67,Chen Yingxuan,4 stars,"Food is good but it’s very noisy so bring earplugs if you are sensitive to noise. Would recommend the blue prawn, beef tongue, crab pasta, and lemon sorbet panna cotta."
68,Ryan Huang,4 stars,"Pretty good pasta but expensive. Would have been a better value if the serving size was alittle more. Had the Rabbit pasta and Lobster bisque pasta. The bisque is a tad too salty, but it must be my personal preference to have food less …"
69,Emma Yang Mu,5 stars,"Really good Italian food and generous portion, comfy seating. The prawn risotto and wagyu flat iron steak is much try!"
70,Oel Nil,4 stars,"Croquettes (3/5) - Nothing special, a tad too salty for our liking.

Polpo (6/5) - Best Octopus dish we've had. It just leaves you wanting for more, …"
71,Delicia Tan,5 stars,"A hearty meal to be enjoyed by all. The bonito cauliflower has a special place in my heart as does the tiramisu. The service staff steal the show, attentive, engaging yet unobtrusive at the same time."
72,Deo N.,5 stars,The cacio e pepe and the pastrami sandwiches were a particular highlight. The pastrami was alright and would have preferred a slightly thicker cut.
73,Stephen Wee,5 stars,"Absolutely chill place for an unpretentious lunch
Easy going and friendly service
Love their interpretation of Italian Australian menu
The deconstructed tiramisu is pure genius!"
74,JESS K,5 stars,"It really classic and romantic place, pasta also sooo delicious and you must try the red wine too"
75,Stephanie Wong,4 stars,Food was very enjoyable. It’s probably the best cacio e pepe I’ve had in a long time. The steak was very tender and reasonably priced. …
76,Sing Kwan Ng,5 stars,"Great food! Also fairly reasonable pricing, and fast service which is much appreciated."
77,Jay Lee,5 stars,"The best pasta and risotto I've ever had in SG
Steak was good too.
The manager was very professional and amazing"
78,Amy Kuan,1 star,"This is my 4th and last time at cenzo. It was fantastic when it first opened but things have gone downhill (as with most restaurants in Singapore).
Restaurant forgot about our order …"
79,Tony Gorgas,5 stars,"An absolutely astonishingly amazing restaurant, Chef Drew takes wonderful (hand made) pasta and vegetable and meat dishes to another level in flavour and ingenuity, what’s astonishing is that he turns a cabbage salad into an incredible …"
80,M4GN3TIC,4 stars,Parma-ham antipasti and ciabatta bread w/ the pistachio pesto was by far the best. Totally recommend for chill Italian tea time or to have a chat with someone. The seafood pasta was mid imo - wasn’t as fresh as I thought it would be.
81,pkhelfried,1 star,My wife and I came here twice and the food was very good. Wine selection also pretty decent with a wide range of both reds and whites. …
82,Michael Tan,2 stars,We waited over 30min for our starters. Tables that arrived and ordered later were served before us. We were eventually told that there was an issue with the ordering system and our orders were not delivered to kitchen. …
83,Jaryl Says,5 stars,"We were surprised how good the food was. Almost everything we ordered hit the spot, especially the dessert."
84,Glenn,5 stars,This has to be my favourite restaurant in Singapore. Perfect place for date night or getting the whole crew together …
85,Remco Jonker,5 stars,"Had lunch on a Friday afternoon, restaurant has an attractive price for fixed lunch menu with choices of starters, main an dessert. Food quality and taste excellent. Good service. Nice relaxed atmosphere, tables quite close to one another. …"
86,harold suriawinata,5 stars,Came here without any expectations but i must say the food has been surprisingly surprisingly good!  Will definitely be back!
87,Bobby Loh,5 stars,"Thank you Oliver for the recommendations 🙏👍n dinner well served.
No rabbit pasta n pastrami sandwich cos it was too yummy to stop for pictures …"
88,wz ang,5 stars,Very good pasta n risotto. Recommend the pana cotta as well.. very diff from the usual
89,Eileen Goh-Hölke,1 star,"Our recent reservation at Cenzo turned into a regrettable evening, marred by a series of disappointments. Despite arriving half an hour early with all members arriving promptly, we found ourselves waiting until well past our 8 pm …"
90,sk yeo,5 stars,Great food and service. We enjoyed all the dishes ordered especially the risotto...yums!
91,Jackyfromfl,5 stars,"The food is fresh and tasty, big portion, value for money lunch set menu."
92,James Tai,5 stars,A lively place serving delicious fusion of Italian aussie cuisine. The staff are friendly and attentive.
93,L. PK,5 stars,"Service was good, servers were very attentive and aware of the surroundings. The food here was top notch, one of the best risotto I had here in Singapore, so smooth like butter. Homemade bucatini gives you the vibe of local pan mee with …"
94,K.E.,4 stars,Kinda Modern Aussie Italian food? Well just see the pictures to decide for yourself.
95,Xia Lucy,5 stars,"We celebrated our anniversary here and loved every moment of it! The food is exquisite, the tiramisu is something to die for. The service staff are knowledgeable, professional and very friendly. Can’t wait to go back again!"
96,Zhun-Yong Ong,5 stars,I enjoyed the porchetta sandwich very much! The bread tasted very fresh and was perfect. The beef tartar was also very good! 👍👍👍 …
97,Sanjiv Noronha,4 stars,"Had lunch today. The food was excellent. Good combination of ingredients. Service was good. Unfortunately,  the people around us were noisy and the background music was too loud. Would have been more enjoyable if it was quiet. …"
98,Lau Yu Qin,4 stars,"Ordered the shellfish risotto and sangria, both of which were good. The risotto was fresh but a bit overpriced."
99,Ganeson BUPENDRA,5 stars,"First time at Cenzo, and totally enjoyed it. Service was excellent, as was the food. Obviously some dishes were better than others, and it is quite aubjective but the quality of ingredients were all good. …"
100,Norman Teh,4 stars,"I love the cocktails there, nice range of wines and food is tasty. Love the fact it has got small plates to share and the sides features this roasted cabbage that I really like. The freshly made pasta dishes was what I went for and the bucatini crab pasta was tasty and for me something I would go for again."
101,Michael Buckley,5 stars,"Had lunch with a group of colleagues last week and we ordered 6 dishes in total. Overall it was a great experience for a soft opening - service attentive and well informed (even describing the never-heard-of-before pastas), food tasty with …"
102,Karan Puri,5 stars,"Love this place. Awesome food, attentive and accommodating service, lovely atmosphere. Will keep coming back"
103,Catherine Flynn,5 stars,"So glad we discovered Cenzo! Fantastic value set lunch on a Friday in quirky and cosy shophouse location. The grilled squid, endive salad and steak were our stand-outs. Very good, personal service from maitre-d. Add-on $5 for dessert and coffee was well worth it! will be back."
104,S Jack,5 stars,Food is lovely. Pasta is all handmade.  Desserts are all very good.
105,Pei xuan Tan,5 stars,Great place for a nice good dinner with fellow friends!
106,Rise&Shine,5 stars,"Had their 3-course set lunch $40. We tried all dishes on their lunch menu. My favourites are bruschetta, squid, capellini and chicken."
107,Chee,1 star,"Food was decent.

Service was horrendous. …"
108,Suan Chiang,5 stars,"Been back a few times and Cenzo never disappoints.  Always a buzzy vibe, service is attentive and flavours are on point.
The veal tongue, prawn risotto are must orders."
109,Alex Wong,5 stars,My go to place for beef pastrami sandwiches. Pure indulgence!
110,valerie chiang,5 stars,Excellent food and service. Even the coffee was amazing
111,Randall Quek,5 stars,Risotto was good. It was packed with umami following by the saltiness of the ikura.
112,Richard,1 star,"A couple of us ordered the pasta, which had WAY too much butter in it.  Very oily and unnecessarily heavy.   The service was OK, but the desserts were also sub-par, especially the chocolate one that came in a bun.   I won’t return."
113,Weixu Low,5 stars,"Freshly made pasta , assortment of steak /cuts which was made perfect."
114,Kyuri T,2 stars,"Based on the photos, the restaurant seemed promising, but unfortunately, the experience fell short. The Ikura wasn't fresh, and every dish turned out to be excessively salty. Don’t recommend"
115,Cally Ling,5 stars,"The food was nothing short of amazing. From the starters to the mains, everything was great. I had the caserecci, cacio e pepe, bucatini, spanner crab, smoked trout roe and shellfish risotto, prawn, chili for the mains as well as roasted …"
116,Andrea Lyma,5 stars,Made a reservation at Cenzo for a family dinner a couple days back. Was served by Shini who was extremely helpful in making recommendations and it was our first time  and made our dinner a very pleasant one with her service. Will definitely be back again as the food was great as well. Thank you Shini and team!
117,Adrian C,5 stars,Really enjoyed the food and service
118,Eddy Yan,5 stars,Great place for casual Italian dining
119,Ken Suganda,5 stars,"Really good fusion Italian/ European food. Desserts were amazing, the service was decent and price is quite reasonable."
120,Nancy Peirson,5 stars,"Cannot praise this restaurant enough!  Fantastic food, great wine at reasonable prices and excellent service.  We will definitely be going back."
121,J Ou,5 stars,Food was great. Fun place to be at.
122,Denise Tan,2 stars,"Food was middling, service was horrible. Highly overrated"
123,Flo,5 stars,Nice set lunch - good value for money
124,Kamalakannan Srimalan,5 stars,"Excellent Italian soul food by Drew! Please go get your soul nourished at Cenzo now, from pillowy focaccia to soulful pastas to those amazing pickled mussels!"
125,Ann Chua,5 stars,Had a nice birthday lunch w my girlfriends
126,Aisya Lisbeth,5 stars,Great food! Wouldn’t say 100 italian taste bud but they were great.
127,Michi,5 stars,The food was great and the seaweed risotto was excellent
128,David TKH,5 stars,"Love the place, food, and services. Excellent place to meet and enjoy the restaurant atmosphere."
129,Volkan Caglayan,5 stars,"Food and ambiance are both great, and very reasonable prices"
130,Hope Ang,5 stars,Good food and service. Italian foods.
131,Scorp Ho,5 stars,Delicious food and great wine!
132,Benjamin Adam,5 stars,Everything was cooked to perfection!
133,zhou Huan,4 stars,Not bad. Is the kind of restaurant I’ll come back.
134,Wen Tseng,3 stars,Best pastrami sandwich in town
135,Zhuanlan Li,5 stars,Seriously amazing! 👍👍👍 …
136,Vivian Chiang,5 stars,Great lunch set
137,Nambi Viswalingam,4 stars,"Excellent service, great food"
138,BW ZJ,5 stars,Probably some of the best pasta in sg
139,Kelvin Yong,1 star,"Too noisy,poor service"
140,L,3 stars,&lt;3 octopus
141,Ben,5 stars,Risotto with shellfish and octopus (octopus) were both great.
142,허영주,4 stars,it is delicious! This is a unique pasta.
143,M S,5 stars,"Good taste, good cost performance
The menu seems to have a lot of seafood."
