,Name,Rating,Review
0,Lindsey Chn,5 stars,"Second time visit, as nice as first time 😊
Loved the fish and duck the most in the Valentine/sprint menu. Really unique and cooked to perfection. Bread was so yummy too.
Friendly and attentive staff adds to the experience ❤️ …"
1,Simon Bernie,5 stars,"An elegant delectable sensory experience.  Nestled in the courtyard away from the flow of traffic.  Greeted with a welcome smile and made to feel welcome. Food options cover all taste desires visually, smell and taste. Portion size aligned to high quality. Worth a lunch while in the city."
2,Chen Aiming,5 stars,"Our first time here. The service was hospitable and genuine, no pretense despite being a Michelin-starred restaurant. Alex and Kim were friendly and was impeccable in their service. Food was amazing with unique combinations of fresh …"
3,Zachary Toh,5 stars,"Well deserved Michelin Restaurants.
The bread is so crispy on the outside and so so so soft on the inside. Pairing with the bordier butter, it is really exceptional. …"
4,B Tan,5 stars,"One of the best fine dining places I’ve ever been to! I can’t keep track of what was being served because there was just so many different courses, but each course was really tasty 🥰 I don’t think I’m a small eater but I was so full by the …"
5,AuCourant Gourmet,5 stars,"White Grass is a hidden gem, providing a distinctive dining venture with its fusion of Japanese and European flavors. …"
6,Angel Huang,4 stars,Very good ambience and attentive service. The bread is crispy outside and moist inside. Sesame bread is delicious too. Abalone is well done combined with the sauce and texture. The lobster meat is too soft for our liking. Everything is fine but no distinctive wow factor.
7,Bryan Torres,5 stars,"Incredible level of service, paired beautifully with delicious and beautiful food. Japanese ingredients delivered at their highest potential, with a tasting menu that’s very well balanced across the board. My personal favorites were their …"
8,Brandon from Star Event,5 stars,"Food are excellent, one of the particular outstanding parts is the amount of Yuzu used in some dishes like the Mackerel, not too much and not too little, just right at the point. Both breads are pleasant surprise too, one of the best I've …"
9,bryan,5 stars,"Celebrated my birthday here last august and it was such a treat!

As my partner and I decided to get different mains, the staff kindly helped to …"
10,Duc Dam,5 stars,"The food was outstanding, and the atmosphere was relaxing. The staff were friendly and attentive. The chef even came out and said thank you and merry Christmas to customers at the end. Because the staff wore face mask, it was a little difficult for me to understand when they explained the dishes."
11,Audrey Yong,5 stars,"Had a birthday celebration here at Whitegrass and was definitely not disappointed. We both ordered the Creation menu and I absolutely loved the amuse bouche, the octopus was 💯. Thoroughly enjoyed the lobster and scallop entree as well, very …"
12,Lily Liu,2 stars,"My experience at this Michelin 1-star restaurant was underwhelming, particularly when considering the plethora of dining options available in Singapore at this price point. For those eager to tick off a Michelin-starred dining experience …"
13,Jiselle Tan,5 stars,Dine at Whitegrass on their lunch menu for my wedding anniversary. My hubby and i were greeted warmly and guided to a dining room with about 7 tables. …
14,Lyndy Goh,5 stars,"The staff, especially Gladys was very proactive, friendly and took pride in her work. Thank you for making the dinner experience such a wonderful one! Food was really delicious, especially the fish and beef course. I really enjoyed the 2 …"
15,YY,5 stars,Came here to celebrate my boyfriend's birthday and had a wonderful experience. Food was delicious and I had a lot of fun learning about different ingredients and experiencing new preparations (like hibiscus jelly!). We went for the 8 course …
16,Zane,3 stars,A cosy restaurant with warm and professional waiting staffs. The cuisines were brilliant but some part of the services were lacking. We asked for cold tap water but was charged for still water. The serving pace was fast (I thought it was …
17,Ashley Lee,5 stars,Japanese-French one star michelin restuarant. Executive chef is a Japanese and most of the ingredients are mostly from Japan or France. …
18,Melanie Lee,5 stars,"Came here with my husband to celebrate his birthday and had a wonderful time. The food was scrumptious, service was excellent and we even got to say hello to Chef Takuya. We tried the executive and creation menus for lunch and both were …"
19,Fluffy Koala,5 stars,"Visited Whitegrass on 7 June 2023.

The ambience was great; however, as the crowd started entering, the dining area …"
20,sharon chua,5 stars,"One of my favorite restaurant in Singapore. We love all the dishes, natural flavors and balanced taste. We had Braised Wagyu and Fish from Japanese market for the mains. Both are nice! Staffs are attentive and friendly. Excellent service. Nice cosy place and properly space out. Will be back for sure:)"
21,Jane,5 stars,"Amazing food and cocktails, amazing service and nice vibe. Every single dish had a good balance of flavors and combination of textures. The two different types of bread were one of the best I ever had!"
22,Thomas Tirant,5 stars,Dinning at this venue was amazing each course delivered extraordinarily food the flavour combinations and textures were sublime only to be matched by the professional service of Kim and Hao I would highly recommend to anyone seeking great food to dine here
23,Annabella Ong,5 stars,"We had a lovely Japanese and French fusion dinner! Special shoutout to Jamie, our main server for the evening for her really outstanding and friendly service! She was just so kind and attentive though out the night! Alex was another server …"
24,Yushu Wang,5 stars,Great food and service. Tried the creation menu and did experience all the innovations. Thanks Ryan for looking after us!
25,Melly Melly,5 stars,"Whitegrass is our favourite fine dining restaurant and we always feel that it deserves all the Michelin stars possible. Food is immaculate and every visit is wonderful- we’ve been many times! We especially love the Japanese fish, Kaluga …"
26,Pang Yi Xian,5 stars,"Impressive quality of food by the chef. We chose the 8-course dinner and were well taken care of by Gladys and Ryan.
Every serving was well thought through and explained. Flavourful explosions with …"
27,Timothy Lim,5 stars,hosted my wedding lunch at this intimate and beautiful restaurant and I was so glad I did. All our guests left speaking highly of the food including the breads and canapés. I also would like to give a shout out to Wendy and her team all of …
28,Iron Panda,5 stars,Great value for money for a Michelin star restaurant. Nice service staff with great bread especially the Ciabatta bread.. simple and great. …
29,Ching San Lim,5 stars,Celebrated my colleague’s (who also happens to be my distant aunt and someone I have a lot of respect for) 25th work anniversary here and it was an excellent experience. Big shout out to our server (Lye) who was attentive to the details. …
30,Kira Yvonne Lim,5 stars,"Enjoyed a lovely birthday dinner with the husband.

Japanese chef with a passion for French cuisine brings out the best of both …"
31,Ellen Tan,5 stars,"Service was excellent. Staff was attentive. ( I think her name was Jamie along with her colleague was amazing).
Cocktails were refreshing, the food was great. The fresh bread was delicious! Dessert was wonderful. A fantastic experience !"
32,George Mui,5 stars,Fantastic dining experience at this restaurant. They have an amazing Japanese chef who serves up great dish creations. Each of their course meals were like unique artworks in their own right. The various tastes within each dish complement …
33,Evan W,5 stars,"Went with my wife for a lunch on saturday 27 may to celebrate our anniversary.
The food and services are great.
Thanks to Lai, Hao and Xuan for the their services. …"
34,Jeff Ong,5 stars,"One of the best Michelin star restaurant that I ever been to! Staff were nice and friendly! The staff always uses the hand sanitiser whenever he handle all the cutlery. Kudos to the team manager, Wendy and her team! Highly recommend!!"
35,Lynn Morabe,5 stars,"Delicious meal, excellent &amp; attentive service, highly recommended.

We had our company year-end dinner and booked the venue and degustation menu in …"
36,daelus Lu,3 stars,"Had dinner here.
Food was decent on it's own, but fell somewhat short if price was taken into account. …"
37,Darren,5 stars,"Hands down one of the best meals I’ve had for the year, if not the best. Was here for the executive set lunch. Food was perfect and the service was warm, particularly from Chef Yamashita. …"
38,Joy KC,5 stars,"Wonderful dinner with wine pairing. Felt totally welcomed. Service was excellent. Maple leaf duck with balsamico, sakura ebi rice, omi wagyu were totally delectable. Flavours and presentation surpassed expectations for first time dinner. The breads were fantastic- most perfect focaccia and brioche."
39,Vivian,4 stars,I saw a lot of reviews about their bread and it really is amazing!! They serve 2 different types and the foccacia is my favourite. The sesame is also good just slightly too dense for me. None of the dishes blew my mind but they all had …
40,jian sheng hew,5 stars,Celebrated my birthday with my partner here and I must say It’s a wonderful and memorable experience. The ambiance is very welcoming and charming. Hao and Alex who served us are extremely knowledgeable and make great recommendations. Both …
41,wrinklefreebrain,5 stars,"Every dish served to us was a work of art in itself - beautiful and aesthetic, while also being absolutely delicious. Staff were very friendly and personable, and explained each course in detail. Wendy in particular attended to us, and we …"
42,YX Eng,5 stars,"Definitely a 5 stars for Whitegrass! This is my most memorable refined dining so far. Before my visit I actually browsed through their Instagram, and what I saw was a lively team that works together for their service and of course not …"
43,Rathian,5 stars,Modern French restaurant by Japanese chef. Fresh ingredients. Tasty dishes with Japanese influences. Good services. Focaccia bread is exceptional good. We had great experience here.
44,Norman Teh,5 stars,"Food is really good. Must admit it's been quite a while since I've been back. The kinmeidai with the aged potato was divine, love the crab cakes and ending off the lunch with financier was a perfect good way to end the whole Jolly  menu spread. Shout-out to Shah who is so knowledgeable and warm and looking after our table so well."
45,Angel Pan,5 stars,"Had a truly enjoyable dining experience at Whitegrass last weekend. Every course was like an artwork, very creative in terms of ingredients, and had their unique mosaic of flavors. I particularly liked the belt fish and sea bass, as well as …"
46,мιѕѕувєlα2828,5 stars,French fare with a contemporary Japanese twist at Whitegrass. One of my favourite meals thus far. We enjoyed every course of the meal and we could finish the food without feeling too overwhelmed. …
47,ordifolks,5 stars,"Hubs and I had one of our most memorable meal here at Whitegrass ❤️ Every aspect of the dining experience was impeccable - people, food presentation and explanations, execution, pace, interior, ambience. …"
48,Guan Yong Tan,5 stars,great experience nice food very attentive service. worth a try even though it’s pricey. the milk lamb main dish was one of the highlights. nice!
49,Jiak Papa,5 stars,"Attentive crew, great quality of food /  presentation by Chef Takuya Yamashita, who gave an extremely no airs and down to earth vibes when he greeted my table. Ambience is ideal for celebratory occasions. Love the bread that was served, …"
50,Gen,4 stars,"Not a fan of fusion, but this is one to try. Each dish was a unique experience, the taste and texture, down to the presentation, all carefully thought through. The focaccia and sesame bread was definitely one of the most memorable …"
51,Vanese Ng,5 stars,"Celebrated our wedding anniversary earlier this evening. The service was impeccable, staffs/interns were very attentive and friendly. We had the gastronomic course, every single dish was very well executed, truly and uniquely Whitegrass. We …"
52,jajaish,5 stars,"Great meal. Great experience.

Decor nice. Temperature of room nice. Not too warm. Not too cold. …"
53,Gursheel Dhillon,4 stars,A beautiful venue that is perfect for intimate events conveniently located at the heart of the city. I was mostly impressed with their Amadai that was cooked perfectly. Loved the two desserts - White Peach with Litchi and Mignardise; one was definitely not enough.
54,Rachel Luyi,3 stars,Service is good and decor is so exquisite that my partner and I kept gushing about the small details and it honestly looks like it could be a page in an interior design magazine! …
55,Haewoon Kwak,5 stars,"We visited whitegrass for lunch, one day after the Michelin star announcement. (Congrats!) …"
56,josh t,5 stars,Impeccable service and food. Chef greeted everyone and the wagyu… best I have ever eaten. Definitely worth it.
57,Sharmin Soh,5 stars,"We took the 5 course dinner, and we were initially worried if it would be enough. Please be assured its more than enough! Every dish was well executed, well paced, extremely tasty. the bread and financiers were amazing. Chef took the time …"
58,LEE,5 stars,"Have a very awesome lunch experience here.
Per pax $128 and we only need to choose the main course the rest will be handle by the restaurant. …"
59,lily koh,5 stars,"A very pleasant, elegant and fine dining experience, thank you! Thank you too for your excellent service Lai and Ryan."
60,Yi Jie Wong,5 stars,"Really great food and service. Love the amuse bouche - taste and texture of duck was unexpectedly good! Mega love the 2 different types of bread! French spring chicken was really awesome - crispy skin, tender chicken meat, apple sauce etc.. …"
61,Roland Hamann,5 stars,Outstanding Japanese restaurant in Chimes. We went there as a romantic dinner for me and my wife. The restaurant offer a 5 or 8 course menu. You can do wine pairing as well. The chef started only a few month back and he came to our table to …
62,Oma Kase,5 stars,"French-Japanese Gastrostomy at its peak. Chef made a staple like bread as finest as possible. The pastries are a notch higher than what I have eaten some of the Michelin star restaurant. Rest of the dishes are fine too, new tastes new experiences."
63,Matthias Lee,5 stars,"My Wife surprised me as we celebrated my 30th Birthday here. I confidently share that it was nothing short of perfect and excellent. We were hosted and carefully taken care of by Naz, Wendy, Shawn, and Vincent. The ambience is luxurious and …"
64,Kris Trimoeljo,5 stars,Whitegrass is really superb.. my friends and I thoroughly enjoyed the dining experience here.  a French cuisine with Japanese touch... I found the seafood and meat selection is excellent and therefore the food taste does not depend on …
65,NIKOLAY ROGOV,5 stars,"An exquisite restaurant, where cuisine and service intertwine in perfection. A celebration of indulgence for the palate and senses. Taste reigns supreme in this culinary haven."
66,Fred Eau,5 stars,"Dropped by singapore for quick weekend trip and stumbled upon rest. white grass in the 2022 michelin guide. We went for full lunch creation menu with wine pairing. We were welcomed by Wendy, the manager and sommelier and began our …"
67,mary goh,5 stars,Excellent food by Chef Takuya. Attentive staff service too. Thank you
68,Alvin Chan,5 stars,"Excellent fine dining lunch. The poulet was amazing, and everything was a symphony within my palette, dish after dish. …"
69,PAPA STEVE,5 stars,"#simplelunch at WHITEGRASS.

Whitegrass presents classic French cuisine with a Japanese twist; its menu …"
70,Aki Masae,4 stars,Cozy n nice place for dining. Staff very friendly n good service
71,Grace Liew,5 stars,"We had a great time here at whitegrass- the food and service were excellent! We were so touched when Chef Takuya  personally came out to wish my husband happy birthday. Thank you chef Takuya, Sharil and all the other amazing staff who served us!"
72,王浩禾,4 stars,Degustation menu isn't particularly creative in execution in this quasi fusion restaurant but the ingredients are certainly fresh and the heavy touch flavorings are quite good.  Pleasant if not particularly informed (the servers repeatedly struggled to describe the dishes) service.
73,Whiskey Tea,5 stars,"Totally deserving of a Michelin star and with potential to go further !

Love the great service by the crew. …"
74,Yukiko Yano,5 stars,"Whitegrass has reopened with new chefs and concept, so I visited here with my friends for lunch to try.
I felt that their delicately creative yet simple dishes are made with lots of …"
75,Lionel,5 stars,Took then 8 course. The food is simply amazing. Modern French Japanese. Beautifully crafted and very delicious. It's definitely worth the visit. …
76,Junhan Liu,5 stars,I had dinner here. It was a very pleasant experience and the ambience was fantastic. …
77,Victor Tung,5 stars,"To Lai / Alex / Xuan,

Thank you so much for the hospitality and amazing environment, definitely one of …"
78,Ivan Linn,5 stars,"Expected for the food to be good, on top of that, there’s a few complimentary dishes that’s not in the menu which was beyond our expectation. I was still worried if 4 course was enough for me. Service is way beyond my expectation, kudos to …"
79,Vivien Chin,5 stars,"Came here to celebrate my husband's birthday. Had the 8 course meal - the cooking has a bit of an Asian slant &amp; I liked several courses (duck, iberico pork, DESSERT). In my opinion, these courses were well worth the money - the flavours …"
80,Desmond Wong,5 stars,Excellent food and fantastic service.  Had the 3 course set lunch and it was good.  The food was tastily done with some unique stuff.  The server explained the food well and very friendly and helpful.  Overall the place has a nice ambience …
81,CC,5 stars,First visit there. Booked online and indicated birthday celebration. It was an amazing dining experience with great service by Alex and John. Would love to try the wine pairing next visit.
82,Jia Yee Choo,5 stars,"Amazing experience here at Whitegrass. We opted for the 8-course Gastronomic menu + Sommelier’s experience. The food, presentation, service.. top notch! 👌🏻 Really love the freshly baked focaccia &amp; black sesame bread! Thank you for the lovely surprise as well! …"
83,Jonathan Chu,5 stars,"I had a fantastic lunch here. everything was terrific: flavors, textures, ambience, service, etc. some modern twists on classic Chinese flavors. the pork belly over rice noodles tofu and savory broth made me nostalgic. would definitely return."
84,Gama Wibawa Lieputra,4 stars,Great ambience and service. Went here to celebrate birthday and you can placed special request to have a written birthday note on the dessert plate. Tried the vegeterian gastronomic menu and it was scrumptious. The highlight of the course was the bamboo shoot with generous truffle shavings.
85,Charis,4 stars,Tried their degustation menu for dinner ($138++) and I really enjoyed myself. Service by Vincent and wendy were great and the food were generally good. I really enjoyed the crab dish as well as the pork main. The pork was so tender! …
86,Alvin Pang,2 stars,"Having been a fan of the original Whitegrass under Sam Aisbett, I came prepared for an inventive, nuanced, sensitively executed experience. …"
87,Jean,5 stars,Went for a birthday dinner for my girlfriend. The food was quite delicious and the service was very good. Our table server Hao was very attentive.
88,Bernie Chin,5 stars,Lovely place! Spectacular service. Food quality is up there as well. Don’t mind coming back (this review is a little overdue).
89,Merica Dao,5 stars,We landed at the restaurant after some mix up with our booking at another place and it was definitely a blessing in disguise. Beautifully prepared food and coupled with top notch customer service. Definitely a good place to feel a little …
90,Cao Lin,4 stars,The restaurant recently re-opened with a new crew. The Japanese chef has given the menu a Japanese-French twist. The food was extremely tasty and delicate and beautifully served. Good value for money. Atmosphere is unchanged. The service …
91,Benjamin Zhan,4 stars,Friday evening gastronomy menu to celebrate a friend's birthday. Interesting variety of dishes throughout the evening showcasing a blend of French and Japanese cuisine. Paired with a nice bottle of 2016 Far Niente. Head chef Takuya was also …
92,H L,4 stars,"Thanksgiving dinner.
Glad to be able to book a table 30minutes ahead of the dinner slot. Ambience was not bad, a little bit too dark though. …"
93,CT Ang,5 stars,"My wife and I came here for our anniversary looking for a fresh and interesting dining experience, and we were not disappointed. Service was great, and the food superb. We particularly enjoyed the murata gyu in vin rouge, which came with a …"
94,Leander Yohanes,5 stars,Unforgettable experience that pleasure all of your five senses. Gorgeous plated dishes combined with lively and personable service in a relaxed environment. This is a restaurant worth returning to if you enjoy elegant and refined food.
95,Michelle N,5 stars,"Lovely place in Chijmes, every dish was impressive. Highlight was the breads they gave at the start and in the middle - one of the best “bread baskets” I’ve had 😛. Service team was friendly. Would love to return! …"
96,Katie Björk,5 stars,"An experience worth booking.
If you want a true culinary experience with excellent service, this is the place. Exquisite  presentation, good food and attentive staff will make for an …"
97,HF,5 stars,Decided to come here to try the food before it closes for good on 22 Dec 2018. Glad that we did!! We had the 5 course dinner. The dishes here are absolutely delightful - wonderfully executed with a touch of surprise. I enjoyed the …
98,Melanie Tan,5 stars,Came here to celebrate my birthday with friends and it was a wonderful experience. The food and service was very good and I can see why the restaurant was awarded its one Michelin star this year. Modern Australian cuisine with a mix of …
99,Bellachic,5 stars,"Been to several Michelin star offerings but Whitegrass is quite the standout . From the attention to delicate details to the exquisite blending of flavors , Chef Takuya and his team execute with finesse . To top it off , the staffs were amicable and warm , omitting the usual arrogance of fine dining establishments . Will be back!"
100,Sidney NoFrills,5 stars,"when i was asked where'd i'd like to celebrate my birthday this year the list of places i wanted to visit, but the list of places that i wanted to REVISIT was even longer. @whitegrass.sg was somewhere i've always wanted to go back to; chef …"
101,Lena Ng,5 stars,"French Japonais cuisine at its best . The 34yr old Japanese chef spent a few years in Paris and spent weekends working at a boulangerie , when not at the French restaurant ; which accounts for his outstanding mastery of brioche, sesame …"
102,Kim Kim,5 stars,Great food at reasonable price. Attentive staffs make the whole experience even more positive.
103,Jane Ella,5 stars,"Came here for lunch, had the executive set. Everything was really great! Incredible Serivce from Vincent and Wendy, we really enjoyed ourself. We love every dish especially the focaccia😋 we will go back for dinner someday! …"
104,Feng Tao,5 stars,"This is the best michelin 1 star restaurant I have been, even better than some of 2 star.  Full of the flavor combinations with Asia ingredients, feel very happy to have these dishes. Hope to be there every month."
105,SX Lim,5 stars,"We were celebrating our friend's birthday dinner here and I have to say the food was good and exceeded my expectations! Especially their bread. Lovely ambience as well, well suited for special occasions."
106,ehs s.,1 star,"way below service expectations with the price point.
not french not japanese. seems to be simple western food with some kind of plating but really not fine dining. …"
107,Sue Peng,5 stars,"The food was impeccable, and the highlight goes to the Omi Wagyu and both types bread. The service was great as well and I'd like to give a shout-out to Ben, one of the servers, who was very attentive and gentle. He also made a quick dash …"
108,ALF L,5 stars,"We went for the 8 courses dinner. Food, services from Grace &amp; Lai were amazing but the ambience was ruined by another diner on another table who was talking so loudly that everyone in the room could hear what she likes, what she dislikes, her stories etc. This is a fine dining restaurant &amp; not casual dining or cafe."
109,Stephanie Wong,4 stars,Good interpretation of French cuisine by Japanese chef. Everything was nicely executed and well balanced. Service was friendly.
110,Paladin LT,5 stars,"A hearty and delightful dinner prepared by a passionate chef that you can taste the dedication and efforts put in.... MARVELOUS !!! With the superb service and rimantic settings, would have rated them 6-Stars."
111,Justin Kwik,5 stars,Great value lunch with well executed dishes - thoughtful wine pairing. John in particular was an excellent server.
112,Med Shihabi,5 stars,I&nbsp;had&nbsp;a&nbsp;wonderful&nbsp;dinner&nbsp;experience&nbsp;at&nbsp;this&nbsp;establishment. They&nbsp;have&nbsp;a&nbsp;fantastic&nbsp;Japanese&nbsp;chef&nbsp;that&nbsp;creates&nbsp;delicious&nbsp;dishes. Their&nbsp;multi-course&nbsp;feasts&nbsp;were&nbsp;each&nbsp;like&nbsp;a&nbsp;work&nbsp;of&nbsp;art&nbsp;in&nbsp;and&nbsp;of&nbsp;itself. …
113,Shay Seng,5 stars,"Elegant restaurant inside the historic Chijmes. A fine dining establishment with attentive service that sometimes seem awkward, but never uncomfortable. The food however is exquisite. Fun fresh and assertive flavors paired with precise execution."
114,Carolyn Ong,5 stars,"The best service we have had for a very long time. Special Kudos especially to Hao who was very meticulous in making sure our group of 7 was well taken care of, he paid attention to each of our individual needs and preferences for example …"
115,p86111,4 stars,"Food are all good, but not amazing
Place and service are nice
Lunch price is decent"
116,Sandy Soh,5 stars,"My favourite Michelin-starred restaurant in Singapore! Love their food and service is impeccable. Highly recommended, without a second of hesitation!"
117,Andrew Goh,5 stars,Australian Chef but very Creative to present the food with blending of local and western taste using Japanese ingredients . Food was great and do Tey their discovery menu that you can have their signature highlight. Ambience is perfect …
118,Andy Welsh,5 stars,"Degustation, wine pairings. While waiting for the meal, overheard the waiter say to a customer it was good to see them again so soon- on another, the waiter and clientele joked jovially, all of which really set the tone for our meal. …"
119,Catherine Tan,4 stars,Great dining experiences with Whitegrass. Overall food is good but could be better :) …
120,Michael Raphael,5 stars,"Excellent Michelin starred restaurant in a beautiful location. The fit out of the restaurant is excellent and the staff very qualified.
The food is spectacular and very good value for money. Definitely worth a visit or two."
121,Karen C,5 stars,"We had the 4 course set for lunch and enjoyed the  ambience, service, well executed dishes."
122,kevin kwok,4 stars,"Food was good but not mind blowing, service was impeccable and prices were reasonable. We left feeling rather full as well"
123,Lee Choo Ng,5 stars,"Good quality perfectly done food and commentable service.   Kim and Alex are knowlegeable, friendly, professional and helpful to explain each course, Alex even explained in Mandarin. The amuse was interesting, flavourful and colourful. …"
124,Bishan Chew,5 stars,The overall experience is nice. Food was delicious! Service was great as we serve by Shah and will recommend this place to others. Thank you chef Takuya
125,Bryann Yeap Kok Keong,5 stars,"The meal was absolutely delicious, and the service provided was excellent and attentive. I highly recommend this place. We reserved the venue and selected the degustation menu for our company's year-end dinner. The communication throughout …"
126,Alexander Pariyskiy,3 stars,"Had generally good time, but it’s an unremarkable place. Cooking doesn’t give justice to premium ingredients (and price), service has flaws."
127,Venice Tan,4 stars,Thoroughly enjoyed the meal here. The service was very friendly but could definitely be more seamless for a better dining experience. Each dish was well thought out and made with quality ingredients. Their pastries and bread were freshly …
128,David Gan,5 stars,"Had a wonderful time at Whitegrass, was unfortunate that we wasn’t able to dine in the main dining room and it was made up with the specially curated menu and delicate service by Vincent and his team! Looking forward to be back again next time"
129,K W,1 star,Given the many excellent reviews this restaurant has I was definitely looking forward to a special dinner to celebrate my partner's birthday. I felt really conflicted about sharing my experience at this place because a few members of the …
130,Sharyn Ng,5 stars,Beautiful interior topping up with nicely curated dishes. Amazing experience and will be patronising on Xmas to have a taste of the festive menu! Chef Takuya Yamashita is very down to earth and friendly and had multiple times came to the …
131,Will S.,5 stars,"We tried the 68 lunch menu which came to about 100 pp with top ups and gst. Well worth the price. Delicious food. The bread itself is amazing.
Tip: have exact cash for valet. 13. It may be hard to park."
132,Charleston C (Ch.e),5 stars,Had a wonderful birthday dinner with my wife. The service and food was exceptional. Worth the dollar(s)!
133,James K.H. Goh,5 stars,"Excellent service. Beautiful decor and location, great ambience. Delicious food with amazing starters and bread. Chef is humble and friendly. Amazing experience overall!"
134,Vanessa Stewart,5 stars,We had a great experience in this restaurant. Friendly and helpful staff. Food was excellent a mix of Japanese and French kitchen. Ambiance was also nice. Recommended restaurant.
135,Sha Sky Ramani (Sky),5 stars,"I really wanted to try good, French cuisine so a friend of mine who's French brought me here for a meal. Dishes look amazing and the course is definitely well-planned and prepared. …"
136,Sarah Lee,5 stars,Wonderful dining experience at this French restaurant. The ambience was cozy and great. The Braised Wagyu was fantastic and melted in my mouth. It goes well with the wine. The food is very creatively done and well decorated. I will definitely come back to try other dishes.
137,Kenneth Arvin Tabios,4 stars,"Another unique experience in some restaurant. Love it when the cooks are detailing their work on the dishes. Hueful, juicy, from fish to bread they have this marvelous style and finesse, and will truly make you full. I love their duck meat …"
138,Vincent Tan,5 stars,This fusion of classic French cuisine with Japanese influences is a culinary masterpiece. The delicate balance of flavours and artful presentation make each dish a feast for the senses. A must-visit for those seeking a unique dining experience that combines the best of both worlds.
139,Rachel Lam,5 stars,Went for a weekday lunch. The set menu is worthwhile for fine dining cuisine. Service by Wendy the manager was friendly and fantastic!
140,Cheng-Choon Si,4 stars,Pretty good food experience.  A bit noisy though due to voices being reflected off the wall.
141,Gnab Gnab (Gnabster),5 stars,"Very nice place, will visit again. Food is on point and very elegant fine dining. Aircon is cold enough."
142,iris le,5 stars,"It was a phenomenal experience that I ll cherish for life. We came from Australia and decided to choose White Grass to celebrate my birthday! I told my partner that this is the best food I have ever had in my life. It wasn’t just food, it …"
143,Sakthi Balan,5 stars,Amadai! This is my go to place - and the sauces and meats are immaculate! And do check out their wine and gin list !
144,Marcelo Shen,5 stars,"This French restaurant served me the most delectable food! The food that was served was excellent, and the setting was warm and inviting. I can't wait to go back!"
145,Mike L,5 stars,Wonderful dining experience we had celebrating our wedding anniversary. Wife and children totally enjoyed it ! Absolutely recommended.
146,Jason Ng,2 stars,"Went for lunch with my wife on our anniversary. The location was convenient but and atmosphere was business lunch setting. The food serve were decent but not memorable for a curated menu. Apart from that, the fish had a coupled of bones in …"
147,Aloysius Ong,5 stars,Second time back here and it didn't disappoint. Service was very detailed and attentive. Food was brilliant as usual and we found ourselves pleasantly surprised after every course. Thank you for having us.
148,Claire Toh,5 stars,"Great intimate place for special occasions. All the dishes look good and taste even better, worthy for its one Michelin star!"
149,Catte RC,5 stars,"Every dish served to us was a work of art in itself - beautiful and aesthetic, while also being absolutely delicious. Staff were very friendly and personable, and explained each course in detail. …"
150,Brittany Lee,5 stars,First time here and probably not the last. Celebrated my husband's birthday here and the food was good! One of the better restaurants we have patroned. Plating was beautiful and I really liked the mango dessert and financiers. Alex and …
151,chinyee ching,5 stars,Valentine's day 8 course dinner. Manager gave clear intro to every dish. The seafood are really fresh. Staff are all very friendly &amp; attentive.
152,Md Heron Miah,5 stars,"Had a enjoyable dining experience at Whitegrass last weekend. Very creative in terms of ingredients, I particularly liked the belt fish and sea bass, as well as the thyme sorbet/melon dessert. Service was warm and attentive."
153,Lee Chee Keong,5 stars,"Every single dish that was brought to us was a piece of art in its own right; not only was it aesthetically pleasing, but it was also utterly delectable. The staff was very warm and welcoming, and they provided an in-depth explanation of …"
154,Vijay Sathya,5 stars,"Really great food and service. Love the amuse bouche - taste and texture of duck was unexpectedly good! Mega love the 2 different types of bread! French spring chicken was really awesome - crispy skin, tender chicken meat, apple sauce etc.. everything blended in really well"
155,Hwee Lim,5 stars,"Bread was so so good, easily the best bread I’ve tasted! Food wise was really good too, very good experience. A pretty interesting take on French-Japanese cuisine. The fish dishes were interesting and tasty. Chef was also so humble, he even opened the door for us as we left the restaurant - but we forgot to ask for a photo!"
156,Pierre Fong,3 stars,Must say that this was a big disappointment for me. Food was really very average and from a price point it was a meal not worth at all. Was expecting more in terms of the freshness of the ingredients but it didn't work out for me. Service …
157,Rahul M.Patil,5 stars,"Fantastic service, delicious food and great presentation. Deserves a Michelin 🌟 star! …"
158,Dylan Lee,5 stars,"An absolutely delightful dining experience at Whitegrass. The food was on point - seafood cooked to perfection, meat too, fresh breads, and overall a well put together menu. The service was immaculate - attentive enough to notice when …"
159,SG Supernanny,5 stars,Went to celebrate my 17th year wedding anniversary there with my husband and it was absolutely memorable. The staff were very friendly and accommodating as we needed to rush off to another event. The food were so so delicious and unique. We …
160,Cynthia Wei,4 stars,Food was nice but service can be improved especially when explaining the dishes
161,Syafiq Jeffri,5 stars,With the concept of French cuisine with the twist of Japanese. A harmony of West meets East is balanced well. …
162,Elizabeth E.T,5 stars,"This is a lovely choice for intimate dates and romantic celebrations. The food, atmosphere at the venue and service are top-notch! …"
163,Parthasarathy Srinivasan,5 stars,"Nestled in a corner of CHIJMES you will find this gem of a fine dining experience. The poulet was just wow, and everything else was a symphony of colors for my eyes and taste within my palette, dish after dish. …"
164,Lee Joseph,5 stars,Wife brought me here for my birthday dinner and it was indeed a wonderful experience made even better with the high standard of service level and friendliness of the service crews particularly Ruziq and Alex. Food was fantastic and beautiful plated. Would definitely visit the restaurant again!
165,Sky Oh,5 stars,Great ambiance and price for a Michelin 1 star restaurant
166,D Wong,5 stars,"Took the 5 course menu.

On the whole food tastes delicious and exquisite. Fine balance of flavors and …"
167,Sham Shad,5 stars,Quality Food and customer service. Yummy taste. Highly recommend
168,Alan Liem,5 stars,Fine French-Japanese dining. Great service.
169,JC C,5 stars,Romantic night-out at the Whitegrass. Pardon the poor quality photos as the romantic lighting rather dim.
170,Glen Francis,5 stars,"So much better now
The food was amazingly good. But better than the first time I tried."
171,Chili Pedi,3 stars,Was a bit confused with the tastes. It seemed to be an odd cross between Australian and Chinese cooking. Esp the roasted pork with pork broth. Can't complain about the steak though.
172,Arun Vadivelu,4 stars,"Best place for great Japanese Food, people who love Japanese must try the Focaccia bread with Abalone. it was tasting amazing, recommended for a couple romantic dinner👍🏻👍🏻👍🏻 …"
173,Nicha Leethochawalit,4 stars,"On a scale of bland-to-flavourful, my subjective assessment of the flavourfulness of the food here, besides the bread, is 4 out of 10 (10 means the food explodes with taste). The combination of the taste in each dish is good but is too mild …"
174,siva raju,4 stars,"A truly enjoyable dining experience at Whitegrass last weekend. Every course was like an artwork, very creative in terms of ingredients, and had their unique mosaic of flavors."
175,James Ong,2 stars,"The food is superb. But the manager is one of the rudest serving staff I have come across.
Let me elaborate: I brought a good bottle of champagne to celebrate an event, …"
176,Eunice,5 stars,An unforgettable gastronomic journey that my beau brought me on!!
177,Chris New,5 stars,Excellent 5 course meal that's actually 10? Is evident the chef gave every dish good thought
178,Anand Sasangan,5 stars,Really good attention to detail. The food served was thoughtful and well curated.
179,Chermaine Kumar,5 stars,My husband and I went 2 weeks ago. The experience and hospitality of the staff was what we enjoyed most. Wendy and her colleague Naz? Took great care of us. They were friendly and took notice that we had gone there to 'celebrate' our …
180,Raymond Lim,5 stars,Very high quality cooking for the price and number of courses.  Service is warm and sincere. Whitegrass is an undiscovered gem. Best meal !
181,Dylan Xie,5 stars,Taste as pretty as it looks and the hints of surprises in each dish is amazing
182,Chin Heng Ang,5 stars,"Went there for lunch on 3rd September. Food was great but service was even better! Our main server was Alex and he was very personable and helpful regarding our requests. The main chef came out personally to deliver and wish us our anniversary dessert too. All in all, it was a very memorable experience!"
183,Atul Mishra,4 stars,"We had the 8 course menu, it was excellent, very well thought out. Left us feeling full, yet wanting more. Also we each got a different main course and shared. The consensus ​was..."
184,Tristan Chay,5 stars,"Had a really good experience here. Fantastic food and great service. The staff were extremely attentive to us.
We were celebrating a birthday, and Chef Takuya personally came out to wish the …"
185,KEH JING Wong,5 stars,"Came here for a private event. The bread, which wasn't the main highlight, came out superbly well. The Omi Wagyu was just perfect; mixture of fats and light touch of seasonings. And of course to top it all off, the service given by Wendy …"
186,JN Li,5 stars,"Whitegrass Restaurant, nestled in the heart of Singapore, offers a refined and innovative dining experience that celebrates the best of modern Australian cuisine. My recent visit to Whitegrass left a lasting impression with its creative dishes, attentive service, and elegant ambiance."
187,Jacqueline Chang,5 stars,"Modern, creative food. Beautiful interiors and attention to detail. Top level service."
188,GooGoo Salami,5 stars,A cozy and fantastic dining experience to get in here. All the foods serve like a work of art very gorgeous. The staff will help to explain every course in detail. …
189,Ron Ng,5 stars,"Really like the service by all the staffs, they are very friendly and warm towards us. The food is really good quality and  awesome. So nice to see the chef coming out to greet us and ask for feedback. Keep it up!"
190,Ming Johansson,4 stars,Cosy place for max 40 pax wedding. Heard the food is good.
191,RonThePrincess,5 stars,Classy place which served very presentable dishes prepared by top notch chef! Service staff were quite attentive too. Enjoyed our meal there so much!
192,Shibin Su,5 stars,"Love the place.. they have the most amazing bread, fishes and wagyu.
The service staff were warm and friendly as well. The chef even came out to greet the diners at the end.
Great experience overall."
193,David Tay,5 stars,Seldom do restaurants get better over time. This is my 3rd experience today. Alex remembered that I have visited a few months prior and it made me feel like I am home. Remarkable. Chef Takuya Yamashita came out to say hello and after a …
194,Tan Crys,5 stars,"Visited Whitegrass once in 2018 when it was helmed by Chef Sam, and I still remember - as a fledgling into fine dining - it was one of the best meals I've had.
Finally had the opportunity to visit Whitegrass under chef Takuya, and it does …"
195,ma nicole,5 stars,"Good food with reasonable price, will come back again definitely"
196,Shah Alam,5 stars,"I have to say the food was good and exceeded my expectations! Especially their bread. Lovely ambience as well, well suited for special occasions."
197,Claudia lee,5 stars,Amazing French and Japanese food and sake pairing as always. Always humbling to see how their head chef Takuya greeting and thanking every guest at least once during the course too. Will keep coming back!
198,Anouchka Bee Forey,5 stars,Fantastic meal made even better by great service. Will definitely go back!
199,Thilini Bhagya,4 stars,Whitegrass is a contemporary Australian fine-dining restaurant located in Singapore's Chijmes. The restaurant's stylish and minimalist decor creates a sophisticated atmosphere for diners. The menu features dishes that are creatively …
200,Chenyin G,5 stars,The food and service were amazing! We had both exec/creation lunch menus and the best one was the Braised Wagyu. Alex also explained each dish very well and was very attentive to our needs!
201,Adrian Goh,5 stars,What sorcery? Delicate yet authentic French cuisine. Delicious is an understatement.
202,Eclair Nyanko,5 stars,The whole experience was wonderful thanks to Alex &amp; Hao!
203,Violet Chan,5 stars,"Dining at Whitegrass is a gastronomical experience! Each course is a work of art, that is so tastefully presented. The flavours burst in your mouth, and each morsel is a delight! My guests and I thoroughly enjoyed ourselves. We were served …"
204,Eva N,4 stars,"Had dinner here last night. Cosy ambience, attentive service, delightful dishes with effort made by the chef to accommodate my dietary requirements. I think the explanation of the dishes could be clearer (the enunciation of words by the …"
205,Belle P,5 stars,"Lai &amp; Su gave a good service, thank you for our amazing experience."
206,Joe Peng,4 stars,Nice Ambience. Good service. Food was ok..
207,Shilpa Thakker,5 stars,"We had a celebration lunch and it was a fantastic experience.  From the attention to detail by the wait staff, the ambiance, and the food itself I am glad we picked this for this occasion.  Chef himself came out and had a chat which I …"
208,Sinn Yeoh,5 stars,"We had a fantastic lunch at Whitegrass. Food was sublime but what completes the experience was the team of lovely staff.
Lai and Grace were attentive throughout our meals. They were so sincere and …"
209,GBC CHUA,4 stars,I recommend trying out white grass restaurant for a satisfying dinning experience. Thus establishment offers excellent service and maintains reasonable prices making it an ideal choice. I encourage individuals or family to visit and experience it first hand.
210,Trevor Collins,4 stars,"Great bright, open, round room setting. Service was very good. We had the 4 course executive lunch. Good amount of choice in the dishes available. Hot bread was amazing, chestnut soup was very good. Pork dish was delicious, so soft and tender full of flavour. Mango dessert to finish was great. Very good value."
211,Thomas Gascou,3 stars,"A bit of a letdown for the price point: expensive ingredients for the sake of expense doesn't necessarily make a good degustation menu. Caviar, truffles, scallop, wagyu are a little overdone/generic and need to tell a story or be kept off …"
212,Joanna Tan,5 stars,Hubby brought me here for my birthday and it was an awesome experience. Food is fantastic and service is spectacular - I want to give a big shout-out and thank you to Alex and John - the best waiters ever! Hope to be back again soon :)
213,Zi-Yang Chia,5 stars,"Best dinner we had this year.
Chef takuya, Vincent and Wendy took wonderful care of us. The food is par excellence, and service doesn’t feel rushed at all. We had the alcohol pairing dinner and we can’t recommend it enough."
214,Christian Flynn-Day,5 stars,"We've been here before for dinner and were so impressed that we wanted to check out the lunch as well. The Michelin star is fully deserved. This restaurant is not only the best in Chijmes, it's one of the best in Singapore! The circular …"
215,Jian Yang Ng,5 stars,"Visited to celebrate a birthday, and came away thoroughly impressed by the creativity of the food and, equally importantly, feeling properly fed. Our server Nazarrudin took the time to explain the dishes and shared some interesting insights …"
216,Arin,4 stars,"Whitegrass is a standout restaurant in Singapore's fine-dining scene, offering a unique and memorable dining experience. The combination of innovative cuisine, impeccable service, and stylish surroundings make it a must-visit destination for food lovers."
217,bian robianesar,5 stars,"Love it. Love the food, experience and ambience. Me and my gf had the opportunity to celebrate birthday dinner here. We had 6-course dinner set and it was enough to fill us up, beyond my expectation when coming to fine-dining restaurant. …"
218,David Murphy,5 stars,"Amazing food, wine and staff. We went to celebrate our engagement there and we're blown away by the hospitality there. Totally worth every penny!"
219,Christoph van de Sand,2 stars,"Good food but nothing extraordinary. And for that it is hopelessly overpriced. My wife and I paid $400(USD) for two 6-courses menus with only one glass of wine each. Unfortunately, not a single course was somewhat nifty or unexpected in …"
220,Tyerell Allen,5 stars,"My wife and I had such a delightful experience dining at Whitegrass to celebrate her birthday. The food was so delicious and we found the information shared on each course very interesting. The team was amazing, very attentive, friendly and engaging - making the whole experience wonderful."
221,Jade Ng,5 stars,"amazing place with super friendly and attentive waiters and waitresses. their bread is heavenly (really the best ive ever tried) and it is complimentary, not counted as a course in their menu. everything was quite mindblowing delicious and …"
222,Charissa Han,5 stars,"We had a great dinner experience at Whitegrass! Service by Alex and Hao was impeccable, and the food was amazing. Standouts were the main (wagyu) as well as dessert (pistachio). The 2 side courses of bread were also delicious, served with smoked butter. We will be back for sure :)"
223,Stefanus Du Toit,4 stars,"This is the kind of place I want to give 5 stars to, but in good conscience just cannot. …"
224,Cresy smith polred denik Alvero smith jase,5 stars,"This resto is an absolute gem. Its innovative cuisine, elegant ambiance, and impeccable service create a truly unforgettable dining experience."
225,Sue C,5 stars,"Our second visit (dinner) was even better than our first (lunch). We had 5 courses and each were great, with good variety. The breads are amazing! Good selection of wine. Will definitely return."
226,Ee Teng Ong,5 stars,"We had  a wonderful dinner experience at white grass restaurant. Wait staff was attentive but not over intrusive. Explains the menu well. Food was wonderful, especially the bread with the special bordier butter and the duck! Amazing texture …"
227,M H,5 stars,We enjoyed a wonderful lunch at the Whitegrass. The food was exquisite: French fine dining with lots of Japanese influences. The wine paring was excellent too. Fantastic service by Shah and Naz. Thanks again. We will be back soon!
228,C Mm,5 stars,"Nice ambience, especially the cosy circular room. The food was good and the service was excellent. The wait staff was friendly and attentive. And thanks to Alex who made an effort to crack some jokes and brought some laugher to a difficult day."
229,Wenyan,5 stars,"A truly wonderful dining experience at Whitegrass! Had the 8 course meal, and we love every single dish. Lovely ambience, great food and friendly service staff. And it was very nice of Chef Takuya to present the dessert personally to me …"
230,Jingjing Zhong,3 stars,"Food was delicious and creative. The plating was also very nicely done. Everything was perfect except wine pairing. Both my boyfriend and I had it, and each time we only got a tiny tiny little bit of alcohol and it didn’t go very well with …"
231,Paul and Leonie Mac,5 stars,"We dined at Whitegrass Restaurant on Friday 4 September 2020 and it was fantastic.  From the moment we walked in the door the service, the atmosphere and the food were excellent.  Vincent (the General Manager) was knowledgeable and …"
232,mei f,5 stars,"service was excellent, obliging, friendly, warm, especially from alex

ambience lovely, soothing, classy decor …"
233,Weisheng Lee,5 stars,"Thank you Chef Takuya, Shah and team for an amazing dinner experience. Perfectly portioned with really interesting flavor combinations, especially the pork and pigeon. The star is more than well deserved, may a second be in your near future!"
234,Han Nguyen,5 stars,"We had the 5 course and the food was excellent although, dessert could have been much much better both in flavor and presentation...overall, enjoyed the mix of different but familiar Asian flavors in a modern presentation. …"
235,J P,5 stars,"It's been a long time since I had such an amazing dining experience.

From the food to the service, you can tell that Takuya-san and his team @ …"
236,Ms Virasana,3 stars,Food: All my favourite ingredients were used. Healthy ingredients with pipping hot freshly baked bread interjecting the courses. I knew this meal would be filling as compared to say Jaan's. The chef is clever with his efficient model of …
237,- tOy -,5 stars,"Ingredients (freshness and uniqueness) and the taste of each dish as complemented by its condiments, is delectable. As is expected. Staff are well trained and polite. Special mention to Nina and Hao for their exemplary service."
238,Laura Abella,5 stars,"Incredible restaurant!!!
The experience was fantastic - food, service, ambiance were top notch. The chef has amazing creation fusion from Japan and France. Thanks to the manger Vincent …"
239,fried rice,5 stars,"Food is great. Granted, alot of other michelin restaurants have great food too, but this one here has aroma on the food. So this is what differentiates Whitegrass from the crop. Also maybe you can consider table cloth. Just a preference."
240,Kai Ling Teong,5 stars,Had a pleasant birthday celebration at Whitegrass. Food tasted great and I could feel that a lot of thought was being put into the presentation of each dish. Even the bread and butter were awesome; had to finish it even though it was …
241,Arjun Morgan,5 stars,Loved the ambience of the place. Service was excellent as well. Would definitely come back again to try this out. I’ll give it a 5 stars.
242,Nina Eissing,2 stars,"Extremely overpriced restaurant. Food was ok but would have expected so much more for that price. Wine not special, not even tasty but very expensive. Staff was nice. Value for money very poor, disappointing after all the good reviews."
243,Leon Lim B.J,5 stars,Enjoyed to dine in a restaurant inside the historic Chijmes. The food is exquisite. Fun fresh and assertive flavours. Will visits again
244,Tiffany Wong,5 stars,"Am glad I discovered chef takuya's takeover of whitegrass. Despite accolades under the previous helm, food was so average I did not even remember this restaurant until I read about it again recently. Food is so exceptional that I've been …"
245,Lawrence Loh,5 stars,"Excellent food and service. A must visit if doing the michelin star hopping in Singapore. Celebrating special occasions ,business lunches or dinner is a place to go"
246,guru raj,5 stars,Great value for money for a Michelin star restaurant. Nice service staff with great bread especially the Ciabatta bread.. simple and great.
247,Nik K,5 stars,"Great experience. Excellent food presentation, attention to details but could improve in the speed of serving dishes. We came for 2h meal but ended up staying for full 3 hours, hence 4.5 out of 5 :) …"
248,Don B,5 stars,One of the best restaurants in Singapore 🇸🇬  All of the food here is extremely well prepared. Excellent professional service. Upscale ambiance. …
249,Hanna F,5 stars,Food is outstanding &amp; service excellent. What a delight to have such an establishment so near to us. We will return!
250,Richard Chen,5 stars,"Another romantic restaurant, very suitable for couples dining, the sense of atmosphere feel very well. The environment is fantastic, what to eat is so sweat."
251,Nayzar aung,5 stars,A beautiful venue &amp; worth to try here. Loved the two desserts - White Peach with Litchi and Mignardise.
252,Rachelle Lily,3 stars,"I have to say it was hard to pick 3 or 4 stars for this place as the decor was fabulous and we had a nice time overall. The braised wagu beef was really delicious but the service sadly was substandard, from making the booking itself with so …"
253,E.V L,5 stars,"Congratulations Chef Takuya and White Grass on the Michelin star award. My husband and I enjoyed our executive lunch, we especially loved the veal cheek, Fuji apple dessert, lily bulb soup, tuna tartare and smoked butter. Ok that’s like …"
254,Ryphh Wgman,4 stars,The cuisine were spectacular. Cozy environment to have dinner and friendly staff too.
255,Fay Lam,5 stars,Excellent ambience and cuisine. Would definitely recommend this to anyone who is looking for a special venue. I had the pleasure of tasting their special birthday menu which was divine. Each dish was served within perfect time sequence and …
256,Surya Koordi,5 stars,"Excellent food and presentation. Worth every penny spent here. Definitely a must try. Each dish presented was very well balanced and looked amazing. Must try the beef, the octopus in saffron chicken soup. Definitely coming back again."
257,Eve's Curios,4 stars,Food was unique and fresh. Mixture of Japanese and European flavours
258,Por Mui Lan,5 stars,Good place to visit if you want to have a interactive session as the staff there are friendly. They will share about ingredients used on food.
259,Daisy Kee,5 stars,"Situated in the historic Chijmes building, Whitegrass offers an exceptional Japanese-French dining experience. Chef Takuya Yamashita presents an exquisite palate which is a delight for the senses, and features seasonal ingredients from …"
260,Minh Tam Nguyen,5 stars,"Definitely one of the best restaurants in singapore - the chef really does justice to the ingredients, the food tastes amazing and price is reasonable"
261,Emida Natalaray,5 stars,"Had my birthday celebration there. An intimate experience where food and art and friends come together. For a first timer like me,  every dish is visually exciting, and the unique combination of ingredients make for a delectable unforgettable experience!"
262,Melissa Prawirasatya,4 stars,"First time fine dining experience, it is quite wow for me, with all the details in the delicacies. From the rye bread with iberico pork lard, fried salted egg baby crab, appetizers, duck with kanten noodle (love this so much!!!), slow …"
263,shohita choudhry,5 stars,"One of the best fine dining restaurants we've been to.
We tried the five course menu and each dish was better than the last.
I have to mention the wonderful service by Amelio(sorry if I misspelt it) as …"
264,Aileen Foo,4 stars,"If one frequents Chijmes, you cannot go wrong with Whitegrass Restaurant. I had a good time with friends when we went there for dinner quite some time ago."
265,Nancy Nancy,5 stars,"Whitegrass is unique in providing delightful food , you may choose the best food with your loved one and have pleasure meal."
266,G Y,3 stars,This is a restaurant that wishes to be in the league of fine dining but does not have the resolve in committed resources such as quality of ingredients.   It is a pity because Chef Yamashita is talented and puts in much effort. If the Chef …
267,Ng Lee Lian,5 stars,"Visited there for dinner and the menu was great, especially the beef! Ambience was also nice and service was impeccable. …"
268,Mike Ngen,5 stars,Having a lovely anniversary at here. Foods are fantastic.
269,Harry Rana,5 stars,Wendy and Nas were great front of house. Chef Takuya was kind enough to join us in our anniversary celebration. Thank you so much for a lovely experience!
270,Ride & Destroy,4 stars,Very stylish restaurant where photos should be taken almost everywhere. Food was on par with the decor. Hats off to the whole team.
271,ching jeff,5 stars,"Whitegrass is truly a hidden gem around this area. From the moment u step in, you will be greeted and guided straight to already pre-set up table. Ms. Wendy will start introducing you with their seasonal menu. Every course, start from …"
272,Yogesh Gupta,5 stars,Amazing place to have delicious meals. Nice nurturing service and feeding comfort to spend time there.
273,Edwin Yvonne,5 stars,"Dined here on 9/9 for a business lunch. Food was delicious and intricately presented, fine dining at best. Staff were knowledgeable about the food and you can understand how much effort goes into the food preparation."
274,Cleo W,3 stars,Food is average nothing taste bad but definitely not one star level. Lunch set only have 3 dishes but the portion was so small that looks like a 6/7 dishes sets should be.
275,Susan Calderón,5 stars,Nice restaurant and nice food. Thank you Naz for the service!🌟🌟🌟🌟🌟 …
276,Gene Boy,5 stars,Wonderful. The first restaurant which I experience delicious food from A to Z. Very impressed. Definitely coming back.
277,Raymond Foo,5 stars,"Really amazing and beautiful food, such high quality standard that's hard to come by!"
278,Reuben Lum,5 stars,A true culinary experience indeed! Definitely deserves to have the michelin star. Service was beyond my expectations. 5 Stars!
279,Vithyathevi Lingiswaran,4 stars,"Located in the historical CHIJMES landmark, the 40-seat restaurant boasts stellar service and a carefully curated beverage list to further enhance its ambience!"
280,Ryo Tsuruta,5 stars,more than amazing!
281,Alan Ace,5 stars,Ex-michelin for 2021. But the taste and details put into the effort shows that they are aiming for a comeback soon
282,Brian Neu,5 stars,Had an awesome meal. First batch of photos from their 8 course menu. A friend who had tried the 5 course just a couple of days earlier said she preferred the beef main from there.
283,Sri Kayaththir Balan,5 stars,"Cosy ambience, great service"
284,Ed T,5 stars,Good attentive service. Food was interesting
285,Helni,5 stars,The food here taste really good.  Service are excellent and priced very reasonable.
286,Tamil Arasan,5 stars,"Fantastic dining experience.
The japnese chef prepared and provided us a awesome dish.."
287,priyanka chamira,4 stars,"Beautiful restaurant with a great food,very knowledgeable and friendly service.Delicious food. Highly recommend."
288,Sheetal SIngam,4 stars,Good varieties available. Service and food was good as well. Will visit them again
289,Monica Jonathan D'Souza,4 stars,"Amazing ambience, great service nd delicious food is what we need so this is absolutely the right place to visit"
290,tang lixian,5 stars,Food was incredible! Made better by the knowledgable staff and the hospitality shown :) ambience was great too. A perfect lunch indeed!
291,Janet Fok,5 stars,Love the atmosphere of the restaurant! Great place to celebrate anniversary!❤
292,Eddyman Kharma,4 stars,Great french dining place to go to. A lot of good reviews from friends too.
293,Rajat Dua,5 stars,Amazing food with a great ambiance.Service was good and thoroughly enjoyed my dinner
294,Jh Lai,5 stars,"On top of the delicious food and pretty interior, the whole experience is elevated by Naz and his team of very friendly and knowledgable staff. Never fails to have a wonderful time here."
295,Brandon Wong,5 stars,"Wonderful experience! It was a complete dining experience. Gastronomical dishes, excellent service staffs!"
296,Kristin chiam,4 stars,Quite worth it with the entertainer 25% off deal! The quality of food &amp; the service was definitely top notch! …
297,Mithila Islam,5 stars,"Food are all good, but not amazing
Place and are nice"
298,SHARVINI NADARAJAN,5 stars,Not only the food is delicious but the atmosphere was awesome too
299,Zaque Lo,5 stars,"Service: 5/5
Ambience: 5/5
Food: 4.5/5"
300,Yanzhu,5 stars,Every dish here is like a work of art. I really enjoyed how immaculate each dish was.
301,Pete Beckhouse,5 stars,"Excellent food. Choice of 2 tasting menus, every course was spot on. Pretty good value for the quality of the food."
302,Zico Toh,5 stars,Superb! Enjoyed every dish. They will be 2 or even 3 stars Michelin in time to come.
303,Dianne Kamin,5 stars,Great experience. Very lovely ambience and decor and the food was excellent!
304,VANS,5 stars,"The place is AWESOME!! Best dish fusions, nice ambience! 😃😃 …"
305,kana otsuki,5 stars,Chef is very humble. Food was creative and impressive. Beautiful presentation. Would love to come back.
306,Ryan Ong,5 stars,Reasonably priced lunch. A lots of flavours. And the hosts were excellent. Celine is very friendly and provides customised menu print out to go.
307,Chettiyar Bois,5 stars,Very good varieties of food from chef exclusives to local favorites.
308,Sofia Stavri,5 stars,"Amasing food, service and location"
309,Chern Chern,5 stars,Everything is perfect to the fine details  We spend more than $1700 for 3 paxs.
310,Joan Ng,5 stars,Following the change of chef I think the food is better than before. Delicate and complex flavours. Every dish is well executed.
311,Nadiah Natra Abdullah,5 stars,Exquisite french cuisines. Food art on plates. Romantic ambience.
312,Darrell Chan,5 stars,"Excellent dinner here, worth every penny. Bread, pastries and wagyu beef were the stars of the meal!"
313,PALANAANA,5 stars,Good restaurant will visit again food is great including the services
314,Brian Yeoh,4 stars,Great service and great food
315,Jasmeet Sandhu,5 stars,Wow!!! Artistic and creative delivery of food.  Such an amazing dining experience.
316,T O,5 stars,"Just look at those plates, you be the judge."
317,Sig C,5 stars,Excellent!! Never disappoints which is hard to find these days. Highly recommend for anybody who has an appreciation for fine dining cuisine.
318,Minkang Shi,2 stars,Food is average quality and portion quite small. Really over priced... the bread is good!
319,ronnie lee,4 stars,check out their wide range of unique creation! visually stunning in cosy setting
320,Angelica Lee,5 stars,"Exceptional service, loved the food. Executive lunch was good value. Lovely ambience too, highly recommended!"
321,A3 K8,3 stars,Nice main. The rests so so. $250+/pax
322,Ranen Cheong Jia Le,5 stars,So good abd fancy I felt like i saw Eiffel Tower !
323,felicia lim,5 stars,excellent food and great service! im looking forward to come back!
324,Jacky Leong,5 stars,The food is like art.the food is nice to have a glass of wine..Nice...
325,niket dasadiya,5 stars,Amazing ambiance amazing food I just loved it😍😍 …
326,Tee Keon Tan,5 stars,Great food and service. Interesting menu and authentic dishes which really show off the chef's skills.
327,Alvin Cheng,3 stars,"This is my fourth visit to the restaurant, food is good as usual, however service definitely can be improved"
328,Gary Fong,5 stars,"Good food and comfortable environment, will come back again."
329,Jerry Lee Ghim Huat,5 stars,Food is delicious.Service there is cosy and relaxing. Nice and quiet place to have lunch on weekdays.
330,Linlu,5 stars,Thank you for preparing a tiny birthday surprise and kindly taking pictures for me🥹really made my day🐳🐳🐳 …
331,Dario “kaiben” Saimon,5 stars,Food was tasty and staff were very nicee 💯💯 …
332,Anand Sri,5 stars,Fresh sea food and great service with friendly staff
333,HY L,4 stars,Great service &amp; ambience
334,Pranay Bang,5 stars,"Slightly on the pricier side, but service and food are good."
335,Julien Lecomte,5 stars,Very good experience at Whitegrass I recommend. Food is good and creative with a 5 or 7 courses menu.
336,Anne Sta,5 stars,Beautiful food in a beautiful setting with kind people.
337,Hong KaiFeng,4 stars,Delicious dishes...Good place for foodies as they have variety of dishes.
338,Molly L,5 stars,"Nice atmosphere, tasty Japanese x French food, value for money lunch set :)"
339,Nicholas,5 stars,"Delicious food, very pleasant chef:)"
340,Linda Lim,5 stars,"Second visit. Great food, excellent service. Will definitely come back again. 👍👍👍 …"
341,XIN TANG,4 stars,"cool French-Japanese fusion cuisine, worth trying"
342,Jayanth Kandalam,5 stars,Excellent service standards with very good food ans ambience. Definitely recommend.
343,Bing Xian Ng,5 stars,"Great food, price was reasonable."
344,Aivo Takis,5 stars,A perfect place in every way
345,Michael Russell-Green,5 stars,Fine Dining intimate.
346,Phillip Isaacs,3 stars,"Very little portions, left hungry. Food was expensive and over-rated."
347,Saha Buddin,5 stars,This resturent food is so good and teste❤️❤️
348,T Singh,5 stars,"Lovely though be prepared to take time over dinner.  Beautiful plating, delicious food, great team."
349,Fahmywezzy23 Fahmy,5 stars,Fantastic Restaurant Thumbs up👍👍menu is amazing …
350,Sybille Tai,5 stars,A great dining experience and food was delicious
351,Vincent Wee,5 stars,"Love this restaurant, food n friendly staff"
352,Taz Tan,4 stars,Like the food and the places. Feels romantic
353,Meg,5 stars,Beautiful interior and friendly staff. The food was fantastic. Highly recommended.
354,Josh Gallagher,5 stars,Food was great. Service was exceptional. Worthy of 5 stars.
355,Vincent Lay,5 stars,Enjoy the fine dining in the ambient setting environment
356,Yoshikatsu,5 stars,Had a wonderful experience and food. The service was also excellent.
357,muhammad nazlan,4 stars,Great to make wedding event if can ..
358,Артём Шмыга,5 stars,Best restaurant with France kitten in Singapore
359,Fery Riswan,5 stars,Interesting restaurant concepts. Looks good
360,Dayana Alhady,5 stars,Beautiful interior. Service was exceptional.
361,Nessie P,5 stars,"good food, highly recommended"
362,robert kwok,4 stars,Good dinner... Great service.. Food was excellent
363,Muhd Hariz,5 stars,its a nice place to go on a date!
364,Frank Sorgiovanni,5 stars,"Great food, excellent service, tasty set menu!"
365,Chit Khaing,5 stars,One of the best.
366,Peter Shuen,5 stars,"good food, great staff"
367,Hairn Tiqah,5 stars,Delicious food as well as splendid surrounding
368,Guo Hong Lim,5 stars,Thank you for your wonderful food that you have presented to us.
369,Toh ChaiYeeAlison,5 stars,Great food.  Great service.  Great ambiance.  Totally worth it.
370,Jean Ny,4 stars,Fantastic dining experience at this restaurant
371,Chow Zi Xin,4 stars,nice food
372,Ylva Ng,5 stars,Not bad
373,Rhys Wong,5 stars,Fine dining with French and Japanese cuisine
374,Niroshan Chandrawijayakumar,4 stars,Great place to explore Asian cuisine
375,Staale Andreassen,5 stars,Ambience was very nice. Staff was excellent.
376,Chuan Chang Goh,5 stars,Service is good. Food is good. Ambience is good. 5 star for this
377,Ying Jie Tan,5 stars,Thanks for the friendly service and thoughtfully made food! 🥰 …
378,Francis Chen,5 stars,Creative cuisine!
379,Xiaomin Chen,5 stars,Worth a revisit
380,lim siow wei,5 stars,One of my top list for occasion/ celebration!
381,L Kosasih (JadeK),5 stars,Excellent food with superb service.
382,K M,5 stars,One of our new favorite. Will be back.
383,Prasanna Rajkumar,5 stars,Nice food
384,Waz Mack,1 star,Sausage rolls gave me the squits
385,Chaithanya Reddy Devulapalli,5 stars,The best taste ever had
386,bryan lee,5 stars,Awesome food and service i will recommend to anyone...
387,Daniel Soh,5 stars,"Great food, great service, great ambience."
388,Vaeda Yung,4 stars,Fish was delicious and foccacia was so good
389,Pankaj Sharma,4 stars,Great ambiance and food
390,Rajesh Singh,5 stars,Great ambience and food
391,priscilla leong,5 stars,Fancy &amp; good service!
392,Amber Zilton,3 stars,service is much better than the food.
393,Tity Ekin,5 stars,Great place for fine dining
394,Chandran kannu,1 star,Very bad this is cheating process
395,Patrick Ang,4 stars,Super service and great ambience
396,Mohd Firdaus,5 stars,Love it
397,Seth Chua Xianyi,5 stars,"Stumbled upon Whitegrass, and was blown away. Highly recommended"
398,Tommie Chee,4 stars,Delicious food ate.. thanks
399,Jane 서현 Park,5 stars,Quality service and delicious food!
400,Benjamin Lim,4 stars,Good food and ambience
401,Yen Yee,5 stars,Soo loves 🌷 …
402,hs liow,5 stars,"Friendly, not too pretentious"
403,SWIM GUY,5 stars,love the environment of the restaurant
404,Jeff Ge,5 stars,Good
405,emjaywhatson,5 stars,good experience good food
406,Wei,5 stars,Very good food.
407,Mheme Victoriano,5 stars,Great
408,melvin zheng,5 stars,Nice
409,kk L,3 stars,Nice food
410,Hazrul hazrul,5 stars,Nice cool place
411,shaun wong,5 stars,Beautiful place!
412,Scott Leon,5 stars,My hilgy recomend restaurant
413,Elise Ooi,4 stars,Best bread in town !!!
414,Katong Panda,5 stars,Very good...
415,ge O,5 stars,Nice food in a Japanese restaurant
416,blox fruits gang,5 stars,Everything is nice
417,Umesh S,5 stars,Possibly the beer restaurant I’ve ever been to.
418,James Cook jcook,5 stars,Good Service
419,L1331a1xx,5 stars,Good experience
420,uddin negam,5 stars,This is well service
421,Delphine Amirouche,5 stars,Smell and taste so good
422,Yi Ling Huang,5 stars,Great food and great service
423,Wing Chi Kit,5 stars,nice food!
424,Eugene Chua,5 stars,Great food
425,Inspire Future,5 stars,the place is good
426,Emmanuel Bain,5 stars,Amazing !
427,Gen Cringy,5 stars,Good
428,Edouard GEORGE,4 stars,Outstanding food and service
429,Padmanaban Anand,5 stars,Nice restaurant
430,Samson Tan,4 stars,Love the ambience and food
431,keith,5 stars,good
432,Shin Sugawara,5 stars,"Everything is at a high level, from the food, interior decoration, customer service, and cleanliness of the restrooms (lol). This is a French restaurant that everyone who loves gourmet food should visit at least once. …"
433,emily kuo,5 stars,"My husband chose a restaurant in Singapore to celebrate his birthday this year
A Michelin-starred restaurant with a Japanese chef
There is quite an atmosphere in the Plaza de Chine …"
434,Joyce Chan,5 stars,"Executive lunch set at Sgd$128
It's Japanese French cuisine
From appetizers to desserts, it’s a visual and tasteful pleasure. …"
435,Mark Sasaki,5 stars,"Michelin restaurant. The prices are high and the food is satisfying. We use plenty of Japanese ingredients.
I would like to add that the financier baked goods served at the end of the …"
436,T OHIRA,5 stars,"A French restaurant in Chijmes. We recommend dressing up and visiting. Order a pairing course of one course and one drink. If you can drink alcohol, please enjoy the pairing course. They will choose a drink that goes well with the food. The …"
437,이기웅,5 stars,"The bright store atmosphere and the flowers on the center table that seem to change with each season are eye-catching.
The staff is friendly, and you can clearly feel the kitchen staff's delicate touch for each menu item."
438,ホルブルック淳子,5 stars,"We went for our 26th wedding anniversary. The atmosphere of the shop is elegant and nice, and the staff are all very polite. The food was Japanese cuisine arranged in a French direction, and was very delicious, easy to eat, and the portions …"
439,Anja M,5 stars,"We were served very courteously in a restaurant located between the skyscrapers in a flat, old white house. The waiter was partly incomprehensible because of his mask 😷 and the Asian accent, but he did his job with heart and enthusiasm so …"
440,中野翼,5 stars,It was used for dinner. I had the best time. All dishes were perfect. I will go again!
441,Sunah Han,4 stars,"There is a restaurant in a very beautiful place.
The interior of the restaurant is also very pretty and cozy. As expected from French, the baguette bread that came out first was really delicious. However, out of all the food, that bread was the most delicious haha."
442,Eva Cheong,4 stars,You can try it out and experience the European style decoration. It’s great for taking pictures.
443,Minako Kohyama,4 stars,"It's fashionable and delicious, but the service is a little weird and it's expensive, so you might only want to try it once."
444,MIN,5 stars,"There are many pretty and diverse restaurants, making it a great place to relax, eat, and drink."
445,Nontlerbchu,5 stars,👍🏻 …
