,Name,Rating,Review
0,Chee Kiang Heng,5 stars,The Omakase Lunch prepared by Kazu-san [our chef] (I hope I got his name correctly) using Hashida-san recipes was marvelous. We felt the total experience unique. The seafood is fresh and his method of preparation and the application of the …
1,Mighty Foodie,5 stars,"Hashida Singapore @hashida.sg&nbsp;introduces the innovative Abura Kappo @hashida.abura restaurant-in-restaurant concept helmed by chef Kenjiro “Hatch” Hashida. Abura Kappo Vol. 1 presents a menu priced at $200++ per diner, featuring a series of …"
2,Emily,5 stars,It was very delicious. I was able to have a good time thanks to your careful consideration. I was so happy that they even gave me decorations. I especially like the scent of sake.
3,Ferdi,5 stars,"We had an exceptional experience that far exceeded our expectations. The quality and freshness of the ingredients were top-notch, and the service and interaction with the chef were outstanding. The level of care, attention to detail, and …"
4,Ada K,5 stars,"This was one of the best food experiences in my life. The chefs here are extremely talented, transporting me back to Japan. They fly in fresh fish from Japan &amp; you can really taste the difference. They have a great selection of sake too. …"
5,Joshua Chin,5 stars,"Fabulous service, atmosphere and food. Had the omakase for weekend lunch for a birthday treat and the food was unforgettable. Every round was great, and there wasn't a single dish which was bad/had issues - in fact each dish felt refined …"
6,Sebastian Bonmann,5 stars,the best Omakase experience outside Japan! A truly remarkable experience. Thank you chef and team for a great evening.
7,Piet Coelewij,5 stars,"5/5 (5/5 food; 5/5 service; 5/5 atmosphere)
Unforgettable experience (and a hit to the wallet) and merits that Star. We arrived at 7.30pm and were swiftly greeted and brought to the table. The entrance …"
8,Kelly Merie,5 stars,Our omakase lunch at Hashida sushi was amazing. We had the privilege of being served by chef Hashida himself. It was such an unforgettable experience. The sushi was fresh beyond belief. The cooked dishes had broths that were exploding with …
9,Le Khanh,5 stars,Great omakase experience I had in Singapore. Strongly recommend!
10,Eye2kay,4 stars,"First time trying lunch Omakase edomae style at this place, been wanting to go but every time misses the opportunity as this Omakase place been in Singapore for some time. Sushi and other selections was delivered perfect and impeccable …"
11,J. L.,4 stars,"Tried the chef’s omakase for dinner priced at $520 per pax. We had a lot of food and we were so stuffed at the end of the meal. It was a good meal overall but it felt like the standard has dropped, since the time that the restaurant was …"
12,Vivian Yeo,5 stars,"Very very good meal and pleasant experience. Every dish was well prepared , balanced and refined. Little details from the use of Gin pepper on Sushi to caramelized sauce on their signature Monkfish liver has demonstrated effort to bring the …"
13,Tristram Lucas,4 stars,"Had the dinner omakase, great experience and service. Wasn't served by Hashida as he was in Japan. The Uni roll with belt fish was the highlight and amazing. Nice touch with service is always replacing the green tea with a fresh hot cup. …"
14,Claudia,5 stars,I enjoyed my experience here. The food was fresh and the staff were friendly. It's probably my second or third favourite omakase place in Singapore. Definitely worth coming here.
15,Royal Pears,5 stars,"Omakase - Particularly enjoyed the pen shell with seaweed, tomago (best I’ve had), clam sushi, uni with fish in seaweed, black sea perch, tuna belly otoro, nodoguro on hairy crab, uni and ikura. Good portions. Great sushis and use of …"
16,ZR,5 stars,Superb Omakase and great experience. Sushi was incredible. Everything from the sashimi to the sushi to the cooked dishes were all made to perfection. Highly recommend and will definitely go again.
17,Rachel Wong,5 stars,First time here so we tried the $130 omakase menu. Enjoy our time here very much. Fresh seafood and what a pleasure watching the chef preparing sushi for us. Would love to go back again for other menu.
18,Lisa,5 stars,"Love the whole dining experience in Hashida, esoteric selection of fish and he gets all the fishes from Japan all the way to SG. You will never get the same fish in anywhere else but Hashida. Beautiful interior and even for all the …"
19,Daniel,5 stars,"Omakase with very fresh and high quality produce worth the $$$$ price. Every dish was great with varying tastes and textures. The sushi rice deserves special mention actually - fluffy, soft, sticky, perfectly seasoned, and served at just …"
20,JY Quek,5 stars,One of the best Omakase quality &amp; experience in town. Will just let the pictures do the talking. …
21,Lauren,5 stars,"5 stars to one of my top meals of 2021 (so far)!

Absolutely amazing. Sato-san was such a delight &amp; the service was superb! …"
22,KS,5 stars,"Tradition will build you but it may also bound you. It can also propel you forward like Hashida san who pushes boundaries in the sacred world of sushi to establish his mastery with creativity, humility and lotsa humor. Congratulations once …"
23,Andrew Tan,5 stars,"Hashida has been a long time customer and friend of atomi. We are glad to see him doing well. The evolution of Hashida Sushi since his initial days in 2nd floor of Mandarin Gallery, new to Singapore till now has been a joy to see and be part of the journey - Andrew Tan atomi Singapore"
24,S T,5 stars,"Current no.1 Omakase for me in sg. Ranked ahead of the other places that would burn a hole in your pocket like Waku Ghin, Jin Honten, and even my usual go to Ishi (glad I forsake the complimentary sushi cake on our anniversary for this …"
25,Elene Wong,5 stars,"My first omakase experience, and it was nothing short of amazing! Attentive and informative staff, and the entire dining session was interesting and entertaining. Will definitely bring my friends and family back!"
26,C How,5 stars,"If you are a purist of sashimi, sushi, this is the place to experience the freshest, unaltered taste of the fishes.  Chef Hatch shared how he conceptualized the deco of his dining room and the efforts put in to fabricate the ceiling."
27,Cole M,4 stars,Excited to see Hashida return after closing down at Mandarin Gallery several years ago. Went for lunch and came away very content. The eel hot-pocket and brûléed ankimo were standouts. Would return.
28,Carmen,5 stars,"An absolute stunner of an omakase - maybe my favourite in Singapore. From the moment we arrived, service was impeccable. The atmosphere (a number of smaller dining rooms) means that each chef doesn't have to split their attention between …"
29,Loh Pebbie,5 stars,"Outstanding omakase food and service. Excellent dishes all the way. Every thing served was very well balanced and tasty.
The chef is not just great in preparing the food but is also artistic in …"
30,Jason Wong,5 stars,"What a lovely addition to Amoy.  His nicest restaurant to date. Always a delicious meal at Hashida, and chef Hatch is as entertaining as ever too. Worth every penny. Love it!"
31,黃楸晴,5 stars,"I brought my boyfriend here to celebrate his birthday. The staffs and chefs there are very detailed to attentions and provide great customer services. This is the first Omakase experience my boyfriend has, and I’m glad Hashida has made his first experience impressive."
32,Tee Jonathan,5 stars,1 of the Good Oma here in SG. Belly is happy and pleasant dining experience. Will def return for more! Thank you
33,C Koh,4 stars,"Food, experience and service was good overall, only issue was the place is slightly cramp and gets loud when everyone starts talking. They have three rooms so making a reservation does not guarantee you a seat in Chef Kenjiro Hashida’s …"
34,Yanming Bay,5 stars,"Had a wonderful experience at Hashida.

With the dining scene being so competitive these days, many places serve great …"
35,stephen,5 stars,Came here for dinner. Excellent is all I can say. Simplicity with quality ingredients all from Japan makes the food just taste incredible. If I had to be super picky it would lose 0.1 point for the odd music of jazz playing in the …
36,Valerie Lau,5 stars,This is the type of food we come back down to earth for. All the suffering is justified in this momentary gastronomic climax.
37,JJ,3 stars,"First of all, Hashida has nice ambience and attentive staff. There is also a good selection of sake. …"
38,Edmund Woon,5 stars,Wonderful omakase at Hashida. The service was excellent too. Left so satisfied.
39,Jude Kasijo,5 stars,"A delightful lunch experience, highly recommended!"
40,Benedict Ee,5 stars,***king excellent. They're booked out 6-8 weeks so plan ahead if you want to visit
41,Alvin Choo,5 stars,Wonderful food and delightful experience. It's a modern take on the traditional.
42,Pearl Liu,5 stars,Fantastic food and thoughtful service. Definitely worth every penny. Can't wait to be back again!
43,ChongJun Feng,5 stars,"Not a typical person to review my food, just a photo of the shop. Go experience yourself with no regrets! Highly recommended."
44,Bertrand,5 stars,"Best Japanese food I have ever had in my life, the experience was above all our expectations and the friendliness of chef Hashida made our dinner even more special! Do not miss out on this amazing restaurant!"
45,Nat Sussman,5 stars,"Honestly one of the best dining experiences I’ve ever had, period. Sushi and sashimi were both plentiful and amazing and the staff were super attentive, couldn’t fault it!"
46,Darius Lim,5 stars,"Hi Mr Jiro Ono, what keeps you up at night?
Hashida…"
47,Charming Edwin,5 stars,Nice dining experience and no1 omakase in sg. U have to try it to believe. Freshness and services are top notch too.
48,Kenneth Tan,5 stars,Wonderful meal with twist in the dishes
49,Cheng-Choon Si,5 stars,Awesome lunch!
50,Jordy Caine,5 stars,"Had a terrific lunch experience.
Food was great, and their recommended sake had a unique flavor."
51,Vincent Chan,5 stars,Thorough attention to every detail coupled with the freshest ingredients prepared with ingenuity to create an excellent and unforgettable omakase experience!
52,Alexandra McConaghy,5 stars,Best Omakase I’ve ever had!
53,Clarence Ryan,5 stars,The food is well served and the staff is so kind
54,Alia B,5 stars,Wonderful experience with the brilliant Chef Hashida.
55,Fenny Ho,5 stars,"🌈 BEST sushi in Singapore, after all these years.. ♥️ …"
56,Than U.,5 stars,homey and delicious
57,Lucie Anne,5 stars,"Absolutely the best omakase in Singapore. To test urgently. Exceptional culinary experience, a taste and visual capsule. thank you Chef"
58,NED JI,4 stars,"No big surprises, just average, a bit too much sushi"
