,Name,Rating,Review
0,Sisilia Doho,5 stars,"We were served by Amy Mac, She was very friendly, informative and lovely. We were given welcome complimentary and a small refreshment when we finished with our foods. …"
1,Yier Gong,5 stars,"Celebrated my friend's birthday here, and it was a great experience.

The restaurant is located in the MBS and the environment is very good. The …"
2,dew dawn,5 stars,"This is the second visit.
Thanks to Amy Mac, one of employees, my mom and I had a really great time.
She not only kindly served the whole meal and explained the features of each but …"
3,Virginia Joy,5 stars,"Everything that we ordered was goooooood. My faves: seafood quinoa fried rice and salted egg lobster. The individual serving of the deshelled prawn in cereal made sense as appetizer. The staff was super welcoming, we went for iftar, and …"
4,molgryn,5 stars,"I went here with my family and it provides great experience to me. I highly recommend this restaurant if you are planning trip here. Also specially thanks to Amy Mac, the Assistant Captain, about providing good services and experiences."
5,Linda Yeo,5 stars,"My visit to this fine dining restaurant was truly delightful. Despite having other branches, I didn’t regret choosing this one. The cozy and quiet atmosphere, coupled with attentive and well-mannered staff, set the perfect tone. I indulged …"
6,Pauline K,4 stars,"Am here for lunch and discovered the Set Lunch of Jumbo @ MBS is super innovative and surprisingly giving me a happy stomach !
Staff Yu Ting was helpful and constantly finding ways to enhance my dining experience. Very attentive staff ! Good work!"
7,Paul R,1 star,"Placed in a small room with four other tables.  You can hear everyone’s conversation. Wagyu was beef, it was not Wagyu! Different dishes the staff are too lazy to change the plates. I got up and took clean plates. Overpriced average food.  Once bitten…!!!"
8,Andrea D'Arpa,5 stars,"Quite fancy location, could be good for a date. We did the executive set lunch but if you want to crab the price will be above 100 sgd per person. Everything was delicious and service is attentive."
9,Andrean Priadi,5 stars,"Came for the executive set lunch, didn’t have reservation and they accept walk-in. The staffs are very attentive. Foods are great and service is amazing. …"
10,Brian Wei,5 stars,Excellent food and exceptional service. It was a pleasure dining here with Phan attending to us. He recommended the perfect amount of food for us and each dish was amazing. Highly recommend coming here for their chili crab and fine dining experience!
11,Cameron and Adriana,5 stars,"Highly recommended. We had a great time, service was great, food was fantastic and the atmosphere was private and quiet. We chose the 3 course option and throughly enjoyed our experience. The kids were looked after also. They also allowed …"
12,Rio Khundeeklai,5 stars,"It was super excellent!!! Staff was so nice, the food was SUPER :) Staff Amy - Super nice :)"
13,Truong Phan,5 stars,"The Crab dishes were super and the waitress named Emmy who was serving us throughout the meal. She was so nice, fantastic and friendly."
14,Jason Lee,5 stars,"We had an excellent time at Jumbo and the food was delicious. While the crab dishes were expectedly good, we were also pleasantly surprised by the quality of the non-crab dishes like the lobster, luffa and tofu. We were served by Amy who was attentive to our every need and made it a wonderful dinner experience."
15,Tim Dao,5 stars,"Food presentation, portion &amp; quality are all fine-dining level. Service is attentive while not intrusive. Ron was super helpful. Overall an Excellent dinner !"
16,Yohanes Then,5 stars,"Best service by Amy Mac, the food is very good, the atmosphere very comfy. Will be back for sure."
17,John Koo,4 stars,The food is very tasty but it’s all individually priced for each servings. It’s a fine dining restaurant with expensive menu
18,Nathathida Kovitcharoenkul,5 stars,"Nice! Recommended Chilli crab menu, pumkin soups, fried rice, goreng noddle XO sauces, vegetables. Actually, every meny are delicious, i will definitely re-visit."
19,Millie Voon,4 stars,"First visit and was not disappointed.  The food presentations were lovely and the taste were good.  Except for the black pepper crab, all others were good."
20,CD Yue,5 stars,"Food here is exquisite, taste, presentation, and service is excellent! Highly recommend Jumbo Signature for lunch. Our server, Ron is great 👍🏻 …"
21,GY Chan,5 stars,"This fine dining version of a famous seafood chain, located in a high-end mall, offers a superb culinary experience. The highlight is their exquisite chili crab, which comes with a rich and flavorful sauce. The attentive waitstaff were …"
22,Iris Nguyen,5 stars,"Menu in Jumbo Signature has good variety. Food is well-presented &amp; delicate.
But Portion is a bit small."
23,Erica Zhao,5 stars,What a great dining experience! Love Jumbo! We had the executive lunch set!So good! Highly recommended! Awesome service by Ron and Allen!
24,Anna H,5 stars,Our local friends took us here and we absolutely loved the food here! It was such a treat and the staff here are very accommodating. We ended up waiting a bit for our table but we were offered free drinks and seated in the VIP room which upped the atmosphere. Highly recommend the chilli mud crab - best I've had ever.
25,Dareius Lim,5 stars,"Great food, great ambience and love the fuss free option where we don’t need to get our hands dirty and enjoy the sweet savoury crab."
26,Putri Alyn,5 stars,Best seafood in town. The ambience was great and all staff was nice. Specially ms. Yu ting
27,hobinghui,5 stars,"I don’t give reviews. But i really have to make an exception for this one. Food was AMAZING. And even better was the service that Alan and Phan provided. They were SO attentive to our needs and even took care of my mothers injury, going above and beyond to make sure we had a great experience. WILL DEFINITELY RETURN."
28,Melitha P,5 stars,"Great food, best chilli crab and excellent ambience and service."
29,Carlo Castelo,5 stars,We always dine at Jumbo whenever we visit SG because we love crabs and everything about Jumbo. Today like any other visit was made extra special because of wendy (our designated wait staff) and Phan the restaurant “supervisor” who also …
30,Elbert Damian,5 stars,"Rendang Seafood Amuse Bouche, Seafood Century Egg Salad With Tofu, Truffle Prawn Ball with Foei Gras, Award Winning Chilli Crab, Fragrant Rice in Rich Seafood Broth with Freshly Peeled Crab and Botan Ebi …"
31,Jessie Chong,3 stars,"We were there last week, the food are good. However, when my friend (actually is my guest all the way from Europe) trying to figure out what’s inside of the appetizer, the lady seems hear us wrongly and instead of telling us what was it …"
32,Alex Kim,5 stars,"As many have mentioned, it’s an elevated Jumbo experience. If you love regular Jumbo food, you will love this place too! Not to mention the excellent service, with attentive staff who made sure we got each plate hot and right out of the …"
33,Tadala Jumbe,5 stars,The mud crab with the award winning chili sauce is stunning. Sweet and savory. I paired With the Kang Kong vegetables and enjoyed the amouse bouche for the evening. Well attended and friendly service. Thank you!
34,KS Distributor,5 stars,"Polite staff, nice food especially the chilli crab. Very delicious, will come back again."
35,HyunSu Min,5 stars,Very nice staff and the broth was superb. For all the Korean out there in Sing should try this
36,James Gu (Zhi Yu Gu),5 stars,"Incredible food and amazing service!

We came for the chili crab and it was delicious! The soups are also very good. …"
37,Zi Jie Tham (M字秃Uncle的中年危机),5 stars,"Good service attitude, food is delicious and the set meal can order crab with removal of shells so easier to eat"
38,amelia tan,5 stars,Yu Ting was attentive to our needs and a delightful staff. My mom and I had a pleasant experience with the staffs and lovely service. I especially enjoyed the pallet cleanser in between my courses and tiny complementary dessert after.
39,F W,5 stars,"Celebrated my friend’s birthday here yesterday on 19 Apr and we enjoyed the delightful dinner and service rendered by Phan and Ms Lau. Food was served promptly and each dishes we picked were so flavorful and delicious, especially paired with Cloudy Bay’s Sauvignon Blanc. I will definitely be back again on other occasions!"
40,Wendy5574 Chong,5 stars,"Food are very tasty. The staffs all there are super friendly and nice.
Will come again for their black pepper Alaskan King Crab🤤 …"
41,Linh Dao,5 stars,"Ron and Chengyu are very friendly and helpful, they did a very good job 👏👍
The food is beautiful and delicious ❤️ …"
42,Jonas Hu,5 stars,"One of the best chilli mud crab in town!
Please bring back the crab meat fried rice. Really the best crab meat fried rice I ever had. …"
43,Matt Morio,5 stars,Friends took us here for our first chilli crab. It was a great experience!!! We are in one of the smaller more private spaces which was very nice and quiet. Service was pretty good retrospectively (this being our first restaurant in …
44,Yi Wen Chan,5 stars,Had my favourite Freshly Shelled Crab Meat with Conpoy and Egg White and Mocha Pork Rib here today! Delicious food and friendly staff to start my day. Totally will be back again!
45,Flo Yeow,4 stars,"It's a nice Chinese fine dining restaurant. They try to do a Chinese take on omakase, but I feel like there's still a slight gap to optimise on. Food is good, don't get me wrong. Prices are fair, especially for a MBS restaurant with the …"
46,Alice Chua,4 stars,The quality and taste of food here were very impressive and memorable. We will visit this restaurant again to try their other dishes but would definitely hope there's some improvement to their service when we return. Though this is supposed …
47,Jiak Papa,2 stars,"A good attempt to turn this outlet into a fine - dining concept, but imo, it did not really take off. The taste of food, unfortunately did not commensurate with the price that you had to pay for the tasting menu. The only redeemimg dishes …"
48,marisa craft,5 stars,"best crab of my life, i can die happy.

otherwise, great staff and atmosphere, will definitely come back"
49,Linda Tse,5 stars,"Excellent service and good dishes , will come back again !
Highly recommended!!"
50,Steven T,5 stars,"Dined at the Jumbo signatures to try the Singapore chilli mud crab. Definitely was not disappointed. Had a sambal Kang kong as well, finishing with an iced chendol. …"
51,L Davis (SG),5 stars,Executive set lunch 4 course meal with a starter and two mini dishes in between. Simply amazing service and quality food.
52,Ryan Huang,5 stars,Delicious crab! Tasty and so satisfied 😊 …
53,Fannie Lee,5 stars,Love the food experience and service! The ambience can be a little noisy though which I believe the the Low ceiling setup that created noise. These are from the tasting menu set. I don’t eat much so I shared it with my partner with additional alacarte dishes (Kang Kong and Pork Rib). Wagyu Beef was sold out :(
54,Vtigaa Vtigaa,4 stars,A fine dining experience with Jumbo. Classic dishes presented @ a fancier sophisticated manner at elevated prices. Level of service and attention matched up. Great for special occasions or if you need to entertain overseas visitors to showcase local dishes
55,long nguyen,5 stars,"The best cooking style for the king crab is without question the chili one. I have tried many different styles from Canada to US and Europe but the chili one here by far in top 3. The service here excels, thanks to the manager's impeccable …"
56,Esther Lim,5 stars,Fine dining concept elegantly presented by our well known local JUMBO group. All dishes display finesse and service is excellent. Great place to host a dinner for friends and family especially if you’re looking to impress while showcasing local flavours and delights.
57,Arabella David,5 stars,"I ordered the Executive Set menu, which is a great option if the variety of options is too much and you would like to have delicious food, coursed out. I enjoyed the selection and the wines on menu."
58,Vivian Ho (小吃货),5 stars,"【Jumbo new Local dish Fine Dining concept😍】
Tried the Jumbo 8 course Tasting Menu for $158‼️
🌟Fine Dining portion but surprisingly filling on the 2nd appetiser which is the …"
59,Fion Looi,5 stars,"Nice and fresh food overall. The lobster was fresh and nicely cooked. The wagyu fillet and the sauce was delicious. The staff, Amy from vietnam, who served us was very friendly, making the whole dining experience very comfortable. Great dining at jumbo. Good job."
60,Syahirah Halim,5 stars,Brought a friend from London here since he wanted to try chilli crab. So this outlet is bit more upscale than the usual Jumbo. We got some starters complimentary and we ordered the donut with squid ink. Delicious and a good start to the …
61,Vick C,4 stars,elevated white table cloth Zi Char - black pepper and chilli crab can be de shelled - good for work lunches and if you don’t want the mess. smaller portions and heftier price tag. food quality was good!
62,Jonathan Kuah,5 stars,Amy Mac served us and we had a wonderful lunch service with her around. Food was delightful and service was excellent. Well done!
63,K,4 stars,"This is a different style of Jumbo compared to the other locations. The crab is the same price per 100g but all the other menu items are elevated and more fine dining-like. I’d highly, highly recommend coming for the black pepper crab, …"
64,Zeinab N,5 stars,"The food was very unique and was served in a very elevated manner. The menu is designed to be served as individual small portions , this way you can try a couple of diffrent Items and experience more of a variety in your meal."
65,Mikaela N,5 stars,"We visited Jumbo at MBS Shopee as its been on our list to try while holidaying. I must say Jumbo did not disappoint, the dishes were well presented and delicious. Weve tried many chilli mud crabs and this has been the best. The a4 was also …"
66,Vishesh Shah,5 stars,I had a great experience for my first time at Jumbo. Amy Mac was the best server I could ever ask for. She gave great recommendations. The chili crab was out of this world. I would highly recommend everyone to visit this restaurant.
67,Leann Koh,5 stars,"Jumbo Signatures serves all their signatures from their different outlet. Highly recommend to try their Pidan Tofu, Crispy Sea Cucumber and of course Chili Crabs!"
68,JoonBond,4 stars,"We had Lo Hei dishes during CNY, it was presented in a unique way, different compared to the traditional version. …"
69,Peter Lin,4 stars,"Tasting Menu with Wine Pairing. (Shelled Prawn Fried with Seaweed and Pork Floss, Scallop Wrapped in Yam Ring, Chilled Hand-Shredded Live Australian Lobster with Fruit Salad in Sesame Dressing, Chili Mud Crab Pincer, Cod Fish Steamed with …"
70,Jamie Hannaford,2 stars,Service was quite poor- they rushed us through a full tasting menu (6-7 courses) in about 1 hour. They forgot to bring one of our wines and also the dessert. Food was very good but I expect a bit more friendliness and attentiveness at this price (over 600 SGD for two people). When we left they didn’t even say goodbye
71,Jo Z,5 stars,Was hosting a biz lunch with guests from overseas. This is a great choice if you want them to have a feel of singapore signature dishes like chilli crab but dont want the mess of dismental a crab....lol we went for the lunch set. 168++ per …
72,Susan Austin,5 stars,"My husband and I just returned from a week in Singapore for my B'day and loved the City so much. We want to thank my friend Guadalupe Cavanna, for the recommendation to dine at JUMBO Signatures, where she said we must have the Chilli Crab! …"
73,안태진,2 stars,"I ordered a course lunch for 7 people(important business partners) and it took 90 minutes to serve only 6 kinds of simple and small food. Despite my polite requests on 4 occasions to expedite the service, the staff disregarded my concerns and continued at their own leisurely pace. They perfectly ruined my lunch entertainment."
74,Yoke Fei Phan,5 stars,"This is premium Jumbo, choice first grade seafood that's different from other Jumbos. Certainly with significantly higher prices too!"
75,Paul Robinson,1 star,"We were highly recommended this place for chili crab.
Chilli crab was so disappointing. It was covered in essentially sweet chili sauce. Basic and for the price such a rip off. …"
76,Goh Cheelin,4 stars,"A very refreshing concept for the group. Their Executive Set Lunch Menu, at 58++, was affordable, and it was well planned. …"
77,Cat Wee,5 stars,We had CNY lunch here and at VIP room. The service by Amy Mac was very personalised. We enjoyed the food very much. The crabs are their specialty. Highly recommend.
78,Katie Strohl,5 stars,The chili crab is one of the best things I’ve ever tasted. Only chance I got to try it in Singapore but I could eat it everyday for the rest of my life. Cod and Kang Kong also was delicious. Drinks were meh. Servers were great with a peanut allergy!
79,Mark Njo,4 stars,Was looking for a place to have dinner at MBS on a weekend even though we didn't make any reservations in advance. Stumbled upon Jumbo Signatures and decided to give it a try since there was a table available immediately. Each dish on the …
80,Ryan Woon,5 stars,Excellent VIP service by Amy and her team. She was very attentive and accomodating to our requests. Will book again for future corporate lunches.
81,Sun Jian Bo,4 stars,"Food is good but expensive, not extremely worth compared to the other jumbo stores, which offer similar food. I would be willing to sacrifice the fancy plating."
82,Lulwa Alghatam,5 stars,Loved the king crab thank you chef for the amazing food and thank you Amy and phan for there service
83,alan yeh,5 stars,"Amy Mac is friendly and awesome! We are given VIP room, every dishes is clearly introduced, and she is very attentive to our needs."
84,M lee,4 stars,"Tasty food, good service. Fine dining style, not your typical jumbo outlet. Most items are single plates per person. My wallet wasn’t happy though 🤷🏻‍♂️😊 …"
85,Jess Go,5 stars,The food was exceptionally good and fresh. Service was fast and our server Amy met our needs readily and made sure everything was in order. Value for money!
86,Ronnie Yeo,5 stars,A very nice fine dining place from JUMBO Signatures. The delicious dishes come in small portions and you don’t fill so bloated after all the course. Love the dessert the most ! Thumbs up 👍 …
87,우다영,5 stars,"Crab chili is so good.
Fried rice is so good.
Amy Mac is a very kind. …"
88,Haryati Rais,5 stars,Amy Mac is a good hostess!! Our food is served and cut in a proper and fair manner. Thank you Jumbo! I love the mud crab!
89,Desmond,4 stars,"Recently opened in MBS, stumbled upon the place as there wasn’t a queue on a very crowded Friday evening. …"
90,Joanne Chia,5 stars,Good quality and delectable food. Was served by Allen and he was very approachable and gave us great recommendation.
91,SJ SJ,5 stars,"ron goh, rau wai yun good service!"
92,Jason,5 stars,the food is very nice!
93,Kayla Yip,5 stars,"I love the food, and the servers. They are so nice, and they treat us so well. I loved the tissue/hand towel trick. They poured water on it, and it expanded. My cousins and I loved the trick so much!!! I completely recommed having their …"
94,Martin Nikolaev,5 stars,"Amazing restaurant, went with friends and couple of them were vegetarian and were equally impressed. The 2kg+ Sri lankan crab is a must for seafood lovers. Attention to detail (there is padding underneath the table so you don't hit your knees...) simply brilliant... Coming here again."
95,Touring with The Moncchichis,4 stars,"Not all service staff will pay attention to your needs, clearly got ignored when i raised my hand to get my bowl cleared because there was a tiny crab shell in my expensive ""pao fan"" therefore did not finish ( or rather made me lose my …"
96,Mighty Foodie,5 stars,"JUMBO Group’s opens their latest dining concept, JUMBO Signature at The Shoppes at Marina Bay Sands. …"
97,Raymond Ang,5 stars,依婷 is  very attentive and friendly. The foods are good. Both Alaskan King Crab and Lobster are fresh and delicious.
98,Rafael Camacho,4 stars,"The ""fine dining"" experience might be a plus for some people, but for others it won't add much value. In my case I prefer the one in Dempsey Hill."
99,Yoojin Lee,5 stars,"Amy Mac was super great serving us!!! My parents so picky when ut cones to food while travking, but this time so diffrent they loved food and service!! Thanks Amy"
100,Mei Yong,3 stars,Well known for their fresh seafood and the food here is good too. However service is really bad and the food is very slow to be served.
101,Alan Liem,4 stars,"Interesting preparation of crab for a savoury devgustation. Heavy on salt, quite pricy for the portion and selection  served."
102,Ngan Nguyen,5 stars,We had Amy as our server in the VIP room and her explanations of all the dishes and overall service added to the yummy experience
103,XY,4 stars,Recommended but I still prefer the original version of Jumbo
104,Marc Tan,5 stars,"Beautiful restaurant, the food was generous and also great presentation of the menu. Was extremely satisfied with the menu course. …"
105,Ashish Bagchi,5 stars,"Great food , good service , might be lucky to walk in , better to book ! Black pepper crab and Mantu Buns a must try"
106,Ting Fan,5 stars,"Wow, what a dining experience. Was not expecting this. Every dish we had was exquiste, and due to the many courses we were all pretty full at the end!"
107,Tres Ming,5 stars,"I have lunch with my hubby at jumbo signature at MBS it's a perfect choice, because the Steam King Crab from Alaska so delicious 👍👍👍
You can try, and you will love this food too. another one I like it's Asparagus …"
108,Flower,5 stars,"Very nice place
Good food good service
Allen Chiang services very well …"
109,Richard Huyimin,5 stars,"We are very glad to have Qian Hui with us. She is an excellent staff in serving customer, polite and professional ! Well done!"
110,miku kubird,5 stars,"food is excellent as expected, had a really good time here.
service staff were friendly and patient especially ron, waiyun and yuting
manager mr toh was very welcoming …"
111,oka winata,5 stars,Amy served our table really well. Excellent food and service.
112,Gusti yudhi Ongskynaga,5 stars,"Love it here food are good with excellent service.
Amy Mac very attentive and explain to us about all the food."
113,Nam Hyuck Kim (김남혁),5 stars,Very nice experience. 100% recommend.
114,Kenneth Ng,5 stars,Environment and food very nice. Especially the staff Amy very great service. Will definitely come back 👍🏼 …
115,Abyan Alfi,5 stars,"very good place, well served, the food is perfect and very recommended for anyone to have a good dinner in singapore. The waitress amy also gives an extra point for this restaurant"
116,Juan Hong Tan,5 stars,Amazing fine dining experience at Jumbo. Top class service and I totally love it. Mee Goreng is a big wow
117,Chan CW,4 stars,"Service is good especially from Yu Ting, Zhao Qian and Ron, great job.
Food is good
Environment is good but a bit noisy of guests chit chating"
118,ying chieh,5 stars,Atmospheres was quiet different from Jumbo seafood.  Food was great!
119,SummerStan LEE,5 stars,So nice. The service and seafood are good.
120,Blair Sun,5 stars,Very good food and nice service. Highly recommend.
121,skylinevox,5 stars,"Came here for celebration lunch on weekend with the family, great menu selection and food was 10/10. Will definitely be back for the rest of menu items."
122,Nalla S,5 stars,The Food &amp; Ambience was great. The price of food was a bit pricier as it's geared towards fine dining. Can dine on special occasions.
123,Donny Yen,5 stars,"Food was good but, but our server Amy made the dining experience more memorable!"
124,Jia Jia,5 stars,"Booking and order made with Wai Yun who was patient and helpful. Friendly and warm service by Amy Mac, food was delicious, good experience 👍🏻 …"
125,STEVE KIM,5 stars,"Find Amy, her service is excellent and she gives a lot of tips about what to eat in Singapore. Great experience with wonderful  foods!"
126,ara demirdjian,5 stars,Set menus was a taste sensation. We shared our meal with colleagues and guests in the private dining room. We will be back again.
127,Betty Shaw,4 stars,Black pepper crab is excellent
128,shaojie yang,5 stars,"i love this restaurant of seafood, fresh and delicious,"
129,suzen,4 stars,Already tried several outlets except for Riverpoint &amp; Jewel ones. Their chilli crabs always maintaining good standard. Alot of our overseas friends love it. Especially our ang mo friends. …
130,K. Loh,5 stars,"Yu Ting is great! Good service and the food is superb, especially the chilli crab. Must order! ;)"
131,北川ひなつ,5 stars,It was very delicious! The waitress named Amy Mac was very friendly and accommodating.
132,Cindy Tan,5 stars,"Ordered the executive set lunch on Friday. The presentation and taste was great. Service was especially good too with Ron serving our table. As I was in a rush to go back for a meeting, i ordered first and got him to standby to serve the …"
133,Wiphan Jaosakul,5 stars,Very good buy some staff hard to communicate
134,Ashley Pang,4 stars,"nice atmosphere, great service, staff were attentive. food was okay, presentation was bombz tho"
135,Claudie Cia,5 stars,Very tasty food… good services start from the Host to all the staffs and very friendly…
136,Jake Brecheen,5 stars,Excellent experience! The Red Chile Crab was to die for and the service was excellent!
137,Flora,5 stars,Will come again ~nice food and nice service ~
138,Darrick Lim,1 star,Was browsing the menu while waiting for someone to attend but nobody came when there are 2 people at the counter until we have to ask them if there are available seats for us. Very bad service and never pay attention to customer standing outside
139,Caitlin Gallagher,5 stars,Yu Ting was very helpful and quick to refill my tea and water. Great experience!
140,Guz Noor,5 stars,"Really love your jumbo crab.... tasty... the best...

Tks Amy Mac for her great service and patience 👍👍 …"
141,LC Kong,5 stars,Food is delicious as usual and our waitress Amy Mac was such wonderful host
142,Bella Phea,5 stars,Thanks Amy for her great service and yummy good. Good for tourist. Expensive but good
143,Anand Patel,5 stars,Food was great and Amy Mac gave us amazing service!! Would highly recommend
144,Marcus Tan,5 stars,"Jumbo Signature has been my to-go place for birthday celebration with my partner since 2 years ago. Today marks the 4th time we dine in here and I have to say, I’m still impressed! …"
145,안녕,5 stars,Chilli Crab are excellent. Amy service is also execellent n five star.
146,Alan Tan,5 stars,Food was really good and the service was excellent especially Ron Goh who was serving us. Thanks!!!
147,Ashish Arora,5 stars,Great place and extremely helpful staff. Special thanks to Amy for taking care of our team lunch
148,Min Phone,5 stars,The food and services were great the stuff Amy Mac is attentive and friendly.
149,Isabel,5 stars,Allen Chiang and his colleagues are very attentive and informative in the dishes. Service is good.
150,Chris Lee,5 stars,Yummmy! There were so many options so we went with the fancy lunch course menu. I liked it because the portions were good enough but not too big and I got to try new dishes. …
151,Joanne Ang,5 stars,"Amazing experience!
The crab at Jumbo is consistently delicious. Must order the chilli crab. And the icing on the cake is the service! …"
152,Shane Yong,5 stars,Visited for lunch with friends and had an excellent meal. Will be back.
153,Derek Zhang YD,4 stars,Very expensive first of all. The food was excellent for me family.
154,이상록,5 stars,"CAPTIAN Amy mac is so kind~

Food is very good"
155,Woo Hyun Jin,4 stars,Uniquely offering fuss-free chili / black-pepper crab with great service overall. Getting a reservation was a bit problematic as the staff made a few mistakes. Understandable as we are foreigners visiting the country.
156,miko lim,5 stars,"jumbo team have provide excellent service expecially Qian Hui, very friendly server."
157,Daniel Oh,5 stars,"Food, Service, and the ambience was good and relaxing. Just feel the portion of the Wagyu beef was too small for the price."
158,jay han,5 stars,"The food is very delicious and the staff, Amy is very kind."
159,Charmaine Leong,5 stars,Great food and service. Thanks Yu Ting for the great service at lunch :)
160,N Nguyen,5 stars,"Great food and service, thanks to Amy who looked after us!"
161,Amie Tan,5 stars,Great dining experience. Thank you Amy for the great service.
162,Brian Lim,3 stars,"This outlet aims to serve tourists. If you are a local and looking for more personable services, try their other outlets."
163,Sasikumar JS,5 stars,Food was great! Atmosphere was pleasant :) Amy was very friendly and helpful! 😊 …
164,Sức Nguyễn Xuân,5 stars,"Super experience, has a great atmosphere, and services"
165,jong hyun Choi,5 stars,"Famous restaurant to eat jumbo crab
The size is really huge
Service is also quick and good …"
166,Robert Pok Wing Lee,5 stars,Yuki is very attentative and chilli crabs are yummy yet expensive.
167,Thipsuda K,5 stars,"Great experience that i enjoy,
With my team we love service of AMY MAC."
168,Wain Lam,5 stars,Amazing food and vibes! Staffs were friendly and explain the dishes well.
169,Jungwon Yoo,5 stars,Love the food here. Food is mix of traditional and contemporary style with good visual. Staffs are all very kind and friendly.
170,Eddie Ho,5 stars,"It is a must try for their signature  fragrant rice in rich seafood broth, exceptional."
171,Eric Tedja,5 stars,Excellent Jumbo Signature ambience and team! Keep up the good work 👍🏻 …
172,Cole Tor,5 stars,Great food presentation as compared to normal Jumbo outlet. Service is also quite decent and the waitress would introduced and explained each dish in details. The food seasoning and quality are impeccable. Would definitely come back again!
173,Kelly Ho,1 star,Had a business lunch at MBS jumbo outlet. Thought it would be a nice dining experience at a nice location for an overseas guest. Had their recommended executive set lunch and was Sorely disappointed. The portion was pathetic. We ordered …
174,Chloe Yap,5 stars,"Nice food, nice environment, nice service, especially good service from crew Qian Hui"
175,Adrienn Varga,5 stars,"Amazing, a definitely must to visit category."
176,Dave,5 stars,"Loved by my family and colleagues! Portion is not so big (if you are chili crab lover), but you can taste its essentials and different texture by luxury ingredients."
177,Chan Sylvia,5 stars,"Very good service by Amy, food was exquisite"
178,P Goh,5 stars,Ron Goh service is very good.  Very attentive to us and frequently checks on our wellbeing.
179,KY,5 stars,"I dropped by for lunch with a very sleepy toddler, and had a great dining experience thanks to the wonderful service staff at Jumbo. …"
180,Caitlin Colladay,5 stars,Delicious food and amazing and fast service.  Highly recommend
181,Aik Thong Tan,5 stars,"Had my mums birthday dinner here. Food was fantastic. Also, shout out to Ron Goh for his excellent service. He was knowledgeable with the food and had a gd sense of humour. Great experience!"
182,Carrington Paul,5 stars,Really nice. Yuting as the waitress with good catering
183,Mat Fly,1 star,"Expensive and bad quality. They even forgot part of the order and brought it after 40 minutes. No discount no offers, the seafood rice had 3 shrimps and nothing else. Never again."
184,Millicent Seah,4 stars,"Ron Goh and Zhao Qian were awesome in their service and attentiveness. Lovely experience dining there and made better by these two. Unfortunately, alaskan crab was not available due to a miscommunication from a 1-month early call. I'm …"
185,Alvin Low,5 stars,The food is nice but just quite expensive..2 of us total spending $520.00
186,Ny Saechao,5 stars,Amy was great! Recommend the award winning mud crab!
187,Heng Xuan Liu,5 stars,"Allen Chiang service the best. Thanks for everything, and all the considerate details 🙏🙏🌹 …"
188,Nurul Haniah Jaafar,5 stars,"Thank you for the great service esp the service offered by Amy, from Vietnam."
189,brenda wong,5 stars,It was my first visit to Jumbo Signature and I’m very pleased with the service rendered by the staff especially Pham Tan Binh. He is very patient and professional as there was a group of customer next to us that took at least 20mins to order their food. We had the premium set lunch and it was delicious. Will visit again for sure.
190,sabrina wong,5 stars,"Very good experience.  Had the executive set lunch.  The portion was just right and food was very delicious.  Our server Phan Tan Binh was very attentive and patient.  Overall, strongly recommend this restaurant"
191,Jimmy Johnson,5 stars,"Food was very delicious
Service by Amy Mac was impeccable"
192,Hamster Lene,5 stars,"The appetisers were plated in a really unique way, loved how they placed their fruit salad in a cone. If you are someone who hates to peel crab, have the chilli crab on the tasting menu, is a half portion but they peel everything off for …"
193,N. K.,3 stars,Test is good. Somewhat pricy.
194,Sungjun Min,5 stars,"Everythins is good :) food, service, atmosphere etc. I would like to visit again."
195,Shaun,1 star,"If you are looking for overpriced tasteless food, this is your home. :)"
196,Spencer Rasgon,5 stars,Took my boss and some colleagues here for dinner and had a lovely time. Something different than the regular Jumbo experience with individually plated dishes. …
197,Hau Mun,5 stars,"I was quick to made a reservation with a 25 pct discount for members. The food was exquisite n service was impeccable, it was prompt n smiley.  Appreciate all the little touches, like the free before n after dinner appetizer n not …"
198,Hyung Lee,5 stars,Chili Crab was amazing.  Staff did a great job on service
199,Weiheng Poh,5 stars,Very good service by the staff here. Fresh &amp; tasty food too.
200,lionel lio,5 stars,"Food was nice overall. Signature Fragrant Rice in seafood broth (PaoFan) was extremely flavourful, love this dish especially. Nice ambience. Good service."
201,Aaron J,1 star,We booked at 8:30 pm and when we arrived there the service person told us that all the table is already booked (even though we arrived around 5 min earlier and there are empty tables around too). So we waited until around 9: 30 pm until one …
202,Marcus Lee,5 stars,Quality executive set lunch &amp; nice atmosphere. Attentive staff
203,Deanna,5 stars,Generally Good! Will definitely come back!
204,Siwa Nan,5 stars,"Amy is good service, good food ,very yummy 💌 …"
205,S L,2 stars,Priced exorbitantly which is kind of expected given it’s in MBS but was shocked when I was told that my dining time was only 1.5 hours which is extraordinarily short. Hey it takes time to peel the crab and lobster yeah. Restaurants are …
206,Pia Cristina,5 stars,Delicious chili crab
207,Hin Thammada,5 stars,Very good....
208,theodora regina,5 stars,"All food taste good especially the cereal prawn👌🏻

Place ⭐️⭐️⭐️⭐️⭐️ …"
209,Starry Storm,5 stars,We had the tasting menu which has been upsized from a year ago. The price has also been adjusted upwards. The quality of the cuisine is great but personally think its too much to eat.
210,Dewan Qamar,5 stars,Had an awesome experience this Sunday at JUMBO Signature. Food was excellent as expected from Jumbo but what differentiates this place is truly outstanding service. There were no less than 5 staff looking after us continuously. It was such …
211,Hwee Lee Eng,5 stars,Amy Mac has displayed a high level of professionalism
212,Lucy Lester,3 stars,Food was ok but the service was really cold and not nice at all
213,nick ker,5 stars,"Service is very good.
Waier is Amy"
214,Eldric Chew,1 star,"Didn’t get to eat anything even though I was dining in. As I had a rare allergy to potato, I sadly was informed that the menu item I wanted to order had potato starch and asked to choose something else, I chose, and tam back to tell me the …"
215,Cassandra Neo,5 stars,Amy‘s is kind and patient very good service
216,astro City,5 stars,Food is great and worthwhile
217,Karthik Viswanathan,5 stars,AMY ur Awesome. Thanks for your service
218,Joanne C,1 star,"Was very disappointed with Jumbo signature at MBS… I had a reservation at 12:30pm, upon arrival was told that we have to leave at 1:30pm because there’s another booking after ours. Firstly, we wanted to have a crab and was told that it will …"
219,Cy Woo,5 stars,It was an exceptional experience from start to finish.Good service good food
220,Deon kai,5 stars,Superb service from Amy! Will come back again!
221,welanamyhi,1 star,"not worth it
service is not the standard i expect for the price, very mediocre …"
222,Cheeky Boy,5 stars,Imagine Jumbo restaurant from East Coast turned into fine dining with fancy little plates. One good example is you dont have to go through the hassle of taking out the shell for the crab meat.
223,Connie Chan,1 star,Extremely bad service. I called ahead in the morning to enquire for female crab and the lady told me there is no female crab if I want I need to book in advance a few days before. I moved my reservation from 9 June to 17 June instead. On 16 …
224,Tang Jiajun,5 stars,"Very good service, and the staff is very hospitable"
225,Wira Surahman,5 stars,Nice
226,Candy Cheng,5 stars,"Love the Chilli Crab, nice flavour, friendly staff superb!"
227,Amy Orr,5 stars,The food was amazone Ron was super helpful and friendly!
228,Rosalind Tay,5 stars,Good service by Ron Goh.  His service is great and give good recommendations.
229,Harry J,5 stars,The food is truly amazing. We went here on a Friday night and got a nice table without a booking. It ended up being one of the most expensive meals of my life - because of that will have to think twice before going there again.
230,Clement Camaret,5 stars,Try the chilli crab and mee goreng
231,정대진,5 stars,너무 good food AMY MAC SERVER GOOD
232,skies,1 star,"Came here for a business lunch in the VIP room. If this is VIP service from Jumbo, you get better service going to MacDonalds. The entire dining experience was unpleasant and dishes came too slow."
233,Vincent,4 stars,"Fine class dining I would say. We had overseas friends and treated them here. The food is excellent, so is the service."
234,Sumanamsm,5 stars,Food was well presented. Smaller portion than the norm jumbo. Felt food was more refine. For the ambience and location I think price is of value.
235,Yv Chinq.C Eugene,5 stars,Waiter Amy provided very good service
236,Tiffy Teow,5 stars,Nice food with fantastic environment and excellent service.
237,Nicole Pang,5 stars,recommend crab meat &amp; scallop with egg white
238,Nakin Korkijrattanakul,5 stars,Nice one
239,pui mun siew,1 star,"Worst experience ever, will never visit again. Was sitting there for 20++min yet no one approach us the whole half an hour. Worse still, was standing in front of the reception the whole time since 8.01pm despite receptionist was on the …"
240,Hoài Thương Vũ Thị,5 stars,Amy mac.  take care very good
241,Soramon Somkanae (TH),5 stars,Amy was attentive and gave great service
242,J S,5 stars,"Food, place, atmosphere everything is perfect."
243,Melvin Wong,5 stars,"Great food, but special mention to Allan. He did a great job with his impeccable service and patience especially when dealing with a rather large group of people"
244,Steffi Thio,5 stars,Very pleasant dining experience.  Service was prompt and considerate.  Was served by Phan.
245,Angelo Bacolod,5 stars,Good service thank you very much
246,Annie Pang,4 stars,"They do have take-away too! Good food, cosy atmosphere and friendly staff.
Those prefer to dine quietly, they have private rooms too!"
247,Richard Lin,5 stars,Excellent food and service
248,Oli Oli,5 stars,"Ms.Yu -Ting,service is really good"
249,Linda Lau,5 stars,Delicious dishes and great service :)
250,Nixon Neoh,5 stars,Great service from Ron &amp; Yu Ting
251,Pitsanupol Sunanand,5 stars,Fine-dining experience that you should try at least once !
252,Tony Wang,5 stars,Yu Ting great waitress👍 …
253,Jinseok Kang,5 stars,Great
254,Peter Oh,4 stars,Excellent service and food recommendations.
255,M Wu,5 stars,"Excellent service, especially by Ron Goh!"
256,seetoh vian,5 stars,excellent service from amy mac
257,Olivier Perras,5 stars,"In hindsight, I would have gone to the Jumbo Seafood Riverside as it is less expensive. The chili crab was still really good."
258,Effendi Norwawi,5 stars,The food and service are 6 star..Phan who looked after us is superb!
259,PY S,5 stars,Amy service is excellent!
260,kenneth goh,5 stars,Newly opened restaurant with excellent service and elevation of the jumbo dining experience. …
261,Phil Jia,5 stars,Yu Ting is the best!
262,Ting Ting,5 stars,Very good service by Amy.
263,Gary Low,4 stars,Very classy place. Price also of a certain class that you need to be prepared to stomach.
264,김성연,5 stars,Amy Mac is very kind~
265,山本真司,5 stars,Amy Mac very good
266,patrick goh,5 stars,everything just nice.thanks for your accommodation.
267,이보미,5 stars,Very good place to eat cereal prawn!!!
268,Vanice,5 stars,Good service provided by Amy
269,Shalini Pavithran,5 stars,Excellent food and excellent service!
270,Yansen Yansen,5 stars,Fine dining.
271,Zhen Z,5 stars,Best Asian food at MBS!!
272,Suzie Shih,5 stars,Great service from Allen and Wenxin!
273,Clarence Ting,5 stars,"Special menu from other Jumbo outlets, exquisite and more private dining experience."
274,Ken Ken,5 stars,Lo hei not so nice
275,Lee Wei,5 stars,"Marvellous experience in food quality and presentation, service and ambience."
276,power pomax,5 stars,"Nice food, good service"
277,kenneth lee,1 star,Food is mediocre at best. Over priced and lousy service. Restuarant like this does not do justice to Singapore
278,Winnie Lim,5 stars,very good service！
279,Thanh Tran,5 stars,Amy is a nice staff
280,Nghia le huu,5 stars,AMY good
281,Joyce Chin sau Han,5 stars,Nice n warm place.  Every dishes they explain clearly.
282,Nongluck Chotevithayathanin,5 stars,AmY is a very good service.
283,JerryPhan (Su),1 star,They don't sever walk-in customers. Only reservations. The receptionist is also not friendly.
284,Daniel Ng,5 stars,Great ambience. Great service. Great food. Love this place.
285,Donna Gan,5 stars,Excellent food and service!
286,Phantida Pukpinyo,5 stars,Amy is very nice
287,Cherylene Felicia,5 stars,Everything here is good🥹🫶🏻 …
288,민하정,5 stars,Amy mac
289,punyawee patomkrositsathian,5 stars,Amy so nice
290,Chia Min,5 stars,Food is delicious.
291,Rick Seow,5 stars,Good quality is good.
292,Julyn Tan,5 stars,Amy service is excellent.
293,Gerard Roy Suresh Sharma,5 stars,Amazing food and service
294,AsanteSana2U,5 stars,Very nice food
295,Samuel Jaeho Shin,5 stars,Foods are awesome!
296,Philip Lee,5 stars,Fusion Food not the normal seafood restaurant.
297,soon yiwen,5 stars,Very good service
298,Pengyu Chen,5 stars,Exceptionally good!
299,Greg Ireland,5 stars,Delicious food.  Excellent service
300,yg byun,5 stars,AMY Very kind
301,Jae Won Kim,5 stars,Just perfect;)
302,赵文俊,5 stars,good
303,Kanan Hasanov,4 stars,Good quality food. Expensive
304,S Neo,5 stars,Excellent service with yummy food.
305,Paul Zeldin,4 stars,"Great garlic crabs, nice location"
306,E L KOH,5 stars,Excellent service provided by all service staffs
307,Chien-Yi Huang,5 stars,Great service!
308,Ashlinn Seo,1 star,Just don't waste your time....that's it.
309,Mike Sung,5 stars,fantastic food!
310,Y C,5 stars,Love the Chili crabs！
311,mitermayer reis,5 stars,Incredible experience
312,Anis Soomar,5 stars,Jumbo Signature is next level. Ok
313,박미경,5 stars,Good
314,Justin Chen,5 stars,Excellent!
315,Rishi Prachaseri,5 stars,Good quality and good service
316,Paul Jung,5 stars,good
317,Birdie Wu,5 stars,"I have never eaten here in Taiwan, so I thought this place is just like other restaurants. It turned out to be a high-end version of JUMBO😆. The food tastes delicious and has a layered taste. It has a taste that I have never tasted in …"
318,小善,5 stars,"The service is good, the location is good, the seafood is delicious, the presentation and taste are amazing! This time I ordered the set menu for SGD168/yuan per person, plus add whatever else you want. …"
319,Hieu nguyen huu,4 stars,"The restaurant is elegant and luxurious, the spicy crab dish is very delicious and worth enjoying, the other dishes probably don't suit my taste so they are a bit salty, worth experiencing when coming to Singapore."
320,Ted Hsu,5 stars,"This is my first time eating it. It is really delicious and the price is quite high.
Thank you YU TING for your excellent service throughout the process
Recommend a try"
321,Christine LU,5 stars,"The dining environment is very good and the service is high-end.
Ms. Nie Wenxin, who served us, was really considerate. She took the initiative to change the plates and served at the table. Even if I wanted a cold drink, she would change the cup for me. It was very considerate."
322,Robot Coraline,5 stars,"YU TING is kind and provides excellent service! We are both Taiwanese, meeting old friends in a foreign country, a great dining experience!"
323,디엑스디자인(dxsign),3 stars,"I visited Jumbo Signature because I was impressed by the Jumbo Seafood Riverside branch. Because it is located inside a shop, it boasts a clean interior. …"
324,Coco Chang,4 stars,"Thanks to my friend for showing me the way. This time I ordered the set menu for SGD168/yuan per person + SGD20 for dessert replacement = SGD188. Each meal is exquisite, the portion is just right, the taste is good, and the service is great. It is one of the good choices for dining in the Sands Hotel. 😊 …"
325,김병조,5 stars,"Be sure to make a reservation. I didn't make a reservation, but luckily there was a cancellation team and I was able to eat. The waiter said that if there wasn't a cancellation team, the wait would have been at least 2 hours. …"
326,Akemi Adorbs,5 stars,"Chili Crab🦀️Recommended🌸

Famous seafood restaurant in Singapore …"
327,이윤지,5 stars,"They were friendly and kept refilling toilet paper and wet tissues, and even refilled water for me, so I had a really comfortable time!!
Cereal shrimp is really delicious"
328,ぱん。,5 stars,"I made it a course. It was delicious! Dessert was the only thing that didn't suit me as a Japanese person, but everything else was delicious."
329,許華,5 stars,"The meals are delicious and the ingredients are fresh! The service staff are friendly and if you are the birthday girl, there will be a little surprise!"
330,ยุ้ย ขายดี,5 stars,"This shop is in Singapore. Today Yui ordered a set to get the price. If compared to the deliciousness, it is not expensive at all. The ingredients used are very fresh. Eat and melt in your mouth. Anyone who goes to Singapore, don't forget to stop by and eat at this restaurant❤️"
331,Huyền Trang Hồ,5 stars,"Delicious dishes.
Good service corresponding to the price.
This is Jumbo Signatures so the price of the food is also high. …"
332,alice park,4 stars,"It's more luxurious than a jumbo restaurant.
It's expensive, but the crabs are mostly filleted and cooked so you can eat them comfortably.
It's delicious"
333,Kathy Lu,5 stars,"YuTing’s service is very good, very friendly and considerate😊 …"
334,Cecelia,5 stars,"Alan and Wendy's service is very, very good! The meals are delicious too!"
335,XINXI JOY,5 stars,ms.amy mac was very good. she makes my feelings happy. thank you~
336,Younghun Kim,5 stars,"Made a reservation and visited on Friday at 5:30. Overall, the service provided was above expectations, and the food wasn't bad. I had shrimp as an appetizer and chili crab and fried rice as a main dish. The portions were plentiful and they …"
337,柚柚,5 stars,"Seating is limited to 2 hours, and whatever you eat is delicious💖
You can easily make a reservation online. …"
338,FRANCIS CHANG,5 stars,There is an intern waiter named Yu Ting who has a very good service attitude and the food is delicious. Thank you very much~
339,유다희,5 stars,"I happened to go in there, and the lunch course price was good, and most of all, the server was sensible and very friendly. The atmosphere was also nice, so I highly recommend it.
Thank you Amy!"
340,DK. KIM,5 stars,"The price was a little higher than that of stores in the city, but the size and yield of the chili crab were very good."
341,신진영,5 stars,"Two people ate chili crab and it was delicious and filling.
The staff was so friendly even though they don't speak English well.
I enjoyed the meal thanks to the good guidance!"
342,Hiệp Trần Trung,5 stars,Very good. Very delicious!
343,지윤,1 star,"The two of us went and ended up spending over 500,000 won.
I left almost all of it because I wasn’t feeling well.
I walked to my accommodation for an hour and took digestive medicine."
344,あi,5 stars,"Everything is delicious and the staff are attentive.
For some reason, there were a few times when my drink order was forgotten."
345,Emma Chang,5 stars,"Thank you yu ting for your meticulous service
Make enjoying delicious food a more attentive experience
A must visit in Singapore!"
346,penny lee,4 stars,"Price aside, everything is really delicious."
347,홍보람,5 stars,"It's really delicious and the service is very friendly!!
Yun? Anyway, thank you
Thanks u"
348,Choi Jeongeun,4 stars,"Everything is good, but expensive."
349,바닷가토끼,5 stars,"Chili crab was delicious
Be careful because you may spill more than you think.
There were about 1.5 to 2 servings each of chili crab and fried rice."
350,Hyunhee Lily,5 stars,"The atmosphere was really nice, the staff were friendly, the interior was clean and nice, and the food was delicious♡
Amy mac is the best!!"
351,jg gong,5 stars,"It's much easier to eat here, it's luxurious, and they have course meals. They serve the dog by carving it up."
352,李向昀,5 stars,"We walked into this restaurant without knowing it, thinking it was the same restaurant as Jumbo Seafood. Unexpectedly, it was a new brand of Jumbo. The waiter who introduced us happened to be Taiwanese, and he was very friendly and looked …"
353,JERRY CHOU,3 stars,"Hmm~ It’s better to go to our store. The branch in Jinsha wants to offer high-end French cuisine, but I think the service is not good enough (compared to the price), and without the treasure bib bag, it lacks that flavor!"
354,張小萍,5 stars,"What a delicious meal, very exquisite ^_^
Mr. Jiang’s service is very good😀 …"
355,Gloria LTLC,5 stars,"The environment is very good and the waiters are very attentive.
food is not bad"
356,YS CHOI,4 stars,Delicious food. Lively atmosphere. good service
357,신지헌,4 stars,"The price was expensive, but I think the atmosphere and taste were worth it."
358,CY H,1 star,"Update:
I did write an email that was listed below, and no reply at all😊 …"
359,김김재석,2 stars,"Service is good. But haha, the price is too expensive. It's a pity that even though it's expensive, the quality and taste are not good, but the quality and quantity are very small compared to the price. Two servings of beef were 80,000 won, and one Chili crab tong was 80,000 won."
360,Sangsoo Park,5 stars,The best in town. Highly recommended. Highly compliments Amy!
361,完美往后余生,5 stars,"This is my first time dining here. The waiter is very sweet and the food is exquisite. Even though it is so small, I feel full easily. Worth experiencing"
362,任麗萍,5 stars,"I am very surprised by the dining design of Jinsha Zhenbao Seafood Restaurant and the Chinese chef! The food, color and art are delicious and exquisite!
Service from the service staff team! and Nan shi Ni's service. Let guests …"
363,Raz li,5 stars,Amy Mac is pro! She is so nice! Its perfect! My nephew loves it!
364,Heekyoung Seo,5 stars,"The chili sauce is a little spicier, but it's friendlier, the service is better, and the crab is more substantial."
365,이도근,5 stars,I had a great time thanks to the kindness of AMY server.
366,Nickie Chong,5 stars,Very tasty!
367,hoe teoh,5 stars,"Very good, very happy. But thanks for pretending. Thank you Ron Goh."
368,weijun huang,5 stars,"Very good service, great attention to details, great taste"
369,Sweet Jem,5 stars,It’s the best with delicious food in a luxurious atmosphere!
370,제이(제이),5 stars,"I was hesitant because the score was so-so.
It's so delicious and good value for money.
For reference, I paid 66 Singapore dollars for lunch. …"
371,하우교육,5 stars,"Now, if you want to eat chilli crab in Singapore, this place seems to be the only place."
372,James大魔王,5 stars,"Recommended by a friend, very good! good service!"
373,Jingbang LIU,5 stars,Blue crab is good. The service was excellent.
374,陳弈蓁,5 stars,Friendly service staff
375,Liber Chen,5 stars,Very tasty
376,鶴田智之,5 stars,It was delicious.
377,王莉綺,5 stars,tasty
378,Steve HAN,5 stars,"Expensive but delicious.
It's clean, cool, and the service is very good."
379,정Rok,4 stars,Excellent except for the price
380,지누 튜브지누 티비,5 stars,Very delicious!
381,Teddy Teh,5 stars,Mee goreng 👍 …
382,吳嘉原,5 stars,Very good service
383,데포로쥬04,4 stars,Everything is good except the price is too expensive
384,sehyeok park,3 stars,Not my style.
385,kim Kim,5 stars,Delicious but expensive
