,Name,Rating,Review
0,sk sk,5 stars,"Went for weekday buffet lunch with my hubby yesterday at Town Restaurant. The ambience and atmosphere was superb.The staffs are great and so is the service.Has variety of options,Indian food too.The desserts and the live pasta station were …"
1,Patrick Min,5 stars,"The best buffet in Singapore!! All the dishes are top-notch, of the best quality, and use only the freshest ingredients. Thumbs up, and I highly recommend it to those who are visiting Singapore in the future."
2,jayden,5 stars,Amazed at the variety of food selection! I have been to many hotels breakfast buffet locally and globally but never had the amount of selection fullerton town restaurant has even for those 4 or 5 stars hotels also doesn't have this much …
3,Glen Keywood,5 stars,"Excellent Sunday brunch. Highly recommended. Such a varied spread, high quality Champagne on relentless free pour. I loved the Laksa station and the amazing lady that ran it. We left satisfied and can’t wait to come back"
4,lim chin tat,5 stars,Superb seafood dinner buffet. Very delicate and fine desserts spread - individually plated as well. Also has liquid nitrogen ice cream made on the spot. There is also option of egg yolk lava chocolate cake. The whole cakes selections is …
5,Bent Gonza,5 stars,"We recently had the pleasure of dining at the Town restaurant in Fullerton Hotel Singapore, and I must say it was an enjoyable experience. My partner and I dined in the AL Fresco area on a Friday evening, and we were fortunate enough to …"
6,Isaiah Khoo,5 stars,"Was here a few weeks ago. Fantastic food!! Lots of variety and quality. Loved the fresh sashimi and seafood on ice especially large scallops, although sadly there were no oysters or lobsters. The pulled beef was meltingly delicious. There …"
7,Agustino Alim,5 stars,"Tucked on the scenic Singapore River, Town offers a cozy haven for family lunches. Relax on the charming terrace and soak in the river views. Food is mild and delish, perfect for kids. Friendly staff and happy vibes make it a winning pick for a relaxed family feast."
8,Jo Ng,5 stars,I ordered medium rare beef steak with Fullerton Sling. Awesome combination. Some colleagues ordered laksa and lobster nasi lemak which are good choices too. But prepared for the steep price too.
9,Jenny May,3 stars,We popped into Town at The Fullerton Hotel for an afternoon glass of rose and a double cold macchiato (which came hot; they rectified it) and their signature chocolate cake to share. Staff were very polite and accommodating. Table was …
10,Jennifer Tay,5 stars,I was here for a New Year eve dinner with my family. Food was good as honestly I expect a certain standard from a hotel like this.. so it didn't disappoint. What warrants 5 stars was the excellent service of every staff. All of them were …
11,Angie Khoo,4 stars,Came here for the 1 for 1 under the MB promotion. The food is delicious 😋 yummy …
12,Geoff Holmes,5 stars,"Great buffet selection in a cafe overlooking the river and bridges
Sushi seafood and desserts are on the upper level, whilst the rest are on the main level. …"
13,Sky K,5 stars,"Ample space of parking space and if you are driving, remember to get the complimentary parking coupon from the staff. Staff are attentive to details and your needs. They will keep checking and once you look at them, they will walk over to …"
14,Afiqah Rashid,5 stars,"Great spread of seafood like boston lobster, snow crab. Really fresh!! And the chilli crab was so good. They gave us a complimentary juice as well. Really refreshing. And staff was very friendly and served us well. The salted egg choco cake …"
15,Vee Kwok,4 stars,"Went there for office early Christmas dinner, not bad with the arrangement and service. Servers we're super fast with refilling wine and champagne, not so much with clearing empty dishes... But understandable as those are extra earnings. …"
16,Monica Poh,5 stars,"Had a lovely lunch at Town Restaurant. Staff service were top notch and they were more than happy to help us take photos and change seats. When I commented that my serve of fish and chips did not come with a side serve of salad, they came …"
17,Joel Chow,4 stars,"Place serves a delightful lunch buffet spread of local Asian fare such as laksa to other international items. Staff service is excellent and attentive. Very good range of interesting pastries, cakes and desserts as well."
18,Wai Chan,4 stars,"First rime here for the Dinner Feast. It was a busy night and staffs are all busy serving others. However, the restaurant manager is very friendly and tried his best to attend to every table. He came and check on us occasionally to ensure …"
19,Daniel Sin,4 stars,"Buffet dinner at Town Restaurant and has a wide spread of selection that includes chilli crab, black pepper crab, crayfish, lobster, Alaskan crab and sashimi plus many other choices as well. The dessert spread is really good as well. Best of all is their service level is really good."
20,Sim Kylar,5 stars,"Lots of seafood!

From fresh sashimi to Boston lobster to bbq scallops, all are very yummy. …"
21,Hayden C,4 stars,I thought the spread was decent. Lobsters were fresh off the grill. Steak was a little too tough at medium temperature. I can see why people like the mix your own drink concept. Appreciate staff service to give me a new mask when I had some food stain on my original mask.
22,James Xie,1 star,Haven't been to this place for buffet for a while so decided to try the Sunday night dinner buffet. …
23,Vincent Luo,5 stars,"If you're looking for a luxurious dining experience, Town Restaurant at Fullerton Hotel Singapore might just be the place for you. My family and I visited during Chinese New Year, and we were blown away by their Champagne Brunch. …"
24,Shen Een Liew,5 stars,"Came for the seafood symphony buffet, scrumptious selection of food! Love it. Staff are friendly and ambiance is nice. Just that my table is a little dim. Otherwise hub and I enjoy max!"
25,Kendrick Wee,4 stars,The service was impeccable! Food needed to be ordered a la carte. Most items arrived promptly but the items that were missed out were quickly served upon notice. The truffle roast chicken soup was excellent. Sashimi platter was fresh. Cold …
26,JT YY,4 stars,"The 4 star is for the Food but Service is a definite strong 5 star.
Even though there were many customers, staff were fast in food preparation and delivery, attentive and pleasant service from entrance till the end. …"
27,G A,5 stars,"The best hotel buffet in town! Since it is the best, it comes with a price. They have a huge selectiom of dishes. Dress code is casual only. You won’t be pressured to dress up. Lol i think that is good coz you won’t need to go here to party. You will go here to eat! So you must be comfortable!"
28,Sean,4 stars,"Good breakfast , the coffee was decent , food was fresh. Only downside was the sausages were the cheap Asian style not real sausages.
Staff were all very friendly and made us all feel welcome. …"
29,Irvin Chong,5 stars,Nice selection of food for lunch on a Friday and not too excessive. Good atmosphere to bring the whole family for meals.
30,Matt C,5 stars,"Very nice buffet restaurant for lunch - has something for every food lover from seafood to meat and veg. Great desserts too!
Very good friendly polite service from the team"
31,Joshua Hoe,3 stars,"Went for the Brimming Buffet Dinner. For a price of nearly $100/pax, you would expect a more lavish menu for example, oysters (which they didn't serve). …"
32,Alice Chua,5 stars,"This is the second time I'm here.. my partner brought me here for their Valentine's Day celebration. For a buffet restaurant, I have to say they put in a lot of effort in creating the romantic atmosphere.. the amount we paid for the …"
33,Nathaniel Chew,5 stars,"We made a reservation for the festive dinner buffet and had a great experience! The a la carte ordering was smooth, there's an online form you can access on your phone, and the service staff are also happy to take your orders in person. …"
34,Helpful Tany,2 stars,"Had my first time at Town Restaurant in The Fullerton Hotel, joining friends for a festive gathering. We picked the place for a credit card deal. The setting was fancy, but my thoughts on the experience are a bit mixed. …"
35,Miao,4 stars,Was here for staycation and we went for buffet dinner on a Thursday! There’s 15% for POSB credit card! The seafood platter was really worth it. Overall I’m satisfied with the food. Some are just so so thou. But indeed worth the $$. I top up …
36,Natalie Fan,5 stars,Came for dinner buffet a la carte on Thursday night with HSBC $100 nett for 2 offer. Menu was pretty extensive but would have wished that they provide oysters for the seafood platter. Overall food is good and staff is extremely friendly and …
37,kaveh varasteh nejad,5 stars,"One of the best buffet restaurants I’ve ever been. Great food, kind and helpful staff, amazing design and delicious food."
38,Marina Bhandari,5 stars,"Really enjoyed our Sunday brunch. Free flow alcohol and non-alcoholic options available. Gluten free/ special dietary requirements options available too. The variety and quality are exceptionally good. It's a buffet style dining, but delivered to your table. Fantastic experience"
39,Jun-Ichi Sakabe,4 stars,"I went to there on Friday night to celebrate my friend BD. The staffs were very friendly. We could really enjoy BD dinner and they kindly prepared BD cake. The cost of the meal is 69++ SGD/adult on Friday. You can have the good foods. But, …"
40,Darren,5 stars,Came here for a birthday dinner on a weekday. Booked via Chope and there was a promotion where 1 dines free for every 4 adults. Decent selection of food for an international buffet and a nice view of the Singapore River. There was also a …
41,Chee Wan Lim,5 stars,"Hotel Breakfast - a la carte style
Reasonable selections of main dish and allow you to order more …"
42,Arezoo Gh,5 stars,One of the best buffets I’ve ever tried. Staffs are so friendly and kind. Thanks for everything
43,Jurgen Chrustowski,5 stars,"Five stars to match the hotel! The Fullerton's 'Town' restaurant is spectacular in every way - location, service and oh, the food. And a couple of nights per week it's the iconic seafood buffet - can't describe it here, just go ahead and book. Now!"
44,Edrie Boomz,5 stars,"Nice buffet breakfast. Unlimited orders which will be served to you.

I would recommend the Nasi lemak but do ask for more sambal! The chicken was …"
45,Lynn Chua,1 star,Went for the festive buffet dinner and the food was a let down . Poultry items like beef ribs &amp; sweet &amp; sour pork were tough and hard to chew. Mushroom soup was super salty . The rest of the choices such as the Peranakan sections looks …
46,WS,2 stars,"The food was quite meh and limited choices - be careful because they had a dedicated Christmas menu (only on Christmas and Christmas Eve), so don’t see the wrong menu"
47,Cassie (Cassakating),4 stars,Feast on an extensive selection of Christmas and international flavours at Town Restaurant. From traditional whole roasted turkey and champagne ham to roasted turkey penyet for a touch of local! …
48,Lily T,4 stars,"Good service and staff ensures safe distancing SOP is strictly abided by patrons. We had fruits, curry chicken with roti prata, salads and sunny side up eggs with chicken chipolata for breakfast during our staycation."
49,Mark Tho,3 stars,"Service is really good and all employees are very well trained.

Breakfast aka carte buffet - a few selections to choose from and you can …"
50,Shilpa TM,5 stars,"Scrumptious!!! Delicious food with excellent ambience... Added plus is, it has beautiful view as it is situated right next to Singapore river... it has many vegetarian option as well... Pleasing service,friendly staff..won't regret every penny spent!!"
51,Jackie,2 stars,Stayed in the hotel and had the breakfast at town restaurant. There wasn’t much variety and taste was sub par. The best tasting dish is the Singapore Laksa and fruits were fresh. Prata was a disappointment.
52,Audrey Chong,2 stars,"Not enough variety and slow service. Took 30min to bill us as they got our bill wrong twice.
Cheap local cuisine of hainanese chicken, roasted duck and laksa which is a $3 …"
53,Joel,4 stars,"Laksa broth is thick and fulfulling. Roti prata is crispy, would be happier with fish curry instead of bean curry. Nasi lemak- chilli is okay and not spicy, no issue with that. My issue is the fried chicken - it is a normal fried chicken …"
54,Robin Yap,5 stars,I like to comment all  your  service staff especially  Miss Cherry Kim from South Korea . She is such an attentive staff. She will an asset to Fullerton.  Please send our warmest thanks for her good service when my wife and l dined  at the Town on 5th Nov
55,Salman Jaffer,4 stars,We had the brunch today at Town restaurant and wanted to commend your service staff at table 36 for their high quality and attention&nbsp;to detail. …
56,Alfee Zulkiflee,5 stars,My birthday dinner was amazing. The food and service was wonderful. Lua and Raymond was very helpful to tell us that there is pork and alcohol in our orders and we manage to change it before it was made. Really appreciate it. Well done 👍🏼 …
57,Jane Ella,4 stars,Service 10/10! Came here for the Sunday brunch. Food 6/10 especially the duck leg and seabass were super dry and over cooked. Everything else was nice.
58,Mario Turcarelli,4 stars,"A great dinner experience at the Town Restaurant at the Fullerton hotel.
Plenty of great high quality food , and freshly BBQ'd lobsters were fantastic."
59,lim fedric (Mil Cirdef),3 stars,"We were there for the Seafood symphony buffet. Really a seafood theme!!!
But! No oyster for this seafood buffet, fainted liao...
clams sashimi only appeared once, and chefs nv replenish again... …"
60,Jules M,4 stars,"Lovely festive buffet with so much choice! The atmosphere was quite Christmassy and the decorations thought out the publics areas of the hotel are fabulous, as always.
Excellent value for money"
61,Irene Y,1 star,"Unpleasant experience dining here today noon. We were not told that we couldn't have ala carte when we made the online reservation. Upon arrival, after telling us no ala carte allowed today, we asked about credit card offers for buffet …"
62,Daniel V Jensen,5 stars,"Food was delicious, dessert was delicious and drinks was delicious. This is just a paradise for every one who loves food or to start up the day with
some extra extra nice treats. Its expensive but a nice experience in beautiful surroundings."
63,Kean Choong,5 stars,"Food is good, price is adequate, however the service staff is not very attentive, perhaps is during dinner buffet time and under staff. Staff is friendly"
64,Lady J,5 stars,"Friendly staff, fantastic local food."
65,Din Neo,5 stars,"Beautiful ambience. Breakfast was great. Staffs were friendly, helpful, courteous and attentive."
66,Dan,2 stars,Service wasn't good. Had breakfast here and overall food quality was average. The laksa broth was good and the best dish amongst everything. Nasi lemak rice was fragrant but the side dish of shrimps weren't fresh and chicken was so-so. Prata was rock hard solid and the vegetable curry wasn't good at all.
67,Vicissitude24,5 stars,We came to celebrate the birthday of my brother in law (yey! freecake and picture). Good place to have dinner. Although food choices are limited the preparation is definitely done well. We enjoyed the good music and ambiance. Staff service …
68,Daniel New,4 stars,Variety and quality of food is decent. Sashimi and the chilled seafood were fresh. Hot dishes had hits and misses. The crispy pork has a nice crackling
69,Lixin Zhuo,5 stars,Very attentive team... food is nice and fresh.... we were there to celebrate bday and they gave us not just a piece of complementary bday cake... they oso made a gift card with our photo on the spot... very nice gesture!
70,N Shu,5 stars,"Came here for dinner ala carte buffet, service was excellent by all the staff especially Abigael and Lalikumar. Celebrated birthday here and they provided a birthday cake and also printed photos for us to keep. Food choice is limited but quality is great, though waiting time could be quite long."
71,jo lim,2 stars,"Take the outdoor seats. Scenery is beautiful. With the cool breeze of the evening, it makes paying $85/ pax for the underwhelming food worth it. Service was also good. Just really unfortunate to experience the poor food quality. Oh wells."
72,KG,3 stars,"Aiyah, don’t use ready-to-eat chicken wings that we can airfry ourselves at home la.... $31 Nasi goreng tastes like $9 🤔 …"
73,aindrila karmakar,5 stars,"what a pleasant experience it was .hospitality,food quality nd quantity,variety nd ofcourse d ambience"
74,Bryan Tse,3 stars,"Good Buffet except for this free lobster which is very bad. Awkward smell and appears to have been freeze for a long long time.
Each person has a half piece and we told them to take away the rest after trying 1 piece."
75,Wendy C,3 stars,"Good service. Tried,  laksa, Indian &amp; Japanese ala carte while most diners went for the buffet dinner."
76,Amelia Tan,3 stars,"Had the Seafood Symphony buffet. Service and atmosphere was good, one of the few buffet restaurant with a view of the outside. View of the Singapore River was great, can people watch if you get one of the seats near the windows. …"
77,Jo,2 stars,It’s called seafood symphony but the seafood wasn’t fresh. Lobsters are rubbery and sashimi is stale. The sushi rice was cold and not moist. Yellowfin tuna which I thought the selling point of the night but it’s a total disappointment. The …
78,Francis Foo,5 stars,"Good spread of buffet with the view of Singapore River. The hotel is coverted from the old English colonial general post office centre.
The feeling of old English colonial buffet by the Singapore river"
79,Margaret Ang,3 stars,High-end hawker food for the ambience. Food has depreciated from last time when we were here sadly.. rather over power flavours
80,Suri Balu,5 stars,This restaurant was amazing there buffet was so big that you could get lost in there. They had a seafood section with maki rolls and lobster and crab and they had a pizza and Italian section and a Asian section and a dessert section. The …
81,Thomas White,3 stars,Nice spread but somewhat limited for vegetarians and not great value relatively speaking. Manager arranged a veggie burger which was a nice touch.
82,Rahsiame,5 stars,"Very pleased to say that the brunch is back to the standard I remember before Covid days. It was disappointing right after reopening and I had promised not to go back but I am very glad I did. The usual choices of seafood, meats, local …"
83,ET 3647 (Gadget Geek),4 stars,"The service was good. The ambiance was nice. The dishes we enjoyed were the Alaskan king crab, manilla clams, sashimi, seared foie gras, lobster thermidor, salad, the dessert trolley"
84,Warren Beachell,5 stars,"On holiday in Singapore and as i was having my birthday here  decided to book the Champagne Brunch that I heard so much about.
Did not disappoint. Food is amazing that there's just too much to mention. I …"
85,Matthew Gudenius,1 star,"Really overpriced and fairly mediocre. Part of the reason I booked at the Fullerton was to have an easy evening where we didn't have to leave the hotel at all for the last night of our vacation. The room was expensive, but it came with a …"
86,Grace Png,2 stars,"Went for the sunday brunch buffet and left disappointed.

The highlight was supposed to be the alaskan king crabs. However, they split the …"
87,Oliver Paxman,5 stars,There's plenty of fancy brunches in Singapore.  But the brunch at The Fullerton is king of them all.
88,Herman The,4 stars,"The high tea was good as they serve local food like laksa, prata, kue tutu, mie rebus, and many more. The taste is not very special but good enough with reasonable price and good location."
89,SonZ Kext,5 stars,First experience，so beautiful and look nice
90,Bella C.,5 stars,Food was amazing and we have a lot of food that we enjoyed and love....burp satisfied food eater here❤️🥰 …
91,Keqin Tu,4 stars,"Very nice place to dine in with outdoor breeze, but the food menu focusing local dishes"
92,SMJ Nishie,5 stars,Good food and well trained helpful staffs.
93,Diane Athenaee Magat,5 stars,Love it. Nice food. Nice people.
94,Peter Rock Steady,5 stars,Good spread of international breakfast food fare
95,Chong Chieh Yap,4 stars,Nice ambience for family dinner. Buffet spread is decent. Good service by the waiters who are very polite and obliging.
96,M Ang,5 stars,Came for buffet breakfast that came with the room stay. Great food loved the nasi lemak.
97,Josh Truong,3 stars,"For $118 Singapore dollar buffet, we should not coming back multiple times after being told to come back in 10 minutes to get grilled small lobsters that is not fresh, I meant I could not finish the small lobster and I could see that many other customers at other table are doing the same (not finish the almost rotten lobster)"
98,Karl Tan,2 stars,"Was there for mother's day dinner. It was 118++ per pax. The food quality is poor to say the least. Great variety of food, taste is ok, but freshness is grossly lacking. Very disappointing for a high end buffet."
99,Sini Tan,2 stars,"The spread was little and it is different from the menu I read on their website for seafood night. I do understand that menu are subjected to change but at least not lesser food items but should be replacements instead. No king crabs, no cheese lobsters , no japanese soba stations. They don't replenish as often too."
100,freckle stories,4 stars,Great buffet selections and friendly service.
101,Mohshin Aziz,1 star,"I had steak, and fish &amp; chips.

Both were horrible, even hawker centers provide with better quality food. The …"
102,Pm Lim,2 stars,"6 stars service, 2 stars food quality!!

Your wonderful team of staff made up to the poor quality of buffet experience, …"
103,Joanne,2 stars,Had early Christmas dinner with my group of buddies yesterday and feeling rather disappointed with the food and service. …
104,Josh & Lwin,5 stars,We went there for buffet dinner to celebrate our Anniversary and early Christmas on 17th Dec .Very good service and staffs are very helpful . Food is good and I love the bbq lobster and braised beef cheek especially. Must try and I would …
105,Janice Choong,5 stars,"As always, their food are fantastic and their services are beyond the ordinary."
106,SHARON Low,1 star,"It was a bad choice for a company xmas dinner with a group of 11 people. A disappointing buffet spread, food variety was limited roast station no service staff. Concierge were v unfriendly when we ask for help to take group photo he never smile at all yet took very lousy shot. Why a five star hotel turn out to be so disappointing"
107,cecelia maria,4 stars,"Overall experienced tonight's dinner was so good , good service , friendly staffs food choices are average but went back so full 😋👍 …"
108,Aniruddha Joshi,3 stars,The Town Restaurant continues to be a popular venue for Sunday brunch. The restaurant was almost full when we visited on a Sunday recently. …
109,Phil Royle,4 stars,"We booked this restaurant because it was based at our Hotel and it was a seafood restaurant. Clearly they were short of staff, we tried calling them with no success, the concierge tried with no success and eventually then walked us to the …"
110,Jing Yu Teo,5 stars,"Had their Sunday brunch with husband to celebrate my birthday. Service was good as all the staff were very friendly and attentive. They kept checking on us, and a lady even offered us a roast platter when the lamb dish took longer than …"
111,Rajesh Dhillon,5 stars,Excellent service and awesome food. The staff at Town Restruant go the extra mile and miles to make sure you are well taken care of . This was such an amazing experience . …
112,Alex Tan,4 stars,Good local dishes. Service acceptably good.
113,L. Tan,3 stars,"Service was good but the food selection and quality was quite underwhelming for lunch buffet. There was local fare, some cold foods, prawns, raw scallops, salad buffet and local desserts with ice cream. I felt the dessert spread have more variety."
114,Lakshmangirri Selvanayagam,1 star,"This used to be an excellent restaurant, even when the buffet was served ala carte style. However, since the recent introduction of the BBQ dinner, the only decent things are the sashimi and the dessert, two items which certainly do not …"
115,Alex Che,1 star,Horrible experience at Town Restaurant for a dinner buffet. The service level definitely needs tons of improvement. …
116,Connie Leong,5 stars,Service is good  only an hour slots for breakfast buffet
117,"Chris J. ""Mohawk"" Reed",5 stars,"Excellent champagne brunch back to almost it's best!

Great service and cocktails and the food was fantastic if a little less choice …"
118,Richard Fahy,3 stars,"Used to go to Sunday brunch regularly before the pandemic, visited again yesterday. Unfortunately, the standard has dropped: …"
119,Jingle,1 star,"We’ve always had very good experience at their buffets but last night was spectacularly bad.  Selection was dramatically poorer and food was cold.  I cannot emphasise enough how much poorer the selection has become, and for $117++ you will walk out feeling completely fleeced.  We will never return and I strongly urge you to reconsider."
120,Gracia wong,1 star,No oyster for night dinner buffet! So disappointed. The post shows there is crab and more stuff but end up going there eat white chicken and food that I can get from hawker LOL
121,Camille Swee,4 stars,"We had our dinner feast on Friday to celebrate my husband's birthday.
Fullerton club members can enjoy 25% discount on our bill.
Their service is absolutely good. They still helped us to take a photo for …"
122,Ian Heng,5 stars,Great food along with excellent service!
123,Chris Bloor,2 stars,Half full today because it’s half as good as it used to be. Attention to detail has been lost along the way. So sad it was the king of brunch now it’s a pale imitation of the grandeur of the past but the prices are full bore. The occupancy level should tell you that you have not kept up with the competition.
124,hw wong,5 stars,"Came here for the boxing day buffet. Almost every dish was exquisite, especially the pig trotter and truffle angel hair. The local delights were fantastic. We were served by Lalikumar and he was so attentive and obliging, very well trained and professional. Great restaurant, checkout my other reviews I almost never give five star"
125,Shawn Tong,4 stars,"Had the weekend differ buffet. While the food is not very impressive, the serve staff provided good service, esp. Auntie Rose.
They do provide salmon sashimi if you do not like other items on the sashimi …"
126,Callister Voy,3 stars,"Slightly underwhelming for me, I could think of better places for that price range. It was still a nice experience, I won't be back for seconds though."
127,Petite brush,4 stars,Breakfast was so full for me untill the evening 🤣 …
128,Vivien Foo,1 star,"We wanted to have a nice Xmas dinner. Realised the outdoors was too humid and uncomfortable for the kids and requested for indoor seating many times. No one came back to us on the request. Food was so subpar, very disappointing. Food that …"
129,K Lee,1 star,"We ordered the local food. It was a big mistake. The chef here would never be able to compete with the 煮炒chef.
No wok hei for the Hor Fun (were told wok hei is good); Fried Hokkien mee was …"
130,chloe jays,1 star,"Choice of food is pathetic. Cooked food is mostly  Indian food, hainanese chicken, roasted chicken, chicken tikka ,brocolli mushrooms , otah otah,  steamed slices fish. Very very limited.  What I'm having for the buffet dinner is totally …"
131,Jesinta G,5 stars,My partner and I arrived at the restaurant very late (around closing time) due to a flight delay. Host at the entrance was very helpful and waiters were courteous. The service was top-notch. …
132,gabby tan,1 star,"If not that I need to click one star to comment, the buffet is not even worth this star. We were looking forward to enjoy our buffet at Fullerton. This must have been the worst that we had been. The food quality is not there. The supply of …"
133,Priscilla Chiang,5 stars,"My husband and I stayed at Fullerton Hotel in March and enjoyed Town Restaurant a whole lot! We went there for the Sunday Champagne Brunch and were so well-taken by the staff led by the Manager, Mr Irman. The moment we entered the …"
134,dtan x,5 stars,"Food quality is good, worth the price.
Recommend for diners that likes local dishes.
Not much variety for desserts and was rather disappointing.
Food is served thru a qr code ordering system and servers were very friendly."
135,LIM LISA,1 star,"Please avoid this! There are better choice out there!
The food quality is so bad! So disappointed! So unsatisfied! …"
136,George Kontogouris,4 stars,Did not had the chance to dine but the atmosphere was nice
137,Et,3 stars,"Fast and great service especially from Aunty Wendy Eng. Caring and very friendly. The ambience of restaurant is very pleasant as well. But was quite dissapointing for the quality of food. Fried chicken and beer battered fish was soggy, …"
138,Francis WK Tan,5 stars,"The week day Thursday evening buffet was enjoyable with adequate variety of foods even on a slow night. The staff are courteous and clear our used plates quickly. I like the beef rending, spare ribs and laksa. Did not eat the chicken rice as I had too much of cook vegetables which was too delicious to avoid."
139,Shayne Mathews,5 stars,We recently hosted a 25 people event during their Saturday brunch. The service was spectacular right from when we first spoke to them about organising it all the way to the actual event. They helped us cater to some dietary preferences as well. Highly recommended. Good service is not very common in Singapore and hence highly valued.
140,Eugene Tan,5 stars,"Had breakfast while staycation in the hotel.

Excellent service by the restaurant team. Especially to the staff for the …"
141,Michelle Pooley,1 star,We have been regular customers for several years. Your sunday brunch was second to none. Until June.  For some reason you took the oysters and the seared scallops off. We were hoping that they would be back on the pass today.  They weren't. …
142,sean whittaker,5 stars,"Our dinner at The Town Restaurant in the Fullerton was fantastic!  First off the buffet that night offered a large variety from pizza/Italian, to seafood, Asian dishes, a wide variety of breads/cheeses, ham/roast beef, dessert and much …"
143,B. Tiong,5 stars,Best place for fresh seafood
144,lisa ang,3 stars,"Very good experience as the waiters are friendly and quick to clear plates from our table.
Very nice ambience with great view. …"
145,JH LIN,2 stars,"I am back after 1 year for Sat high tea. Service is top notch, but oh no everything is dragged by the poor food quality and taste. Food varieties have dropped as well with no more pohpiah and kuey pie tee. The other food options are just …"
146,Dr.Ken Mansukhani,5 stars,A remarkable place to be in with family for great food for any special occassion. The restaurant truly has the nicest people running the show for our Fullerton Hotel bosses and it has to be said i have not seen better service than this …
147,Lin Lin Li,5 stars,Good good and environment for you enjoy a romantic buffet dinner.
148,WhmW Lee,1 star,"Totally disappointed with the poor food quality on
Brimming Buffet Dinner @ Town Restaurant
The hawker dishes that they offered are no standard and worst than any hawker …"
149,EL,4 stars,"Average. Food selection was a little bit of a let-down as choices were limited. Sashimi was good and fresh. Laksa has a nice, strong flavour. Chicken rice is ok enough for foreigners I guess. There were prawns, crab, mussels and scallops …"
150,Srinivas Reddy,3 stars,"Went on a Wed night for the buffet.  Great service staff.  Attentive without being intrusive.  Food wise..enjoyed the fresh sashimi....other than that...  ordinary spread...  largely local fare...no oyster, cheese spread was limited...  Doubt I will go back again...  at least not for buffet dinner on a weeknight"
151,Yao Guang,1 star,"Went for ala carte dinner on 13Nov2021.  Service was good.  Food tasted abit on the bland side.  Had been to many similar establishments and these places usually serve bread and butter as a starter.  But unfortunately, they do not serve it …"
152,Melissa Lee,5 stars,"We ate some a la carte and buffet. Really really nice food, I already fell in love. The staffs were very kindly and attentive, especially Lucia, Jiahui. Would definitely come back.We came for the Sunday Brunch and the food was delicious, so …"
153,Orlan Pascual,2 stars,"No crabs, no oyster, no roasted beef or pork, sashimi not fresh, staff not refilling food need to request many times...food not great overall."
154,Irving HWC,1 star,Poor experience for the price (SGD 120 / person) for its lunch buffet options. The food selection was poor (no osyters at its seafood bar and subpar food quality) and the seating arrangement was at best discriminatory against a specific …
155,Dominic Baptist,4 stars,"Had their hotel breakfast as well as dinner at the restaurant.  They have a good spread of local and western dishes for breakfast like roti prata, pancakes, and nasi lemak. The dinner spread was also decent. The energy and friendliness of the staff was amazing from morning all the way to the last dinner."
156,Choon Seng Tan,2 stars,"Ordered the $49 lobster nasi lemak. Didn’t have high expectations but was very disappointed. At that type of price, I would have thought that it would at least be fresh. To my disappointment, the lobster was not fresh. Even the cloth used …"
157,Stephen Su,4 stars,"Not so crowded on weekday nights, making a very enjoyable dining experience. Staffs are friendly and helpful. Go for the lobster nasi lemak and you won't be wrong."
158,c,2 stars,"A big thank you to Ms Mei, Wendy and Sherlyn for their good service. Mr Lalikumar however, was rude and unprofessional. When I told him I was prepared to wait for any available staff to take our orders in person - my mobile's battery level …"
159,david loman,2 stars,This was always a “must go to” Sunday Brunch until they stopped offering oysters. There was no longer a reason to pay $110++ for their brunch. There are many better places in Singapore.
160,Jyllian Lu,4 stars,"Suggest sitting outside, where the satay is and where the view is amazing."
161,CheeWai Lum,5 stars,"Good service, good selection of foods!"
162,Anson Oh,1 star,"By far the worst buffet I had in my whole life. Would have given them negative 10 stars if possible. Totally not recommended at all. More than $100 per pax for such shockingly bad quality food, even hawker centre has better chicken rice."
163,BZZ,2 stars,"When I made the buffet dinner reservation, I was told it would be a Japanese buffet. Wow pleasant surprise and 1-for-1 with StanChart credit card. I was expecting no less than KuishinBo as this is afteralll a 5-star hotel. …"
164,Noclaf,3 stars,"Food quality was good for the Dinner Buffet.
However, very disappointing service for a 5 star Hotel. I had to wait 30mins and multiple reminders before I get the 8 forks and side plates that I asked for."
165,Adnan Wahed,5 stars,The food and the service is still very good. Went there after 10 years and really enjoyed our time.
166,Olivia Ng,1 star,"The buffet is horrible!!! Don’t ever go there!
Buffet serve mapo tofu and different kinds of fried rice 🙄 and sashimi not fresh. Not even one star want to give for it!! …"
167,Tok LH,3 stars,"The BBQ foods is cold, not warm bad taste.
The noodles tasteless.
Roasted ducks,  Durian ice cream ,and chilli crabs taste good.
Service was good too."
168,HH Lee,3 stars,"The theme buffet dinner we had was Balinese food. There were authentic Balinese dishes e.g. babi guling (suckling pig), satay etc. Other food selection include roast meat, chicken rice, salad, pasta, sashimi and etc. For drinker, there is …"
169,SL Lai,5 stars,Lovely festive ambience. Great variety of dishes including x'mas turkey cuts and champagn ham. Awesome spread of desserts... Pleasant and attentive staff certainly makes our day!
170,Max Collins,3 stars,"I Like this place. I have been going there for a few years now with colleagues who are about  conversation. The Fullerton look after us no matter what country the current staff crew come from! The good quality goes up and down, some months the rating would have been higher :-)."
171,Amol Oberoi,3 stars,Staff is very courteous and attentive. Very less food options in the menu. Mainly asian food. Breakfast options are very limited. Ambience is average. Hight tea is very good.
172,Jacqueline L,5 stars,Lovely food  lovely staff really made my dad's birthday special with surprise cake and photo to keep
173,Rita,5 stars,The atmosphere was perfect. I had a wonderful time with friends and family. The food was abundant and great. I am definitely looking forward to going there again.
174,Jie Bo Ti,4 stars,"Chose to go for the seafood buffet so I haven't had the chance to try their BBQ selections. As for the seafood buffet, it's pretty much what you'll expect from such international buffet. So the difference really in the other foods which were really slightly disappointing."
175,BR Wong,2 stars,I went to restaurant on 31st January 2020 4pm to inquire about visa infinite card discount at the restaurant because no one at the rest of the hotel seems to know. The woman manager standing at the restaurant reception seem afraid that I …
176,Alexis S Lopez,5 stars,"Buffet dinner was great.  Good selection of local, western food.
Nice ambiance and wonderful staff. Will definately go again."
177,VT,4 stars,"The buffet variety and quality are not that great, just above average. However, service is exceptional. Good sitting arrangement outdoor (next to river) and indoor."
178,JLCBBA,5 stars,Fantastic buffet to stock up on proteins &amp; veggies. Great for keto diet. Easy to pick and choice. Awesome ensemble of local desserts.
179,alison koh,3 stars,Just the average hotel buffet restaurant. Decent but not memorable spread. Service-wise seemed a little understaffed when I was there for lunch. Had to wait for a while before someone shows up at some of the manned counters.
180,John Wang,5 stars,Was there for my wife's birthday. The staffs were friendly and the service was excellent. I enjoyed all of the food they served in the buffet.
181,Rachel Ng,5 stars,Excellent service and my family thoroughly enjoyed the food and the ambience. The truffle angel hair is such a delight.  A must try!
182,KS T,5 stars,Excellent service and excellent value with one for one
183,Yan,5 stars,Nice ambience. International buffet with lots variety to taste. I like their desserts.
184,Lance Soon,5 stars,Great food. Nice international buffet spread.
185,Waang,2 stars,Read online this place serves the best club sandwich in Singapore. Hell no. The club sandwich is whack. It is NOT good at all. Waste of time and money
186,Adel INe,3 stars,"Was hoping the foods will be good. My friend &amp; I were disappointed. It's not as good as we thought. Well, the staffs are quite friendly and nice after all."
187,M R,1 star,"Terrible food quality. Never going back. We did the ala-carte breakfast and within an hour got severe food poisoning. The overall quality of food , freshness is appalling. AVOID"
188,Albert Chang,1 star,We have too high expectations for rhe seafood buffet in their hotel.
189,Angela Tan,5 stars,"Really enjoyed my meal at Town Restaurant. Excellent service by service crew, highly recommended if you are planning to pamper yourself with awesome customer service!"
190,Mark Barden,2 stars,"I hate to say it but the food was very very poor for the class of the Fullerton hotel. The hotel is wonderful, the staff is friendly, the veuve cliquot champagne is great, but the food is pretty bad."
191,Mollie T,1 star,Tried to call a couple of times and no one ever picked up the phone each time…. Decided to go with other restaurants.
192,Audrey Chua,4 stars,1st visit to Town Restaurant.  Food was good. Staff were very helpful &amp; friendly. Love the beautiful ambience. Will defintely be back again !
193,Perrine,1 star,"Food and service both not good.
Only the environment is nice."
194,Kim,3 stars,"😋Decent buffet.
•Definitely gotta try the chicken rice.
•Reckon the quality of oysters can be better..
•Well.. it is best located. Heritage.. Fullerton Hotel …"
195,Joshua Koh,3 stars,Liked the noodles and lor bak. But the roast meat is nothing to crow about. Soup is good also - must try.
196,Jes Choo,4 stars,Service was good n buffet was ok.. n their chicken rice was nice... but their laksa was not fragrant enuf n didnt hv enuf coconut milk too.
197,Wong Su Win,5 stars,I enjoyed my ala carte buffet dinner here...angel hair pasta with small sakura ebi on top beats the rest of the dishes...don't know if I can just order one main...haha 😄 …
198,Chinab Chugh,5 stars,Dinner was great although some dishes were a miss. But overall the friendly service from Wei Lun made it a 5 stars.
199,Jiamin Lim,4 stars,"Food is average for this level of hotel standard, but restaurant manager Wayne made our experience really enjoyable! We will come back for Wayne :)"
200,Thangadurai Kaliannan,4 stars,"It was good, but not so great."
201,c.m lam,3 stars,Buffet.. Good but not fantastic..scenic great.
202,Paul Stemp,4 stars,Good selection but you would expect from a hotel like the Fullerton the pork sausages would be much better quality and they would also have back bacon saying all that the service was first class.
203,Abby the Jack - Her family and their pet beagle,1 star,Lack of staff and many dishes ordered didn’t appear. I used to love this place …. But it’s a far cry now
204,Dash Badcock,5 stars,Champagne buffet is one of the best in Singapore. Unreal cheese selection and an awesome kid's playroom
205,Yoke Tan,3 stars,Pricey.  Food not great. Ambience of outdoor seating pretty good.
206,Bee Hunter,5 stars,"Vote for the beef cheek, the service is excellent! We will def come back."
207,Joanne Tan,5 stars,Love the grilled lobster but a little disappointing that theres no sushi.
208,王喬誼（Wang chiao yi）,5 stars,"Services nice, food nice,nice choice during valentine's."
209,Jervis Wang,1 star,"Many choices for the international buffet dinner, but not tasting good overall. I would not recommend you to visit this place for meal."
210,Ian Tay,4 stars,Laksa is very good. The view is also nice. Wide selection of local dishes.
211,TF,5 stars,Had breakfast here during our stay. Shoutout to Abigail who delightfully served us and make our time here a pleasant one!
212,chamira lahiru,1 star,"Please avoid this! There are better choice out there!
The food quality is so bad! So disappointed! So unsatisfied! There is not much options available and not value for the money."
213,Sunny Foong,1 star,Food is lousy Some food are not fresh.  Like prawns and crabs.
214,Tony Wiffen,5 stars,"always come here for their champagne brunch when visiting Singapore, never disappointed! Recommended"
215,Victoria Yee,2 stars,Opens at 7am which is rather late for hotel breakfast….. not flexible to let guests in when setups are being done
216,Stanley suganthiran,1 star,Very disappointing service. Drink request was served slow .did not top up buffet meal.. selection of food choices was poor.
217,Richard,5 stars,Nice food and nice staff
218,Rishi Marwah,5 stars,Excellent food and service. Yes you pay $$$ but you get an excellent experience
219,Meowish Yun,4 stars,Part of staycation - morning breakfast. Have quite  a few choices for vegetarian and vegan sets.
220,Loganathan Ramachandra,5 stars,"Awesome ambience, superb service staff... Good food, limited variety though"
221,Smart Traveller,4 stars,Buffet is nice
222,nick ancona,5 stars,Excellent food - free flowing drinks - excellent service - Sunday Brunch at the Fullerton!!
223,Sia,5 stars,Love the varieties for buffet. Fresh seafood and great desserts.
224,Mer Koh,4 stars,Good Lobster Nasi Lemak
225,Creadores Jewellery Co. Ltd.,5 stars,Champagne brunch was too good but expensive... not bad idea who like to drink good champagne
226,Beelay Tan,5 stars,Long time never go already
227,Andy Low,1 star,"Singapore so big, no coke zero. Why?"
228,Thomas Chunchen Lu,5 stars,Had the buffet dinner on a SAT night. Excellent service and good food.
229,yin yang gooner,3 stars,Service was slow for the party we were attending. Food was good..
230,John Thong,5 stars,"Nice setting,  great service.   Only disappointing thing are the desserts, which are not great."
231,Zhan Wei Lee,5 stars,Lalikumar is very helpful and kind - superb service and food is fantastic!
232,Collie Law,5 stars,"Nice quality, good variety"
233,Malcolm Wilton,4 stars,"Service is 2nd to none. Food needs slight improvement, but overall it was great."
234,KENT Leong,5 stars,Fantastic quality food and very reasonable. Exceptional service
235,Averyl Lim,2 stars,"the lunch buffet is really mediocre, selection is abysmal and not worth the price imo"
236,Jeffrey Goh,4 stars,Consistently good food at (for a 5 star hotel) reasonable prices.
237,水晶雄宝JingerBear,3 stars,"Services is 5 star, but food variety under expectation"
238,Rishi Kant,4 stars,"Awesome ambience, nice food. Less options for Vegetarians."
239,rene,5 stars,Very good service. Buffet is nice
240,Rosa Ho,1 star,Disappointment. Poor quality of food for a 5 star hotel. Not worth even 1 star
241,Ajay Golay,5 stars,Great location and ambience.  Brunch is awesome.
242,Haris Manaf,5 stars,Great service wonderful ambience by the Singapore River.
243,Daniel Choy,5 stars,"Above average food,  very good customer service and ambience."
244,Mark Chong,3 stars,The buffet had good ambience. Food was so-so
245,William Baikie,5 stars,Food great. Atmosphere great. Happy to recomend it.
246,Deborah Nah,5 stars,Came here for their Sunday Brunch and was blown away by the amazing selection of cheese
247,SiewKin,3 stars,Normal. Nothing special thats why only 3 star. Location good.
248,Dannie Tjahjono,4 stars,"Nice place, free ice cream for kid."
249,Weng Kee Leong,5 stars,Good environment for family gathering. Good food too.
250,SK Yeoh,5 stars,Food spread is good and quality is worth the money
251,JP 55,5 stars,"Great value, good selection. Excellent service."
252,SI Tan,4 stars,Buffer food is good n many type
253,Kelvin Chin,5 stars,Classy place with decent food and spread of variety.
254,Edward Elric Navarro,5 stars,I will visit the place again they have a good food
255,Maria Diana Tolentino,5 stars,The staffs are very accomodating and the place ia sooo nice.
256,Liam Kinsella,5 stars,Great dinner buffet except for the deserts
257,Sumit Arora,5 stars,Excellent spread for breakfast and great service.
258,Juhi Singh,5 stars,Great for sea food and meat lovers.
259,G Mori,4 stars,Food is what you expect....so..its good.
260,Haosheng Bian,5 stars,Nice buffet place with lobster option at night.
261,Olga Yi,5 stars,Nice place to visit. A lot of things to see.
262,Jane Y,5 stars,Beautiful night view along Singapore river
263,Shermaine Tan,5 stars,Amazing food with a good price!
264,Angelina Lin,5 stars,Great place to be on a lazy afternoon.
265,kelvin kho (Krispikreme),1 star,........ Food was not great
266,Robert Chan,4 stars,Service excellent but food average
267,Sage,5 stars,Love the food and price is reasonable!
268,ben phua,2 stars,Found a fish net in my lobster. Plus it is small
269,Jean-François De Clermont-Tonnerre,3 stars,Ok food. Good if you don’t know where to go
270,Jasper J,5 stars,Excellent service by Lillikumar.
271,Nah Yao Qing,5 stars,Good food and good table service.
272,Niau Mee Xin,3 stars,The food's (buffet) not worth the price
273,Fiddler Fins,4 stars,great service. good food
274,Ivansyah Ridwan,5 stars,Love this place...👍👍👍👍👍 …
275,Stephen Summers,5 stars,It was WOW. I recommend any to go
276,Xiang Gao,5 stars,Very good food and service.
277,sidharth verma,5 stars,Good food...great experience
278,Arushi Datta,1 star,Veggie menu is tasteless and sad :/
279,Daniel Lee,5 stars,Super friendly and helpful staff
280,Barb Blandin,5 stars,Great curry dish!
281,Mike79 Eng,4 stars,The buffet was not bad
282,Woon Deka,4 stars,"Good food, good service"
283,Kevin C,5 stars,Super fresh sushi!
284,Sook Chin Yang,5 stars,Excellent ambience and service.
285,kenny loh,5 stars,nice food
286,William Lee,5 stars,Great view of Singapore River
287,Charles Poiron,5 stars,Huge Christmas buffet worth the $$$
288,Priscilla Louise,4 stars,Great restaurant and staff
289,igor celli,4 stars,Nice place and good food
290,Sinae Kang,5 stars,Gd and nice to have a meeting
291,Jehan Sappideen,4 stars,Closing time is too early
292,Linda Nurianto,4 stars,Good food n gathering
293,Chun Hui TOH (June),5 stars,Awesome!
294,Nicholas Wong,4 stars,Good and nice atmosphere
295,Hangi Tavakoli,4 stars,Was good
296,Jansen Silalahi,5 stars,Food and services are excellent.
297,Kishore Rochey,5 stars,Good food and atmosphere
298,Siddharth Nair,5 stars,Good choice for a brunch
299,Johnny Lim,5 stars,The foods is fantastic and good
300,Kelvin Tan,5 stars,Great service and food
301,JH,4 stars,My stomach is too full
302,Cedric Soh,4 stars,Wide selection of buffet dishes.
303,Yuna YUNA,5 stars,delicious and nice place
304,Lucy Del Casale,5 stars,Recommend the chicken rice
305,Niclas Modler,5 stars,The brunch is magical
306,Thomas How,4 stars,Affordable international buffet
307,Bernice Zee,5 stars,Good spread of seafood
308,K Kumar Nair,5 stars,Nice ambiance
309,Lee Larry,5 stars,Excellent service.
310,Sim Caroline,5 stars,Nice breakfast buffet...
311,Shirley NKL,5 stars,Great service!
312,Chandra Adiwijaya,5 stars,Good
313,張巧嘉,5 stars,Good
314,Anders Bruun,5 stars,Awesome service
315,rajesh sharma,4 stars,Nice
316,Khoa Nguyen (Kevin),4 stars,Breakfast is OK.
317,Han bakr,5 stars,The best place
318,Cloud Ramza,5 stars,Fantastic dinner buffet
319,kent choo,5 stars,Town Restaurant buffet
320,Fabrice Reynaud,4 stars,Great food
321,IKON Media,5 stars,Great buffet
322,Edward Heng,3 stars,Good buffet.
323,jgiomax jgio,5 stars,Great food
324,Anh Nguyen,5 stars,good
325,I Chu,5 stars,Very pleasant staff in this restaurant. Very helpful and cheerful.. Nice ambience. One suggestion for food spread lof unch buffet is to add 1 or 2  more western dishes.
326,russell aziz,5 stars,"Great free flow of champagne for the Sunday Brunch. We selected alcohol Brunch. Free flow of Singapore Sling too. Super fresh seafood. Great Japanese section. And lots of pastries and cakes to enjoy.
A cute slice of chocolate birthday cake too."
327,A Shiny,5 stars,"We had a breakfast buffet here while staying at the hotel.
I'm glad that there is a concierge at the entrance who can explain the dishes.
Coffee and drinks can also be ordered and served.
You can also drink as much tea as you like from TWG for free."
328,JOSEPH LEE,5 stars,"Fullerton Breakfast Restaurant
They said the breakfast wasn't tasty.
It tasted better than I expected.
The staff are also friendly and helpful"
329,Michael Buhr,5 stars,"Very rich breakfast buffet with many culinary items from Asia, India and Malaysia, super friendly staff"
330,Kenny Yao,5 stars,The Sunday champagne brunch is very sumptuous and the price is not cheap at 175 per person. It is worth eating.
331,cheolhan shin,5 stars,It's friendly and neat. There is an egg craftsman who will suit your taste. Cook eggs the way you want.
332,Suchun Lan,5 stars,I like huanjing there very much
333,Jiyoon Kim,2 stars,"When you say you came to drink coffee, you are first directed outdoors. Even if there are room for tables indoors, you are directed outside. The reason is unknown (it is extremely hot outside). The taste of coffee is not good."
334,Paolo Magnani,4 stars,"Fullerton hotel restaurant in an impressive luxury location with neoclassical architecture, very varied menu and high prices. Be careful with the wine 🍷 dear! …"
335,jacob Han,4 stars,"The service seems friendly, but I don't think the food is good for the price."
336,Fun Chen Chen,4 stars,"From a Taiwanese perspective, it’s a very convenient place. You don’t have to go to different places to buy things. It’s convenient for eating and transportation. It’s not bad."
337,김갑석,4 stars,"The food is delicious, but waiting is bad."
338,artist kam,2 stars,"It was good three years ago, but now it's getting worse."
339,Magnus Eriksson,4 stars,"Good and fantastic hotel environment
Sushi was 10 points"
340,Ferry Nababan (Bang Ferry),4 stars,A place to fill your stomach when you are hungry
341,JIN KUN CHAI,4 stars,Weekday dinner at the town restaurant is good.
342,E.h Lee,3 stars,Breakfast buffet is ok
343,Carole Tiglio,5 stars,Good restaurant
