,Name,Rating,Review
0,Churong Chua,5 stars,"Very casual atmosphere. Being decoration which give a sense of warm ambiance.

Food were great. Wonderful with each course. Chef was definitely friendly. One …"
1,Alynna Lim,5 stars,"gorgeous restaurant, wonderful service and very delish food. went for the degustation menu and it didn’t disappoint :) also loving the quirky cat and dog statues! very stuffed after the whole course, didn’t managed to finish the sweets but it was a great experience overall! :)"
2,Aries,4 stars,Came for degustation lunch set. Overall food is delicious. Portion is kinda small but the dessert le baba was huge enough to make me full. Will be back for dinner.
3,Bundit Kenny Jiamanukoonkit,5 stars,"What a hidden gem!!!
Went out for lunch with my colleagues and we were so happy as we stepped in until we departed. Very well decorated ambient as high class French restaurant with …"
4,Isabel Ho,3 stars,"Was there for a post Christmas lunch and we had the lunch set which came with Trout. Presentation was really nice, colours were amazing, as was the restaurant decor and service was attentive. …"
5,Juliet Lok,5 stars,We came on Saturday and ordered the tasting menu. The food is great with excellent service! The degustation set lunch is $98 per person and it’s quite affordable especially the number of dishes and quality. Highly recommended place
6,Taa SupersTaa,5 stars,"Great Atmosphere, good food and the chef is friendly. First class service. We ll go there again. 1 for 1 cockage which is great."
7,chefquak,4 stars,"wife’s birthday degustation @ fleur de sel at tras street on 9.11.2023

lovely dinner wonderful evening 🌹 …"
8,Valerie Leong,5 stars,Had the degustation set lunch and it was great. Enjoyed the food and the cheese platter! Ambience was good too. Cozy.
9,Stephan,5 stars,"Went there for Valentines day the second time. Best French Restaurant in Sg, highly recommend!"
10,Jessie Tan,5 stars,"Came here to celebrate birthday, the chef helped us to take a nice photo, I was wondering how come he never wished me happy birthday, and none of the waiters wished me happy birthday. After the meal when I went home I then realized my …"
11,pianized,5 stars,"We came on a weekend night and had a great time there. Five stars food and five stars service. The interior is minimalistic where tables are arranged around an open concept kitchen counter, there is a private room that sits 8-10 pax at the …"
12,Arthur Ooi,4 stars,Chef Alexandre continues to provide consistent and delicious meals. Service was top notched.
13,Eric Effin' P - MTB Content,4 stars,Service - top notch. They serviced us very well. Felt like a million bucks. Awesome much! …
14,Anton 999,5 stars,"I came here for lunch the other day and had a delightful meal with delightful company. The atmosphere inside is warm and spacious, relaxed and airy. This is not a brasserie or bistro, so don’t expect a menu with all the classic French …"
15,Richard Lai,4 stars,Food was good but could be better. One of the dish was too salty. I know the emphasis of the place is the sea salt the place is named after but it was just a little too much. The dish below looks great but the deep fried chicken skin had a …
16,Janice Lee,5 stars,"When I reserved a table at Fleur De Sel, I was only thinking of just enjoying some nice French food at a modern setting, and oh boy, this restaurant brings so much more onto the table. I'm totally impressed since I enjoy the complete set of …"
17,Bernard,5 stars,French but with clear seasonal and Asian influences. The vibe was posh but not overly so; environment was beautiful. They allowed some mixing and matching between their menus. Absolutely loved the dessert with rum Agricole.
18,Genevieve Wong,4 stars,"Good simple French food. Set lunch at $68 is really worth it. In terms of taste alone, it is better than some of the 1 Michelin star restaurant. I love the French/European looking ambience of the restaurant. I think the only reason why it …"
19,三徳さくら,5 stars,"Every single dishes touched my heart.
Chef Alex and his team are wow wow wow!!Amazing! Excellent! Fantastic! So satisfying lunch:) visiting there soonest. Highly recommended."
20,Jeanne,5 stars,"Came here for our 10 year anniversary lunch yesterday and their set lunch turned out to be great. They also gave us a little cake for us to celebrate, which was a nice touch. …"
21,Ayumi MITSUI,5 stars,"I visited Fleur De Sel Le for my boyfriend’s birthday, and their service was amazing!
I didn’t even ask for birthday plate but they prepared a chocolate cake for him, …"
22,Kareen Lui,5 stars,"Welcoming, courteous, professional and attentive staff. Minimal waiting time for food despite it being almost full house. Delicious value-for-money French cuisine. I appreciated that all the staff kept their masks properly worn throughout …"
23,Bud Travels The World,5 stars,"Our favourite French restaurant in Singapore, Fleur De Sel, has refreshed their charming interior and Chef-owner Alexandre Lozachmeur has added new food and wine selections to their menu ❤ …"
24,Andrew Goh,4 stars,"Comparing the other French restaurants , I quite a surprise to find this decent French restaurant serves quality of Feng cuisines. Quite a valuable 6 courses Omakase dinner when at $168. Came here to celebrate my wife birthday and enjoy the …"
25,sweetpotagoh,4 stars,"I don’t eat french food often so I’m not sure what’s the benchmark for french cuisine but the food here is good. More than the taste, I enjoyed the presentation, the attentive and friendly staff, and the pace of the courses. We had a five course meal for about $130+ per person."
26,huirong chua,5 stars,"Brought a friend there for belated bday dinner. To my surprise, we are the only table there on a Friday night.
The staff were very attentive and polite to us. …"
27,Royal Pears,5 stars,"Degustation set lunch ($98)
Excellent, balanced flavours and textures.
Canapes - ok except the broccoli. …"
28,Jean-Claude Lee,5 stars,"Unbeatable French Lunch set in Singapore.
Fantastic food quality for $58 lunch set. It's at the level or even better than some Michelin star restaurants. The chef has really his own signature style that …"
29,Ng Jeslyn,5 stars,"Comfortable spot for French cuisine. Opted for their set lunch degustation menu - reasonably priced, with decent food and I love the presentation. The staffs were also attentive and polite."
30,Roger C,4 stars,"Had a Saturday lunch, degustation menu. As a fine dining restaurant, the service can improve such as providing envelopes for facemasks, louder and clearer voice when explaining the dishes. Very good quality ingredients, but bland overall to …"
31,Jonathan Seetoh,5 stars,"We had the set lunch and degustation menu. Every dish was delicious, well balanced and just a delight to eat. Would definitely recommend it!"
32,Alexander Bøe,5 stars,"Have only been there for lunch (2x) but a brilliant place. Excellent menu, flavors, wine pairing, ambiance, etc. And waiter, chef and other staff super friendly and good. Even managed to accomodate a gluten free menu to my partner."
33,Laura T.,3 stars,"Mediocre for the price. Perhaps it was because the resident chef wasn’t present? It could be the execution but the flavours didn’t meld together well. The scallops were downright bland and the sauce for the beef wasn’t reduced enough, …"
34,Sheryl,4 stars,"Had the Fleur de Sel set lunch at $78++. Actually wanted to give 3.5 stars but since I can’t, I’ll just rate it as 4 stars. Ambiance and decor are great. One small issue is that the waitstaff are usually standing very close by, which made …"
35,Jacintha Tan,5 stars,"Loved my experience at Fleur De Sel!  Every dish was well balanced and extremely tasty - we liked the duck the most!  Enjoyed the wine pairing too, the Chablis was outstanding"
36,Sheryl Low,5 stars,Rich and flavourful French food. Set lunch is great value. Beware though if you would like the cheese platter after let them know at the start otherwise they keep the cheeses and don't bring it out again
37,Jennifer Lee,4 stars,"Great ambience, lovely service. Food is artistic and flavours are fresh and full of umami.  However this is not for those with big appetite.  Portions are small."
38,K Yeo,4 stars,"Small, quiet place. Give you a comfortable and casual feeling rather than a Michelin star formal one. Good for a business lunch or dinner date. …"
39,Carlos Bonet,5 stars,"Phenomenal experience. The food was outstanding, great portions and balance in the dishes, service impeccable, decoration very nice. We will be back when the menu changes, which is every 2-3 months. Thanks to the whole team!"
40,Sheue Lin Ng,4 stars,"Dinner course was OK. We particularly like the first 2 course, the monkfish was boring and dessert chocolate was heavy."
41,Jocelyn,4 stars,They offered quite a good price and the food are in good quality. Good place to have dinner or lunch with friends
42,Jamie W,3 stars,"Good for business lunches- I had their $58 lunch menu with 4 dishes consisting of Lobster Bisque, Ravioli, Steak and Dessert. I like the ambience too and service was fantastic. However I’m not the biggest fan of French style dining with a …"
43,Lucy How,4 stars,"The service here is great. We chose the Fleur de Sel set lunch priced at $58. For the mains, I preferred the duck to the monk fish.  The hokkaido scallop was exquisite and I love the Amuse-bouches and bread which we took with unsalted …"
44,Rise&Shine,5 stars,"Despite all tables being reserved, when I walked in and asked for a table, Connie explained they were full and if I was fine with the high counter seat instead of turning me away. Happy to take the high counter seat. I chose the Executive …"
45,Christian Tuor,5 stars,"The whole place was refurbished and looks very bright and cosy. The food and service is perfect and gives a super gourmet experience(the lunch menu is also very good value for money, I absolutely recommend)"
46,David Cunning,5 stars,"Enjoyed a fabulous tasting dinner during a weekend Singapore visit.

The food was delicious, perfectly cooked and interesting. We were treated to a …"
47,Cookie Monster,4 stars,Great food in a cool and modern restaurant. Ordered the degustation menu + slow cooked pork belly (48 hours) to share between 2. Missed taking pic of the Alaskan crab.
48,Jérôme Godard,4 stars,Very reasonably priced lunch set. Enjoyable dishes with good ingredients. The main disappointment was the scallop that was too salted.
49,Malvin Chan,5 stars,"Great food! excellent service! Loved the wagyu beef and the lobster bisque. Took the basic set n was v full. Though decor was simple, i liked how the tables were spaced!"
50,A F,4 stars,"Delicate food, approachable wine list, good value for money. A little disappointing the steak was already gone at the start of the night. The lighting is a tad too bright detracting from the ambience. Staff were attentive and knowledgeable."
51,WS Lee,5 stars,Celebrated our wedding anniversary in this nice French restaurant. Delicious French food and service staff are very warm and hospitable. Got a pleasant surprise when the restaurant offered a slice of yummy chocolate cake for our special day…
52,Bernie Chin,4 stars,"4 stars because the steak was a little dry and doesn’t look or tasted like a medium steak. Other than that, everything else’s good."
53,Sal,4 stars,Beautiful platings and excellent service. Food was 4/5 and dessert was too sweet.
54,Lindsay Lohan,5 stars,"Omakase French style. Great wine selection, friendly staff who really know their cheeses and wine! Try the grandma’s cake!"
55,Ming,4 stars,Great dinner at this cosy French restaurant. Food was delicious and nicely presented. Service was great.
56,Peter Low,5 stars,Great executive lunch menu. Very well presented and tasty french food. Lobster bisque is lovely. They also have an amazing wine list.
57,Ed S,5 stars,"This is a wonderful little place. Food was superb, staff attentive and definitely French.  I had the 8 course set. Everything was delightful. Merci beaucoup!"
58,rio pascal,5 stars,"This is my second time in Fleur de sel restaurant for dinner My wife and I had a great time and the service was  excellent. The food was good especially the lamb, melt in your mouth. The presentation of the plate was top notch. The dessert - baba was the grand finale with generous amount of rum. Keep it up. We will be back,   p."
59,GA DFQ,5 stars,"Service is super Perfect, food is delicious, very chic place. Everything is there for a premium diner at affordable price.  Really had a great time thanks!!"
60,Boonpay Mok,5 stars,"1st time tried French Cuisine, quite nice experience though."
61,Laurent Evrard,5 stars,"Very good.
Great food, light portions gastronomy like so don't be afraid to go for the full experience menu in 7 courses. I had the wine pairing with my set dinner, it was …"
62,Ross Shahinian,5 stars,"Key Takeaways:

1. Great Service - attentive and aim to please …"
63,Djeus Wong,5 stars,High standard of service and quality of French food! Good selection of wines and cheese! Highly recommended. 😘 …
64,Barbara G,5 stars,"Excellent dinner, sincere, fine and elegant food, beautiful decor, great wine. Will come back."
65,Lea,4 stars,"Dine in last week and enjoyed the lobster bisque soup. Trout taste was just average, food presentation was cool.Service was consistent staff will look after you very well."
66,Valentin Krug,5 stars,Great meal! Classic French food which is not boring! Tasty tasty!!
67,Redherring “Redherring”,4 stars,"Top notch service.
Ambience was quite good as well.
Good mouth watering food as well depending on what you order. Hehehe …"
68,Alvin Toh,4 stars,Good degustation menu with intertwining preparation and ingredients.  Good service too.
69,Savero Ong,5 stars,"Simply awesome, food is delicately prepared, full of surprises. Service is immaculate!"
70,Shawn,5 stars,"Overall an enjoyable experience in a warm cosy atmosphere and setting.

Food was well executed, with flavours standing out appropriately in each dish. …"
71,Fei Fei C,5 stars,"Tasted the ""Dégustation"" set menu. Deliciously and exquisitely presented French cuisine. Each dishes will be explained to you carefully by the friendly waiters. …"
72,Straits Body,5 stars,Amazing food. Amazing service. Perfect impromptu date. Lobster bisque was the star.
73,Claudia Koh,5 stars,one of my favourite French restaurants in Singapore - they do lobster bisque &amp; rum baba like no other!!!
74,Casper Liew,5 stars,Excellent food &amp; good service
75,Colin Kwan,4 stars,Can't fault the food here.. Its simple French food that doesn't stray too far from classical flavours.
76,JJ Hannah Soh,5 stars,"After one month of lockdown my husband and me finally get the chance to celebrate our civil wedding’s dinner celebration together. Being married to a French, we went for the chef’s special set menu DEGUSTATION, it was really a very pleasant …"
77,Alejandro De La Peña,5 stars,"Nice and cozy place, great food and many wine options. The cheese is a must, with different types as well."
78,Keira Herr,3 stars,"Pros: The service staff and chef are all very nice and attentive, the ambience is nice, beautiful restaurant with nice cutlery. The food is predictable, every dish was beautiful and technically well-executed. Great jus/sauces for the meats. …"
79,Yisle Lim,2 stars,Came here for my brothers birthday; overall service acceptable but mediocre for a Michelin rated restaurant. …
80,Charmaine,5 stars,"I'm only writing a review now after trying few other restaurants. Without comparing to other restaurants, the food and service is good. After comparing to other restaurants, the food here is comparatively great and delicious. Foie gras and desserts is especially good. I'll visit again in my next trip."
81,Russ,2 stars,"Dined here for lunch on 17 April. Overall the experience was ok.

However, the meal started with an amuse-bouche which had scales in it. I sent it …"
82,Praveen Kaur,5 stars,Alex and his team always delivers top notch service and great quality of food and wine. Thank you for making our celebration special and for entertaining our little Raphael.
83,Dave Thompson,5 stars,Great place and pretty reasonable by Singapore standards. Picture is of Crab with Balsamic ice. Yummy.
84,Yitpeng Ong,4 stars,The lobster bisque was excellent. Staff are friendly. Good service too.
85,L N,2 stars,"we were having a date and it immediately felt quite tragic the moment we sat down. restaurant seems to have seen better days. service was lackluster, food was boring and unimpressive for degustation menu style, in both presentation and …"
86,charita sarda,5 stars,Loved the place. Totally worth it. Will visit again once their menu change. Definitely recommend to everyone.
87,Abhijeet Vijayvergiya,5 stars,Fabulous experience. Great food and excellent service. All dishes were impeccably plated and tasted wonderful. They also served a small cake for us as we were celebrating an occasion. That was a nice gesture. Will visit again in a few weeks.
88,François Brun,5 stars,"Once again one of the best meals I've had in Singapore. Incredible value for money, never disappoint. Note that on top of the fine dining experience you get there, their home delivery service is also among the best you can get."
89,alan wong,5 stars,"3rd visit here over 3 years, the experience is still as magical as before.
fantastic food, great cosy atmosphere. For the quality and finesse of the food, the price is considered extremely reasonable. …"
90,Angela Low,1 star,"Visited the restaurant for a weekly date with Hubby. Carelessly reserved the wrong date. Was disappointed. The ambience looks bright and elegant and the menu promising. To my horror, my reservation was cancelled. I did not cancel it. Did the restaurant unilaterally cancel my reservation? If so, how presumptuous!"
91,Joanna O,5 stars,"Quite a nice restaurant, the lunch menu is reasonably priced for the quality and it's served fairly quickly so it is a great place for a business lunch. The foie gras is soft and lovely. The steak is really excellent. The truffle salt and …"
92,Eugene Teo,5 stars,"4 course lunch is worth it, with foie gras and beef tenderloin. Service is quite attentive by the restaurant manager who served us and walked us to door after lunch. The food was quite good and tasty. Only that foie gras was a little under-seasoned. Overall pretty good french contemporary restaurant!"
93,Angela A,2 stars,"Food was average - crab appetiser was good, foie gras and scallop were okay. Rabbit pasta was too salty. Pigeon and dessert were okay. Solid 3/5. …"
94,Gc Goh,1 star,"Deceiving google reviews
Truth is the portion of the food is super small and the food is just average. Super pricey for what you get here. Definitely go somewhere else"
95,Chloé Legrand,5 stars,"Excellent French restaurant! The service is some of the best you could get in Singapore, absolutely lovely and on top of it. The good is also amazing, everything tasted is perfectly presented and with a beautiful taste. Would hardly recommend it!"
96,Joe McAyr,5 stars,"Amazing little French fine dining restaurant. Alex the chef owner was super friendly and engaging. Design and atmosphere of the place is wonderful, simple and stylish. The food is excellent!!"
97,Alvin Cheng,5 stars,"Good food and service, will definitely return"
98,Jean-Charles Thoumire,5 stars,"Absolutely divine. Food was superb ( the 6 of us enjoyed each single dish from the superb scallops, foie gras, succulent braided rabbit with pasta, lamb rack, cabillaud to the duck breast.  The lemon custard tart with basil sorbet was a …"
99,Chas Pope,5 stars,"Had the degustation menu for my wife’s birthday which was something else - amazing lobster, scallops, pigeon, crab and the rest. Very friendly staff too. Would highly recommend!"
100,Philip Y,5 stars,"I had the Executive Lunch set. The Amuse Bouche
already won me over. Seared Foei Gras was just the way I like it and the main Le Beouf was done nicely. There was slight twist to the Baba (without the Rum). …"
101,Caroline Wee,5 stars,"Small but well-crafted menu focused on seafood. Their fish was excellent (we had trout and monkfish) — fresh, tender, and perfectly seasoned. Ambience and service was also great."
102,Akira Wu,5 stars,"Undoubtedly the best French restaurant in town! Delicious abolone cooked for 8 hours as a starter, tasty scallopes in butternut pumpkin soup, amazing spicy lobster pasta and heavenly lamb saddle as main course. A bottle of Vosne-romanee …"
103,Michelle Lee,5 stars,Visited this restaurant during lunch time with my parents for their anniversary. The food was excellent at reasonable prices and all the staff were incredibly friendly and welcoming. Would definitely visit again!
104,B,5 stars,Brilliant. Authentic french food. Unique and very well presented creations. This place truly has a fine touch and is very personalised. Seats are very few but that is a good thing for guests. One of the better french restaurants around.
105,Nishant Nair,4 stars,Unique food with great presentation and service! We tried the set lunch and it was really good! They also have decent wines to go with the food!
106,kevin kwok,4 stars,"Great ambience with french music playing in the background. Staff was attentive and friendly, explaining each dish which arrived. Enjoyed the food but felt the main course was a tad tiny in portion"
107,Bruna,2 stars,"Visited at Lunch time. One party was very noisy and I felt unpleasant.
We ordered the lunch course, but the portion of each dish was quite small. The quality is also not surprising level. Will not visit again."
108,Cubbly,5 stars,A cozy French restaurant where food and service are at their excellence.
109,Kiat Lee,5 stars,The passion of the Chef shines through in the creations that are delivered to your table. And the wine is full of hidden gems. And nice cosy setting while maintaining a discreet distance between tables.
110,Michael Hu Youren,5 stars,Foie gras was amazing. Lamb was amazing.
111,Jason Hu,5 stars,Lovely quiet lunch
112,Serge Genetet,5 stars,"Great dinner at Fleur de Sel, wonderful french recipes, great service, great dining room, you can see the cooks at work, very authentic. Perfect place to go for lunch or dinner in Tanjong Pagar area."
113,Karen Tan,3 stars,"Place was nice n quiet. Did a 6 course dinner set. Food was ok only, can be better. Not impressed by dessert."
114,Yuanita Yuanita,5 stars,a recommended place with great quality food
115,Nicolas Dussart,5 stars,"amazing food. nice and quiet room, there is good space between tables, good for intimate dinner. nice service (some staff speak french)."
116,Bertrand STOLTZ,5 stars,"Top place for perfect Business Lunch... And nice private dinner.
Food is excellent, high quality and top service!
Go for it!"
117,JT Cheng,5 stars,Wow... amazing French restaurant
118,Doron Hallis,5 stars,Lovely French food. Lunch set menu was delicious and very good value for the quality and location of the restaurant
119,XY O,5 stars,"The entire experience is just amazing. Food was great, service was fabulous. Well done guys!"
120,Kate Lai,5 stars,Opted for set lunch. Food selection and quality is great! Value for money. Attentive staff!
121,Robert Crawford,5 stars,I visited twice. All food are so beautiful and delicious! Friendly and good Service. I highly recommend this place.
122,Louis D'Souza,5 stars,Fantastic service - each dish is a piece of art. The servers tell you what the dish is. Fantastic food. Wonderful ambience.
123,Jing Jing Teo,4 stars,Food was good for the price we are paying. Seems a little short handed that night when we were there . Would go for lunch again
124,Ong Wee Kian,5 stars,"Came here for set lunch... food is lovely but portion is a bit small for me. Lol.
Food is good... I must emphasize"
125,Pauline,5 stars,Very good food as always and just enough variety in the menu Service excellent fabulous cheese trolley - Mont d'Or was spectacular
126,Lim,5 stars,"Very stastify, the food really fantastic, especially the foie gras and the duck. definitely will recommend to other."
127,Karen Lim,5 stars,Meticulous service and delicious food.
128,Witold Nowak,5 stars,OMG... Perfect food and and exceptional service. Almost afraid to post this as it might attract more customers which in turn might make it difficult to get a table.
129,Rodney Lim,5 stars,"Amazing place, feels like I'm in France. Authentic."
130,Sean Wong,5 stars,"Excellent Set lunches, i always go for the foi gras and beouf, and liquered baba. Yums"
131,Firas Sarhan,5 stars,Excellent food and service.
132,Bernard Pang,5 stars,Nice ambience French restaurant which serves great and succulent food. Pricing is reasonable
133,Sergio Galzerano,5 stars,"Great set lunch, I specially loved the baba as dessert."
134,Weikai Hou,4 stars,Exquisite french food... service can be slow... very professional but can be cold and aloof... can be more personable and friendly. Pricey
135,Bertrand Rousseau,5 stars,"Probably the best french restaurant in Singapore. Great food, excellent and friendly service, nice ambience"
136,Sarah Johnson,1 star,"So fat this is the worst French restaurant among the stretch of restaurants makes French cuisine looks like A cheap meal at Jack’s place, too much Sea Salt in the food and everything was too salty and tasted like liek sea water."
137,Joel Silva,5 stars,"Great Food, Great Service, Attentive Staff, Nice Decor!"
138,Eric,5 stars,"Delicious food, beautifully presented, and flawless service. Highly recommended!"
139,michael loo,4 stars,they served on our table was very delicious and the presentation was fantastic
140,Cleo W,5 stars,"Starter, lobster soup, steak are good, the rest are bit salty. Good for lunch."
141,Roger Li,4 stars,Not outstanding but good food. Wine selection is nice
142,Vincent Dumas,5 stars,Great place for romantic diner with good quality/price ratio
143,Aude Le Chatelier,5 stars,Delicious food and great service! We loved this experience!
144,Stteven Siow,5 stars,A quaint French restaurant with good food and good service. High medium price.
145,Steve Knabl,4 stars,"Great food, but unfortunately not filling enough. Lack of substance."
146,Aurélien Fontayne,5 stars,Excellent! Really good restaurant and not too expensive !
147,G CG,5 stars,Lovely and elegant place. Staff is very professional and great chief 👍 …
148,Fiona Koh,4 stars,"Lovely restaurant, good for cozy gatherings. Will be back"
149,Jean Luc Tin Sive,5 stars,Value for money lunch set with fantastic quality. Will be back!
150,Edwin Goh,4 stars,Affordable priced set meal but not for children set.
151,Romain P.,5 stars,Excellent French food. I recommend the lobster
152,Jethro Wang,5 stars,Better than some 1* michelin restaurants.
153,Denise H,5 stars,"Must try - excellent food, impeccable service and classy ambience"
154,Richard Skinner,5 stars,Amazing food. Some of the best in Singapore
155,Ivan Tan,5 stars,Good food at  this price with friendly service.
156,Philippe Rychen,5 stars,Excellent! You should miss coming to Singapore.
157,Lee Smith,5 stars,Always a pleasure! Exceptional food.
158,Sotthi Upali,4 stars,Good meat and fowl at reasonable price
159,Bhy,5 stars,Very tasty dinner with good service. Thank you.
160,James Chua,5 stars,Very good service. And nice food.
161,Wedha Suajaya,4 stars,The executive set lunch was nice
162,Emmanuel SAUQUET,5 stars,Amazing french restaurant ! Try the cote de boeuf!!!!
163,Chiew Jun Siew,5 stars,Good service and food. Reasonably priced food.
164,Hilda Leung,5 stars,I must come here again for the cheese collection!
165,Ghislain Bonamy,5 stars,Very nice and cosy ambiance
166,Joris Dierckx,4 stars,Traditional refined French cuisine
167,Christophe Tournerie,5 stars,Very nice
168,Steven LG,4 stars,Went for lunch. Nice food and staff.
169,Ibiyemi Tepe,5 stars,Magnifique - never disappoints!
170,Brandon Wong,3 stars,Lower than expected service standard
171,Owen Jones,4 stars,French restaurant with good food and service.
172,k T.,4 stars,Pretty good food!
173,Vanessa Chew,5 stars,Great service and food.
174,Claude Morales,5 stars,Excellent French food
175,Kaewsri N. Mahillon,5 stars,5 stars food.
176,Jason,5 stars,Fascinating dining experience
177,Selina Tan-Lim,5 stars,Authentic French cuisine
178,Ferry Ridwan,4 stars,Serve well
179,Jane Phillips,5 stars,Lovely food
180,James Chong,4 stars,Interesting place
181,Romain Xie,4 stars,"It's an interesting restaurant. It's not worth the trip. If you want to eat ordinary French food nearby, you can try it.
The waiter can speak Chinese no problem …"
182,Yuko Isoda,5 stars,"I learned this from someone who knows France very well. The interior of the restaurant has a calm and nice interior (the restrooms are also stylish), and I think the taste and quantity are suitable for Japanese people. The tableware was …"
183,Eva,4 stars,"The service is great. That's fine dining. Order rabbit meat pasta. I never thought that there was rabbit meat in Singapore. The pasta is delicious, the portion is small but filling. Order oysters too, the oysters are really fresh. A good …"
184,JUNGHOON HAN,5 stars,"It was the most delicious French food I've ever had.

Better than other expensive restaurants"
185,David Moiton,5 stars,"Incredible cuisine, excellent hospitality and carefully selected wines! An aside from French gastronomy on the other side of the world (it feels good 😄). Thank you for this moment. …"
186,Eric V.,5 stars,Excellent French restaurant. Small plate in the Michelin Guide. The boss also knows how to choose wines.
187,Clive Heightman (Airborne),5 stars,Top class French slimming cuisine.
188,오명선,3 stars,It sounds like a simple meal would be good...
189,Fabien Lepetit,5 stars,We enjoyed ourselves
