,Name,Rating,Review
0,Jiak Papa,4 stars,"Nestled within the National Gallery Singapore, Yan surprised me with its delightful take on Cantonese cuisine. While the entire meal was enjoyable, the star of the show was undoubtedly the lobster vermicelli. The succulent lobster, cooked …"
1,Berland Shaw,5 stars,"I tried Both delivery and dine-in. Would say delivery was also recommended, but the dimsum may not tasted like dine-in. Highly recommended for business lunch dinner, or family gatherings."
2,Chris,4 stars,"I am surprised that it is a Cantonese restaurant , cos I feel that the food is generally blend, not sure if it’s for health reason. We ordered the $150++ per person, and the food is generally good. I like the lobster, while is slightly …"
3,Jasmine sg,5 stars,Thank you Yan Restaurant for making my grandmother so happy. definitely a pleasant dining experience. The food was good and up to expectations!!! :) hope there is more options of minimum 2 persons set menu for choices in the near future! …
4,Cindy Wong Yijuan,5 stars,"Did a wedding anniversary celebration here, found the whole dining experience to be great. It is pricey but 100% worth it as I was surprised at the portions provided. Really try the beef cubes with asparagus coupled with white pepper sauce. Staff were professional, friendly and prompt. Will come again for sure, hughly recommended."
5,jkyeo,3 stars,"Having been to numerous Chinese restaurants at the sam positioning and pricing, I must say that this is a disappointment. The food was mediocre and if I may say, below average. Instead of being blown away, all 4 of us agreed that this would …"
6,Edward Rodrigues,5 stars,"A fantastic historical venue for an excellent Cantonese restaurant.  The dishes served were well cooked and very fresh including the prawns. The desserts were excellent.  And finally the service from the staff , well done! A must visit 👍👍👍👌👌👌 …"
7,EarthlingA,4 stars,We enjoyed the food very much. The restaurant was operating at almost full capacity but the serving of dishes was prompt. I like how almost every dish is accompanied with a substantial amount of vegetables. My favourite is the Beijing duck. …
8,Lee Joey,5 stars,"Really enjoyed the ambience where is pleasant and quiet. They served some dim sum, good Chinese Cuisines and nice desserts. Must try the Peikin Duck and the Beef Cubes With Asparagus."
9,Cyndi Poh,5 stars,Highly recommended place for quality Chinese food. We went ala carte and it was reasonably priced for such high quality and fresh ingredients. Will be back to try their dim sum which look very good too! Service was excellent too. They take …
10,Joe Low,4 stars,Came for lunch with colleagues. the area was easy to locate. Very nice atmosphere. The food looks great. Taste is up to standard. Price is on the high side. Would surely come back but maybe only for special reasons. Services were good dishes split for you and served to each person.
11,yohanes kusika,5 stars,Great atmosphere and very nice dining experience! Highly recommended!! Good for gathering with friends and family.
12,C K Leong (Ah Leong San),5 stars,This restaurant is often mixed up with Yan Palace at Upper Cross Street. Yan is at the National Gallery. They change their menu at least every quarter. Happened to just try their autumn menu and the dishes are refreshingly great. From …
13,Melody,3 stars,Had a company dinner there which we ordered the $68 pp set menu. Food tasted very average so abit disappointing. Plus point the portions given are big so we were full after a few courses even before noodles were served. Think they should …
14,Jeremy Oh,4 stars,We went for the v'day set meal. Peking duck was surprisingly disappointing because the meat was too thick and we actually couldn't really taste the skin. The skin should be crispy. The other dishes were pretty good. The crispy roast pork …
15,Ailsa Kuan,4 stars,Located on level 5 of the National Gallery of Singapore is the Yan restaurant. It overlooks an open area on the rooftop. …
16,Hazel Nut,4 stars,Great ambience! Ordered the set lunch. Overall was not bad. The crackling pork and roast duck was worth mentioning. Cod fish was great too! The dessert is healthy and special. Recommended for special events!
17,Fanny Ng,1 star,"Having read the reviews I, however did not experience the same level of service. Celebrated my mother’s 70th birthday in early September but the service was cold, staff were nonchalant, and through the evening they were unfriendly &amp; …"
18,AP.,2 stars,"Food is average. The soup came one and another 12mins later and the duck 25mins after the soup. The rest of the dishes took another 35mins to be served. All as you see in the picture, what we ordered. Really took a long time to be served. …"
19,Sim Simon,3 stars,"The restaurant's interior decor immediately bids visitors a warm welcome via its vibrant colours and hues. Besides, ""Yan"" means ""Banquet"".
We ordered Deep-fried Bean- curd Sheet with Shrimps and Chives, Steamed …"
20,Timothy Low,4 stars,"It may take a while to find, but the route to the restaurant within the building is gorgeous. The restaurant was not crowded and it was not noisy on the night we went. We went for the 6-course meal. Portion sizes are good and meals come …"
21,Live2nJOY,4 stars,"Had our company CNY lunch here, generally food was great, they help to portion each dishes individually to avoid sharing. We like the cod fish and roast duck most. Waitress was also very courteous and attentive as well. @live2nJOY"
22,Jeremy Lee,5 stars,"One of my favourite place for both business and family lunch or dinner.

Hidden at the top of national gallery, even the car park entrance is also quite …"
23,Darren,3 stars,"Set menu looks good on paper, but not so impressive taste wise. Roasted meats were lacklustre, as with the soup which came with the driest piece of chicken (notwithstanding the chicken constitutes part of the soup dreg). …"
24,Jackyfromfl,5 stars,"Amazing taste, authentic Cantonese style. Light and no MSG, a lot seafood options. Soup is highly recommended"
25,kevin kwok,3 stars,"Nice cosy environment. Service was good. However, found the dim sum to be very average, the star of the meal was probably the crab fried rice, grainy texture and not too oily. Pricey"
26,Kevin KW,5 stars,"Came for a private function at Yan restaurant , quite enjoyed the food here as it was very good Chinese dishes compared
Cod fish in particular, and the Peking duck too …"
27,Wai Chan,5 stars,"Service is excellent, waitress/waiters are all very attentive, hygienic level is very good (provide separate spoons and chopsticks for every dish and for everyone). Their signature crispy roast suckling pig is one of the best that I ever …"
28,Elsie G,5 stars,"Went there during lunch..
First of all - good atmosphere, spacious, not too crowded and peaceful dining environment with nice view.. …"
29,Shu Ying,4 stars,"Food was great but ambience was a little lacking and cramped compared to other chinese restaurants. As recommended by the other reviews, we went for the roast duck instead of the peking duck, and that was an excellent choice. The skin meat …"
30,Janice Mok,5 stars,Tried the hairy crab set for dinner the other day and it was good! The food here is exquisite and the seats are so comfortable. I liked that the hor fun was well fried and had a nice wokhey. The cod fish was also well fried - crispy on the outside but being soft on the inside. Would come back again to try their other items.
31,Diana Mark,3 stars,"Food is expensive n quality so so. Service not great either. A small bowl of sharksfins served lukewarm for $98. Peking duck is quite nice but small portion. The other dishes we ordered like beef cubes, toufu, dim sum are just ordinary. …"
32,Seas Dot,2 stars,"For the surrounding, I was expecting a lot from this restaurant. Had the lobster porridge and was informed it’s 400g. When advertised as chef’s signature dish, expectations are there. But lobster is not fresh, overall taste is okay. Service …"
33,Berlyn Seow,5 stars,Lovely dinner at Yan on the last day of cny. Seeming short staffed but service was still impeccable. Love the attention given to ensure that the experience was a good one. The food was definitely top notch! 10/10 will return for a good meal with close friends and family!
34,Deon Lim,4 stars,"We had our team annual lohei here. The dinner set menu is good, we ordered the bountiful blessings set. Overall, good to have functions here."
35,L Davis (SG),4 stars,"Would have given 5 stars if the service is a little better. Went for lunch last Wednesday. One waitress seemed aggressive towards us by beating around the bush to ask to wait, ask us to have patience. Some food did not come despite two …"
36,Josh Lim,5 stars,"The lunch sets are rather decent and value for money at $38++. My fav item is the cod fish which was fresh and tender. Least fav item is the fried rice, which is very bland. Lovely ambience and good service too. Will come here again if I want a nice quiet place with good ambience"
37,Jes Jassi,5 stars,"Ordered set dinner.
Not bad and food served promptly.
Service is good too."
38,S Wun,5 stars,"Review 1: The service was impeccable, food great! We loved the soups! Have been there several times and each time tried different dishes. All have been high quality and no complains. …"
39,Mrs Koh,4 stars,Came here for the dim sum lunch. Peaceful and unhurried ambiance with food above average. Staff are attentive and friendly. Although is pricey but is surely worth a try. Will definitely come back again for the ala carte menu.
40,Nic G,5 stars,Yàn has been on my to-try list for a while and we were well pleased with the food! Definitely one of the best Chinese restaurants in town. …
41,Shermaine Tan,5 stars,"Superb service here as I celebrated my birthday! The food is really great too, and my favourite way of cooking the duck from the peking duck, is the one with the lettuce!! super good, you have GOT to try it!!! The tofu is also very amazing! Amazing culinary skills! Yum!!"
42,Sara Tan,5 stars,Had the lunch set course during my visit. A popular choice for business lunches/meetings. Speed of serving is pretty fast. Food is of good quality. Recommended for family meals over decent Canto cuisine.
43,Wang Tsai Ping,3 stars,"Tried the National Day special dim sum. Not exactly impressed by the service and the food but chilly crab 生煎包 is quite tasty. Read quite a number of good food review about the restaurant. Perhaps, I will try other food in the menu next time."
44,Clement C,5 stars,"Nice place with good food and service, especially for special family occasions like parent's birthdays."
45,Keith Lyw,1 star,It's not about the food. Not fair to comment about their food qualify when I couldn't even get good customer services and response when I am doing my reservation. …
46,ysl,4 stars,Really nice ambience for a good meal; place was somewhat hidden on the 5th floor of National Art Gallery. …
47,Me La Vu,3 stars,Located at the top of the National Gallery of Singapore. Small dining room. The booths were nice and cozy. Definitely need reservations. There were a few empty tables but people walking in were being turned away. Service in general was not …
48,Alson Tan,5 stars,"Yan's has always been a favourite ever since I chanced upon it about 2 years ago. Their food has always been held to a high standard. Good dishes to try are the signature braised bee hoon (amazing, smoky, wonderful rich, pork lard flavour), …"
49,cyborgbryant834,5 stars,Exquisite Cantonese cuisine and very value for money with Chope vouchers. Service was attentive and nice ambience. Lobster porridge and Peking duck were standouts!
50,Lee Wai meng,5 stars,"Great dining experience with delicious food and friendly service staff coming back again for some dim sum
We had Pre ordered roast chicken, …"
51,Melissa,1 star,"I used to love this place but not anymore - standard dropped when I went yesterday to celebrate my mom’s birthday. They told me they prepared a vegetarian menu for her and when we arrived, they said there was no such thing. The food was now …"
52,Cher Lee Kiat,4 stars,"High end restaurant located at L5 of National Gallery. Great ambience and very good service. Food quality is good, but not much wow factor. We had their set, and generally satisfied with the overall experience."
53,xy S,4 stars,"Vermicelli was slightly bland and abit on the dry side unlike the photos on the menu. Taste wise mediocre, but too much of a portion for two. Roasted platter was amazingly fantastic, must order at YAN."
54,Jeremy Kuang,4 stars,"Had a 6 course dinner for 2. It almost felt like Chinese fine dining to me as individual portions were served to me and my wife but of course they can possibly serve in a similar setting like a 10 seater table, there were only 2 of us. The food was nice and the atmosphere was great!"
55,Peter Lin,4 stars,"Dim Sum. Deep-fried Beancurd Sheets with Shrimps and Chives, Steamed Fresh Prawn Dumpling, Pan-fried Chili Crab Meat Buns, Steamed Xiao Long Bao with Bak Kut Teh stock, Steamed Hainanese Chicken with Stick Rice wrapped in Lotus Leaf, …"
56,Rise&Shine,5 stars,"Good food, great service and perfect ambience. Love their Peking duck, Xiao Long Bao, glutinous rice with chicken, salted egg custard bun and dragon green chives. …"
57,suzen,4 stars,Had an awesome dim sum with the group. Thks for the staff attentive service. It was as good as a buffet. Very filling &amp; worthwhile for each pax spent
58,Prettyme Yu,5 stars,"Overall experience is good. Staff was very attentive and all food taste good. Their abalone and Roast duck were good.
Roast duck skin was crispy. …"
59,Wayne Leong,5 stars,This is my first time trying the food items from Yàn. This meal was enjoyed from home. I’m certain the experience may vary. …
60,Barry Khoo,5 stars,"First time at Yan for Day 1 of Lunar New Year for lunch with family.  Service was impeccable (warm &amp; prompt) - including topping up of tea, changing plates, serving. Standard of food was good (yusheng, dim sum, ala-carte &amp; dessert) and overall ambience pleasant.  Park at Lobby A and take the lift up to Level 5. Will be back again."
61,Yuping Goh,1 star,"Was looking forward to try this place after much reviews but was very disappointed in the food. The food was very bland, the staffs were very eager to clear our plates. It feels very rushed, though there were still empty tables around. …"
62,Yeow Margaret,4 stars,"Dim sum served at the National gallery gives a favourful touch. Love the location but crowd for lunch was rather loud. Dim sum is however, meant to consumed in a lively chattering affair. There was a wedding held at the partition next to the main dining."
63,Thinn Thiri Hlaing,5 stars,"Had 5 course Dim Sum lunch and topped it off with additional 6 piece Dim Sun Plate.
Food was delicious, staffs were professional and the atmosphere was lively yet …"
64,Chantelle Kuah,5 stars,Nice ambience and supreme surroundings. Food is excellent. Suckling pork is one of the best or in fact the best that I've tried! Service is good and neat. Great Cantonese restaurant and quality of food is good. Thumbs up.
65,La Madame NomNom,3 stars,Short handed and took them over 20mins to even serve the 1st course of our set lunch. Food was ok but nothing special. I would say they have nice ambience.
66,Andrew Goh,2 stars,"In fact, I don’t think this deserve a Michelin Star at all. The environment is too simple to be located in this nice location - national Gallery, service is not attentive and slow. Of course, the food we ordered a little disappointing- …"
67,Lance Ng,4 stars,"First thing that struck me - with such a great venue, it didn't have any windows looking out at the bay, I wonder why. Service was also pretty slow. However, the food was well done. Peking duck was crispy, crab cake was surprisingly enjoyable even after a full meal too."
68,Chester Goh,3 stars,"Service was slow, food was below average.
Soup was bland and ingredients was very little
Peking duck was average …"
69,Mighty Foodie,5 stars,"Developed with guidance from Zhongjing Traditional Chinese Medicine, Yàn has launched 2 set menus features an array of appetising dishes designed to replenish the body during the hot and humid summer months. …"
70,jazzmint lim,1 star,"Food: Extremly disappointed with their dim sum menu. At first I thought the Bak kut teh Xiao long bao was special, but it tasted very normal. lotus sticky rice and fried carrot cake was one of the worse I tasted so far, it's just blend with …"
71,De Shun Chin,4 stars,"Food is very good. Especially the steamed thousand layer tofu. The combination of the silky tofu with the flavourful sauce, diced honey-glazed pork, conpoy, mushrooms and ginko nuts makes a good dish for people who prefer a less salty …"
72,Jiawen Chua,5 stars,"Food was very tasty! Ambience was good, just overlooking the roof national gallery. Service is a bit slow but bearable."
73,Irvin “REVIEW IKR”,4 stars,"Enjoy our set lunch. Our favorite dishes; braised mushroom with crab meat and beancurd broth, chicken broth with conpoy and shredded fish maw, steamed cod fillet, roasted duck mee pok, mango sago, chilled peach resin with osmanthus and aloe …"
74,P Cheong,4 stars,"Ordered the dinner menu offered under the Singapore Restaurant Week. Food was good overall, tho I find them slightly salty. Asked for chilli oil and was offered Lao Gan Ma crispy chilli. Added some zest to the noodles."
75,R A,2 stars,"Good place to have business meeting... It's Chinese fine dining. Quiet, serene and the tables are quite private. …"
76,Iris Lim (Nomninjas),5 stars,"Impromptu dinner using entertainer SG 1 for 1 mains ✨ super worth it and the quality of dishes really exceeded my expectations, staff were nice and professional too! …"
77,Varun,2 stars,great atmosphere and service. below average food with expensive high quality ingredients. clearly don’t have good chefs.
78,Amelia Suen,3 stars,I made a reservation here on Monday for my parents to celebrate their wedding anniversary. I called the staff to inform them that my parents are celebrating their wedding anniversary and they were very nice to prepare complementary dessert …
79,Florence Lee,5 stars,"Surprisingly affordable, I had always assumed that the restaurants at national gallery have a higher price point. The dim sum platter $18 makes it convenient for solo diners and gives you a good variety. Extra points for the delicate …"
80,Juliet Zhu,5 stars,"My friend wanted to eat Cantonese and I wanted to have Peking Duck, we chose Yan and it did not disappoint. The service was meticulous, and the food was top notch. We had Peking duck half as pre-wrapped (as my friend preferred) and the …"
81,Joshua Spanier,5 stars,"Excellent, exceptional Chinese dim sum, suckling pig, duck."
82,Keith Tan,4 stars,Had the suckling pig for CNY was nice and 3 ways to eat. Meat is tender and the skin is crispy. Noodle is not bad. Fish is steam nicely fresh and meaty.
83,kookoo koo,1 star,First time went to here and family cny at 19 jan 7 pm. Manager saw the whole thing. files at least 2 to 3 at our table before any food serve. And we paid for the best in their menu. They reason was because of the yu sheng. omg we nvr even …
84,Janice Tsai,5 stars,"I was craving Peking Duck so we decided to check out this place because of its highly rated online reviews. The restaurant is located on the 5th floor of the National Gallery. As soon as we were seated, the server brought us honey glazed …"
85,Johnny,5 stars,Yan restaurant at the national gallery is what fine Cantonese cuisine is all about. Elegant decor with comfortable sitting sets the atmosphere for a delightful meal. Attentive service staff and great recommendation by the restaurant …
86,Patrick Tan,5 stars,"Great service, delicious food at reasonable price. May be not cheaper than other restaurant but its has class of his own. Yan 👍👍 …"
87,Abigail Eats,5 stars,"I held my wedding dinner here in early July, and it turned out to be an absolutely amazing decision. Food was the most important consideration for our celebration, and Yàn was able to deliver a consistently amazing meal for a large crowd. …"
88,Graeme Wooller,5 stars,An excellent eatery with traditional Chinese food.  I would recommend the crab cooked 'Hong Kong' style on a hot plate and cutle fish in light liquid sauce..
89,Schnitzer Ang,5 stars,"This is an overdue review. I went there twice; first with my Wife in Dec and second with my colleagues in Feb. I have to say this is such a good class restaurant. Service is ok, food is good, nice ambiance and importantly it is not that …"
90,Serena Tan,3 stars,"Limited dim sum menu, probably as it’s CNY period. Other than the roast pork and custard bun which I enjoyed, everything else was pretty average."
91,Richardo Largo,1 star,Had lunch on NYD at Yan. The male elderly manager in jacket is utterly unfriendly. He provides service without a smile on his face throughout our lunch affair. A sulky face that greets paying guests is absolutely unacceptable.
92,Chyan Phang,3 stars,"The lobster porridge was close to 5-star. Service however, was closer to a regular neighborhood restaurant. A disjointed experience overall."
93,francis ha,5 stars,"Food are delicious. They stuff is polite.
The night view is pretty."
94,JYS,4 stars,i like the Superior Chicken Broth with Fish Maw the most.  the Peking Roast Duck was good too.
95,CT liaw,4 stars,Alsaka crab and Australia lobster need to make a call and book few days before.
96,Q Y,4 stars,"Would rate this 4.5/5 stars, but couldn’t do a half star on google:

Tried the $78/pax menu. The soup of the day was average - meat was tender but …"
97,Carol Wang,2 stars,Very disappointing food - xiao long bao taste worst then hawkers - nowhere near crystal jade or din tai fong. Half Peking duck with mostly skin in the pancake and dry cucumber. Not coming again.
98,Lin Weikang,1 star,"Order cny take away, had texted them and they informed can collect between 11am-3pm. Upon arrival, said can only at 3pm. Poor service"
99,Christopher Ong,5 stars,The food was tasty and service was attentive. The highlight was the Peking Duck!
100,Natalie Fan,5 stars,Had a pleasant dinner experience at Yan and the portions Are really huge. Pre-ordered their signature kampung chicken with ginger and spring onion - the chicken is so smooth and my boyfriend’s family loved the spring onion. The whole …
101,Gabriel Oh,5 stars,This has got to be one of the most underrated chinese restaurants in Singapore. The quality of food here is comparable to some of the highly regarded chinese restaurants in hotels but less costly. I had the set dinner that costs 78++ &amp; the peking duck. Everything was of top notch quality &amp; delicious. I would highly recommend this place.
102,Andrew Chong,5 stars,"Went to the 5 course meal, awesome food and nice and quiet ambient. Highly recommended"
103,Smart Traveller,4 stars,"Chinese restaurant on the rooftop of national
Gallery of singapore but pity NO VIEW.
FOOD is nice."
104,Brandon Chia,5 stars,"Great food, great ambience and friendly staff! A great place for a family reunion dinner."
105,C S,4 stars,"Typical upmarket Chinese restaurant. Fine Chinese food. Most impressed by the way following dish was prepared - although it tasted a little plain. All said, it is a place worth coming back again soon."
106,Aaron Poh,2 stars,"Went for dinner on Sunday. No issues with service. Problem is with the food.

Overall theme with the food is an absence of any flavour infusion or seasoning. …"
107,Red Z,5 stars,"The restaurant located in a historical building, quite cool. The food is good and a good place for formal gathering even business dinner. …"
108,Vanese Ng,3 stars,"Came here for lunch. Ordered half a Peking duck, bamboo clams and other dim sum dishes to go along. Honestly disappointed with the quality of the food, xiao long bao skin was too thick and so were the custard buns. Char siew bao fillings …"
109,Sophia H,1 star,"Food was bland, even though my family is quite used to non heavy tasting food. Certain dishes I ordered (rice and noodles) took a long time to be served. In the end, I was informed that noodles was not cooked properly and can't be served. …"
110,Benjamin Wong,4 stars,"Pretty good food, nice ambiance, service is that of a typical Chinese restaurant."
111,Carol,1 star,I booked private room for Mother’s Day celebration at this restaurant. My family dressed up for the occasion and pre-ordered the food we going to eat. …
112,Loi Jaryn,3 stars,Had my wedding here in November! Food was great and view at smokes and mirror for reception was amazing! Guests were very happy with the food. …
113,frederick lim,4 stars,Good food but not great. But could be due to the dishes we ordered which may not be their best.
114,Lai Jye Sing,5 stars,"Have tried their dim sum, quite nice. The service is impressive, very nice explanation and know customer well. Will definitely visit again."
115,Mats Lingblad,3 stars,"Quality is not as good as before. Xiao Long Bao skin very thick and dry, chiau pork bao filling a bit tasteless. Venue is pleasant. Smoked nuts for $6 is too much …"
116,Jyane Quek,3 stars,Never thought of trying this restaurant before and we were here for the first time (thanks to NS men vouchers). It’s a set lunch menu for 2 pax and I must say it’s overpriced for its food quality. Food presentation was good but the taste …
117,Richard Thayer,5 stars,"A wonderful ambience and had good spacing between tables and not noisy, despite being busy. Food was tasty and we had to order more for the five people in the group. The whole duck was very good. Crispy skin and the duck itself was tender …"
118,Sahgal Gmail,4 stars,Great quality and ambience. Peking duck presentation and 2nd course is excellent.  Good for groups.
119,June Low,1 star,"Extremely bad service and food taste edible but not good, especially for its price. For almost every dish we need to ask them to serve and sequences of menu also wrong. Server can still talk back and say they serve whatever its available. …"
120,Bee Li,5 stars,We had our solemnisation at Yan using two private rooms. We started with the solemnisation followed by lunch. It was really value for money. Here is what I appreciate about Yan: …
121,Jay Banghar,4 stars,"Set lunch was on point.  Fresh seafood, good portions and good value.  Service was efficient and atmosphere was nice."
122,Albert Sheng,5 stars,"We came here to celebrate my father in law's birthday. Ordered the $118/pax set meal. Seafood was very fresh, the other dishes were also very yummy. My 2 kids gobbled up the peking duck. Service was good too.
Overall, it was an excellent dining experience."
123,MrsOh,1 star,"The food was delicious and the ambience was nice. However, our dining experience was ruined by one of the staff, Aki. Staff expected guests to move aside for her to clear the plates without telling guests nicely, questioned guest what …"
124,Michelle L,2 stars,Was considering this restaurant for our wedding lunch party and brought my family for lunch to test out the ambience and food. The waitress assigned to our table offered very poor service. She even told my sister off for ordering the wrong …
125,Richard Tan,3 stars,"Ate here a few times. Each time I left totally satisfied by the food, the ambience and the service. …"
126,Catherine P,5 stars,Nice food and excellent service- fast and attentive. Thanks for a wonderful birthday experience for my mum and family
127,ling ling ho,4 stars,all Chinese restaurant in Singapore I would rate food over 4 for sure it's just sometimes service is a little iffy  towards foreigners but it's life you will run into this sometimes and can't be avoid. Every restaurant is different and run …
128,Cerlynneee Chong,5 stars,Delicious chinese cuisine! Price is at the high end.
129,Andrew Kam,2 stars,Update 18 Jan 2022: Yan called to say they gave me the frozen salmon meant for another customer. They will refund me the price of 2 x Salmon (since I ordered extra salmon). …
130,J Wang,5 stars,Great food and great staff! Second time here and will come back again!
131,valerie tan,5 stars,"Food was great! Every dish we ordered was excellent.

We had the peking duck, duck meat fried with vegetable, roast pork, cod with …"
132,K.T.,4 stars,Had a great reunion dinner with my family. Great ambience and full of CNY vibe. Food was great but could be better but understandable for mass preparation. Would probably try again for friends gathering during normal period.
133,Ishleen Sethi,5 stars,Came here to try Peking Duck which was delicious. Other dishes worth trying are the Beef Tenderloin and Mapu Tofu. They also accept the Entertainer app.
134,Linda Foo,2 stars,Today we were there for lunch to celebrate my father in law’s 80th birthday. They forgot to prepare the longevity buns which they had told me they would do so when I made my reservation. Secondly they also forgot to cook the Peking duck for …
135,Maricar Jagger,5 stars,Beautiful restaurant atop the national gallery. Excellent dim sum.
136,Renee,4 stars,Dim sum was decent. Recommend not to wear dark coloured clothes because the napkin left a lot of white lint on my shirt. Maybe the restaurant can provide a lint remover or look into the state of their napkins.
137,bleu boat,1 star,Went to have dim sum at Yan Restaurant today. The dim sum menu is very limited. Had the chili crab bun which was okay only. The char siew bao was not nice. The pan fried carrot cake was just okay. The chicken feet was not nice. …
138,Kye Seng Ang,3 stars,"Here for friend's wedding.

Service was questionable. 1.5 staffs for 4tables of 10, had to wait quite awhile …"
139,mic helle,1 star,"Came here with my family to celebrate birthday for my child. Worst Chinese restaurant ever, it doesn’t even worth that $950 bill. Service was bad, I don't blame the staffs as they are nice but the manager attitude is extremely bad and …"
140,Tyson Wang,5 stars,1 of the Best Chinese restaurant I had eaten at.  Entertainer App just me 1 for 1 somemore.   Highly recommended.  I personally will go again with or without app
141,Lily Lee,4 stars,Attended a wedding lunch on the 20 mar 2022. The restaurant is cozy. The surrounding is serene.  Great place to dine if u don’t like crowds.  Nice Food &amp; service is good. Manager was always there to make sure everything is ok. He is very …
142,Alicia Chan,4 stars,"Visited over the weekend to celebrate my dad's birthday. I have been there twice so far. I like the ambience of the restaurant and I went back because the service I received the first time was good. However, this visit was a bit …"
143,Jessica T,1 star,"The experience there at Yan Restaurant wasn't as good as I expected from a high-end restaurant. I'm extremely uncomfortable when a staff AKI was serving us. It was the last course meal, the dessert. The staff kept on clearing the dishes …"
144,Zong Yi Lim,5 stars,"Had dinner for a birthday celebration at this wonderful restaurant on a Saturday evening. If you’re looking for classical Chinese cuisine that packs a punch in terms of taste and presentation, this is the place to go. Soups were the best …"
145,stephen francis,5 stars,"I took lunch there on 25/1/18.
I ordered Signature Crispy Roast Suckling Pig that cooked in 3 way.
First way the skin was real crispy with just correct amount of fat underneath …"
146,Nei Hou Mou,5 stars,Great service. Great food. Great setting. Great location.
147,Ying,2 stars,"Went there 3 years ago to celebrate my dad’s bday, food and service was excellent and we fondly recall the service and food. Returned today to celebrate my mum’s bday as she was back from overseas after 6 years abroad. Indicated comment on …"
148,Michael Ng,4 stars,This place serve contemporary Cantonese cuisine. The place is located and the roof garden so the environment is quite quiet and private. Restaurant decor also is contemporary in design to match the National Gallery artistic ambience. Their …
149,Grace M,4 stars,"Beautiful ambience, well-preserved dishes. Recommended: Peking Duck and the Scallops and asparagus. …"
150,Melissa Lee,5 stars,Probably this is the only Chinese restaurant at the National Gallery. Worth paying for the food quality. Nice!Ordered their set menu for 2 at $98++ per person. Superior chicken broth with fish lip is good but the four head abalone was probably steamed for far too long and tasted like fish cake.
151,Angel Tan,5 stars,Yummy Chinese food. Recommend.
152,Cin 2,3 stars,Dishes tasted very bland.  Service was below average. They didn't know how to smile. Aircon was quite warm
153,Clara Lam,5 stars,"I went there 3 weeks ago to give my grandma, aunt and mum a lunch treat. My grandma loved the food and the service was awesome! A waitress called See Gek served us and she was so thoughtful that she even cut the meat into bite size pieces …"
154,Hoton Elicano,5 stars,"I think they are slightly on the high side of price and the service time took a bit long.  But having said that, it clearly still deserved 5 stars on food taste and exceptional service. …"
155,Summer Love,3 stars,"Tucked at a corner on Level 5. The ambience of the restaurant is fine. 5 stars. Food wise, for some reasons, the dim sum like siew mai har gao is quite dry, we like the fried rice though. Service attitude is acceptable but does not leave …"
156,Brian Cassanova,5 stars,"Situated in a prime location in the National Gallery, it is not a big restaurant so you can expect a sort of cozy atmosphere. We had about 6-7 dishes and every dish delighted us. The most memorable is the steamed Soon Hock fish - Yan sent a …"
157,Relaxguy T,5 stars,"Food was good, service was great. Outside view is fantastic as well. Wendy and crew made it an extraordinary experience.
My dad feet was not feeling so well and when the service crew saw that when he …"
158,Alan Tan,5 stars,Went for cny reunion dinner. Good service n food.
159,linh chu,2 stars,"Came without an reservation but the house was empty so it’s fine. Staff was unfriendly, knowing that we couldn’t speak Chinese but refused to speak English. The food was so so only, give that the price is expensive, it’s not worth it. …"
160,Jing How Koh,1 star,"I've been to Yan a few times and overall impressed by their food. So decided to order delivery for my family, with the delivery to be at 530 - 630. At 6, we decided to call the restaurant just to check where the food was as the toddler was …"
161,WenKang “wenkang” Chin,2 stars,"Foods are average. Nothing wow for the settings and price paid. From dining experience wise, we had a “friend” buzzing and joining our meal, I guess that’s a fruit fly (something similar), just irritating and unexpected for a place like this."
162,Aaron Tan,4 stars,"Ordered : pumpkin seafood soup , Peking duck , tofu, fish maw vermicelli.

All only above average, thus 4 stars. …"
163,Family Sng,1 star,Booked a lunch at Yan's for my mother in law's birthday. Informed both online and via a phone call that it will be my mother in law's birthday and if they can present a cake or something to her during the meal. They flatly and coldly …
164,SierraCharlie,4 stars,"A great spot for lunch or dinner with a wide selection of classic Cantonese takes like BBQ meats, seafood, wok fried dishes etc. Dim sum is served at lunch time with decent offerings. What stood out for us were the two sizzling hot …"
165,hannee22,3 stars,Went to Yan for NYE dinner. Some dishes were under-seasoned (e.g. steamed kampong chicken ginger and spring onion) and the service was rushed. Overall experience: average.
166,JBK,1 star,Had a 5 course lunch. Was supposed to have a surprise treat but the dining experience was unpleasant. The waiting service was rushed - no one introduced the dishes and rushing to clear the plates. The food was too salty and badly cooked. The only good dish was the walnut and glass of water
167,Chi-Hang Lee,3 stars,"Went for dinner and ordered a set menu. Service was good and ambience was relaxing. However, the food was not as tasty as our previous visits before the pandemic. Disappointed to some extent with the meal as a whole."
168,Christie L.,3 stars,Ordered Peking duck - which was quite good but had better ones. The char siew combination platter with soy chicken was so average. The chicken had a unpleasant / not fresh meaty taste and the char siew wasn’t so much different from the …
169,Edmund Wee,5 stars,"The culinary standard here is top notch; they still use top of the line ingredients, which is why I keep coming back. I love their bento sets; very well thought out options. Keep up the great work and amazing personable service. Kudos!"
170,Wenbin Kong,5 stars,"Bought the confinement trial for 4 days. Food is better than expected, service was excellent. I was late on the last day to collect my food and they kept it in a warmer for me, it was still hot when I went to collect(after 1hour). I will …"
171,Cheng Hui Kang,1 star,"Food did not taste fresh at all (e.g beef cubes and prawn did not taste fresh) , had diarrhea and cramps thereafter. Had their CNY Ala carte menu. Service was ok."
172,Bogdan Dumitrescu,2 stars,"I had dinner here after a slightly painful reservation. I orderd two main courses (roast duck and seafood) and one appetizer (roast beef). Although they accept The Entertainer voucher (even advertised at the entrance), they denied my …"
173,Natalia Connor,1 star,"My friend and I had a craving for some Cantonese food. After reading all the good review here, we came earlier for dinner. Come to our disappointment that the service was super terrible, meat was tough. We barely finish the food. The old …"
174,Baldwin Ng,1 star,"My experience with Yan was a disappointment. Expectations were high due to consistent, raving reviews on various platforms, with some complaints about standard of service. Brought my wife there for her Birthday. …"
175,Rob G,5 stars,Nuff said. Wow! Top notch food and service. Am coming back again.
176,Berlin Ang,5 stars,The Peking Duck was great
177,LK Wong,5 stars,"The manager recommended 4 dishes- kampung samsui chicken, crab on chee cheong fun in claypot, luffa and cloud fungus in rich stock, thousand sliced tofu. The food did not disappoint. What a delicious Cantonese meal in an elegant setting, and at, what we felt, very reasonable prices during these trying times. Worth a visit!"
178,Vaniss Quek,1 star,I recently ordered a noodle bento set last week  but was disappointed to find the side dish prawn dumplings to be not warm .The ingredients tasted stale  and I spat it out as I found the dumplings totally unacceptable for consumption . Yan …
179,Ho Yan Yi,5 stars,"We held our wedding banquet on 2 Nov 2019 at Yan restaurant and it was nothing short of amazing. Our guests loved the food (special mention to baked pork rib, golden pumpkin broth and deep fried salted egg custard bun dessert). We even had …"
180,Loh Selina,1 star,"We felt rip off, the ginger with dumpling dessert cost $12 per bowl with only 2 dumpling.Mr CK Shek should have informed diner of the price. Nobody will expect an ordinary bowl of tang yuan cost $12. The dumplings are ready made nothing special."
181,Jas Kwan,4 stars,"Good quality of food, though a little salty to my liking.  Service was superb! Thanks to Wendy for her thoughtfulness and attention to details.  Our guests were all impressed and enjoyed themselves with great food and services.  So glad I chosen Yan for my mum 80th birthday celebration!  Great Work Wendy!"
182,Ivan,1 star,"Absolutely disappointing experience.

Placed an order for their Thousand Layer Mooncake through the web and when we …"
183,Lim Wei Christine,5 stars,"This is a long overdue review of this place, but would definitely recommend it especially for weddings! …"
184,Guo Hwei Lee,2 stars,"Very average...we had the BBQ honey pork, sauteed scallops with veg, Yan signature rice vermicelli, braised beef brisket, wok fried carrot cake, fish maw soup, soup of the day, coconut combination, chilled mango sage and chilled mango cream with vanilla ice cream and oats in coconut."
185,Kelly W,4 stars,"Nice, upscale Chinese at NGS. It felt like they were understaffed so I’m sure service is smoother when they have a full team. They very kindly gave us bday pork buns which was sweet and we really appreciated the kind gesture."
186,Dan Morogh,4 stars,This place has nice ambience and serves delicious Chinese cuisines.
187,Anya C,5 stars,Had my ROM dinner here. They can arrange for tea ceremony in a private room (with minimum spend). Food was top notch and service was good too
188,Dean Tan,3 stars,"always thought of trying but was a let down for the amount of money spend but quality and service isn't there. as good as going any food places within shopping centres. food was ok, priced like hotel but standard like shopping centre restaurants. will not come back"
189,Natalie Aw,4 stars,"Came using Entertainer. For the 1-for-1, it is worthy to dine in. The food is delicious, ambiance is beautiful. Had the mee pok dish, Braised Chicken with House Special, Platter of Duck and Roast Pork and Steamed Thousand Layer Beancurd. Service was prompt too! Would come back again to try other dishes!"
190,Glen Francis,5 stars,"Great Chinese Cuisine
Esp their Peking duck"
191,Yolanda Ng,3 stars,"First time dining here. Was full of anticipation after reading their reviews.
However, we were very disappointed.
Food was mediocre, service is poor, seem to be lacking in manpower. The service …"
192,William KingOil,1 star,The food here is bad and not worth the price at all. Such a shame given the location and surroundings of the restaurant is very appealing. The table next to us was so loud and even one of the staff seem to be entertaining and interacting with them the whole time we were there. Will not return and will not suggest anyone to come ever.
193,Tan Peng Yang,5 stars,"Dear Yan staff,

Thank you for making sure our wedding went smoothly, the food was excellent and …"
194,Maggie,3 stars,"Food is So-so

Peking duck is ok and the other dishes are standard but don’t think it’s worth …"
195,WeiYin Chew,5 stars,"I enjoyed my lunch tremendously at Yan, and found the ambience cosy and service personal. Dishes worthy of mention were prawns cooked in wasabi sauce, and sea perch in light sauce. The mango creme dessert was soothing and definitely worth a trip back."
196,Nick Hui,4 stars,Came here to celebrate my mum’s 70th birthday. Besides the excellent food - there was a personalized calligraphy message for her birthday. …
197,Cay Ac,5 stars,"Had the opportunity to try many dishes, including char siew, suckling pig, and crab chee cheong fun (off menu). It's difficult to pick a standout from many stellar dishes, but having had many substandard suckling pigs from may restaurants, Yan's was particularly impressive."
198,Steve R,5 stars,"Ok, so I reviewed the national gallery instead doh! Better correct that... But this is a great place. Don't understand who it's not more busy, pork belly was superb. Very friendly staff who make sure your meal is a delight."
199,S C,2 stars,Overrated. The restaurant is not well ventilated and air conditioning is poor. Food is not to my expectations. Service staff is friendly and attentive. Not a place I will visit to dine in again.
200,Liang Tan,3 stars,"Food was good quality but a bit pricey. Was mistaken that this restaurant does not have a view. You need to go to the 5th floor, it's not that easy to find."
201,Ida T,2 stars,"Food was nice but bad service. Sour faced waitress told us restaurant was closed to chase us out at the end. Not that I don’t understand restaurants need to close, waitress could have done it with a less ugly look. …"
202,little ramona,2 stars,There were only 2 staff on duty and they were unable to cope. Service was too slow and inattentive for high price point. The dishes were ok but not outstanding. Crab porridge was very bland.
203,Cleo W,5 stars,"dim sum is good and environment is great,  considering the price.
Dim sum is delicate and tasty, we almost tried every tpye, but the signature dish is just everage , recommend for dim sum."
204,ehs s.,3 stars,decent food small portion
205,PohSuan Lim,3 stars,Food was above average. But the head waiter looked grumpy unlike the other service staff who were helpful and friendly. It is unusual for the head service staff to be grumpy. Hopefully it is only that day
206,Leander Yohanes,5 stars,"Spacious interior, featuring&nbsp;contemporary&nbsp;Chinese&nbsp;decor&nbsp;with touches of modern elegance. Situated on the fifth floor of the recently opened&nbsp;National Gallery, restaurant goers can venture into the exhibits on lower floors to appreciate some art after a taste of&nbsp;Yan’s&nbsp;signature&nbsp;Peking Duck or delicate dim sums."
207,Teo Desmond (Desmond Sean Teo),5 stars,"Was absolutely wowed by a manager named Wendy. Her service and attitude is out of this world! It’s beyond what you would have expected.
My dinner havent even started!
Thank you Wendy!"
208,Henry John Luong,4 stars,The peking duck was not bad but the fish maw soup was a bit salty.
209,Pck isaac,5 stars,Good food. Nice ambiance.
210,Corenub,4 stars,"The food is amazing, though the Peking duck flour skins can be a little chewy. A lighter skin would do amazing justice to how good the duck is."
211,Helen Koh,5 stars,Very good food and services is super
212,Patrick Chan,3 stars,"Food good but waitresses were not polite &amp; never acknowledged customers requests w a reply via words or a nod, unfriendly &amp; moody faces shown by 2 waitresses, waiter who attended us was friendlier tho. For the high price for good food but poor service i will not come back"
213,Si Min Phoen,3 stars,Good food but the service can be improved. Did not feel like a classy restaurant. The restaurant also has a fishy smell and ventilation isn't good.
214,Y Liu,1 star,"Lousy attitude! Wanted to order confinement meals, so I asked for the confinement menu as it’s not listed on the website. But told me to look careful again.. if I can find i wouldn’t make the call. …"
215,Danny Teo,1 star,"My credit card details got compromised 1 day after using at this restaurant. My card was recently just replaced and this was the only place I have used it at. Practise extreme caution when you hand your credit card over to the person. Make sure it stays in sight, and your CVV number is blocked from review. Wretched staff."
216,Ben Wong,4 stars,"Location of the place is unusual, it is locate in our National Gallery. Food is above average and the staff in general is quite prompt and helpful. Parking is ample. Recommended!!!"
217,Patrice Ong,2 stars,Goodness! The food is really expensive for this kind of quality! Mostly for tourists or people who want to impress with the décor. Lots more decent mid-priced options around!
218,Eugene S,5 stars,"Good food, ambience &amp; service! 👍🏻 …"
219,Jaslyn Yong,4 stars,"Lunch on monday, good food, decent and more delicious dim sum compare to few months ago from my last visit"
220,K,4 stars,Food at Yan is ok.
221,Nadia Thanayada,5 stars,It's awesome ♥️
222,Che-yin Suen,4 stars,Good taste and good service.
223,W zhan,1 star,"if you think all restaurants in national gallery are good，you are wrong，experience is the best teacher！
The food is bad even worse than food court，service is also bad"
224,weini xiong,4 stars,Nice food with good ambience. Love their Crispy Roast Suckling Pig and Sautéed Beef Tenderloin Cubes with Golden Sliced Garlic.
225,M L Eu,4 stars,Good quality Cantonese cuisine.
226,Jack Griesedieck,4 stars,Decent food but overpriced
227,Ng WenJie,3 stars,Food was average and you expected more for the price. Service crew were understaffed despite it not being a full house.
228,Albert Chia See Chew,5 stars,"Enjoyed personalised service from restaurant manager, thanks to colleague who is a regular and brought us to enjoy a great meal in good company!"
229,Philip Woods,4 stars,Great place for a special meal. Afterwards check out the views from the rooftop viewing platform.
230,Harriet Yee,5 stars,Great to dine at Yan Restaurant at National Gallery Singapore..........the food and service are good and delicious..........good to dine there.......
231,Claraine Angela,3 stars,Food was slow and really salty. Aircon was practically non-existent.
232,1421 Discoveries,4 stars,"Food - great
Ambience - plush interiors, good family gathering. Can walk outside and upstairs for great view of the Padang and Bayfront
Price - $$$$. Worth it"
233,Andrew Tan,5 stars,Nice food with a nice ambience.
234,Kenneth Wong,5 stars,Good ambience and excellent service. Went for lunch and the dimsum were fresh and taste was too notch! Noodles were okay.
235,CK Leong,5 stars,Menu is not exhaustive. Manager can recommend if you ask to have something different
236,chan zijun,4 stars,"The food is good, although the layout is not very conducibr for weddings (eg pillar blocking the view, no screens)"
237,Pooi Mun Wong,4 stars,"Food is good, service is good, nice surrounding. Can go up to level 6 for their pub also, nice view there."
238,Sandra,5 stars,"Quiet and elegant, a place away from crowd and fuss. Quick and good service. Cha shao bao was an exceptional dish."
239,Benjamin Lam,4 stars,"Decent place but it is a little on the pricey side. You can use entertainer here. But honestly, the food is nothing fantastic."
240,Geraldo Sim,5 stars,Exquisite food. Everything is fantastic though the sweet sour pork is a bit dry. Service is good too
241,「Angel - Chris」,4 stars,Food and dim sum was delicious but expensive. Love the chilli crab bun
242,Angeline Tan,2 stars,I  am paying premium but my dishes was served in a rush. Not very sure if the staff are rushing home?  Food is  alright but service is Bad.
243,C HT,5 stars,Great place for special occasion
244,bf tan,2 stars,We are quite disappointed with the food and service. For a meal  cost $180 per pax was not cheap and would not recommend.
245,Pamela Goh,4 stars,"Authentic suckling pig done just right. Not preprepared, not fried oily or mass produced. Fantastic."
246,Arnesh lalwani,4 stars,"Good food and very nice experience, place was very nicely decorated and was nice place to eat at."
247,Zhan Peng Hng,4 stars,Chinese restaurant. Nice ambience. Great for large group meals. Food is pretty decent.
248,Jz L,4 stars,"Smaller than expected but overall ambience, food quality and service are decent good."
249,chaangru lee,2 stars,Definitely not worth the price. Your typical zhi char stall can do better. service was still ok.
250,Jerome Ong,5 stars,"Nice food, ordered scallops/beef cubes/roasted platter roasted duck+char siew (must have)"
251,Richard L,5 stars,Good place to have Chinese food.
252,Terrence Lee,3 stars,"It's unexpected, Cantonese cusine was not as good as I expected base on services and food . there's still room for improvement..........."
253,SH P,5 stars,The dim sum here is very good as is the peking duck. Highly recommend.
254,Alan Liem,5 stars,Excellent Chinese cuisine for family. Tea is refreshing.
255,birdie45 tay,5 stars,"Very crowded but worth the wait! Do take a reservation before you come down, their crispy duck is the best!"
256,Sebs,5 stars,Excellent service and food. Must try the roast pork! Truly a hidden gem
257,Cerealicious,5 stars,Good service and food
258,Lho Chen Yang,5 stars,"Love the service. Food was amazing, and different from cuisine elsewhere. Try the suckling pig!"
259,t c,5 stars,Love their braised meepok !
260,SEAH ANDREW,4 stars,"Nice food, nice environment can explore the outside after a good meal"
261,Kelvin Chua,5 stars,Fish soup very nice
262,Jian En Ng,4 stars,Very nice and filling weekday set lunch. Value for money! Nice quiet ambience.
263,Michelle H.,1 star,Service is really terrible especially from the female staff who picks up the phone and hangs up when she can’t be bothered to look into the customer’s request. Wouldn’t recommend!
264,Kyanvi L,3 stars,"Expensive, average food. It's Cantonese for sure, but there are other better alternatives."
265,Lawrence Low,5 stars,Very nice lunch. The heritage setting is an attraction too.
266,Kwok Candy,5 stars,food is nice service is good
267,Daekyung Choi (Dan),3 stars,Very luxury place but the food quality doesn't follow that.
268,tak monmon,5 stars,Amazing quality
269,Corinne Leung,5 stars,"Excellent Chinese food, nice ambiance and central located for the perfect family gathering place"
270,Cookie Monster,5 stars,Pretty good Chinese food
271,Andrew Yong,5 stars,Surprise Birthday Longevity Bun!
272,Peter Kakulas,5 stars,Very good - tasty food and great service.
273,Steve Lam,4 stars,Food is nice and most importantly it is rather authentic in Cantonese cuisine.
274,Dawn Kamleiter,4 stars,Lovely dim sum in a great location.
275,Jonathan Gan,3 stars,Cosy restaurant. Food is decent!
276,Penny Blossom,5 stars,Great place for roast duck
277,Jess Low,5 stars,Like the peking duck &amp; dim sum. Awesome
278,WU GUOWEI JACK,4 stars,Nice dim sum. Great place to hold birthday events for parents
279,Jaslyn Seah,5 stars,"suitable for business meals, nice environment, Food quality is good"
280,Yingni Xie,5 stars,Very good service and recommendations. Must try Peking Duck and Ee Mian!
281,Edmond Yew,4 stars,Food tastes not bad.
282,Cheek,5 stars,Good quality and tasty.
283,SUN Denis,5 stars,Very good food and service. And accommodating staff.
284,Melvin Ng,5 stars,Good ambience.. But car Park entrance is very tricky..
285,mark neow,5 stars,Great food! Had the set lumch A.
286,Leong Kwok Hing,4 stars,Located at lvl 5 of the national gallery. Food is good
287,Just Food,2 stars,tooooo salty... even grandma who has heavy taste kept mentioned salty.
288,E Wang,1 star,Very bad experience. Food is awful and not worth the price! 😡 …
289,Lakshminarayanan Ranganathan,4 stars,"Food and ambience are good...
Service is good"
290,Tan Sok Eng,4 stars,Good food cozy corner
291,Myoga Kaiware,4 stars,"Good for business lunch, too"
292,Peiyi Wang,5 stars,High end Chinese place. Brought my parents here for their birthdays treat
293,.SJ Tan,2 stars,High end prices but very poor service. Short handed.
294,Enrique Montes,5 stars,Food is delicious 😋 Thank you 😊👌🏻 …
295,Joey Heng,3 stars,Food was alright
296,Dawson Yu,4 stars,Good food but service could be better.
297,Leo Yap,4 stars,Great Cantonese food run by the Park Hotels group
298,Kwok Kah Kuoy Mr,5 stars,Very good service. Good tasty food.
299,teresa hua,4 stars,Intimate setting for a wedding banquet with good chinese food.
300,Debbie Chan,4 stars,Pretty decent food and atmosphere
301,Vera Silva,5 stars,Very nice place and a wonderful food!
302,Simon Tian,5 stars,Cozy &amp; delicious ch8nese crusine
303,Han Hong Tan (Hanhong),4 stars,Pricey dim sum in Singapore.
304,Zi Yan M,4 stars,Great venue for a cosy wedding lunch!
305,Sotthi Upali,4 stars,Excellent dim sum fresh and supple texture
306,ÜberTrotter,4 stars,Great service and authentic Peking duck #Redo
307,Denis Tan,5 stars,"Great food, reasonable prices"
308,Shui-Min Tan,4 stars,Quiet cozy restaurant with good food.
309,Emily Poh,4 stars,Very good service n good food with good ambience
310,Ping K,5 stars,Awesome Chinese Restaurant inside the National Gallery!
311,Chong Whyee,5 stars,BIG
312,lim sn,4 stars,"High quality chinese food, slightly expensive"
313,hui hua wong,5 stars,Delicious food. Highly recommended
314,Tey PeeFuan,5 stars,higher end but absolutely worth the price
315,King Huat Goh,4 stars,Good food and services. Nice ambient
316,Jason Choong,4 stars,Good service and food at good price
317,tkfsung,3 stars,Good food but very expensive.
318,E,5 stars,Top notch service and excellent cuisine
319,Koh Curtbeth,5 stars,Good food
320,Stephen Tjandra,5 stars,"Beautiful ambiance, awesome cusine"
321,Choong Thoong Chua,5 stars,Nice food and place.
322,Jinghao Ke,3 stars,Semi-unique offerings. Fair execution.
323,Sivarajah Kanesananthan,2 stars,Food is too salty. Service is poor.
324,E L,5 stars,Nice food. Nice ambience.
325,MichaelSY Yeo,2 stars,Took quite a while for most dishes.
326,Parimal Dubey,2 stars,Haan kay food.
327,Daryl,4 stars,Dim sum here was just OK
328,wong stanley,3 stars,Ok so so
329,Evelyn SPET,5 stars,Interesting food &amp; nice ambiance
330,Johnny Chan,5 stars,The food were exxellent
331,Leedon_Green,5 stars,Excellent food
332,Ong Pat,5 stars,Good food good ambience....
333,Rich Tan,5 stars,Peking duck was good
334,Eric Goh Hoi Sang,5 stars,Service  good food pro
335,June,4 stars,Nice foods and good service.
336,Hee Choon Yann,5 stars,GOOd
337,Ian Mc,5 stars,Exceptional service and food
338,Yanz Tay,5 stars,Good food and environment
339,Boon Keng Ong,3 stars,Services can be better
340,Angela Seah,5 stars,Great ambience!
341,Jia Hui Goh,5 stars,Nice food and service
342,Teo Jia Jun,1 star,Bad food bad service
343,Way Chung,4 stars,Good food
344,Peggy Lee,5 stars,Enjoy the food here
345,Ming Tai Tan,5 stars,Great food
346,Yuhao Ow,5 stars,Awesome food
347,Chua Dolly,4 stars,Food is good but expensive
348,S L Chan,4 stars,Food delicious.
349,Adrian Foo,5 stars,Good food.
350,Keith Low,3 stars,Decent restaurant
351,Mario Campos,5 stars,S A N T I A G O
352,Damien Tan,5 stars,Great Food
353,Joan Koh,5 stars,Good
354,ごんた,4 stars,"It's good to have roast pork belly, drink Tiger beer, and eat Peking duck. After this, it's better to go eat bak kut teh.
Mapo tofu, fried rice, and dessert were average. There is no need to order other chashu or roast pork."
355,YAY SF,5 stars,"I’m here to review their postpartum meals. Daai tableware is eco-friendly, the menu is personalized, the customer service is easy to communicate with, and the people are super patient. The key point is that the food is delicious and …"
356,아이스라떼,3 stars,"It has no taste... it's bland. It's not good
2 people ate the $150 course per person.
The total cost including service charge was $375."
357,Regine Flyindance,5 stars,"Slice-skin roast duck, steamed fish, double shrimp balls. Will definitely go back to eat again."
358,phii r,4 stars,"The food is great and the environment is clean! The only drawback is that the serving speed is a bit slow, and it feels like some restaurants are understaffed. We had the 5 course lunch, which was not expensive and very filling. Will come again!"
359,JaSy JaSy,5 stars,"Simple yet flavourful dish, oysters and scales with rice!"
360,Viviana HEO,4 stars,Slightly expensive lunch menu. Staff are very friendly
361,Chong John,5 stars,Chinese food is great👍🏻 …
362,Eric Oynoyan,4 stars,Great Peking duck. Worth a try
363,Riccardo Sala,5 stars,Elegant Chinese restaurant located on the top floor of the National Gallery
364,Zhi Wei SET,5 stars,Very nice laksa xiao long bao
365,阿琪的日常,1 star,The service is too bad...if there is one -✨~It is —5star
366,Masahiko AIDA,4 stars,Location was great! ️
367,K D,4 stars,nice place for eating dian xin
368,Palawat Naka,4 stars,delicious
369,Soon Tiong Tan,3 stars,It's OK to eat
