,Name,Rating,Review
0,Orange Blooms,4 stars,"Food: 5/5
Service: 4/5
Atmosphere: 4.5/5 …"
1,Ivy Ye,5 stars,"First time visit in July 2023. Not really a fan of modern Indian cuisine but this place proves me wrong! All the dishes are heavily packed with authentic Indian spices, even the use of uncommon ingredients like scallop and lobsters …"
2,Kleonas Hadjiminas,5 stars,"Indian fusion, gaucho grill and rock music! A great experience from a menu of indian tastes but inspired globally. I chose the discovery set as I was full from a late lunch but I would try the omakase on the next chance I get! 100% recommended for food and great service from the chefs/cooks! Favourite dish was the turbot!"
3,Supreet Kini,5 stars,"Revolver has been on my list of restaurants to try in Singapore for a while, and I finally got a chance last week. …"
4,John Teo,5 stars,"My favourite ‘atas’ (fancy) Indian restaurant in Singapore - it has a very NY vibe, mostly counter seating next to strangers, and the flame-kissed dishes prepared before you. Food is flavourful and heavy, so come hungry."
5,Glendon Phua,5 stars,"Second time having dinner here. The flavours and combination of dishes blew my mind yet again as Chef Faris and his team presented their new menu. Tried the discovery menu and their dry-aged turbot, espuma from the grilled hokkaido pumpkin …"
6,MC 12,4 stars,"I don’t have fondness for indian food. Considering this place serves indian food, it was not an easy decision for me to visit this restaurant. …"
7,SH W,5 stars,Had a great dinner at Revolver. The discovery menu was excellent. Everything was well balanced with exploding flavours. Will be back!
8,Duncan Hilder,5 stars,"Really great experience. Flavours were fantastic, all the food was cooked exceptionally. Really impressive take on Indian cooking. …"
9,Sukanya Raj,5 stars,"Came over to Revolver for my birthday. The food was rather delectable and full of flavor. It was my first non-japanese omakase experience and I had to say, the food and service blew my mind away. Being an Indian myself, I was too shocked to …"
10,Jonathan Lee,5 stars,"After a couple of attempts to make a reservation, we finally got one for date night. There was four sets to choose from and we settled on the discovery menu as it sounded like quite a bit of food already. …"
11,Bennett,5 stars,"Love the food, the service and the chemistry of the team.

Sitting right in front of the kitchen counter is the right place to be. Very …"
12,Muzainy Shahiefisally,4 stars,A decent lunch at an excellent price point with quality service. The first course (which turned out to be the best) was a Japanese aubergine coated in peanut brittle sitting atop a tamarind and date mash. A brilliant combination of multiple …
13,Angel Tan,4 stars,Finally ticked off this restaurant from my To Try List; heard the normal ala carte menu is better though. This was the Big Night Out menu; the dishes were nice but felt overall pretty heavy. Top 2 favourite items were probably the kulchette …
14,Shagun Mohan,4 stars,Very nice ambiance with the open fire kitchen. I chose the discovery menu that included dishes such as lamb chops and sea bass. The courses were tasty but not amazing especially for its price.
15,Susan Ha,5 stars,We went for a post Valentine’s Day dinner. The ambiance was nice though if you sit near the fire prepare to be warm. We chose the Omakase dinner with the twisted pairing. The beverage manager Leonard was attentive and offered to change up …
16,Wen Huang,5 stars,We’re working our way (slowly) through the crop of upscale Indian-fusion restaurants starting with Revolver.  It’s a great choice for a social night out with service and ambience to match the aspirational dishes. …
17,Janice Lee,5 stars,"This is one of the best restaurants I have been to thus far. The food here is so amazingly good, exquisite, full of flavours, and is like no others. It is a unique incorporation of the intricacy and nuanced complexity of European cuisine …"
18,Pallavi Misra,5 stars,"We had such a lovely experience at Revolver. Super last minute reservations. Excellent service! The food was absolutely fabulous! My mom and I, we both had the vegetarian menu. Each dish was excellent and an elevated dish. Well worth it!"
19,Cheryl Ang,3 stars,"We visited Revolver on 25 June for lunch, and was rather disappointed with the experience. …"
20,Shahie Jaffar,5 stars,"A belated birthday treat by my son to this outstanding modern Indian restaurant, Revolver. Great song selection from Erasure, DM and Jimmy Somerville!
Sat at the kitchen table watching each dish being meticulously prepared by the …"
21,Syahirah Halim,4 stars,Never had refined Indian cuisine so I was really looking forward to dinner!!! We chose the experience menu and it did not disappoint. It’s hard to choose a fave from the menu as all of the dishes were pretty much on point. Service could be a little better but we enjoyed the night nonetheless. Will be back when the menu changes.
22,Eats More Fun,4 stars,"Revolver
Stunning modern Indian grill driving bold amazing flavor with cool dining space. Service is great. Dishes meld traditional Indian dishes with premium …"
23,Joel Tan,5 stars,Innovative modern Indian cuisine. Had the Omakase and generally the food was great
24,Dickie,5 stars,It’s unfortunate some of the recent reviews have rated Revolver poorly due to service issues or wait times. We had dinner there Sunday 5th of March and about half the place was occupied during the early seating. Service was friendly and …
25,Vivi Cheng,4 stars,"Being here for several times. Always great., But for this round I find the pistachio ice cream with warm carrot dessert is a bit too creamy and rich, especially after a the heavy meal. …"
26,B W,4 stars,"Came here for my birthday dinner with a good friend. Food is decent. I had the vegetarian menu. They do 2 seating for dinner. We came on the first seating. Upon seating down, your whole journey is rush through. I could feel they rushing to …"
27,Avijeet Sen,5 stars,"Visited in Oct 2022

Wanted to try out this place for sometime and finally got to try out their new …"
28,Mighty Foodie,5 stars,"Helmed by Executive Chef Saurabh Udinia, Revolver is an open-fire grill restaurant that marries Indian cooking with international flair and ingredients. Dishes cooked over custom-built wood-fire and binchotan grills, and in a gleaming …"
29,Ross Watson,4 stars,"We visited for a birthday dinner in late August 2022.

The first thing that struck us was the ambience - if you're a couple, the bar …"
30,Jeremy Teng,5 stars,"Heard good things about this resto so decided to give it a try. Quite new, I think they opened late 2021 and already hard to get a seat in this 30 seats resto. …"
31,Russell Yap,5 stars,Loved the experience here! Being so close to the action and flames and seeing everything up close makes everything taste so much better! The team is very organised and so clean in the kitchen and the food is such a beautiful rendition of …
32,Kelly W,3 stars,We had high expectations coming here and it was sadly pretty average. We arrived on time and they couldn’t find our booking. When the host realized they’d given our table to a walk-in he said “don’t worry we still have something for you”. …
33,Nicole Tan,1 star,"Had the 169++ discovery menu and it was horrible, after the first two dish, everything went downhill after that. All our hamachi collars were burnt (not nicely charred but like burnt charcoal black through and through) and the chorizo …"
34,BellHH SG,5 stars,"If you love Indian food, this is a must try in Singapore. It is a refined, imaginative And delightful food experience! Each dish was delicious and beautifully presented. We went for the small menu which was plenty of food but they offer …"
35,Leslie Lim,5 stars,"Came here for my birthday dinner, we got 1 of each menu. As we love indian cuisine and grilled/charred food, this place was perfect for us. …"
36,Grace F,1 star,"Long waiting time to be seated despite an 830pm reservation. We were not the only ones, the whole seating had to wait a good 15-20 minutes before being seated. No a single mention as to why there was the delay and not even a brief apology …"
37,Colin Kwan,2 stars,"Terrible experience from the get go. Upon arriving at my reservation time of 130pm, we were told to wait outside, even though it was a very hot day. At 145pm, nobody had come to get us. I went in and spoke with the local front of house, who …"
38,Gina,5 stars,"Had lunch at revolver with lots of laughter. The paneer, kulchette and sea buckthorn were beautifully done, fresh and satiating. The dessert wrapped the meal up nicely with uplifting flavours. We also appreciate that they catered to …"
39,8535srider,5 stars,"Amazing team of chefs and servers.

They have exceptional food."
40,Vick C,4 stars,"Took our office PA here for Secretary’s Day - modern Indian food, feast for eyes and yummy, plating interesting. Lunch set presents slightly better value than dinner. belly full and satisfied after"
41,Jody Nichols,5 stars,Had been wanting to try this place for a year and couldn’t even remember why I was so interested in it - something just intrigued me. Finally made it there and it more than blew me away. Food was some of the best I’ve had anywhere. Bone …
42,Luvena K,4 stars,Hip and up and coming restaurant and it was quite some time for us to get our reservation. It is a nice place with great ambience and service. Decor is elegant and the food presentation is top notch. …
43,Varun Mishra,4 stars,"Revolver is a decent attempt at modern
Indian cuisine. Food was great though not mindblowing. …"
44,Ruchir Srivastava,5 stars,"Great ambience and staff. We were served by Ganesh and Amrit, they were manning the grill too. Everything we had was just outstanding, flavorful and the spice level was just perfect. We shared 1 veg and 1 discovery menu between the 2 of us. …"
45,Ajay Powar,5 stars,"Thoroughly enjoyed lunch here, with probably the best seats in the house. If you come here expecting a curry and a beer, you need to look elsewhere. The portions look small (and if you're a big eater like me, treat yourself with some add …"
46,Roger C,5 stars,Fantastic. Tried their Experience menu and super satisfied. Do add Wagyu scotch egg with Caviar. Super nice. Indian dishes done in unique and fine ways. Seating at the counter was also very exciting. Got to see all the action going on feel like watching Iron chef show from the front row. Im already a big fan now. Bravo
47,Emily T,5 stars,"Every item on the menu was delicious and cooked perfectly. Portion sizes were pretty large. Dessert was outstanding and very creative.
Great service too."
48,Chen Yingxuan,5 stars,"Delicious, lovely place! Food is not too spicy. Especially liked the pork belly that’s slow cooked for 12 hours. It’s not on menu though and only available for lunch. Lobster is a bit too heavily seasoned for my taste."
49,Cookie Monster,3 stars,"So the night started bad when the waitress carelessly pours champagne into mine and my partner's flutes, leaving a trail of champagne at the counter without apologising. …"
50,Brandon Yan,5 stars,Absolutely love the food. Get to know the chefs and each of them are very friendly. They also introduced each of the dishes as they know I’m new to the place. Not to mention the amazing service as well. Highly recommend this restaurant 👍 …
51,Apurva Prasanna,5 stars,"Such an incredible experience! I had the ""Discovery"" tasting menu but I would definitely want to come back to try the others. Hard to pick a favorite of the night but it might be a tie between the paneer and/or chicken and the dessert. They get booked out months in advance so you'll need to be ready to book as soon as it opens!"
52,Rachel Luyi,2 stars,"A beautiful restaurant with very confusingly bad service and odd food portions.

Service …"
53,Ka Man Ng,4 stars,"You better make reservations in advance, and the better slot would be 8:30pm as it’s the last round of a day, they won’t be rushing to serve the food. …"
54,Chan Vevean,5 stars,Love this place for Indian cuisine with a twist’  amazed by their main dishes - especially the pork. Also the dessert was surprisingly good.
55,Eug. N,5 stars,Stunning beautiful delicious Indian food on the hot smoky tandoor done right for a restaurant that is almost 9 weeks old. …
56,Flo Yeow,5 stars,"Indian modern fusion omakase restaurant that's perpetually booked through to the next few weeks. Reminds me of a concept as a blend between Burnt Ends and Kotuwa, but more Westernized. …"
57,Isaac Ho,3 stars,The ambience reminds me of Gaggan. The overall atmosphere is nice with a big open kitchen. Service is fantastic! …
58,christian baldinato,5 stars,"Revolver was in our bucket list for a while. Last minute decision we went for lunch. Delicious food. We loved the asparagus, the barramundi, the lobster, the dessert. Good wine selection, we liked the barolo by Bussia. Excellent service. Lovely location too. Recommended."
59,vincent banton,5 stars,Sensational food. Each dish is excellent. Wonderful twists on Indian style. Really hard to pick a favourite. Recommend going a La carte and ordering as many to try as you can!
60,Piyush sagar mishra,1 star,"**One star - Terrible Experience**

My wife and I went to Revolver for dinner and had an awful experience. …"
61,Botakchia,5 stars,Refined Indian cuisine with an international touch. Open flame dishes are perfectly charred. And oozing with smoky aroma. Damn difficult to reserve a seating. Easier to strike lottery.
62,Jiweon Kim,5 stars,Came for a weekend lunch and was pleasantly surprised by the explosion of flavors and creative execution. Loved sitting at the long kitchen counter top in front of the charcoal grill. Staff was so friendly and inviting! Not pictured but the …
63,Wong Teck Jung,5 stars,"I enjoyed all the dishes here:

1. Avocado, Bombay Salsa - i like it but told the head chef it is my least …"
64,Ciarán Butler,3 stars,"So my main gripe with this place is the food, but we’ll start with the other elements first.
Straight off, the servers were nothing but lovely, attentive and well informed …"
65,Bryan Tay,5 stars,"Had a great time at Revolver. The lunch set goes for $99++ and it’s pretty amazing. The standout dish for this set is the Barramundi - marinated for two days and cooked in a tandoor. It was moist, yet slightly charred and very flavourful. …"
66,Rovik Robert,5 stars,"I love the new wave of Indian fine dining that is taking the boldness of flavors and imagination with ingredients, and combining that with the culture and diversity of the global dining. Revolver is right on the precipice of something …"
67,Mats Lingblad,3 stars,We tried the vegetarian menu and it was a bit disappointing.  Should have read my own review before ordering. Grilled pumpkin makes sense but not grilled asparagus. Most dishes consisted of a creamy sauce topped with a vegetable. Hardly any …
68,Ying,5 stars,"The food is lovely !
The service is superb . I told them last min I cannot take dairy products and they managed to compromise that beautifully . …"
69,darren kuah,5 stars,food was excellent. fav was the snack box and hamachi collar. service was great too. especially kim who was very attentive. will be back to try their new menus
70,will,5 stars,Great food! Great service! Sat at the counter and watch the magicians work their magic! Buy the guys a round of beer if you have the budget!
71,Yui IK,5 stars,"Not usually a fan of seafood but execution was so good I thoroughly enjoyed. Chic interior, nice ambiance and great team. Head chef was very nice and friendly."
72,Madhav Swaminathan,5 stars,Outstanding cuisine!!! One of the best restaurants in the world surely. Delectable food - all of it - presented with great style.
73,Michael Puhaindran,5 stars,"Beautifully executed mod-Indian food all put through flame, whether grill or tandoor. Absolutely yummy.  It was pretty rich however, and I was probably hoping for a little bit of variation towards the end to perhaps.break up flavours."
74,Shirley Wong,5 stars,Thank you for a most enjoyable experience for me &amp; my gf as we were celebrating her birthday! The dishes are all so flavourful. I appreciate that the service staff from the Chefs &amp; Wait Staff are equipped with the necessary food &amp; beverage knowledge.
75,Nashmi Chugani,5 stars,"Outstanding food and service, been here a couple of times and I still want to go back for more! Give a shout to Amarit if you head there, friendliest person! She'll go the extra mile to make sure you have a fabulous time :)"
76,Karl Trotter,5 stars,"Fantastic food, wine and service.  The real bonus was such a good play-list of music.  Nirvana, AC/DC, I had a good chuckle and loved it all"
77,julian t,5 stars,Dinner was really good. Service was impeccable. There was a slight hiccup with the billing but it got resolved really quickly. Would highly recommend the place. My partner had the vegetarian and I had the regular menu and they were both really delicious.
78,Saiba Singh,5 stars,"One of the most fun and yum nights I've had in ages in Singapore and I don't say that lightly :) we have been trying to go to this restaurant for ages, first I fell sick and the second time we got covid - 3rd times the charm! And it was my …"
79,Ashish Khobragade,5 stars,"We went to Revolver for our anniversary dinner and it was a great experience.
Who said Indian food cannot be fancy. Most dishes were amazing. We were so full by the time all courses were done. Only thing I wished was may be one of the …"
80,Edwin Wong,5 stars,First time trying out Indian fine dining. Enjoyed the gastronomic experience! 10/10 recommended and will return when the menu updates later this year!
81,Sherry Lee,3 stars,We tried discovery menu. The food is decent but nothing is WOW. For the price point I think it’s not worth it considering the raw material are not that expensive.
82,Ralph Rambausek,5 stars,"Amazing CHRISTMAS lunch experience. Fantastic menu and flavours! Tomahawk was delicious. Service exceptional! Thank you, Team, for a wonderful lunch!"
83,Mohammed AlKhotani,5 stars,Unbelievable food. I loved every single bite.
84,Hung La,5 stars,"2nd time back with the wife for her birthday. 2nd time they didn’t disappoint. Food and service are top notch, and I’d recommend sitting at the bench facing the kitchen for the full experience."
85,Priya Joseph,5 stars,"Loved the food and service.
We had the experience menu (non veg )
Some of the food were outstanding like kulchette with butter chicken and duck meat,tandoor grilled chicken thigh,venison,pomfret with Goan risotto etc"
86,D D,4 stars,"Not bad, especially the scotch eggs. Tbh the rest of the food was only okay to me, and nothing particularly stood out. Maybe I was just having too much expectations given the hype.."
87,Dan Liu,5 stars,"Not hard to understand why this place is booked out weeks / months in advance, every dish is freakin incredible!  Made another booking right away"
88,Yugnes Uthayakumar,5 stars,Finally I tried this place. Every course was mind blowing. Me and my wife enjoyed our lunch over here. The lunch menu was really worth it. …
89,Shrestha Goswami,5 stars,Loved every rendition of indian dishes. The kulfi was so creamy i was left craving for more. Loved the smokiness of the fish and flavours were well marinated. Chole kulcha with parmesan was really good and filling. And the flower stuffed with potato ans achar was really interesting and flavourful
90,Vivian Yeo,4 stars,"Good food, good service. Interesting interpretation of Indian cuisine. Generous portion and rich flavours"
91,Jan P,3 stars,"Love the idea of refined (north) Indian and the fusion with other Asian styles, but all done on various grills and tandoor, giving a distinct charred flavour. Sitting on the counter is great and the cooks having amazing skills and are happy …"
92,Sook Yin Au,5 stars,"I thoroughly enjoyed the course. Every dish was packed with flavor and there were dishes I wish they would have a la carte. The staff and Chef were friendly and informative. If, like me, you are not very familiar with Sri Lankan or South …"
93,jx lim,3 stars,"This place only have a fix menu and no ala carte.

Nothing tasted bad but also nothing exceptionally good. For almost 200 per head, …"
94,Sandra Smith,5 stars,"It was an awesome experience. Food was very good. People were very nice. The best Indian restaurant. Must try. Love it, love it."
95,Choon T,5 stars,One of the best meal I had so far in 2022. The flavours were simply amazing and I particularly missed the naan 😂 …
96,Mohit Talwar,5 stars,"Sumptuous food, combing Indian flavors in innovative dishes. Every dish was excellent and beautifully presented."
97,Dominic Ho,5 stars,Sublime paneer and the scotch egg was something I could eat on a daily basis. Cool atmosphere with the 90s tunes and lovely attentive staff
98,Mayank Rao,5 stars,"Modern indian, bold flavours that enhance but don't overpower the proteins. Friendly service and great ambience with the love grilling.
Wine pairing is a bit tricky if you try to go by bottle as the courses progression is a bit hard to match, but you could always go with the official pairing I suppose"
99,Louise Heggie,5 stars,"This Team of Talented Food Appreciators knows exactly how to CREATE.
Guaranteed you will be welcomed into this Restaurant Family with the most Sincerity! They are the Trifecta : Food, Hospitality &amp; Drinks!! Bravo, Revolver. A Smoking Pistol in Singapore 🇸🇬 …"
100,MG Lin,3 stars,"The food was enjoyable and the service was good. Nonetheless, this is one of those “once is enough” restaurant for me."
101,TheStoryOf imf,5 stars,Food is good. Best service by our waiter Jogi and Vin. Highly recommended...... best in Bali....
102,Carolyn Chan,5 stars,"Came here for drinks and dessert and everything was so good! The apple crumble was a nice mix of sweet and sour, and the coffee and matcha lattes were great. Service here was also great — Tari was very friendly and helpful! Would come back again"
103,Pavan Jeswani,4 stars,"Had the vegetarian menu, pretty good overall but some dishes weren’t up to the same level as the rest.  Service is fantastic, staff is friendly and knowledgeable.  Only real downside is that was real hot but that got better as the evening went on."
104,Eddie Lo,4 stars,"Overall very happy with it.  Food was delicious, wine pairing was great too"
105,Amith Anand J B,5 stars,"I don't have the vocabulary to describe my experience here, wish i could give it more stars. Get a booking and visit!"
106,Mahesh Madivanan,4 stars,We tried the chef's 5 course lunch set menu and it was totally worth it.
107,Lynnette Tan,5 stars,"Went on a Saturday afternoon, got the lunch set at 99++ per pax. I would give it an overall 4.5 stars! …"
108,Chris P,5 stars,I’ve traveled to 64 countries and this was a top 5 dining experience.
109,Louisa Z.,5 stars,"We had the experience menu (at the counter) and loved everything; the food, ambience, service, and even the music playlist was great. All the dishes were so well balanced, and in particular, we thought the aubergine, halibut and lamb dishes …"
110,Ellen,3 stars,"Had high expectations for this place because of all raving reviews particularly on social media. We went for the discovery menu, at $169 pp - I felt robbed. First course romanesco lacked flavour, it was charred on the outside but barely …"
111,Snowy Y,3 stars,Food was nice but the main course sea bass was served with the need to share with another guest. The minced lamb was too salty to my liking. Service was very rush when they served the food and dishes explanation were hasty. I find that …
112,Glenn Jowett,5 stars,"Incredible service, one of the most amazing meals we have ever eaten. Chef Kamal Kataria made it extra special with his explanations of the food and the sommelier was excellent with his knowledge of the wine pairings and how it impacted the …"
113,Absolute Chiropractic,5 stars,Great experience! Had not tried Indian food quite like this before. Even though we arrived late (sorry!!) the staff were very pleasant and accommodating. Chef spent some time going over the dishes and explaining a bit about their …
114,varnit jain,1 star,"Was really good in Feb 2023 when we visited first time, now not worth it at all. Indian vegetarian too bland for Indian palate. Their Kulchette went from 5 star to 0 in 3 months."
115,Aditi Sahasranamam,5 stars,Went for dinner. The food was excellent and the service top notch. Perfect for a date night or an intimate gathering.
116,Nilesh Banerjee,4 stars,Quite a unique experience of fusion Indian cuisine that kept on surprising till the end of the set menu. The portions were right-sized and spices not over-bearing for the international palate. A must culinary experince in Singapore. The …
117,A L,3 stars,"Excellent service from the team, food was okay, flavour was too similar in their experience menu. Wasn’t much of an experience. Minced Lamb main at the end was too gamely that it was unpalatable. Dessert that was the cheese cake was also …"
118,Laura-Liisa Laving,2 stars,"Heavily overpriced for what it is. For this price range we expected an experience, something special and unique. However the food was somewhere between average and good, definitely not fine dining level. …"
119,E L,4 stars,Interesting concept! Enjoyable dinner but the spices taste the same after a while
120,J K,1 star,"We dined at 8.30pm for dinner on a Sunday and were given counter seating. When presented with the menu, I mentioned to the waitress that I don't want to overeat and she told me to speak to the head chef, who was preparing food in front of …"
121,Huang Andrew,4 stars,Overall this is quite a unique awesome food.  Very full.. but I quite like it.
122,Hamish Priestley,1 star,"Good experience, mediocre food that lacks flavor.
In a large group we ordered vegetarian and meat courses. The first one with scallops and pani puri green sauce hit the point but after that it was a slow moving …"
123,David Wong,5 stars,"The paneer alone will make the trip worth it.

But re everything else: …"
124,Sara G,1 star,I have no idea how this restaurant calls itself fine dining and justifies the high price tag. The food is average and some dishes were a bit undercooked. Seating is awkward. The worst is the reservations team. They're slow to respond and so …
125,Keira Herr,2 stars,"I really wanted to like this place. My friends have raved about it and it took close to 4 months to finally be able to visit this restaurant. However, I find that the quality of the food was not worth the hefty price tag. The presentation …"
126,Rachelle Lily,5 stars,"What an excellent lunch we had here. Just bursting with flavour and variety! Simple options to choose from but very well executed. The snapper was some of the best I've ever had and the kulchette was nice and filling, just delicious. The …"
127,Harry S,5 stars,"If i had only 3 words to describe this restaurant it would be .... WOW, WOW &amp; WOW …"
128,Al G,2 stars,"Not one to usually write reviews or ""complain"" but this was a bit too much:

To sum it up: …"
129,Faiza Saleem,4 stars,"Good food, service was very attentive and we really enjoyed talking to the chef. The avocado salsa and snapper recheado were brilliantly done and what I would come back for. There were two large group of ladies behind us, and they were …"
130,sam a,4 stars,"Very much enjoyed our evening at Revolver last night.  Decided to go for the $199 ‘8 course’ Experience consisting of 2 vegetarian, 2 seafood and 2 meat dishes. …"
131,Ferdi Tolenaar,5 stars,Awesome food off a wood fire and from a tandoor! Loved every single dish
132,pooja kinra bishnoi,2 stars,"Extremely Disappointed and Bit Annoyed

We were excited to finally get a reservation after reading glowing reviews …"
133,J Ong,5 stars,"This review comes almost 11 months late.
We booked Revolver to celebrate hubby’s birthday and also because I was going to deliver the next day, as a treat! …"
134,James Tai,5 stars,"Great service here, lively vibe and delicious modern Indian cuisines."
135,Vishal Mehta,1 star,Be aware of their reservation system: they are a hoax and in a way encourage people to come to the restaurant even if they are unwell. I needed to cancel because my kid was sick. This was the second time as the first time another one was …
136,Ashish Chopra,3 stars,"The food is good but nothing spectacular.. We can say that the ingredients are good quality but nothing extraordinary..  Though they are using a Josper grill to grill stuff, with ingredients that are high quality, the creativity is ordinary …"
137,Carl,3 stars,"TLDR: Tread with caution, if you’re South Asian / of South Asian origin. The food is good, flavorful, delicious Indian fare. It did not feel premium/ elevated enough at that price. In fact, the few attempts at premium-ising a dish came …"
138,Scott Kiezin Teng,3 stars,"We came here with rather high expectations given the rave review (from a foodie friend who has never eaten Indian food), but we were left wanting more. …"
139,Jathurshun Sivaloganathan,2 stars,"Let me clarify - We LOVE the food here. Nothing wrong on that front but just shocked at their policy in times of COVID.
I tested positive this morning but i had a reservation for dinner tonight. …"
140,ipsita sahu,5 stars,"Amazing food and service. With Add on was stuffed but enjoyed every course. loved the sea bass, broccoli, crab and pork ribs. Definitely worth visiting at least once if not more!"
141,Ryan De Joya,1 star,"I called the restaurant to cancel on 14 Dec at 8PM, for a booking on 16 Dec at 6PM. Despite this, they said they will charge me 75$ per person (3pax so total of 225$) for ‘late cancellation’. Apparently per their policy of 2 days …"
142,Gerry Ball,5 stars,"Revolver certainly wasn't firing any blanks on the night we visited. This elevated style of Indian food, paired with interesting wines that you would not ordinarily try is a combination that works exquisitely well. Huge credit to all …"
143,Alexandre S,2 stars,"The food is good but.
What really shocked me is that they invoiced us a bottle 170$ above what we ordered. Luckily we noticed while on the way out after paying. …"
144,Rajiv Chadda,3 stars,"We have been wanting to go here for long time , but honestly when we finally did go, we found it be more hyped up than true quality. The food is good but not exceptional, the finesse in cooking &amp; presentation could be better, for the steep pricing they charge."
145,Roughcuts Productions,2 stars,"Definitely over priced, lady at the counter preparing food didn’t wear her mask properly and was preparing food without gloves…. Eeks  even the hawker centre are careful and well  educated. …"
146,Aparna Dubey,5 stars,"Wow! It is rare that one comes across such a restaurant in Singapore. Extraordinary Indian food on par with the best restaurants in India, yet the chef has not bridled his creativity. Rather, he has simply expanded already outstanding …"
147,Derek,3 stars,"Lovely setting in front of grill, nice ambience and excellent service. However, food just ok, nice aubergine starter. Small portions and overpriced set menu with underwhelming sorbet desert. Expected  more from a $100++ set lunch menu."
148,Rachit A7,5 stars,"Most frustrating part is to get the reservation, I got mine after waiting of 2 months. But I must say the it was worth waiting for. From the time you enter and leave it's a memorable experience. Experiment with Indian food was quite amazing, whether it was veg or non veg. Will visit again"
149,Regina Lim,3 stars,"Heard so many good things so we felt lucky to get a table. We loved the chicken, courgette flower, kulchette and the lamb. The lobster was ok but the basmati rice was very cold. The scotch egg didn’t need Wagyu. …"
150,Helena Lim,3 stars,Guest relations service was awesome thanks to Dave and one of the waiters Leonard provided great service. Food was good. The head chef Farid’s attitude was not that great hence the 3 star rating. Head chef could be a bit more polite and less cocky.
151,Priya K,5 stars,"Food was out of this world. Freshest of ingredients, fusion of flavors and techniques; I was blown away. Will definitely visit again! Thank you for giving us a wonderful experience all around."
152,Jessie Huynh,1 star,Really poor customer service and cancellation policy. I had made a reservation for Wednesday evening and cancelled the reservation on Monday morning due to illness. Was charged $300 when cancellation policy states bookings cancelled within …
153,Nikita Asthana,1 star,Vegetarian set menu is not worth it. Food is bland and overall marginally above average at best. Moong Lentil chaat and bombay bhaji are below average.
154,M S,5 stars,Delicious - brought my parents for a special occasion and every dish delivered.  Great wine list as well.  Thanks Revolver team for your hard work - very much appreciated!
155,Redwan Tareq,5 stars,"Wow, loved the atmosphere and food also, those were really something uncommon!!"
156,Appetite Calendar,1 star,"Bad service, atrocious way of treating customers especially during the setting of our tables.
I was appalled by how fast the standard dropped as this was my second visit to …"
157,Sonia K,1 star,"Be very careful of their reservation system. I booked a table for two on Wednesday 6pm and unfortunately when I tested positive for covid, I canceled the reservation Monday morning 10:45am. Even though it’s 55 hours before the reservation …"
158,Eryn Chan,1 star,"Restaurant did not allow cancellation due to covid. Had to reschedule to within a month or be charged the cancellation fee. Not sure if this is the norm, but either way, an unpleasant experience speaking to the reservation team."
159,S I,1 star,Two month ahead reservation required to get a table for 4 people for a dinner at the revolver. So expectations were very high about the restaurant vibe and culinary. Unfortunately Revolver miserably failed on both. An oval table for 4 …
160,ervvinn,4 stars,"Indian fine dining, interesting menu"
161,Pratyush Rastogi,3 stars,Oh Revolver. I really wanted to like you. I heard great things and was excited.  but alas... …
162,Yenn,4 stars,"If you are looking for creative modern Indian focused dishes, this is the place to go. However the desserts needs some work and the price point is high for what you get."
163,Widya Drahma,5 stars,"Our belly were happily FULL!
An interesting Indian fusion omakase! Very vibrant place and fun chef. We will be back"
164,Raveen Shahdadpuri,5 stars,"Absolutely BRILLIANT ! Everything about this place was on point . The food. The service. The ambience and music. Oh, and the gin cocktails !! Went for lunch. Would definitely be coming back for dinner. Fabulous stuff. Keep up the great work here 😊 …"
165,Alixe,4 stars,"Nice place and tasty creative food (Indian fusion) and staff are good.
But the prices are crazy and it is very noisy."
166,Fransiska Darmawan,5 stars,Amazing food and friendly service. No a la carte here so everyone must order a set menu. Staff is very attentive.
167,Rodney Loh,5 stars,Always a pleasure to dine here!
168,Sean Smith,5 stars,"Everything was incredible at Revolver. The food, timing, and staff were all on point. I’d go here again in a heartbeat!"
169,Ian Poynter,5 stars,"An absolutely delicious Christmas lunch prix fixe, although I get the feeling it would be delicious any day. Highly recommended!"
