,Name,Rating,Review
0,tiffany tay,4 stars,"Interior is dated, food is good but not excellent. Definitely not up to the standards for the price paid. What’s ridiculous is that Dimsum and appetiser came after all the mains are served. …"
1,Sandy Ng,5 stars,"My girlfriend suggested Song Garden as we were craving for Dim Sum.
We visited on a weekday lunch without an appointment and was swiftly ushered to a table after the manager asked for my name. It is uncommon for restaurants to …"
2,classical9034,3 stars,The food quality is overall average. Lobster soup is rich in taste but the serving of the lobster is under expectation. In fact most of the dishes portion is relatively small for that price range. …
3,anderson chua,5 stars,"Service staff are  great, very thoughtful and nice to chat with. Very attentive with tea service (one of the better ones who looked out for tea pot refills from the customers without needing the customers to request) …"
4,Juztin Png,2 stars,"Came across this place via Google search.
Suppose to come here for DimSum. But only available in the afternoon.
But we still decided to stay for dinner. …"
5,Cindy Koh,5 stars,Nice Ambience. Lunch Set meal value for money. Warm and friendly staff. Portion big for me  have to take away the rice.
6,Rinn Cheah,4 stars,The food and atmosphere was good but one of the staff had a really bad attitude and kept showing us black face. One other staff was very friendly so I'll rate it as 4 stars. Maybe the first staff had a bad day 🤷🏻‍♀️ …
7,Gary Ho,5 stars,"Came for lunch, excellent staff service and quality food. Recommend to come 👍🏻 …"
8,Geraldine Koh,5 stars,Cosy environment. Great for family gartherings. Dimsum. Lobster pumpkin soup having 1 for 1 offer. Nice. Recommended.
9,Frankie Lim,5 stars,"It's been sometime since covid, last visited. The dishes are really exclusive, and the taste is as good as in the past.
Service staff and attentive and friendly too. …"
10,Joyce T,5 stars,Very good service and food! My go-to for dim sum.
11,Mandy Cheong,5 stars,"Here to try their dim sum items on the menu. Some of them are fusion, with a more modern twist to it. Would recommend the superior shark fin soup if you are up for it. The portion are quite generous. …"
12,Janice Lee,5 stars,"Song Garden had always been on my wishlist since I had lunch at this place three years ago. It was with family though, so I totally had no impression of what I had eaten, except that I like the food here. So I'm finally back again to slowly …"
13,Yong Chieh Gooi,4 stars,Haven’t been to this place in over four years - and I nearly forgot this place’s existence 🤣 …
14,Peiyi (Potato),4 stars,"I think we over ordered for 4pax. 😂 we tried the lao gan die carrot cake, nothing special. All the soups we ordered were great - we tried the lobster, shark’s fin (especially this!!), sour spicy (very appetising) and corn soup. The whole …"
15,Joanne Chan,5 stars,"Came here to dine in with my family. A fantastic chinese restaurant that caters delicious dishes &amp; providing top notch service! Been here many times &amp; Yuki has been very friendly, warmth &amp; welcoming throughout our meal. It has always been a …"
16,"Qian Ru, Yvonne Goh",5 stars,"Brought our client for lunch at Song Garden and they loved it! I personally think that private rooms are really so beautifully designed (atas). Their service staff are ALL so attentive, warm and kind. For CNY lunch most restaurants will …"
17,Claudine Yeong,5 stars,"Food is delicious especially the lion mare mushrooms which we thought it was a meat dish served wrongly to us. As it wasn't crowded, the ambience is fantastic. We were served by Ms Shen Guiying who gave us impeccable attention and answered …"
18,Alison Chow,5 stars,"One of my favourite dim sum place to go, been here a few times and i must say they serve quite good Hong Kong dim Sum with good service quality from staffs. …"
19,Pei Wen Wang,4 stars,"Food was great! Chose this place because all other nearby Chinese restaurants were booked. Turned out to be a great decision.
- Crispy Chicken: excellent, crispy skin, tender meat, even breast. …"
20,Pauline,5 stars,"Nice dim sum and well cooked congee. The truffle chicken feet is outstanding. We didn't need much attention but noticed service staff needs to buck up....when we asked for an extra pair of chopsticks for serving, the chopsticks were handed …"
21,Jocelyn Lim,4 stars,"We had our gathering dinner at Song Garden.  The place was pretty quiet and good venue for some chit chat session.  Food wise, I would say above average,  the portion and the taste of the dishes were well balanced."
22,Lone Lee,4 stars,"First of all,  I want to say thank you to Domanic, restaurant manager. I called twice to restaurant but no answer. After 10 minutes Domanic returned my call. That was why I could have beautiful Saturday lunch in your restaurant. Last time I …"
23,Nikki Ming,4 stars,I don't have many photos cos I just gobbled as the food landed... Yam puffs could be better... But generally a good place to get your dimsum fix.
24,Foo ShiuAn,5 stars,"Food: value for money, prawns are so big and fresh! So delicious

Service: staff are prompt, helpful and on the ball. Takes alot of initiative, …"
25,Joyce Lim,2 stars,"My frenz kept saying Song Garden's tim sum is one of the best he had so decided to check out. Ordered their durian liu sa bao, fried carrot cake, dumpling, prawn roll n steam veg guo. Like the dumpling, durian liu sa bao n steam veg guo. …"
26,annjay Lim,4 stars,Made a reservation and came here half an hour early. Friendly staff led us inside and would immediately pass us a menu and ask us what tea would we want. …
27,Irene Loo,5 stars,"I recently had the pleasure of dining at Song Garden, a remarkable Chinese restaurant that left a lasting impression. From the moment I stepped in, the ambiance was inviting, Chef Wong and  the service staff's warm welcome set the tone for …"
28,Hu Yiling,4 stars,My boss brought us here for lunch... Nice dim sum and food ..my favourite is the pumpkin lobster soup.... Lobster was fresh and portion was good. Will come again.
29,Ronnie Tang,2 stars,"The food taste was good. Nice taste (use of MSG, resulting in thirsty later)

But the male (manager) was rude. Surprising to have such a leader leading a …"
30,Hilda Sum,5 stars,"Impressive service and super attentive staff.
Especially Dominic! He knows his stuff well and was able to recommend us the correct portions to order. …"
31,Jenny Kang,2 stars,Overall the food is average at best. My chicken and welk soup was not good at all. It lacked the oomph and tasted very bland. For SGD 28 a bowl I expected real Cantonese soup standard. The shark cartilage soup was a better choice. …
32,Wesley Wong,2 stars,"Song Garden used to be one of the favourite dim sum place before covid. However, when I revisit it recently, the quality drop so much and very disappointed. The bean curd of the bean curd roll is hard and dry even with the gravy, it’s …"
33,Crystal Koh,4 stars,"Apart from the Yu Sheng which is always a rip-off at all chinese restaurants during CNY, their ala carte menu has some interesting dishes such as signature bak chor mee, otak siew mai, XO carrot cake (one of the better ones I’ve tried), …"
34,Chan Yong Rong,1 star,"Extremely awful standard, everything is bad. The meat is stale and stinks. I don't ever leave bad reviews but hawker standard is better than this. Tea is bland as water and service staff doesn't fill your teapot."
35,Star Carter,2 stars,"A bad dessert can ruin the meal. What about 3 bad desserts? The yam paste with pumpkin is not a dessert at all; the strong porky taste of the watery soup is indistinguishable of a yam paste, it’s a pork soup with little amount of yam and …"
36,vincent lee,1 star,I seldom or never make negative reviews but my dining experience at this restaurant was so hugely disappointing that I hate to write this. …
37,C Cheong,5 stars,"I had the business set menu.  Food was excellent, except I would prefer leaner cha siu and service staff said I can request for that next time.  Taste is just right for me and when I had lunch there last week, my guest said food tasted fine …"
38,Tzwu M,3 stars,"Average taste, a few dishes were too oily to me. Did not enjoy their Signature Roast Chicken on Beancurb Skin, the pancake was too thick &amp; the beancurb skin tasted oily. Xiao Long Bao &amp; the Claypot Beancurb were good."
39,Oliver,4 stars,"The food is good - we went with the Business Lunch Set.

The environment is good too - quiet and good for business meets. …"
40,Joshua Foo,5 stars,"Great place with great food, good service and nice ambience. Usually not crowded too."
41,SC L,5 stars,Quiet classy restaurant serving exquisite Chinese cuisines. Good for business meet ups or formal occasions.
42,Kelvin,4 stars,Chinese Cantonese restaurant at level 2 of Mercure Bugis Hotel. Will need to try more dishes and their dim sum to be able to comment. …
43,Sebestian Szeto,4 stars,A &lt;1 year old cosy Chinese restaurant housed in L2 of the Mecure Bugis Hotel serving good quality Cantonese cuisines n dim sums at reasonable hotel restaurant prices.  Friendly services n attentive management.
44,Sherry Ong,5 stars,Good food with attentive service Nice ambience too.  Been mv fav place for lunch dim sum and the peking duck is really good.
45,Gavin Lim,5 stars,"Excellent quality food prepared by a chef who really knows what he's doing. Pricey, but you get what you pay for. Good service staff too. Very friendly and prompt."
46,Kok-Hong Wong,4 stars,"Well hidden gem... Very good dim sum.

Outstanding fried rice."
47,Pierce Goh,5 stars,The food was amazing. Can try their carrot cake and baked cod. The waiters were very professional and friendly as well. Will definitely come again
48,Robert Samuel,3 stars,First thing the restaurant waitress told us at the entrance was that we have to leave before 1 PM. What a welcoming greeting when we had a confirmed booking through Quandoo at 11.30 AM. Why accept a reservation when you want people to leave …
49,Wong Teck Jung,4 stars,My second time here for dim sum which both food and service standard are above average. …
50,Liu,5 stars,Good ambiance.Excellent service from staff Chin Chin.👍👍👍Recommend to come. …
51,Andrew Goh,3 stars,The Har Chong chicken appetiser provided is really good. Juicy inside and crispy outside. The lobster pumpkin cooked in coconut shell tasted great- refreshing ! The disappointing is the Peking duck alike - chicken skin with the bread and …
52,Gary Phua,5 stars,Wonderful experience in the restaurant. Foods and services were great!
53,Maria Nagel,5 stars,"Dominic was an excellent host and gave great menu recommendations. We started with fragrant jasmine tea. We theb had the corn chowder and house soup special, comforting and flavorful. Main course was crispy chicken and seafood fried rice, …"
54,Thomas Tan,5 stars,"It's still a great place for Dim sum.
With the 10% off for UOB,  citi n ocbc card. It gives us more excuse to dine at
Tis lovely Restaurant. Century egg congeelishioys GOOD.  Very consistent. …"
55,Eats More Fun,4 stars,"Song Garden
Solid Cantonese eatery thats a sleeper hit for one of the better options in the city. Traditional and Fusion items offered here that are value for money. We …"
56,Elaina Poh,5 stars,"Love the porridge the rice roll, and overall the dimsum is very fresh

Definitely bring our family here again to enjoy the dinner, ambience and services"
57,Ryan Siow,4 stars,Celebrate my mother 2022 birthday here. Not bad the food. Reasonable price
58,YX ling,5 stars,"Was there for their dim sum but don't serve for dinner. Ordered their dinner set for 2, a bbq lamb rack and fried noodle for the 4 of us. Bbq lamb and pork belly were soft, mum loves it and lobster pumpkin soup was everybody's favourite. Not forgetting their excellent service!"
59,Kelvin Lo,5 stars,Service was good. Food was good overall. Ambience was peace as it's away from the bustle and hustle of the city. We had teh snow skin char siew bao which had a touch of brandy in the filling. The fried bits in the shrimp rice flour rolls …
60,hung leng,5 stars,Manager Dominic Lim and his team we’re exemplary in their attention n service .Food was excellent - came with good recommendations!
61,dorado4949,4 stars,Tim Sum is very delicious. Value for money. They offer free parking.
62,Tony Koh,5 stars,Fabulous services and great tasting food. In town and easily accessible. Highly recommended. …
63,Seas Dot,4 stars,"Good service, but food not as fresh as I would like. Pork lard chops can be fresher."
64,Wui Seng Quah,5 stars,"Nice, quiet and good food with warm and welcoming service. All the food was great. Was a bit cold in the evening."
65,Chris Tan,5 stars,"I entered this restaurant with my family.....I was looking for dinner....It just so happened that there was a Chinese restaurant in the restaurant.......""Song Garden"", I ate there directly. 🥢🍚The waiter introduced the signature dishes …"
66,Alice Chen,5 stars,Very nice place for dim sum for family or friends. Food quality is delicate and service is excellent!
67,Wai Man Phang,5 stars,A nice and secluded place for gathering. Dim Sum are really very tasty and can order the number of pieces according to the number of people even though the menu stated in pieces of 3. …
68,GH Lee,5 stars,Highly enjoyable dim sum brunch. Fantastic friendly service and delicious food.
69,Min yong,5 stars,Awesome atmosphere with good service. Food is tasty. Desserts are yummy.
70,Allison Tan,4 stars,Nice environment. Food are good. Their soup is superb.
71,Lily Chan,5 stars,"We are regular customers of the restaurant
Very good service and authentic Cantonese dim sum!"
72,YuChou Chew,3 stars,"Went there for a weekend night dinner, place is pretty empty. Food wise is a hit and miss. I order the beef brisket, was kinda tough. The recommended beehoon was decent and portion was big for 2 of us. The promo lobster soup is just a bowl …"
73,Alvin Choong,4 stars,Very nice food and service... Highly recommended for their Tim Sum.
74,Eric Hoe,5 stars,"Food was awesome 😋😋
Great customer service from team member , Yuki, May, jinjin, long …"
75,Timothy TB Chua,4 stars,Good Chinese restaurant in Singapore. Excellent service. So much competition for this sort of cuisine in Singapore. Their good service makes a difference.
76,Jaime H,5 stars,We all raved about the rice roll with fried dough and prawn within. And the dim sum here levels up to Hua Ting.
77,J X,5 stars,"Went on a public holiday morning to have Dim sum. Food was good. Service was good. There’s this female staff with the name of Gui Ying, who is constantly with a smile. Kept refilling tea for us and making small chats with us."
78,Sharmaine Lee,2 stars,"Food portion was little. Food taste was soso, nothing stood out. They forgot about our fried rice and when we spoke to the waitress to cancel our order (after we finish eating all our dishes), the manager interrupted and said that the fried …"
79,Mun yee Wan,1 star,"Was one of my favourite dim sum place for many years but after my recent visit, I will not come again. …"
80,Amber Chen,5 stars,"Very nice restaurant, the lobster soup is worth trying. Good environment and service, all in all great experiences."
81,irene wang,5 stars,"Good service, nice food and free longevity buns for my mom's birthday !"
82,Florence Leung,5 stars,"Been here a handful of times for gatherings and reunions, the food is excellent!"
83,PK Lim,5 stars,Great food and excellent service especially with May Wong! Will definitely come again
84,Edwin Tan,5 stars,Special thanks to Dominic for making special arrangement for my solemnisation lunch. Dominic and his team were friendly and helpful. Their service was top notch. Glad to choose to hold my big day here.
85,Glen Choo,2 stars,"Although food quality is excellent,

Service staff needs to be trained right,,, …"
86,Luke Koh,4 stars,This restaurant isn't cheap. But quality of food is very good.
87,Desmond Wong,5 stars,Excellent food.  This place have the biggest round table with lazy susan in  Singapore.  Can sit about 30 person on one table.
88,Kelvin Leong,5 stars,Roast duck very delicious. Food and excellent service from chin.
89,SAY Leong,5 stars,Good tasty dishes. Especially duck. Wonderful egg hor fun. Price is like any other 5 star hotel. Excellent service with attentive staffs. Definitely will visit it again soon.
90,Lynnette Lam,5 stars,Enjoyed fathers' day lunch here.. ordered ala carte like peking duck and fish bee hoon with egg white. Unusual desserts like fried durian ice cream and avocado puree with coffee ice cream was a joy!
91,Poh Li,4 stars,"Xiao Long bao soup can be improved, taste too salty. Kurobuta pork can be softer, too stiff. Overall experience is good."
92,Kenny Yao,4 stars,The set lunch is quite ok. 40 per person
93,H.,3 stars,Service was fabulous! But the food was sub par leh!
94,Andrew P L Ko,4 stars,Impressed with Chef's Signature Dim Sums and Noodles !
95,Jensen Tan,5 stars,Good and unique taste. A bit pricey though.
96,S C,5 stars,Food so good n delicious
97,Jaslyn Kong,5 stars,Delectable food and excellence service from Mr. Dominic Lim.
98,Chee Leong Ang,5 stars,"Been here many times. Mostly hits, but there were some misses once in a while. After sometime, I know what to order. Roast meats are always good - I usually go for siew yoke and char siew. Claypot sharksfin is always a winner. Dimsums are …"
99,Hazel Sen,4 stars,The service staff was attentive. We ordered stir-fried grouper fillet (appetizer) + poached baby cabbage in shark cartilage soup + deep fried pork ribs in plum&amp; honey sauce + wok fried fine noodles(面线) which is sufficient for 4 of …
100,SP PEK,2 stars,"The food was pretty decent and the nice ones were only the mango puree as well as the egg tarts. However, I would say that the service wasn't too good. When we were eating, the moment we finished the plate/dish, they would immediately clear …"
101,Angeline Ang,5 stars,"Service here is especially good, food is nice too"
102,itsnotaliee,5 stars,"Good food and service, especially Dominic!"
103,derek w,5 stars,Food was good and friendly service. Will be back for more.
104,Yat Luen Lee,5 stars,"Surprise find, really good authentic Cantonese cuisine, better than my mother in law’s cooking (please dun tell her 😁)! …"
105,Amy Bellars,3 stars,Food was great. Service staff was good but the male captain can improve his customer service skills better. He acted as though he is the boss and was not the least apologetic when the QR CODE menu doesn't work on both of our phones. He raised his voice and said it is an online thing that he has no control and continue to argue.
106,NicholasJKAI,5 stars,Love the dimsum here! Service is good too
107,Adrian Jen,5 stars,"Great selection and delicious dim sum, both classical favorites such as siew mai, bbq pork buns and spring rolls as well as bold flavors - truffle mushroom dumplings. …"
108,Sean Weng,4 stars,Good exquisite dimsum experience. Most of the dimsum are well execute. Service need abit more improvement. Prefer to change plate more frequently.
109,Lim Jia Yi,5 stars,Great place with city view to eat dim sum for big family gathering!
110,Marcus Lim,3 stars,"Went for dim sum lunch. Food was generally good, priced between $6 and $8 for each order of dim sum. Service was very unfocused. The staff took a long time to come and take orders, and one order of prawn rice roll was overlooked three times, but put on the final bill!"
111,SUSIE TAN,5 stars,Every food and dessert that we ate are very delicious
112,Athline Leong,5 stars,"We really enjoyed our lunch at Song Garden today. The dim sum were great, surrounded by friendly service staff and nice environment. Special thanks to Mr. William and Ms. Carol for their excellent services and we recommend this restaurant and will definitely come back again."
113,William Goh,5 stars,"Good ambiance. Excellent service from staff,May Wong."
114,Jasmine Teo,5 stars,Good food and excellent service by Yuki
115,Bernard Yu,5 stars,Dim sum meals have become increasingly a kind of delicacy in SG as prices have escalated quite rapidly in the past several years.  Shrimp dumplings over $8 for 4 pcs are becoming more common among the higher end restaurants.  Song Garden …
116,Alain RIVAL,5 stars,Very fine Chinese cuisine. Sophisticated and very tasteful. Recommended
117,Yong Khang Chua,1 star,Terrible terrible service. Wait for our 1st order 20min  and our 2nd order of dim sum was 30min later. Spent most of our time waiting for our food. We feedback to the staff got no reply from her but heard her talking loudly to her colleagues that customer has waited 30min for order. Bad experience..
118,LT Lee,5 stars,Service by May Wong is excellent. Will come again.
119,KM T,5 stars,Very nice lunch and service!
120,Prizebond BOL,5 stars,"I love the porridge and the rice roll, and overall the dim sum is very fresh

Definitely bring our family here again to enjoy the dinner, ambiance, and services"
121,Brandy Lee,1 star,"The services were extremely bad, even When we kept asking why those who came after us got the food before us. In additional, the food were salty and below average. Don’t go unless you are looking out for a very bad and expensive …"
122,Anuj AG,5 stars,"Nice 👍 Chinese Food traditional taste
And have good parking and at middle road level 2, had dinner here with friends …"
123,mei f,2 stars,"every dish we had was just a little shy of being good :/

plus they charge $2 for an additional plate of chilli..."
124,David Soh,5 stars,The staff and captain very attentive and friendly.  Thank you.
125,Jo O,4 stars,One of the biggest table and lazy Susan I’ve seen. Food is fresh and delicious! Great restaurant for big/corporate groups. Liked the simple appetizer guava when I first went there.
126,J Choo,4 stars,The yumcha here was very good in terms of taste &amp; variety. Service was attentive. oh &amp; they provide complimentary carpark coupon too.
127,Gerald Seet,5 stars,Good food and service. Parking redeemable.
128,KYChingS Y,5 stars,Suckling pig was awesome. Ee-fu noodle was great too.
129,Patrick foo,4 stars,Good elements of timsum n grrat service. Char Siew Pau was soft fluffy but a tad sweet. Great ktherwide
130,Jeremy Yap,5 stars,We went to Song Garden for our company retreat. It was a great experience with delicious food. the ambient of the place is very quaint. one of their staff from mercure helped to guide us to the restaurant.
131,Nicole Wu,4 stars,Nice Lao Gan Die carrot cake~
132,Melvin,5 stars,Fantastic food and service.
133,Jess,5 stars,This place is so underrated! I kinda hope it stays that way so the place doesn’t become hard to reserve. Their dim sum is excellent and very good value compared to a lot of the overpriced places you find in Singapore.
134,Fenni Li,5 stars,"Great experience, highly recommended!"
135,Stephen Wee,4 stars,Excellent dim sum the 珍珠雞 was outstanding and the Siew Mai came topped with a small abalone baby 😍 Har gao was huge and I swear there’s 2 prawns in it ! …
136,Joeie Oon,5 stars,Very good food and service.
137,LUKE LOU,4 stars,good service and tasty food. the set meals are just nice for my liking🤩 …
138,DAVE NG,5 stars,"Really prompt and attentive service. Had dim sum, some unique dishes. Pastry type were really good."
139,MrA,4 stars,"I was here for a corporate dinner and the food was delicious. However, I think the waitresses (aunties) in terms of service level has room for improvement."
140,Alvin Goh,5 stars,Food is fantastic. One of the better canton food in Singapore
141,T L,3 stars,"Nice Chinese restaurant in Mercure hotel. Good service, innovative dishes, decent serving portions &amp; reasonable pricing though taste-wise, not as expected...."
142,SG Citizen,5 stars,Must try is the Shark Fin dish.
143,Jitnder Jitnderkumar,5 stars,good food. Definitely will visit it again soon
144,Jun Yi Tay,4 stars,Nice clean place. Food is good. But waitress sometimes a bit less attentive.
145,Adeline Miao,4 stars,"Nice ambience, food is delicious, service is friendly, treats u like as if it's not your 1st visit."
146,Yen Ann Wong,5 stars,Good service food very nice parking  no problem
147,LIANG LIANG,4 stars,nice and tasty food speed of serving need improvment . A FINE DINNING PLACE . VALUE FOR MONIES
148,Koon Peng Tan,5 stars,Excellent food and great service.
149,Law Wendy,5 stars,Gem found in the heart of Bugis 👍🏻👍🏻👍🏻 Authentic Cantonese Dim Sum - …
150,Tan Jia Jun,1 star,I don't know there is a rule saying 1 phone number can only book for 1 table by the government. That dumb...
151,Elizabeth Yong,5 stars,Food is not salty or oily. Portion was also good.
152,Grace Lim,5 stars,"Delicious Chinese cuisine with a twist. Must try are their soups, mentaiko cod fish and their beef."
153,Casey Seah,5 stars,"Food was great, was given a private space and the service staffs was great too!"
154,Syedkhajapasha7774@gmail.com Pasha,5 stars,Good food and awsome teaste
155,Kasi Wan,5 stars,Very good food
156,Elaine Tan,5 stars,Everything was great!
157,BC,4 stars,Food ok. Some of the food turn out cold. Quite a few premade dishes.
158,Carlos A-Barnes,4 stars,"Excellent food, nice staff and everything correct."
159,Gilbert Thomas,5 stars,"Amazing food , one of my fav Chinese restaurants"
160,Lohan 8189,4 stars,"Environment pleasant, food up to standard but lack of waitresses"
161,Peter,4 stars,Very delicious dim sum and chinese food with good service
162,Heather N,4 stars,Not bad food but presentations need improving
163,Su.Shi G,5 stars,good chinese restaurant in slightly unfashionable location. nice place to bring family &amp; friends.
164,Jeong Min Kim,5 stars,A great dim sum place with great ambience at a convenient centralised location.
165,Deveyan Jemaine,5 stars,"Good food, good service &amp; friendly staff."
166,Jaehee Choi,5 stars,Good food and good service! Will definitely come back!
167,Leonard Chan,5 stars,Comfortable ambience.
168,Esther L,3 stars,Service was meh. Food was great.
169,Merag Chew,5 stars,"Good dim sum here,  highly recommend if you love dim sum."
170,Rosh Wang,5 stars,Excellent service and great food with a classy ambience.
171,Eileen Teo (ET Speaks From Home),4 stars,Standard can be vary but overall great food.
172,Lee Lee Lee,5 stars,Delicious food! Love the dim sum
173,Sally,4 stars,Nice food n good service fm all servicing crew
174,Jim Giam,4 stars,Great place for business lunch in private rooms
175,Jj,4 stars,Decent place to consider for dinners
176,vivian lai,4 stars,Very nice
177,G W,5 stars,"Food is good, service is good and environment is stunning"
178,A 51,4 stars,FOOD WAS EXCELLENT AND FRESH. SERVICE EFFICIENT AND FRIENDLY.
179,Reagan Lee,5 stars,Great food at reasonable Singaporean prices
180,Paul Ng,5 stars,"Fantastic food, eye watering prices."
181,Anthony James phillips,5 stars,Excellent service and great food
182,Helena,4 stars,Nice setting n good food n services
183,Bentley Cheng,5 stars,Hidden gem
184,Yingfong Fong,5 stars,"Good food, good service and good location."
185,Kow Tang,2 stars,Very good timsum here.Service not that good.
186,Lin Yaoping,5 stars,Nice dim sum. Abit pricy though
187,Luis Sanchez,5 stars,Very nice experience!!!
188,Doris ong,4 stars,V good food n v good service.
189,Toby Ong,5 stars,Nice place and good food!
190,Criticalmass235,5 stars,The food is fantastic.
191,rom goh,4 stars,One of the better Chinese restaurant in Singapore.
192,Nico Kerk,5 stars,Food n sevice awesome!
193,Frans L,4 stars,good price and beautiful presentation
194,TC Chua,4 stars,Great food n service
195,Charles Tiu,5 stars,Nice CNY food
196,Lee Da Hang Pte Ltd Singapore (新加坡立达行),4 stars,A restaurant worth visit again
197,Boon Hian Tan,5 stars,Consistent gd dim sum
198,Chee Hong Lee,5 stars,Food nice
199,Heng Su Miang,5 stars,Good service &amp; ambience
200,Adrian R,5 stars,Amazing management and food.
201,Eugenia Sonal Amantea,5 stars,Nice
202,Winston Wong,4 stars,Pricey
203,Andy Lum,5 stars,Good dim sum.
204,foo-chye long,2 stars,Below expectations for sure
205,Antonius Nwp,3 stars,Nice
206,loh arthur,3 stars,Too expensive
207,Benedict Tan,3 stars,Typical Chinese restaurant
208,Fade Blue,5 stars,Cheap food
209,Jocelyn Tan,5 stars,A hidden gem
210,BEAUTY COLOUR SHOP,5 stars,"I recommend the Thirteen Style London Duck here which is very delicious and will not lose to the duck from other restaurants🦆
Compared with Peking duck, I prefer roast duck. …"
211,LOUIS HENG,5 stars,"Fruity fish, extra large pig's feet, roasted chicken, dragon and tiger spots, boiled shrimps"
212,calistya margareth,5 stars,Good and cozy place to relax and enjoy a meal with the family
213,Allan Lee,5 stars,I'm nice dim!
214,Henry Poon,5 stars,good service
215,W Chung,3 stars,Ok lah
216,Resource Fairborn,5 stars,good food
217,Geek Booi Heng,5 stars,Desserts👍 …
