,Name,Rating,Review
0,Haw Kiat Lee,5 stars,"Very good quality food with reasonable pricing. We were offered a vip room so 8 of us had privacy. Service staff is super friendly and very responsive even though the place was very busy. Special mention for the pepper crab, it's firm and flavorful. The Angus beef is another standout. Overall a very enjoyable dinner!"
1,Xingni Poon.,5 stars,"Chanced upon this nice restaurant, tucked in a corner on the 2nd floor of Chijmes. It serves really good food late night. The mee goreng and veg had wok hey flavour, tequila chicken was flavourful as well. Waiter was engaging and service was great. Would come back for another visit"
2,Win Tai,5 stars,Pretty decent chills crab the restaurant is okay nice location in city area of Singapore. Tourist regional area pretty nice local food but only a bit too salty for the veggies and cabbage salt level are extremely high here but overall …
3,justin king,5 stars,"First time here with the fam, food was great. Great recommendations recommended by their staff Chris. Excellent servicing. Chris’s service would make me want to visit this restaurant next time im here in Singapore."
4,AKG,1 star,"Unfortunately, overrated.
-Getting their top seller food on menu - by right cant go wrong but it does this evening. …"
5,Jean Ducreux,3 stars,"The place is supposedly posh, but only the prices are. The tables are old and in bad shape. The rooms are terrifyingly noisy. The service is ghastly. We had to ask for our three menus, then the crab picks, then a fork. The waiter never …"
6,мιѕѕувєlα2828,4 stars,Made a dinner reservation for 5 pax and the place was pretty packed on a Monday evening. …
7,김지혜,5 stars,Chili crab and cereal prawn go well tgt their fried rice. Sauce is also very nice. Their prompt service highly recommendable! Please try brinjal too
8,A T,4 stars,"Great dinner at New Ubin Seafood Chijmes. Excellent service too. Had the usual suspects : black pepper crab, chilli crab, steak with heart attach fried rice, cross bee Hoon …"
9,Jackyfromfl,3 stars,"Very fast serve of food. The taste is okay, not salty or oily at all. But not many steamed food."
10,feng yi Hong,5 stars,"Bhara and Raween are super well-versed with their menu. Their food recommendations are good. We are Very impressed with the level of service and attentiveness.
Our steam fish had some issues but It was changed instantly. It totally …"
11,andreean,5 stars,"We came with a few friends and had a very nice lunch with wine pairing  at this place! Waiters were kind and very accommodating - I could even charge my laptop! The place serves a variety of food , mostly local dishes , but some fusion as …"
12,jocelyn tan,4 stars,"Friday night was 90% pack, advise to reserve seats before coming to avoid wait/disappointment
Oyster orh-chien is super crispy! …"
13,Boon Kok Lee,5 stars,"Best local fusion food in SG that I have tried. Love the desert as well.

The ambiance is also very nice."
14,Henderson Ong,4 stars,Food is good but not sure what happed to the flavor of the chili crab.  Friendly staff.
15,Richard Lau,5 stars,"You will never imagine a Singapore local restaurant serve such a premium quality beef steak! So soft and tender, just delicious. The chai pok kway teow is amazing combination of local ingredients too. Also, this is the first time I see tons …"
16,Karamell Art,5 stars,"Nice restaurant in CHIJMES, we had a great dinner with Crab with salted egg and pork skewers. Very yummy💖 …"
17,yandra aceituno,1 star,A friend recommended this place and I was excited we made a reservation but the only available time was 8:45 for the following day. We were seven minutes lates to our reservation. From the moment we walked in we felt rushed. The waiter …
18,Ironman 13141314,1 star,The garlic crab and chilli crab very unfresh and slimy with black stuff in the claws of the crab. I would not recommend this restaurant to anyone and not come back my self either. They were very stubborn to answer when u ask them about why the food looks or smells like.
19,Tana Praneejit,4 stars,"The claypot aubergine goes together very well with the SamBal fried rice.
The black pepper crab was also very very good"
20,Goh Nai Shin,5 stars,Great food and service! And value for money. Staff is very friendly and prompt in service. The ribeye is a must try. And of course their pepper never disappoints.
21,Han Low,5 stars,"“Can never go wrong, super strong flavours at very reasonable prices”

Love everything on the menu, one of the few places I never get bored of and always look forward to!"
22,Musho Pea,2 stars,"Thought the crab sauce is good, the crab is mushy and doesn't taste fresh. It's also very expensive. The prawn paste chicken was decent."
23,lim kiat hao,5 stars,"Everything was rly good &amp; i dont think im easy to please lols.
The orh lua was the worst. …"
24,Ching San Lim,5 stars,Wine tasting events at New Ubin are always enjoyable. Tdy was no different with very nice Cervoles wines from Spain. I love how they always create new dishes not on their regular menu and gave it thought to the chemistry and balance of the pairing. Gd job 👍 …
25,Rae,2 stars,"It is my first time at New Ubin Seafood. I was recommended to order steak/lamb chops/foie gras dishes. Since I came from a western country, I decided to pick some local delights instead. …"
26,X Y,2 stars,"Unfortunately, overhyped and overrated. Saw that New Ubin's crab bee hoon soup was highly rated on a food blog, but it was a sad excuse for crab bee hoon soup for which we had to top up $13. The soup was bland and only consisted of a few …"
27,Julian Si,5 stars,"Good customer service, join and be a member for them to waive corkage charges"
28,Angel Tan,4 stars,Food was pretty good. Also had a 30% discount if you use grab to pay
29,icez world,3 stars,The food is nice and tasty but the venue is rather run down.
30,Fc,5 stars,"We had our cousin gathering (she and her bf is from Nz) today, the crews are very good to introduce the tasty fish head soup(its big enough for all 8 of us) we ordered the promoted $88 (3 crabs) and split to two kinds of taste i.e. Chili …"
31,June Zhu,5 stars,"Like the crab and food here, and they offer promotion which I can try more flavors. Also the staff is very nice and friendly, they help me on posting reviews"
32,Steve Migliara,5 stars,Great place for fun and food. Nice wine selection and the seafood was amazing. Highly recommend and try.  The whole area in Chijmes is beautiful.  The Chili crab and fresh fish simply delicious. …
33,Open Phils,5 stars,Traditional chicken satay was good. Steak (medium) was also good.
34,Joanne Goh,5 stars,"I went to this outlet when they first opened and food wasn't up to their usual standards. A visit last week was a lot better. One thing I did want to mention was the excellent service. The team was extremely responsive, yet confident and …"
35,Yvonne L.,2 stars,Will be 1 stars but given 1 extra for the staff’s prompt response to our request during dining. …
36,Ashley Liew,5 stars,"My family, including our 1-year-old baby, had a wonderful time dining here for the first time last night! The booking experience was smooth start to finish; important to book because it was practically full house when we arrived. Much …"
37,Deon Lim,4 stars,"Brought my overseas colleagues here for team dinner and it was amazing. The service is good, food portions were right with wide variety. I particularly enjoyed the wagyu beef, but chilli crab was a tad too spicy."
38,Ashley Ngian,4 stars,The food was delicious. I love the black pepper crab and har jiong gai. Would definitely come back.
39,SG Food Legends,4 stars,"Staffs kinda hard to get sometime

Food is as good as always the only thing was that the vegetable was very oily …"
40,Misako,2 stars,"We went there as one Japanese YouTuber highly recommended this restaurant.

But to be honest, I thought this place was overrated. …"
41,Tracy Yeo,5 stars,First time here and for CNY and birthday celebration for a friend as well as REN RI for everyone 😄.  Is located at 2nd floor of Chimes . …
42,Priyanka Rajwar,5 stars,First things first is the ambience of this place. Chijmes is a gorgeous setting with an old colonial feel. New Ubin seafood is on the first floor and has the old club feels. We were invited by our family friends for lunch. I believe they …
43,Kevin Lee,5 stars,Yummy yummy I want free Kaya bun
44,Joyice Ng,4 stars,"Had a farewell dinner with my colleagues here, food variety was awesome! Prefer the taste for mains to be slightly more flavourful"
45,Amy,4 stars,"Visited the restaurant on a Sunday afternoon, it wasn't too crowded. The staff are very attentive and will attend to you immediately if you needed anything. …"
46,T,4 stars,"Generally the food was great, seating was spacious and comfortable. Service was very good as well, waiter was attentive and friendly. …"
47,Miran Choi,5 stars,"Buttet cereal prawn is very delicious!!!
Classic chille crab is sweet and goes well with fried rice. …"
48,Tata Goeyardi,1 star,"Did a takeaway of the beehoon ($16.5) and had to pay for a packaging fee of $2.15 (13% of food cost), which is ridiculous. Asked the manager and he said it was SOP for packaging fee. If they really have to charge $2.15 for a normal plastic …"
49,Cedric Choo,4 stars,I requested for a quiet and cosy corner for 4 and was allocated a table in the wine cellar. It was great and it felt like a private room 😄. It was a little disappointing as I felt that the variety of seafood was really limited. They only …
50,Ming Xuan Lee,3 stars,I could taste the curry powder in the smoked pork curry. I would say the best thing about this dish was the 3 eggs! The fish was over cooked. Kang kong and cereal prawn were  good. Prawn paste chicken and crispy pork jowl were ok. Beef was ok. Rice was not cooked well. Service was good
51,Zee,5 stars,Ordered chilli crab and pepper crab (both 800g). The crabs were really fresh and very full. All pieces of the crab was accounted for so definitely was not short changed. Pepper crab was very peppery so beware if you cannot handle strong …
52,Angie Ho,3 stars,"Excellent food, crabs are highly recommended, steak with heart-attack rice (cooked in the steak juices) is superb. Also recommend Youtiao with squid paste, fresh prawns and smoked pork curry with sunny side eggs! …"
53,Willennium 2k,3 stars,"If you've known the new ubin seafood chain style of execution &amp; restaurant type, you will not get too hype up even when this new outlet is a better part of the city. …"
54,TI G,4 stars,Their crab dishes were good. Closes early for dinner. Our reservation is 8:45pm and at 9:30 they asked us to pay for the meal already as the cashier is going home.
55,BelovedLovesTravel,3 stars,"Though the deco in the restaurant is simple, nothing special but as you walk around at Chijmes, it makes you happy before you step in. …"
56,Pula,5 stars,"Delicious food, fantastic service and a nice atmosphere. The restaurant offers a range of authentic Singaporean dishes, with Western influences. We shared many dishes with some friends, notably the spicy crab and the beef, which were both …"
57,Fan Y,5 stars,Food is quite good! Highly recommend!
58,Jamie Quek,5 stars,Our friends from overseas loved the crabs here. And the service was really good too. Love it!
59,U. X.,4 stars,"All the staff were friendly and kind. Perfect service! I enjoyed so much in their good ambiance.
The taste was also good, especially their sauce of dishes were all really tasty! …"
60,Kevin Ang,5 stars,"Ordered delivery due to SMM. Food was well prepared, carefully packed and delivered on time. Very delicious and what we’ve come to expect from New Ubin. Very glad that New Ubin has managed to pivot towards takeaway and delivery. Do give them a try if you’ve not."
61,Mida Hardo,5 stars,"This is one of favorite place for dining in with friends and families. I have been knowing the place since 2019. And always coming back for their famous steak. and of course others. The steak comes with fried rice, potato wedges, and …"
62,Grace L,5 stars,"The food was really good, chilli crab was on point and their mantou was fried to perfection, crispy on the outside, soft and fluffy on the inside. Also had the boss beehoon (without chilli) and it was also very flavourful with lots of wok hei without the spice."
63,Felicia Cha,5 stars,"The atmosphere is good, the food is tasty and very affordable"
64,J C,3 stars,"Took car park lift to the restaurant on 2nd floor. Very weird and bad entrance to restaurant, passing back door of kitchen and toilets and narrow walkway. Doesn’t feel like we are at Chijmes at all. The arrangement of the tables and the …"
65,Karen K,5 stars,We visited on a weekday at lunch time and there was barely anyone but not complaining because the service is impeccable. Orders were taken quickly and food was flying out of the kitchen. They found out that it was my mom’s birthday and offered us their speciality - home made kaya with toasted baguette. VERY GOOD. will return.
66,Teo Agnes,5 stars,"Just celebrated my girl’s birthday here. The service is really excellent - attentive staff, responsive to feedbacks very quickly. Food is served rather quick but in a paced manner, not making us feel rushed. Changed our plates quickly when …"
67,D Chua,4 stars,The food wasn't bad but the place had a very Chinese sit-down dinner vibe. They need to have an area for kids. My party alone had 4 kids of varying ages and it would have been nice to have an area that is child-proof and fun for them. Something to consider.
68,kimmandy36,5 stars,The portions were big and the food was delicious. This wood be a good place to eat at if you're with a large group of people. I particularly enjoyed their Hokkien Mee :) service was pretty good.
69,Healy APAC,5 stars,"Came here after dinner at 845pm, still we enjoyed the food and service by Paul was amazing ! 赞👍 …"
70,Emmaline Harris,4 stars,My 1st visit &amp; it is a pleasant experience. Good service and friendly/attentive staff who gave us good recommendation/advice on the menu. Food is great too.
71,Aiden,4 stars,"Chili crab has strong taste but not bad. Pepper might be better than Chilli flavor.
Cannot compare the taste because this is the only restaurant that I've tried.
Service is bad. Servant missed our additional order and request of wet tissue."
72,Schnitzer Ang,3 stars,"Nice place, nice ambience good service staff but the food I feel is just so so. Hence the 3 star. The expectations was kinda high consider it is new Ubin and located on Chijmes but when I had the food I don’t taste or feel any wow factor. …"
73,Hulk,4 stars,The fish head curry was simply awesome. Rich and thick gravy and spiciness was simply shiok. The wagyu beef was top notch. Enjoyed the boss bee hoon which came with the famed wok hei. Chyepoh egg was extremely salty at some areas. Service was good and enjoyed my dining experience.
74,Kris Li,5 stars,"Love the food here! Authentic local Singaporean dishes. The owner is also a big Scotch Whisky fan, so that’s a plus! …"
75,Samantha Lin (Sammie),4 stars,"If you are a seafood lover, you will like this place. Give the boss bee hoon a try. How I wish they served it for breakfast!herbal prawn is nice, the herbal soup is sweet and have a subtle taste of the herbs. The mutton satay is so tender, …"
76,Daniel Braun,4 stars,"Location: 5
Ambience: 3. Could be authentic Chinese in this place.
Food: 4. Just good. Famous for crab.
Stuff: 5. Fast, friendly, efficient."
77,SuperCashSG,5 stars,"We tried the boss bee hoon, the lime leaf chicken, the smoked duck breast, the vegetarian mee goreng, the USDA black angus ribeye and the Chye Poh Kway Teow. Everything was delicious and our favorite was the lime leaf chicken which was …"
78,김진솔,5 stars,"I made mistake as I booked wrong date but the manager handled very well and modified my booking to on that day. One server named Mr.Ting, the gentleman and he was very kind and generous. Amazing service and experience overall!!"
79,Marcus Seah,1 star,The garlic crab and chilli crab have black stuff inside in claw and very unfresh( slimy ) I would not recommend this restaurant to anyone and would not come back myself either.
80,Wendy,5 stars,I love chili crab spicy yum yum
81,Pearlyn Sin,3 stars,"Pros: chilli dippings and good service. When I requested for chilli, I was served a selection of them and the sambal’s really good! …"
82,yunseong lee,5 stars,"The food is not salty and seasoned. And above all, chili crab and meat are the best"
83,Winnie Xu,3 stars,"Came for the chilli crabs. The crab sauce was pretty good but crabs were quite small. The mantou were the frozen kind, wasn't super soft or fluffy to have with the sauce. Signature greens and calamari were decent. Overall ok meal for the high price tag."
84,Hayato Iwahori,5 stars,"The high quality local food in this area!
i’ll definitely comeback here!"
85,Harvey chia,5 stars,had a very good experience again at New Ubin Seafood. the food was great and service was excellent
86,Ferdian Gunawan,3 stars,"We went with a very high expectation after reading the reviews. The food were above average, but I’ve tasted much better zi car / seafood elsewhere. …"
87,Ryan Ho,5 stars,"This is what ""modern tze char"" is about. Local Singaporean seafood taken to the next level. The Boss Bee Hoon is the must-try, as well as the ribeye which comes with the ""heart-attack"" friend rice which is cooked with the tallow from the beef. The smoked pork collar is one of my favourites too."
88,Wai Chan,5 stars,The Boss Bee Hoon got the 锅气. Very yummy. The Hokkien mee is their signature too. But the Brinjal delight and fried oyster eggs were a little disappointing.
89,Michelle Kuah,5 stars,Food is so yummy! Service staff’s are friendly.
90,D D,5 stars,"Been a long time since we've been here, and previously it was the other outlet. Nice to come back here after so long, and service and food are still equally amazing!"
91,YC Boey,4 stars,Great location and great food. Good quality and variety of simple zhi char style. But they are famous for their Angus steak and super nice fried rice. Chilli crabs seafood as well as other dishes makes this place a good welcome vs the …
92,Royal Pears,4 stars,"The pork jowl rice bowl was not bad - flavourful fried rice, the pork jowl texture though a little peppery, the kailan, and the fried egg to moisten the rice. The bitter gourd seafood soup was not bad too - the squid tentacles and prawn …"
93,Joe Tan,1 star,What was supposed to be a lovely evening enjoying great food with a colleague who happened to be in town ended so sour and having a bad impression of Ubin Seafood. This is our first time here since it is near to the office and saw some good …
94,Junya Wei,5 stars,Great food and great service! Definitely recommend the crabs!
95,Jonathan Leibovich,5 stars,"Came here to try the chili mud crab and it did not disappoint. The star of the show for me was easily the fried bread you dip into the sauce, absolutely phenomenal."
96,스누피,5 stars,Chili crab is really great🫶🏻💓 All of my family liked it. The fried rice and buns are also good. you should try when you visit Singapore!!!! …
97,Djohan Sutanto,5 stars,Very nice restaurant to enjoy local flavor seafood. Rice noodle crabs is exceptionally tasty and sweet fried squid is extremely crispy- great pairing with beer. The restaurant's special offer of wagyu beef paired with 12 &amp; 14 years old …
98,lily Lee,5 stars,good food and nice location! recommend to family group.
99,iamafoodtaster,4 stars,"Not My 1st Try... However It's My 1st Time To Their Chijmes Outlet Chosen Out of e 3s (Zhongshan Park &amp; Tampines) After Hillview@Canteen...
Their Services Rendered, I've Totally No Word To Describe Until Today! Just …"
100,atina 90,3 stars,"We had our nice evening out dinner here. We had the Soon Hock Marble Goby Hong Kong style, rice and veggies. …"
101,Shuo Cong (小夫),5 stars,"Food is of good qualité,  we highly recommend taquilla chicken! but the aircon is a bit cold"
102,Rarchelle SY,5 stars,I had a superb lunch at new Ubin seafood!! The food is tasty esp the boss fried bee Hoon! The service is prompt and fast too! Will recommend for executive lunch or gatherings !
103,TinMan Of Aus,5 stars,"The black pepper crab was heaven.
The chilli crab was tasty and very saucy. We had an excellent experience here. I would highly recommend this place."
104,Ivana Thng,2 stars,"Almost everything we had was a miss, I don't know if it's because we ordered badly. The soon hock sauce was too sweet and the chye poh omelette was much too salty."
105,bina deepak,5 stars,The food was delicious. We were very well looked after by Mr. Ting. Each of his recommendations were delish.
106,Pun Punyasavatsut,5 stars,Amazing food with lots of high quality cooking. A great representation of Singaporean flavours.
107,Soo Cheng Koh,5 stars,Very awesome crab. One of the best I had in ages. Please go to try!!! 👍👍 …
108,Louisa Chong,4 stars,"Overall positive experience n food generally tasty with good wokhei but minus one star cos prices of a lot dishes r  too high for what u get. Hokien mee, prawn n crab fritters, you tiao stuffed with cuttlefish n steamed sotong were …"
109,Chris C,3 stars,"Came here with a group of friends during a 2 week trip to Bali, Kuala Lumpur, and Singapore.  A friend’s cousin had recommended it for the chili crab and fish roe.  We tried those and a few other dishes.  The food was ok, not someplace we plan to come back to."
110,Aretha,5 stars,"Great food - the herbal prawns was so yummy!!!! Gourav, our waiter, was so great as well! Really enjoyed the food though can improve on the ambience."
111,Edward Rodrigues,4 stars,A surprisingly pleasant and quality tze cha place to find within CHIJMES. Very reasonably priced menu with nearly every local dish you could ask for. Service was good and fast.  Every dish was fresh and the steamed hallabot was excellent prepared in Cantonese style. I would go back again for 👍 sure 👍 👌 …
112,LINDA Teo,2 stars,"This Chijmes outlet is nothing compared to what we had at Sin Ming years ago. We ordered the signature dishes- USDA beef with heart attack fried rice. Baked garlic crabs, fried crispy pork jowl and ended the evening with orh ni. One bottle …"
113,Amy Lu,5 stars,Fantastic home style local food and love all the dishes.   The fried rice that comes with the Angus beef is amazing. Restaurant is well located in Chijmes with beautiful Atmosphere.  Highly recommended.
114,Vicki Tan,3 stars,"USDA beef is worth trying. The rest of the zichar is sub-par, other heartland places are better off. Most dishes are one-size which makes it hard to estimate. Nice ambience and possibly good for work dinners only. Standard has dropped significantly in my opinion."
115,Vania,5 stars,Always love eating here whenever im visiting singapore (especially for the chili crab). Auntie Rita makes me feel like home best services ever  ♡
116,Mystery Notes,5 stars,"Fantastic food, great service.
Received half cooked har cheong gai which was promptly replaced, staff were courteous and attentive. Will be coming back here again. …"
117,La Madame NomNom,4 stars,It was great dining there. Central and easily accessible location. Good service and good food. Need to make reservation earlier otherwise sit at bar counter if u dont mind...
118,Geraldine Moo,5 stars,"Great food at reasonable prices. Been there a few times and their service improves with each new visit. I highly recommend their boss bee hoon, claypot carbonara, herbal prawn soup, foie gras satay, har cheong gai and curry fish head! Their …"
119,Steph Tang,4 stars,"Food was great but definitely on the pricier side.

Love the oyster omelette and lemongrass chicken. Dont order the crabs as it waa …"
120,Anchisa Pongmanavuth,4 stars,Singaporean institution serving seafood and local dishes. The Chijmes outlet is the newest one and pbb the nicest one in terms of ambiance. …
121,Francis D,3 stars,"Came on a Friday evening without a reservation. We were happily accommodated despite a full house. We had the table for a tight 60-minute dinner. Fair enough for a random walk-in. Ordered chili crab, grilled tiger prawns, and yang zhou …"
122,Rein,1 star,This place is so expensive and not worth it. Other places can give bigger portions which are as tasty if not tastier. …
123,JIHYE Kim,5 stars,"I like this restaurant!!
especially classic 🦀 …"
124,Valery Lam,5 stars,"Tze char styled food that retains good old school flavours of yesteryear with a modern twist. There were classic dishes like har cheong (prawn paste) chicken, deep fried baby squid, prawn rolls, king po chicken, amongst creative dishes like …"
125,Evelyn Fong,5 stars,Service staff was very prompt and friendly. The food was served quickly as well. The egg with smoked duck omelette was delicious
126,Jw,2 stars,"Their speciality dishes were good. But quite a disappointment for the normal tze char dishes, meat and veg. They were served within 2mins despite a busy dinner. Appears to have been pre-cooked and only scooped to serve. The heizhou was like room-temperature, couldnt be freshly made."
127,Alan Chew,5 stars,"Went to this lovely place again. First time tried the Otah You Tiao, Garlic Baked Crab, and the Petai Fishroe......yummy to the max"
128,Rayson Koh,3 stars,"Food variety is similar to normal local zichar store
Service sucks to be honest. Basically there's only one person who will come to pour plain water. There is no one to help to serve the food such for soup or cut …"
129,Sam “Green Eggs & Ham” Shee,4 stars,"Delightful tasty with superb service upstairs at the CHIJMES establishment.

A wide selection of upscale Chinese dishes. They even do deshelled crab! Fish …"
130,Caitlin Swalec,5 stars,"Ordered a few dishes for take out after a long day and they were prepared super quickly and really well. The servers were kind and thoughtful while I waited too. I had the oyster omelet, chye poh kway teow, and some veggies. All were excellent."
131,loann le,5 stars,The owner recommended amazingly delicious dishes.  Food came out lightening speed and fresh. I would come back to Singapore just for New Ubin experience again!
132,Pinky Rodriguez,4 stars,"went for the oyster cake but also tasted the hk kailan, the roasted corn, pork cheeks and the boss bichon. oyster cake was a massive portion even though I had ordered the small portion. very good value."
133,Ravi Singh,4 stars,"The food is authentic local delight ..and the service is polite and timely. I liked the way they explained every item and it's ingredients.
It's a good place for a group to enjoy lunch or dinner ..and it also has one of those rotating tables for those who like such a setting."
134,Ronnie Ho,1 star,Serious drop in the standard of the food…. Even though I as a set dinner but it’s just ridiculously prepared and some items came cold…. …
135,Thomas Park,5 stars,"Christian the owner was amazing, he gave us all the recommended dishes, the food and service was amazing! Highly recommended and can't wait to come back!!"
136,SH Ngiam,4 stars,"Very interesting dishes. Love the foie gras w half boiled egg, served in old traditional coffee cup. The medium rare ribeye steak platter comes w the fried rice with tallow is the most sinful dish, but absolutely worth the cholesterol surge! Cant end the meal without self made kaya toast w french butter. Yummy!"
137,audrey ng,3 stars,"Visited the restaurant on 6 May 2022 had to make $100 deposit for it and when we asked for refund for the deposit back in cash, the staff said cannot! …"
138,Shermaine Ng,5 stars,Great food and great place! Would definitely come back here for a good and hearty meal with family and friends.
139,Steph Yeap,5 stars,"This is our new favourite place to bring friends from overseas to enjoy a little flair of local cuisine. With an all-in-one Singaporean dining experience - we ordered the chilli crab, oyster omelette, kailan, Hokkien mee. The chilli crab is …"
