,Name,Rating,Review
0,Janice Lee,5 stars,"Somehow a search on Espanol food led me to Gaig Restaurant, a quaint family restaurant that marries old traditions with modern interpretations. And I’m impressed after a visit here! …"
1,Ben Lin,4 stars,"A Spanish restaurant in Singapore located in this high competition zone where there are so many of choices for the different cuisines... The dishes are yummy but in quite small portion for each order, relatively higher price compared to …"
2,Nadia Ng-Bech,4 stars,"Had dinner at Gaig on Friday night. When we entered the restaurant,  I initially felt it had a little stiff atmosphere but those worries wore off as the evening went on. …"
3,Colin Chan,4 stars,"Purveyor of high-end Catalan cuisine. The offered tasting menu purports to be an overview of the restaurant's offerings, but has some notable misses. Service is attentive, though slightly pushy, while ambience is excellent on a quiet …"
4,Farrah Ratnaike,4 stars,Definitely one of the better Spanish food restaurants here. It's my second best Spanish food restaurants here this far. The ambience is rather upmarket. …
5,Mats Lingblad,4 stars,"Very pleasant traditional Spanish restaurant. It is not hip like many other Spanish restaurants in Singapore. The food is good. Octopus and pork in a potato cream was very good. Ditto for cannelloni and the dish with tripe, meat, and I …"
6,Phitchaya T,3 stars,"A very quiet restaurant located in the city center. The food in general is pretty nice. I find the food deconstruction quite interesting. However, the portion is pretty small. …"
7,Mighty Foodie,5 stars,"It was my first time at Restaurant Gaig, and I would say the food here is simply amazing! …"
8,S Wun,4 stars,Mar 2023: first visit. Ambience was good and service tip top. Tried the set lunch with a good variety of tapas starters. The beef cannelloni was the item that drew my husband to re visit this place and bring me there for the meal. Overall …
9,La Madame NomNom,5 stars,Highly recommended. Tasted better than many restaurants in Spain. Dishes come in small portion hence can try more. The 2 service folks who attended to us were pleasant. I would love to be back.
10,Rovik Robert,5 stars,"Catalan restaurant with a mix of small and large plates for sharing. Definitely get the cannelloni and the croquettes to start, and follow with the stuffed chicken and lobster noodles. I’d skip the pork cheek. Dessert was interesting but not remarkable. Overall solid restaurant."
11,nickt,5 stars,"2023-07-12
A little understaffed and it took short waits to get water refills. Lovely playlist with oldies hits. …"
12,Paul Robert Gilroy,4 stars,Very nice restaurant for Spanish food in Singapore. Excellent service in very pleasant surroundings. Good selection of small plates with interesting and tasty combinations of flavours. …
13,Andrew Yee,5 stars,"Tried Catalonian food for the first time at Gaig and it was outstanding. My photos really don't do them justice, but the cold tomato soup with jamon ice cream and fideua with carabinero prawns were excellent. I especially loved the fideua. …"
14,Darren Koh,5 stars,"Very delicious and well priced (for a relatively upscale place). We'll definitely come back.
Enjoyed every dish, but the The ox tail paella was a revelation. So much umami! …"
15,Jack,5 stars,Had a great 1st meal here. Food was amazing. Started with the salmorego tomato soup so rich. Beef and pork pasta cannelloni was recommended and glad we ordered it. Octopus with cauliflower was very tender. Fiduea was full of umami but maybe …
16,Vivian Mok,3 stars,"Had the Valentine's Day menu.

I enjoyed the first 3 dishes but the last 3 were honestly disappointing. …"
17,Sasi Emőke,5 stars,"Second time we came here with my husband to grab lunch in his break. Nice cosy restaurant to get together and slow down a bit. Literally as we didn't have data on our phone. 😊 I think it's a plus, but for busy business men might be a …"
18,Vicky Tan,3 stars,"Underwhelming, lower than expected lunch executive set by this so called 3 yrs Michelin star restaurant (2018,2019,2021)
We ordered 2 sets lunch, octopus and jamon croquette. Lunch came with mushroom …"
19,Grace Franklin,4 stars,"Nice and comfortable ambience, with responsive and attentive service. Most dishes  were great with a few standout like the bombas was full of contrasting textures and flavours, and the bread and jamon was lovely - we ordered twice! …"
20,Lisa Kwok,4 stars,It was highly rated by a friend but after trying it out it wasn't as good as I expected it to be. …
21,Anne XU,5 stars,"Definitely a special restaurant, I would describe that some of the dishes let me feel I am visiting a tea garden, so refreshing. Especially the crispy bread with tomato and olive oil, tomato source was so light and refreshing"
22,Zhien Chua,5 stars,First time having Catalonian food. The food was really great and unique something different from what you will normally find in Singapore. The octopus and the cannelloni was really the best dishes of the night. Also the bread they serve was served piping hot. Worth a visit
23,P H,5 stars,"We loved the traditional cannelloni stuffed with beef and pork and truffle sauce ($16.50) especially the sauce, and the beef wellington ($52)! The tenderloin in the wellington is so tender and flavourful, among the best I’ve tried. …"
24,Stephanie Wong,4 stars,"Nice elegant ambiance with attentive service. The tapas and fideua (short noodles cooked in paella style) were excellent - the cold soup, bomba and cannelloni were outstanding. …"
25,Rise&Shine,5 stars,"Visited Gaig again. Love both visits. Authentic Catalan food. One of the few places in Singapore that offers Fideua and Estella. We enjoyed every dish here, especially Fideua, Paella and Beef. Service was attentive. Appreciate it that they cater to those with allergies."
26,Charis,4 stars,"The food was pretty good albeit small portions! My fav was the cannelloni. Corkage is $30 and if you buy their wine, it's free corkage. I didnt really like any of their desserts. But all in all, a pleasant and cozy experience!"
27,Li Lin,2 stars,Cold soup and dessert were very good but the main pigeon porcini mushroom  paella dish ($50+) is a huge disappointment. …
28,Adpamtures Adventures,5 stars,Cute little restaurant with very interesting starters and desserts! That which might be missed is the small little step down at the entrance. It gives a subtle feeling that you're away from Singapore! 👍🏼 …
29,Wei Jie Original,5 stars,"Went back a second time, enjoyed both visits. I really enjoy their rice and their version of the Catalan creme. Do visit if you're craving some Spanish food."
30,Rika Kromodimuljo,2 stars,"Decided last minute to have dinner here with the family. Service was slow and food was good, ordered a barrage of tapas and went to do seafood paella. Main issue is that my partner had sudden food poisoning from either the cannelloni or the …"
31,E L,1 star,"Brought my mum here for her birthday dinner, but it turned out to be one of the most underwhelming and disappointing birthday meals we ever had. …"
32,Chiam E,4 stars,"Gaig has been around for quite some time, offering Catalunyan fare.
We went for the set lunch which was priced at SGD58+++…which allows you to choose 4, out of 5, a tapas, one main and a dessert. …"
33,Ben Toh,5 stars,"I was happily eating and drinking and omitted to take more photos of the delicious food and excellent wines. The food was exquisite - cold tomato soup, crispy bread with tomato, cannelloni, bomba, grilled pork, and dessert! My words don't do justice. You got to try it to believe that it's worth 5 stars 👍🏻👍🏻 …"
34,Patricia Isobelle Tan,5 stars,"Liked the food!

Was pleasantly surprised with Salmorejo soup which was a cold tomato soup with …"
35,Kai R,2 stars,"Food: Fish was overly salty. Lobster Brisque tasted good, but serving was tiny. They charge for simple tiny bread. …"
36,Jonathan Lee,5 stars,Wonderful setting that had a European/Mediterranean vibe. Started our meal with the Crispy toast with tomato and olive oil ($7.50). Texture wise was great but wish there had been slightly more olive oil and salt to bring out the taste. Then …
37,G,4 stars,"4.5 stars.

A very interesting tasting set lunch menu. Including various starters one main …"
38,Rupert,5 stars,We enjoyed a very nice evening meal at this stylish restaurant. A nice welcome and help choosing beautifully prepared dishes.  Able to offer good gluten free choices. A nice choice of wines by the glass too. Would certainly return. Thank you!
39,Seow HT,4 stars,"Love the interior decor of the restaurant, clean and classy feel.
Both red and white sangria were good, though i prefer the white more.
We had thin crisp Pa Amb Tomaquet (toast w tomato), croquette w ham (filling is …"
40,Lulu Tan,4 stars,Love the cosy ambiance of this restaurant. Carles Gaig was visiting so a set menu was offered for the evening. They were extremely accommodating in making the meal a gluten-free one for my friend who was gluten intolerant.  The meal was …
41,Royal Pears,3 stars,"Set lunch ($65)
Amuse bouche - Ok.
Starters (Calçot warm soup, Beef tartar on tomato toast, Atlantic cod fritter, …"
42,Steve Choe,5 stars,"If you want some cheap food, don't go here. If you want the BEST Spanish cuisine in Asia, you must try this place.  This restaurant so good I wish I could give more than 5 stars.  Just absolutely delicious plate after plate."
43,Kevin C,5 stars,Great food and great service from the server. Definitely will recommend to families and friends. Quiet and romantic ambience making it suitable to celebrate intimate occasions.
44,Natalie Fan,5 stars,Came here on Friday night and it was full house. Food is generally good but kitchen was a bit slow for our mains. $120 per pax with 2 bottles of red wine for 5 pax which is pretty reasonable
45,wz ang,5 stars,Limited tapas selection but they were all very good especially the Spanish version of chilli crab. This is highly recommended. Me n my husband had 5tapas but could even add on 2 paella. Also because the paella are even better than the tapas. Great service too
46,Zach Loh,2 stars,"Visited the restaurant to have dinner / birthday celebration with my friends after hearing all the hype about GAIG. However it is nowhere near my expectations, really gai(GG). I visited and tasted countless Spanish Cuisines both locally and …"
47,Xuan Yong Lee,5 stars,Top notch Catalan food with great hospitality. Nice layout with privacy for all tables. Tastefully decorated restaurant with beautiful tableware and crockery
48,Wayne Chua,4 stars,"The food itself was very enjoyable. The Matrimoni, Jamon Oberico croquette and the Bomba were amazing and the course ended on a delightful note with their take on creme brulee which came with a zesty lemon sauce too! The dinner course set …"
49,Sarah Wong,4 stars,"I loved all the tapas &amp; mains I ordered. The stand out would be the fideua which was flavourful and the prawn head was AMAZING. The desserts I would give a miss, not bad but not great either. Would definitely go again to try more things!"
50,Justin Teo,5 stars,"This is the first international outpost of Michelin-starred Restaurant Gaig in Barcelona, serving Spanish food that's refined and contemporary, so that's different from other Spanish offerings we have here in Singapore. …"
51,G Y,5 stars,"We had totally enjoyed the meal at Gaig, loved the variety of dishes and how flavours come together well. We especially lived the short noodle paella that reminded us of what we had in Barcelona."
52,Bow K. Techataveekijkul,4 stars,"I’m quite impressed by the flavor of each dish. Everything was delish! Just that the portion wasn’t very filling (for tapas, I understand … but for the main… hmmmm)."
53,Patrick Hanna,5 stars,"Nice restaurant with good, freshly prepared food. Decent drink list. The atmosphere is good, with a unique vibe. Service is efficient and friendly. Their paella is authentic an prepared with passion: a must try."
54,James Haleblian,5 stars,Quiet and refined resto in Telok Ayer area. Lunch special with choice of 4 of 5 tapas and entree. Cannelloni with truffle cream sauce with excellent balance.  Croquette very good.  Seafood fideua was unusual in that it was highly evocative of basque squid ink rice. Recommend
55,sean higgins,5 stars,A great experience at lunch today. Friendly staff. Good food - loved the beef potato ball and fabulous desserts like the creme brûlée and sponge looking ice cream. Paella was just right - light and flavourful.
56,Vinchel Budihardjo,5 stars,Cozy place and lovely hospitable restaurant manager. I came here for the first time for their first wine dinner of 2019; the Celler Pinol. Outstanding food served to pair with the wines. Will I return? Absolutely.
57,Tiffany Nguyen,4 stars,"Gaig is a family-owned famous for their Catalan food with a long cooking tradition in the family; Their signature dishes are Traditional Canelloni and paella, yet I personally prefers modern Spanish tapas restaurant"
58,Shi En,5 stars,"The service is top-notch, the food is perfect, the ambience is brilliant. First time here but definitely not my last time! Go for the set lunch option, it offers a variety of food that will definitely be to your liking:)"
59,Wei Le Lim,5 stars,"Had Christmas team lunch there. Safer to make a reservation if you're going in groups, as the space is small. Other than that, food is great. Expect to wait if you are there during dining peak hours."
60,Anonymous,1 star,"I've been going to gaig for about 5 years now. The staff used to be very friendly and always remembered my order. However when I celebrated my birthday at gaig on 18/11, the two male staff who served our table had a very unpleasant attitude …"
61,Troy N,5 stars,"Great food, service and wine. The tapas was excellent and the beef Wellington was also very good (bit stingy on the mash though). Will happily visit again soon."
62,Ellen Guo,4 stars,"Good service and food. But I find it a little overpriced for what it’s worth. Priced like fine dining, but one notch lower."
63,David S,5 stars,Awesome catalan food in Singapore. Food quality is always superb and service is excellent and friendly. Definitely one of the best places to eat in Singapore!
64,Oz's Travels,5 stars,"Awesome food, a great host and a very interesting wine list. What more can you ask for in Singapore Downtown? Good for a business lunch or dinner with friends."
65,Shirley Odelia,4 stars,"Recommend the Fideua, cannelloni, Beef Wellington. Forgettable: tripe. Wines are very pricey. About $100 per person after tax."
66,Cheryl Lee,5 stars,"My favorites were the Turbot fish, short noodle Squid Ink and Mushroom Croquette. Love the ambience here, perfect for a romantic date night."
67,JPLew,5 stars,"Had dinner at Gaig. The food and service is great. The resturant is not too crowded and it was easy to get a seat for two. We had the pigeon paella, tenderloin, ham/roasted chicken croquette, cannelloni and the creme catalona. They all …"
68,priya patel,5 stars,The food was amazing! So welll presented and tasted great too. Great customer service too.  Well definitely go back.
69,Benjamin Cheng,5 stars,We enjoyed the food and good experience at GAIG. Food was excellent and the team was accommodating with my proposal request! Thank you very much!
70,See-Ann Soo,5 stars,Such a lovely and cosy restaurant with excellent service. Food is exceptional and very unique .
71,Imran Jivani,5 stars,Honestly the best tapas I've had in outside of Spain! Great value for the quality and the wine is reasonably priced as well. …
72,Chris Day,5 stars,"Fantastic!!
Amazing food, great selection of drinks and really friendly, efficient service.
Somewhere to go mor then once!"
73,Venus Chan,5 stars,"Fancy but not pretentious, it's tapa is better than the appetizers in some 5 stars restaurants. The kitchen is in full glass and you can see how they operate smoothly when you walk pass."
74,Zavier C,5 stars,"Stumbled upon this place randomly.
Great tasting food.
Love the paella and octopus.
Will definitely be back."
75,Eugene Ng,5 stars,"Very pleased to have been able to secure a table at the eleventh hour on a Friday night in this part of town. My dining companion craved for squid ink paella and this place serves one of the best (if not the best) in SG, and what we got did …"
76,Tricia Lam,5 stars,"Exquisite food and elegant ambience - loved the croquettes, crispy bread with tomato and cannelloni. Wonderful service as well"
77,Dave Thompson,5 stars,"On offshoot of the restaurant in Barcelona. This place is excellent, friendly and relaxed. The Paella with Squid ink was one of the best I have ever had."
78,Nikki Ming,5 stars,Food was amazing on so many levels. The waiter assigned to us however was disappointingly green.
79,C P,2 stars,I feel like I had picked the wrong food items? Or maybe its some acquired taste but it was nothing spectacular for me don't get the Michelin rating..
80,DIRTCREW M,5 stars,"I like a place that places importance to its food rather than fancy decor and other frills. Gaig serves great, simple food."
81,Vinh Tran,1 star,"For a fine dining experience this was regrettable and unnecessary. The food portion for the main entree was less than filling, the palate's uninspired and unmemorable. What sealed this series of unfortunate culinary experience was the …"
82,Vivien Chin,5 stars,Loved the cannelloni (ate too fast and don’t have a picture) plus fabulous dessert.
83,Irina Zhao,4 stars,Great place for Spanish food. Particularly enjoyed the Cannelloni and Squid Ink Fideua. Nice quiet and cozy ambiance - good place to catch up with friends.
84,audrey ang,5 stars,"Worth to splurge !
Great drink list ,port ,sherry  , white sangria. .Food taste ,awesome.
The Pigeon Paella is soooo yummy. …"
85,Lionel,4 stars,Very tasty Spanish food. Definitely worth a visit!
86,Melissa,5 stars,Wow. I wasn’t going to expect much but the food here definitely exceeded expectations - especially the cold soup and the noodles!
87,Cookie Monster,4 stars,Great food and customer service. Portions are small and prices slightly on the high side.
88,James Tai,5 stars,Great service here and the Spanish cuisine is creative and delicious.
89,Maria Jimena Cardona,5 stars,One of the best services in singapore...very tasty food! Loved the black rice and orange sorvette
90,katong guy,4 stars,Good food and friendly service. Liked the dessert; forgot its name. It had rum in it.
91,Katy Perry,4 stars,Staffs are friendly. Food is good. Just that it’s really noisy and I could not relax nor enjoy food.
92,KH Wong,5 stars,"My friends and I chanced upon this gem on a crowded friday evening at telok ayer. Everywhere was packed and we saw this place not too crowded and settled here. Guess what, we're in for a wonderful surprise. The food here was beyond our …"
93,daelus Lu,4 stars,"Food is fairly decent. Service was definitely great. Atmosphere would normally be good, but it happened that there were loud talkers from surrounding tables that day. It wasnt even thay crowded as it was raining. Worth at least one try especially if you like spanish food"
94,Dave Huddle,5 stars,"Great local outpost of a Barcelona institution. Well run, great service, great food, great wine: what's not to like? The menu is split into classics and a rotating selection of new dishes, so you can be enjoy some of the greats that earned …"
95,Kiku C,2 stars,"they lost me after they served chewy bread (just not classy to be gnawing on a baguette on date night), and insisted it was crispy, and that it was the norm. I decided on post-dinner at an old Spanish favourite after they served a croquette …"
96,Sudipto Guha,4 stars,"Great tapas place serving Catalonian style Spanish food. We started of with a glass of Rioja, was excellent.  Next we had the ham and chicken croquettes again really good but the ham one was our favorite. We also tried the shrimp …"
97,Wayne Mathews,5 stars,"Menu is split evenly between classic Catalan dishes and the restaurant's own dishes inspired by Catalan food traditions. This was my second visit and all the food, whether classic or modern creations, was lovely. Good service and well chosen wines enhance the experience."
98,Nam Hung Tran,4 stars,"Mid range Spanish restaurant. The food is quite good, but the processing time is very long. The main course is nice, the tapas are like small bites, and some of them taste quite strange. Dessert is awesome. Not for lunch unless you can afford a very long lunch. Maybe better for a dinner with some wine and more time to savor."
99,Xiaomin Chen,5 stars,Thanks for the lovely food and service
100,Janice Pang,2 stars,The ambience of the restaurant was nice and cozy. The staff were warm and friendly except for the female manager who seemed rather snooty and didn't really make us feel welcome. The food was ok. We ordered three starters but didn't find …
101,Gulcin Tefek,4 stars,"Visited Gaig on a saturday evening. The restaurant ambience was warm and casual. Service was attentive,&nbsp; expecially lady staff was quite polite and welcoming. It was our first time trying Catalonian cuisine, therefore we opted for chef's …"
102,YTG Kong,2 stars,Pleasant. Perhaps too arrogant about what they view themselves to be. Something about being identical to their restaurant in Catalonia. Understand that the restaurant isn’t about you. It is about the customer ... The food is good to very …
103,Joy Q. Wang,3 stars,"Saw this place on google maps and was really keen to try, however, the experience was subpar. Service was good but the food was not - I’ve tried many beef tartare around town and this place was the saltiest (I simply could not finish it), …"
104,Ho Chiak,5 stars,"Wanted to try some Catalonian food and decided to give Gaig a go. The experience was wonderful, the staff were very knowledgeable about the food, the produce was fresh and the cooking was perfect. Really enjoyed the carabinero prawns (its an umami bomb) and the Salmorejo cold soup. Amazing flavours and highly recommended!"
105,B Tan,5 stars,"Good experience there! Beautiful tastefully done interior. Attentive and friendly staff.
Crispy bread with tomato was nice. We had 2 portions. Gambas was really nice, …"
106,Darren Lim,4 stars,Food presentation and taste was excellent. Disappointing service though. Wrong starter served to a guest who had dietary restrictions. A la carte grilled octopus ordered at start of meal was served after dessert. Service staff could have be more mindful.
107,Bhavesh Shah,2 stars,"Overpriced. Way overpriced.

The local staff are friendly and helpful with the eclectic menu the ‘Spanish …"
108,J Partridge,5 stars,"Great food and service! Never disappoints and unlike other restaurants, they always try to fit you in ( we don't mind sitting on the bench table outside, especially if we are a last minute walk-in on a Friday). I always like that they …"
109,Meng Zhang,4 stars,Don’t order pork or the new menu. Order signature dishes on LHS!!!
110,Valentin de Miguel,5 stars,"Amazing experience! Nuria is an amazing professional, with deep knowledge of cuisine in general and Spanish food specifically, which she complements with a profound ability to advise on the best wine pairing … and her natural charm. This is a must experience!"
111,clara chan,5 stars,"Very nice experience. The people is very friendly. Ambience is good. We love the Tapas: crispy bread with tomato , jambon croquette &amp; their special catalan tapas with beef &amp; pork. Don't miss the desserts. They are yummy. We had creme brulee in martini glasss and also chocolate with olive ice cream."
112,Taoufiq Bounaji,5 stars,"The food was good,the serice .best place to have a good dinner."
113,Daniel Ng,2 stars,"We came lunch here as were forced to, as we were unable to cancel the reservation. No point lose SGD50 per head. Food was ok, nothing fantastic. Restaurant was unwilling to chiP back the SGD30 penalty back to our bill, with such inflexibility, don’t see a chance in todays business world. Will not come back for sure."
114,Bryan Goh,5 stars,"The food is very very good. One a couple of dishes stand out, notably the pigeon paella. The tapas is generally excellent also. By the time you finish there is no space for dessert, so it is important to pace yourself."
115,patrick vogeleer,5 stars,"Very nice tastes, high level spanish dishes"
116,Letitia Lew,4 stars,"---- TAPAS ----

Gaig’s traditional cannelloni: 4.75 stars …"
117,Nigel Moy,3 stars,Can only say we were very disappointed with Gaig. The 3 stars are because the food was good if overpriced.  Downsides to the food were that the vegetable platter was pickled without any indication it was going to be and the prawns that went …
118,Lis,1 star,"overrated reviews, underwhelming dishes, snobbish services. We were greeted with a fake smile from the lady at the counter, it was pretty obvious that snobbish stance coming from her, already started our dinner on a bad note. The food was …"
119,Sumithra Whyte,2 stars,randomly booked this place for adv bday dinner for hubby. restaurant classes itself as fine dining but pretty much its not just a wee fancy plc. pricey!! the food was so so and small bite size portions. cold bread! wine not decanted for …
120,Cindy Sdr,2 stars,"We ate at this restaurant and we are very dissatisfied. Small portions, lack of service, not meant for sharing. Ordered a squid ink paella and came in a small portion. Would not recommend for families."
121,Ne N,3 stars,We went with 12 people - not a great place to share dishes as the dishes are really small. We spend $140 per person and left hungry. Also we felt we were not consulted really well when we asked for recommendations. We were really …
122,Mitch Pon,5 stars,"Very good catalan dishes. Had dinner with my parents. Seems like popular hangout for both expats and locals. My personal favorite is the paella in squid ink, and the charcoal grilled octopus. …"
123,emily陈慧娟,5 stars,"Such a wonderful restaurant with good food and good service.
Me and my friend was served by a waiter name Navin .
Navin was very polite and nice enough to recommend us the restaurant foodies …"
124,Melissa Eisner,5 stars,"Had an incredible meal here. Everything was tasty, nice tortilla, great jamón, lovely seafood rice dish, and extensive wine menu. Some of the best Spanish food in Singapore."
125,James Tan,4 stars,"Food was excellent and tasted authentic. Prawns in paella were very fresh, could taste the sea in the rice. However, portions were small which is why only got 4 stars."
126,maRie,5 stars,"Service is great! We were also given two treats on the house, which was a pleasant surprise."
127,Shell Randal,5 stars,Their Autumn quail is something you should try if you visit this restaurant. The taste is remarkably perfect and you'll enjoy every bite. My partner loves their Oxtail Royale dish which is also savory too. This is a restaurant that is worthy of your time and money.
128,Alfred Siew,5 stars,Excellent Spanish fare with lovely paella.
129,Bee Hunter,4 stars,"Nice presentation, tasty small bites"
130,Deb Ong,4 stars,"Amazing service, cozy ambience. Food’s pretty good too, especially the cold tomato soup and bomba! But I’ll stick to seafood paella next time cos pigeon ain’t my thing."
131,Song Fengyang,3 stars,"Was quite an underwhelming experience. Not that the food wasn't good, but it's really nothing to shout about either. The small bites, quite a few were a little heavy handed in salt. Definitely not worth the price compared to the quality of food."
132,Cynthia Wei,3 stars,"Great food and friendly service, but unfortunately seem understaffed so all the crew member were running around pretty busy the whole night. On a busy Friday night it took sometime until the main course is ready. Personally I prefer the tapas here than the main course. Delicious octopus tho."
133,Zhang Chloe,1 star,Ambience is really good. Lighting and aircon temperature is perfect. Food is ok only as others have pointed out. But they are an arrogant bunch of staffs who pride themselves and their food over everyone else. Almost feels like we owe it to them to eat there and pay them.
134,Jo Fo,5 stars,Really good food with nice ambience and good service. The flavours were unique and creative with nice plating. Especially loved the desserts! Had the Baba on fire with a cool waterfall of flaming whiskey poured over the dessert. Also the …
135,Cindy Lee,2 stars,Poor service. We hv to ask a couple of times to get their attention for our water and cake to be served. Serving is way too small portion and over price. Food is not that  great except their seapfood paella I must say is really flavourful
136,Mini Driver,4 stars,"Beautiful place with delicious food. Oysters (set of 2) was really yummy. But service is very slow, otherwise it would have been 5 stars for me. Don't come when you're very hungry :p"
137,Carol Wang,3 stars,"Beef Wellington is a bit disappointing, the foie gras in it wasn’t done nicely ( I personally love foie gras). Canelloni is nice while other items we had is average( beef tartare, croquettes, grilled octopus)"
138,Andrea Ng,4 stars,"We had a special menu as it was a semi-private event so the food was full of pleasant surprises, very creative and unlike other places I've been."
139,Johan Khoo,5 stars,Excellent Barcelona style food in Singapore.
140,Jon Loken,5 stars,The Catalan Creme Brûlée changed my life.
141,Shumei Lam,5 stars,"This is my favourite Spanish restaurant in SG. Lived in Spain, visit Barcelona every year and this is the closest space for Catalunian food here. Paella, fideua, bomba, tortilla, mushroom and chicken croquettes superb. Mr Gaig stems from a …"
142,Tania R,5 stars,"Best restaurant in Singapore. Michelin Star cook, Carles Gaig is amazing. Wonderful place and staff"
143,Javier Vicente Rejas,5 stars,"One of my favs in Singapore, traditional catalonian cuisine. Dishes with lots of heritage by Carles Gaig (check when he’s in town, they always do special events). Food and service are awesome and they just open a new part of the restaurant so you have more space and a PDR."
144,kit,5 stars,"Well, i'm chuffed.  Great paella, rich, right balance of flavours, one of the best.  Rack of lamb, sous vide and finished on a charcoal grill - really tender and leaving a pleasant smoky aftertaste."
145,Chi Vu,5 stars,Nom nom nom. Really good tapas! The mushroom croquet and oysters... OMG!
146,Marcus Bagnall,4 stars,Innovative Spanish menu offering. Went for a work lunch meeting with 6. Good but somewhat limited tapas selection and wine list. Service was attentive but can be slow when busy
147,Maycia Hong,5 stars,Enjoyed every dish that we ordered and blends well with Spanish Tempranillo. Outstanding dish is Pigeon rice.
148,Gloria Lim,1 star,"Had a horrible attitude by boss lady. When asked for dessert recommendation, she just walked off and took the dessert menu and put it in front of our table. This is not the kind of F&amp;B service that should be in singapore. To survive and …"
149,Christopher Ng,5 stars,"The Spanish food here is so good. Must try dishes include souffle egg, truffle croquette, foie gras micuits, boneless suckling pig, Gaig's Cannelloni and the creme brulee."
150,Cherlyn N,5 stars,Great food &amp; ambience - not too “heavy” and portions are good for sharing
151,Sambin Sharma,3 stars,"Have been here twice, once for lunch and once for dinner (celebrating wife's birthday). Food didn't disappoint both times, service was average and not perse attentive, especially second time as we were celebrating."
152,Sheryn Chung,1 star,Service is TERRIBLE. The lady manager (as other reviews have suggested) is very snobbish and rude. Came here for the good food/ambience but I will not be back here again solely because of the horrible service. …
153,Sudiono Su,3 stars,Food is quite good but portion very small and price is quite high. The place is too noisy. Can't talk to your partner comfortably. Like a market inside there with customers taking loudly like their own house. Not recommend.
154,V “Bottega” Lau,5 stars,This was a pleasant surprise.  And I think the paella is the most delicious I've tried even compared to those I have tried i  my 3week long trip to Spain
155,Nicole K,5 stars,the paella was SO yummy!!!! everything was amazing but the paella in particular was the best thing I’ve had in the year and we’re already in July :p
156,K V,3 stars,Decent food with a good ambience and great staff. Nothing stood out to make me want to return. Maybe a one time try for a special occasion.
157,Mikel Orbe,5 stars,"I love the place. I had viseted few times and the quality of their dishes are always the same. Excellent service.
Their canelonis and croquetas are amazing!"
158,Veron,1 star,Food here is mediocre and lunch set is heavy and the kitchen is making heats to the table near thus it is pretty hot. Try other places if you can pay this price. Also the fact that there was no one at outdoor table on a Friday night tells something.
159,Miquel Pallarès,5 stars,"Awesome cozy place in the heart of CBD. Popular suckling pig, Gaig canelon, and rices cook at perfection. Nuria and her team reproduces perfectly the flavours of my home town.
It's a MUST if you are on town."
160,B S,2 stars,"Food was so so and could not make up for the rude front of house who had the air of a snooty colonial mistress, wait staff looked tired. Nah, overhyped and perhaps overbooked and one of those try once but never to go back kind of restaurant who don’t value customers."
161,Nuo XU,3 stars,Service and deco are superb. Food is great but it is too pricy. Would expect better quality food (especially main dish) with such a price
162,Carlos dHA,5 stars,"Excellent food and service! Highly recommended - As Spanish myself, I can guarantee this place takes you to the true flavors of Barcelona."
163,Cary Horenfeldt,5 stars,Love Gaig. Great food and wine. Great tasting menu.
164,JL Ho,3 stars,"Did not think it is a must visit. This will be a single visit for me. Food was mediocre, tried 4 dishes and non made me drool for more etc. Such prices could be well spent elsewhere. Parking in the vicinity was a pain, buildings around it were for season parkers only."
165,CY Ching,4 stars,Lovely friendly staff and great wines by the glass in a cozy space. Food had nice flavors but sauces were too creamy and starchy
166,梁琳琳,5 stars,Delicious food especially the squid ink paella and grilled octopus. Beef tenderloin is normal. Service is welcoming and considerate. Enjoyed a comfortable meal here.
167,Daniel Tan,4 stars,Great food and service. A must try!
168,Medhā Lim,5 stars,Flavourful and playful take on catalonian food.
169,Rev,5 stars,"Had a lovely birthday dinner here. Food was delicious and presented beautifully. Love the Sherry here, do try it!"
170,Daniele Francilia,5 stars,Really an amazing food experience. Gracias
171,Mei C,4 stars,"Decent food but desert was way too sour. Took one bite and left the rest, staff did not ask what’s wrong either. Room for improvement with service."
172,Hope Ang,4 stars,"Value for money, good ambiance. Table service was a bit slow and water glass frequently empty. However it was a busy evening."
173,Peter Stenberg Hansen,5 stars,Good experience. Good food. Good service.
174,Sergio Garcia Novoa,5 stars,Been there twice and both times the food was superb. Best beer in town
175,Shyong Lee,4 stars,Great atmosphere with attentive servi e and awesome food!
176,C,5 stars,Amazing seafood paella!
177,Nicole Wang,5 stars,Very cosy place with nice Spanish cuisine.
178,Aaron Koh,4 stars,The carabinero and octopus dish were a hit for us…. (Just dining in this era where there’s no music to be played feels a little too quiet)
179,N T. Garcia,1 star,Extremelly expensive for the quality. Complete rip off. Also the ambience and decor is not even that interesting. I will not be going back!
180,Nicholas Lim,5 stars,"Great food, great service"
181,Sergio Galzerano,5 stars,"Very good Catalonian food! Loved the tortilla, octopus and croquetas."
182,Xini Wei,5 stars,Incredible tapas. The Croquette is one of the best I have ever tried even compared to Spain!
183,Alvin Cheng,5 stars,Always a pleasant experience
184,Ashley Loh,4 stars,Decent
185,Patrícia Busquí,4 stars,"I was expecting more from the lunch menu. The food is still good, but the price is on the higher side for the amount of food."
186,Pauline Ong,5 stars,"Super authentic Spanish cuisines. A must try! Great food, great service!"
187,Erwann Boivin,5 stars,"Vey nice restaurant and plates from tapas to desserts everything was perfect !
Very kind staff as well"
188,Chloe Simpson,5 stars,Delicious
189,C S,3 stars,It was ok. Service can still be improved and Food portion is too little.
190,Cleo W,5 stars,"The best Spanish restaurant in sg!
Lunch sets just ok, a la carte better"
191,Eugene Tan,5 stars,Excellent food and good service. Place is relatively small so reserve to avoid disappointment.
192,STRYKER40 M,4 stars,It's a very special place. It has a very...... unique set of foods. Very nice. Might recommend it to some friends.
193,Melvin Liew,5 stars,Love this wine from the restaurant.
194,Stash,4 stars,"Good food, nice wines and friendly staff. A bit loud though-was hard to talk."
195,Dan Liu,5 stars,"Awesome food, wine, and service.  What’s not to love?!"
196,David Fitzmaurice,3 stars,Food good.....service debatable!!!! Staff more concerned with having a meeting and discussing a new credit card system from what I could hear.🥺 …
197,Roha Lee,5 stars,Definitely best Spanish restaurant in Singapore. Really awesome ! 👍🏻 …
198,Mike C,5 stars,Fantastic flavours from Barcelona! Innovative yet never losing sight of the traditional.
199,Jason T,3 stars,"This place is OK, but not great. Food is salty. Service is mediocre. Since the place is new, perhaps they will grow out of it."
200,A3 K8,2 stars,Food is average. Ambience is not great. Not too noisy.
201,Andrew Marane,5 stars,"Outstanding service, selection and food.  Best beef wellington in Singapore"
202,Tonci Zdunic,5 stars,"Excellent food and good service.
Bit pricy but quality justifies this."
203,manuela winter,5 stars,Great food! Lovely service. Will be back👍 …
204,Annie Goh,5 stars,"Amazing food, great ambience and excellent service."
205,Bani Korsten,5 stars,"Very nice ambiance,  good service,  amazing food.. recommended!"
206,Antonio Garcia Rebollar,5 stars,Excelent traditional catalan food.
207,Peter Kakulas,5 stars,Very good food and drinks
208,Kelvin Tan,5 stars,Excellent wine selection and some interesting tapas
209,Matthew Tan,4 stars,Nice food and ambient though it is a little ex for me.
210,Anders Åström,4 stars,"Friendly staff and great food, but a bit sterile ambience"
211,T Singh,4 stars,Some unique dishes.  Service a little patchy but easily forgiven!
212,exg zyx,5 stars,Nice place and unique food.
213,Benjamin Ng,5 stars,"Great ambiance, high food qualify"
214,Sumeera Rodrigo,5 stars,"Amazing Spanish cousin in Singapore

Nice experience."
215,Diviya Vega,2 stars,Not the best food for the price.
216,Mickael Le Gargasson,5 stars,"Beautiful and creative, the creme brulee was sensational"
217,Plow,3 stars,"Simple cosy layout, serving French cuisine."
218,Myoga Kaiware,4 stars,Sophisticated authentic Catarina restaurant
219,Naazli Somjee,5 stars,Squid Ink paella was outstanding!!
220,barbara rossato,3 stars,"Good food, service too long for a lunch."
221,Sangwook Suh,4 stars,A nice Spanish restaurant with genuine atmosphere.
222,Sarah Park,5 stars,Food was so nice..!❤️
223,Angie Kwon,5 stars,Wonderful food!
224,Grant Clarke,5 stars,"Great food, atmosphere and staff"
225,Keith Lam,5 stars,Fresh take on catalan cuisine.
226,Carol Rey,5 stars,Cosy place to dine.
227,Migi de Jesus,5 stars,Don’t forget to try to desserts!!
228,Felix Teo,5 stars,Awesome food + pairing
229,Shalini Singh,4 stars,Nice quaint restaurant with good food!
230,Miles Binney,5 stars,Very nice food.
231,Belen Rinaudo,5 stars,Good place for Tapas
232,Hassania S,3 stars,Does not worth it the price
233,Guodong Hu (Richard),5 stars,Genuine Spanish food
234,guozhang fu,4 stars,Nice Spanish food
235,HY L,5 stars,Excellent service
236,KC Lim,5 stars,Love the food
237,Zizhen Wang,4 stars,"The ""Catalunian"" Spanish food near the company was recommended by a colleague. It is a clean and small shop. The sign on it also has a history in Barcelona. There are not many seats inside, but there are private rooms at the end, and the …"
238,Bakabon Foodie,4 stars,"This is a Spanish restaurant located in Chinatown.

There are many casual restaurants, including Japanese cuisine, lined up next to …"
239,mogami takehito,5 stars,"We visited together based on a local guidebook. It was a la carte, but the starter croquettes and cannelloni were delicious. The main paella was also wonderful with the flavor of the shrimp stock and squid ink. They also served good wine at …"
240,Gwen Tan,5 stars,"Delicious dinner at Gaig. Our favorites were the mushroom croquetas, pa amb tomaquet,bomba, squid ink paella and definitely the crema catalana."
241,Junko S,5 stars,"It was actually a much more stylish and romantic restaurant than it looked in the photo. It was a delicious Catalan dish from Barcelona, ​​Spain."
242,Yuko Matsuda,5 stars,"Each item is delicious, the portions are plentiful, the prices aren't too high, and the atmosphere and customer service are very nice! Overall I was satisfied. 🤤 …"
243,Eric Lim,5 stars,"I was sad because it was a farewell party back to Korea, but I overcame it because the food was delicious. I took it down because I didn't like the atmosphere, so the atmosphere isn't bad if you go there."
244,Fernando Montesdeoca Carretero,5 stars,"I tried the croquettes, the tumaca bread and the cannelloni and everything was delicious. …"
245,Alex Amat Maas,5 stars,TOP Spanish restaurant in Singapore. The best cannelloni I have ever tried.
246,Fernando de la sierra,2 stars,Very high prices and very very small portions (good food)
247,Kokming Bon,2 stars,OK
248,felix bonet nieto,5 stars,Fantastic!!!!!
