,Name,Rating,Review
0,Christina Le,5 stars,"I would give this place a 4.5. The chef is obviously very experienced and talented. Watching him assemble each shari and gently place the piece of fish on top, was like watching a dance performance.  There were some amazing pieces and some “good” pieces. I would go back to try it again :)"
1,The Caviar King,5 stars,"If budget is no objection , then this Michelin ⭐️⭐️ Japanese restaurant is the one to go to . The skill level of the head chef and the best ingredients that he uses and at the same time very generous make this Japanese restaurant to be one …"
2,Will Li,5 stars,One of best omakase that I have ever tried. The abalone dish was a highlight with it soft texture and you can taste the sweetness. …
3,Patricia Yeo,5 stars,We were very lucky to have the head chef to serve us when we dined at Shoukouwa on 8 July 2020. …
4,Adri Dwitomo,5 stars,"This was a divine experience. Wemt there to celebrate my wifes bday and it's actually my first omakase experience. Food was excellent, vibe was excellent, everything was just top notch. A bit on the expensive side but well worth it. …"
5,Joanna O,5 stars,"A sublime experience. We loved every single dish. There was a good amount served - we were full at the end, but not uncomfortably so. The sushi is incredible, and the other dishes are unique and tasty. The service is also done very well, quite attentive but not overbearing. It isn't cheap but you will enjoy every minute."
6,Cookie Monster,3 stars,The food was good but 480++ is pretty steep. It could be the ingredients that were expensive. Imo the shari rice was average but Ingredients good for the sushi. The cooked dishes were good. …
7,Dickie,5 stars,"Excellent meal and best sushi I’ve had outside of Japan bar none, including NYC, SF, HK and elsewhere. Of course you are charged a pretty penny even without drinks but like all non Chinese /Hawker food in SG, you expect to pay a premium. …"
8,Hang Tran,5 stars,"I would actually give the place 6 stars because I've given other sushi places 5 stars and this is better. Totally deserving of its 2 Michelin stars. A lot of interesting fishes were featured, and each was executed perfectly. Service and ambience are also top-notched."
9,Alex,5 stars,"Undoubtedly the best Omakase experience you could get in Singapore. The sushi chef was incredibly professional, friendly and a master at his craft. The staff members were also attentive, highly knowledgeable and cordial. …"
10,Kristin Annexstad,4 stars,"The food here is exquisite and the staff attentive. It’s on the pricey side though, and I wouldn’t necessarily say the value for money is amazing. My friend wanted an additional order of prawn nigiri on top of the omakase menu. This she …"
11,Sherryln Sim,5 stars,Had the privilege of being treated to a 20 course omakase meal here by a loved one. …
12,Sel L,4 stars,"I think the food was good in terms of freshness and taste but for 380++ per pax we expected more. Maybe in terms of ambience and surroundings.
The service was good as the wait stuff provided very detailed explanation on the …"
13,Melvin J.,5 stars,I was very fortunate to be able to dine in for the Miyabi $320 and Hana $480 lunch set. …
14,Balam Badwar,5 stars,Went thr a few times and never ever was disappointed. Love everything about thr food and the experience. Been to a few places in Singapore but this one takes the cake.
15,Namdev Sachathep,5 stars,"This was by far the best Omakase experience I have had in Singapore. Being a small space, we had to wait for a bit for our seats but that is understandable. …"
16,Chmel Oon,4 stars,"Great place with friendly staff and chef (who speaks primarily in Japanese).

I was allergic to prawns and they were flexible to offer alternatives …"
17,Isaac Ho,3 stars,"Got the first seating at 6pm and finished at 7:30pm as the next seating should be around 8pm. Food wise, it’s excellent. But at this pricing, omakase in 1.30hrs is too much as food keeps coming and you get stuffed like a teddy bear. 3/5 for this."
18,Rachaphon Wangtepanukhor,5 stars,"As expected from a Two Michelin Stars, Shoukouwa delivered quite an experience.
The ingredients are freshly flown in from Japan daily, so it is guaranteed to be fresh and authentic. The dinner we had tonight was nothing short of exceptional …"
19,Catherine Oh,5 stars,This is one of my favorite Japanese restaurant in Singapore. However the price is not cheap but you get the best quality and service.  I have been there 3 times.  The last visit was last year. Looking for my next trip there.
20,Thao Dao,5 stars,"Amazing seasonal menu, love their squid stuffed uni, perfect Crab cake and Sea eel  sushi. Love their herbal tea at the end of the meal. Fresh ingredient, perfecting dining time (not too long, less then 1:30), perfect amount of food (not too much that make u full)"
21,"Jerry, Zhang Guo",5 stars,"Very skilful chef, very friendly service, very seriously fresh ingredients. They made an exception for us to bring our 2 year old kid with us and they took care of him with feeding him good food without any charge. Will certainly go back again. The best one was the the uni, so fresh and chef was very generous on the portion."
22,Food with Eumi,5 stars,"Shoukouwa has been on my list since 2017 and I finally got to go!

At Shoukouwa, Head Chef Nishida-san takes you through the full range of their …"
23,Max G,5 stars,"Fantastic experience. We were warmly welcomed into the cozy restaurant, the chef himself greeted us once we sat. We chose the ""lunch"" menu which - although pricey - was really reasonnable for the quality of the food. Each sushi piece was …"
24,franchef,4 stars,We ordered  absolutely delicious sushis !  You can eat outside on their beautiful terrace and enjoy the  magnificent view !  The location is perfect!  This restaurant is fabulous! What a great experience!
25,Royal Pears,4 stars,"Enjoyed most of the dishes, including the rockfish with shiso jelly, smoked tuna with seaweed soy sauce, steamed abalone with abalone liver sauce, baby sea bream, tilefish, rosy seabass, buri, botan shrimp, steamed monkfish liver, toro …"
26,Khee Yeo,5 stars,"Amazingly fresh sushi being made right in front of your eyes by the chef. If you are unable to travel to Japan, this is the closest you can get to fantastic Japanese food. Would certainly return with a bigger crowd next time so we can have more conversations with the chef."
27,Flo Yeow,4 stars,"For a 2 Michelin star Japanese omakase restaurant, this was unfortunately just an okay value for money for me. I personally feel that there are better omakase outfits in Singapore without stars, that are more enjoyable. Maybe I have a …"
28,Annie Teri,5 stars,"There is a saying, “Leave the best to the last.” It’s all worth the wait, my last Omakase in year 2020. Amazingly delicious! Leaving all the Michelin 1 star Omakase to shame! Thank you @shoukouwa for ending my 2020 in such a good note! …"
29,Jamie Wong,5 stars,Two Michelin stars - nothing else said. Head Chef Nishida-san was brilliantly part of the experience &amp; humorous. One of the best omakase.
30,Katherine Wang,1 star,"Our reservation was at 1pm, and we were being seated at the smaller counter (which accommodated 5 people). The kitchen was right behind the counter. Not long after the chef started serving the food, the staffs at the kitchen were already …"
31,Genevieve Wong,5 stars,"Used to travel to Japan to enjoy authentic and freshest Japanese food. Now that we can't travel, what better way than to start trying the highly rated Michelin restaurants. We have eaten at Waku Ghin a few years ago and it was good. So we …"
32,Kris Trimoeljo,5 stars,"Continuing my culinary journey to celebrate human excellence . This time to 2**Michelin .. Shoukowa. Thoroughly enjoy from start to finish. Something interesting in the  menu that the price scales up by adding more appetizer not the sushi. By all means, they deserve 2 stars"
33,Kimi Xu,5 stars,"Dined in to propose to my gf. Really nice staff to cater to my needs and help think of the creative ideas to present the ring. The omakase is very good, especially the medium fatty tuna, it was melting in ur mouth at the moment u put it in. The smoked squid is also briliant, with uni inside, creating a mixed flavour."
34,anthony tran,5 stars,A wonderful experience with amazing and friendly service. Extremely creative dishes made with high quality and ultra fresh ingredients.
35,Leo Leo,5 stars,"Quality of the product are amazing, every dish come with an explanation, the chef cook is magic in front of you
Unforgettable japanese fine dining experience"
36,inst 8bit,5 stars,"The quality is great and can compete with some top sushi restaurants in Tokyo. Sake manual is awesome as well, lots of good and special options. It could be the best sushi restaurant in Singapore in my opinion."
37,Darren Van Huizen,5 stars,It's the best sushiya in Singapore at the moment. The produce was of the highest quality and every single dish and piece of sushi was meticulously crafted and balanced. The chef was so attentive to customers even when preparing the meal. Service staff was excellent! 10 stars!!! Will definitely be back again.
38,D Chan,3 stars,Second time having same price lunch set @ Shoukouwa. Food quality not as good as the first time (special occasion in private room). Service is overall excellent  Sushi chef and staff
39,Alice,4 stars,"I found it bit surprising as we did not receive any greetings from the chef, not at all, from we arrived till we finished, not even a nod or eye contact. He was only a food provider, that was his style I guess, but I just feel quite …"
40,Cassandra Ong,5 stars,Shoukouwa Restaurant's cuisine is a real voyage through Japanese traditions of cooking. Each dish shows the chef's commitment to retaining the&nbsp;genuine essence of Japanese flavours. Highly recommended!
41,S. Hong,5 stars,"Delish omakase menu. small sitting, feels cosy and gets to see the chef at work. plating is not too fancy but the food wows with array of flavours. exquisite ingredients, authentic experience. The staff is also helpful to explain more about the dishes (even showing images of fish). will be back!"
42,Alfredo Lini,5 stars,"From far the best sushi I ever had ! An amazing meal. Worth travel, stars and price."
43,Louise,2 stars,Limited menu range and zero ability to flex on fixed menu items. Nice albeit a little too pushy staff for my liking. Good fresh food but wouldn't recommend.
44,Vincent Tan,5 stars,"This authentic Japanese restaurant is a true gem for lovers of Japanese cuisine. From the moment you enter, you are greeted with a sense of tranquility and elegance. The sushi and sashimi are expertly crafted, showcasing the freshest ingredients. Immerse yourself in the flavours of Japan and savor every bite."
45,eddyyanjx,4 stars,"Very good and pricey sushi lunch ... the bonito, baby sea bream and silver belt fish were the stars 😋 …"
46,YiGe Huang,5 stars,"If I can hack the booking system and somehow have access to a great number of gold mines (as in most Genie's stories), I'd show up everyday"
47,Melissa,5 stars,Came here for my birthday because I couldn’t travel to Japan this year due to Covid and it did not disappoint!!!! 🥰 …
48,Cherie Chuan,5 stars,Delicious back-to-basic Omakase. Better than many creative fusion food. Friendly staff. My friend was late for the appointment but they kindly still accommodated.
49,Adele Leow,5 stars,An absolutely mesmerizing performance by the sushi master. We enjoyed every single morsel of food - be it the melt in your mouth sashimi or fresh seafood with an explosion of flavours. No words for description.
50,Arc M,5 stars,Friendly staff and great service. The materials for the meal arrived on the day itself (in morning). Staff took the enough to explain the origin of the ingredients used. Thumbs up.
51,Jessica,5 stars,"I have been here several times and the food here never fails to amaze me. This is, in my opinion, the best Japanese restaurant in Singapore. :)"
52,ma nicole,2 stars,"Firstly, Got to finish the $600++ omakase dinner within two hours,  rush eating. Secondly, taste of sushi is very normal, some of it with too much wasabi that over the fresh taste. Thirdly, chef didn’t replace for those ingredients that I …"
53,Astrid N.S,5 stars,2-star Michelin speaks for itself. Superb!
54,Ava Adore,2 stars,"I was there for my birthday with my husband, we took 1 En and 1 Hana ; $650 &amp; $450 menu with Chef Tori San. I must say that all the sushi 🍣 pieces were spectacular. Every chew was full of om nom nom yumz. However, the difference with the 2 …"
55,Aaron Kreuscher,5 stars,"Phenomenal food, service and presentation. All around incredible experience, albeit an expensive one."
56,Bb B,3 stars,"Tasty and fresh. Uni in particular is excellent. Even as takeaway, everything tastes great and you don’t have to sit and wait in between each mouthful of the omakase meal if you get takeaway. …"
57,Waang,2 stars,Sushi is just ok. Super sales talk by the chef when serving the bonito. This fish expensive because swim alone. Lol. Cmon how does the chef know the fish swims alone. Also chef quite arrogant. Gave him expensive wine to drink together. He …
58,Inch Chua,5 stars,"Definitely the best nigiri I’ve had in singapore. An elegant, delicious evening."
59,J W,5 stars,Amazing experience with a lot of fish I had never had before and we got three kinds of Uni which was great. Service was impeccable. The only sad thing was that the dinner was over after only 90min - but we were so caught up in the experience that we forgot to ask to slow down. In total: very much recommended if you like sushi.
60,Akshay Suggula,3 stars,Really good food but way too overpriced.
61,Joanne Du,5 stars,Their sushi is an art statement. No wonder why they earn a two-star rating from Michelin Guide. The ingredients that they are using are fresh everyday. Each bite gives you happiness. I higly recommend this place if you are craving to eat sushi.
62,Cherie Chong,3 stars,"For anyone to be paying $180++ for Lunch Omakase, I would expect a lunch “experience” to include good and fresh ingredients, personable, proactive and friendly service, welcoming and well furnished decoration. Every aspect of the dining …"
63,Phoebe Lee,5 stars,"They bring your omakase experience to a whole new level!
Chef Torii-San and the team made our anniversary dinner very very special. We actually just had omakase for lunch and Shoukouwa didn’t make it feel redundant, …"
64,Cleo W,3 stars,"Shoukouwa’s food like a straight A student, sashimi, great; rice, perfect.
However, environment and service really makes me uncomfortable.
Guests sit so close and the whole room is pretty narrow, I can feel waiter stand …"
65,Jose Valles,1 star,"It’s a fun experience. It’s also one of the greatest rip offs of my life. my girlfriend and I had 2 appetizers, 9 pieces of sushi, a piece of cake, fruit and a cup of tea each for a total of $1072 or 1458 singapore dollars. The food was nice, but not that nice."
66,Sandy S.,5 stars,One of the best omakase in Sg! Worth every cent 😋 …
67,Xavier Barde,4 stars,"Nice place, very good food, kind service."
68,John Young,5 stars,An unforgettable experience. Shoukouwa is for true Japanese food aficionados - the food is of the highest quality and unbelievably fresh. The service &amp; ambience is also impeccable. We hope to come again soon.
69,Johnson Tan,5 stars,"Best in Singapore,  you can feel the freshness of the food,  kindness of the staff and interactive to introduce every dishes with picture on tablet. With the recommended sake make a perfect dinner for me."
70,S,5 stars,Best sushi in Singapore!
71,Eunice Wong,5 stars,Fantastic experience. GREAT
72,M “Super” L,5 stars,"A place where you should take your clients, but note that the set omakase menu is pricy. …"
73,mitsuru tezuka,5 stars,"very good, It became even more delicious after chef Sakuta left."
74,Kurayami Tenshi,5 stars,Very good quality!
75,Ichika Wiki,5 stars,Best fine dining Sushi place out of Japan. Definitely will recommend friends to come back.
76,Valerie Co,1 star,"Food was late by 45 min.
I was still hungry after the entire experience and was $800 poorer for the experience. Won’t go back anymore."
77,James Wong,4 stars,Good lunch!!
78,Bob Broxson,5 stars,"Fabulous experience at this restaurant! The food was excellent, and the staff was very attentive!"
79,Y R,5 stars,💯 I will be back! …
80,Will Wang,5 stars,"Excellent food, great services, I am pleasantly surprised."
81,Austin Rockeman,5 stars,Amazing experience with fantastic flavor combinations
82,aoxin guo,5 stars,The best Japanese restaurant in Singapore.
83,Michael Cheng,5 stars,There is no need to explain. Top notch dining experience
84,Molly L,5 stars,excellent service and mind blowing food quality
85,Frans L,5 stars,Consistently great service and food.
86,Chris Wong,5 stars,Amazing food and great technique!
87,R L,5 stars,very good
88,J D,5 stars,Expensive but worth it
89,Md Salim Ahamed,5 stars,Beautiful restaurant
90,Jeremy Lee,5 stars,Lovely place with lovely staff.
91,Roy Geva Glasberg,5 stars,Doesn't get much better them this!
92,Joel Leong,5 stars,Awesome!
93,Yeo Suh Keong,5 stars,Excellent
94,Georges ROUSSEAU (WINESHED),5 stars,Never ever disappointed
95,Jason Jiang,5 stars,Simply amazing!
96,cheng yang,5 stars,"Michelin 2 stars 🌟, good ingredients …"
97,Eva,5 stars,A 2 Michelin star restaurant. We had an excellent menu. The corresponding drinks were fabulous. The service was always very polite and friendly.
98,Sun Rei,4 stars,"very delicious! Perfect service. But it's very expensive, so 4 stars."
99,a a (東瀛の男),4 stars,delicious. More even no less.
100,Raimundo Martin Fernandez,5 stars,"An excellent gastronomic experience. The delicious omakase and the tuna without words... brutal!!! The service is very careful and although my partner has a series of intolerances, they made an excellent effort to satisfy our needs."
101,Jill Jiang,5 stars,Worth the price
102,I,5 stars,Anniversary visit recommendation
103,백남숙,5 stars,"It was an area where there was some distance.
I thought you wouldn’t feel it, but just
It wasn't a bad feeling like we were neighbors or cousins."
104,A G,5 stars,"Very tasty, unusual, interesting"
105,Shin Sasaki,4 stars,A sushi restaurant with a Michelin star. I would definitely like to go there.
106,Haewoon Kwak (Deprecated email),4 stars,good omakase menu
107,jenny ben,5 stars,It's so delicious
108,Jeremy Hu,4 stars,Oishi des
