,Name,Rating,Review
0,Vis,1 star,"Made a table reservation for at 1:30pm via WhatsApp, 4 days ago.. received a reply with confirmation. When I arrive today, the restaurant staff told me there isn’t a reservation under my name, and had to wait for them to get back to me, …"
1,Marc Ha,3 stars,Quiet restaurant with a modern Chinese decor. The service was great and we like how they engage with the diners. We appreciate that they have dishes for meat eaters and vegetarians but unfortunately the food was mediocre for the prices. …
2,Leong,5 stars,"Cosy place for dinner with your loved ones with comfort food and also a yellow pot specially drink. We felt that the food was nice, reasonable portion but a tad pricey. But its ambience and staff service was really tip top. Staff was …"
3,JW Y,4 stars,"Yellow Pot has a cosy ambience and attentive service. We enjoyed all the dishes we ordered. I highly recommend their 1) Roasted duck; the skin was crispy, tender meat and large portion, and 2) Black sesame prawn; the prawn was huge, …"
4,Nancy Chu,3 stars,Was here on a business trip. Decor is very nice with great ambiance. The signature duck was delicious. Wine selection was great. Some dishes were a bit too ordinary for the value. Overall very nice place for group gatherings!
5,chefquak,4 stars,"friend bought 3pax lunch @ yellow pot Tanjong Pagar

very poor signage..unfriendly!! …"
6,Joyfully me,5 stars,"Yellow Pot is a lovely restaurant with yummy food, cosy ambience and attentive service. We celebrated a friend’s birthday this evening and the restaurant prepared a small cake as a surprise for my friend. We enjoyed all the dishes we …"
7,Lawrence Lee,4 stars,"Had dinner here to celebrate my elder brother birthday. Only downside which I must need to mentioned is the hanging light is very very low. Have to navigate around it else will hit the light, my girl accidentally hit her head."
8,Edlyn Ho (Hwei Fen),5 stars,"First modern Chinese food place that both the older and younger generations have praised. We thoroughly enjoyed every dish, though the unanimous top three were 1) signature roasted duck, 2) unagi fried rice and 3) fried prawns with sesame …"
9,Howard U,2 stars,Had dinner here with the family. Food is great and has good flavours. I really liked the cozy interior and there is a really nice perfume when you walked into the restaurant compound. …
10,Lillie,4 stars,The place is beautiful 🤩 I had trouble locating the front door as it looked a bit foreboding and I had to ask the kind hotel concierge for the way to the restaurant. The deco is really ornate but do be careful to not hit your head against …
11,Jane N,4 stars,"5* service, 4* food. BEAUTIFUL decor. Very Instagrammable. Shout out to Joel who helped take photos of our birthday dinner group, and found us a cake last minute. Food was good but just seemed a tad overpriced for what it was. We were split over 2 tables so they kindly divided the dishes in 2 for us to share."
12,Tai Zi Feng,5 stars,"The interior is extremely well designed, and carefully curated. You would find many restaurant with incredible ambience but rarely you will find one that has been design with this much details and class. …"
13,Jeffrey C,5 stars,"Was a little unsure at first, given the mixed reviews. First impression was good. The place was indeed atas. The lighting was a little on the dim side (particularly as I was dining with my parents) but tastefully done. The beautiful plates …"
14,Bee Bee Tan,4 stars,"Four stars for the food as I personally think that it’s a little overpriced because my group did not enjoy all dishes we ordered. The roast duck was amazing, as well as the XO sauce stir fry french beans. I wished that the soup was dished …"
15,Perri McCarthy,3 stars,"Recommended by friends, I booked with excitement for myself and my 3 adult children and 2 friends. The food was absolutely delicious. But we were served like it was a fast food cafe. Orders taken within 5 minutes of sitting down. Food came …"
16,Audrey Tan,4 stars,Found this place through Google review and I was not disappointed.  Good food. Lovely place and good service.  Highly recommended. Although it is a bit pricey
17,Marcus Huang,5 stars,"Food was great. We started with the tomato, it was refreshing, mildly sweet and a little tart, a great way to whet your appetite at the start of the meal. The beef was really really good, topped with fried slices of garlic, roasted like a …"
18,Henry Shaw,5 stars,"I celebrated my wedding anniversary here and ordered lovely dishes. We ordered four dishes: Fried Lion's mane mushroom, Crispy Sichuan chicken, Iberico pork cheek and braised Sichuan tofu. My favourite was the Lion's mane mushroom. It was …"
19,Chinese Moon,5 stars,"Impeccable service and well curated menu, presenting old school tasty Chinese food in a beautiful arrangement.  We ordered the National Day set lunch and only paid $58 for 4 course lunch. …"
20,Timothy Teo,3 stars,"The signature duck, pork cheeks and beef is good. Extremely tender but flavour was lacking. The other dishes I tried wasn’t good …"
21,Andee Chua,5 stars,A modern asian cuisine - enjoyed the food here! The roasted duck’s skin is super crispy I can’t forget how good it is! The lamb is tender and has a great flavour to it. The Seafood XO fried rice that we ordered was pretty amazing too. The …
22,James NG,5 stars,"The food is absolutely delicious, and the menu is well thought out and sequence of food served is also very thoughtful. The service staff is also very attentive to details and progress. One of the best restaurants in Singapore period."
23,Sally,4 stars,"Mostly long table.Unagi rice is very nice n Ee Fu noodles is good,truffles smell. ,Japanese tofu is very common.1.45pm last order.Weekend lunch is quiet .Setting and ambience are wonderful.Price per portion is good for 3person sharing."
24,Joy KC,4 stars,"Lovely interiors though it looks dark and foreboding on the outside. Service staff were polite and attentive on a Sunday lunch. Though there about 5 tables of guests, we were informed the restaurant was packed and dishes would take a while …"
25,Zenya Bangar,5 stars,"Server recommended the roasted duck and it really met my expectation, the skin was very crispy, tender meat, good for sharing, sesame prawns was flavorful, The servers were friendly and very attentive to our request, We appreciate the service and we like how they engage to us. Will surely recommend and come back here."
26,Simon Lew,4 stars,"Chose a chinese restaurant for our National Day dinner!

Has been recommended to this restaurant by many of my friends, we reach there …"
27,Ed Ng,4 stars,"Every dishes of the set lunch was very good with exception of the Japanese Inaniwaw udon with minced meat, which was a little to salty for us. The double boiled soup, braised kurobuta pork rib and fried rice were excellent. Great ambience and the crew were friendly, polite and knowledgeable."
28,Jean Tan,5 stars,Had dinner here to celebrate a good friend’s birthday and all the dishes that we ordered are really yummy! …
29,Adrian S,5 stars,Wonderful modern Chinese cuisine - very private place. Beautifully decorated. Service is very good. The portions are relatively big - so it can be a good sharing set with a group of friends. I personally like their duck cuisines; very tasty.
30,Greg Lee,1 star,"Service was ok. Food wasn’t really great, it’s more of a social drinking place than dinning. The steam rice was very dry and the signature duck wasn’t what I expected it to be…."
31,Elaine Sor,5 stars,"Food was very delicious. Love the ambience. Service was excellent. Shout out to their Duxton Mary, it's the bloody Mary cocktail but way elevated served with a side of really delicious salsa-ish kind of salad where you can eat it separately or chunk everything into the cocktail and drink and still yummy!!"
32,Michael See,4 stars,"Very nice ambience and friendly waiters.

Dinning areas are decorated with a mixture of Oriental &amp; Western feel, very …"
33,Darren Pok,5 stars,"Atmosphere, food, and service was excellent. Our server Joel was also great with his food recommendation 👍 …"
34,Jenna Ch'ng,5 stars,"We had a great evening here. Nice food, great ambience. The service is good, staffs are patient and attentive. I like the tender and juicy pork cheek, crispy fish skin! My friends like their spicy Sichuan chicken... thought I requested less …"
35,Mun Kew Leong,5 stars,"Stayed at the Duxton and ate here for dinner one night. Had two different soups (both good but their hot and sour soup was very very good), their signature roast duck (one of the best in town), a tofu dish (forgot the name but goes great …"
36,Eve L,3 stars,"Their signature duck was extremely good, however the rest of the dishes were rather mediocre. The crab and fish maw soup had barely any crab meat in it; it was probably too finely shredded you couldn’t see or even taste it. We had to add …"
37,JYS,3 stars,"came here for dinner during weekdays.

maybe due to the sectional designed of the restaurant, it’s difficult to get …"
38,Tan Shi Hua,5 stars,"We were dressed like hobos, it was a long week and we just wanted somewhere nice to have a hot cup of tea…. At 9pm on a Friday night out lol …"
39,Yuchen L,4 stars,"We tried the festive coursed menu and ordered some items a la carte.

The festive menu had some really outstanding items, and some below average ones. …"
40,Yeo Choon Kuan (Jackson),4 stars,Great food. Great ambience. Very pricey. Exactly what the reviews show. $100plus per person as the meal we had was for 3😃 …
41,The Leaning Chimp (TLC),3 stars,"""An ode to Bond girl turned interior designer Anouska Hempel"", and therefore quite the spot to find our chimps on ladies night. We swung over to this utopia of sophistication for our fix of pre-dinner cocktails and experienced modern …"
42,SJ,2 stars,"Food was very salty, but i guess some might like the saltiness.
Food is definitely severely over priced.
Portion is disgustingly small. Except for the vegetables, take it that the other …"
43,Chia Yin Chong,5 stars,"Chinese fusion food. Servings are good for 4 pax. Enjoyed prawn bonito aioli, wuxi pork ribs, lamb tenderloin and roast duck. Quiet ambience and private seating. Highly recommended and wiuld definitely return"
44,Zoe Lee,5 stars,"A high end fancy Chinese cuisine restaurant. Easy to locate. There's a parking lot right beside it. The atmosphere and staff were lovely, extremely professional, great service. Food was delicious, albeit the portions were slightly smaller and had to order more to share. Definitely recommended and would visit again."
45,C S,2 stars,"Super Pricey ! 1 small plate of french beans is $41!  ohmygosh!

Service is pretty good. Atmosphere classy. The food do not match the price! 🥲🫢 …"
46,Jianhui,5 stars,The service was excellent. We were hosted by Ivan who check in regularly with us to see if the food is alright. The dishes we order taste great and the ambience were nice.
47,WILLIE LIM,5 stars,Beautiful ambiance with good quality food. Joel made the dining experience exceptional with his attentiveness and good gesture. ✨
48,Tony Baylis,1 star,"WOW.....Having left this review we have just had the restaurant call us asking us to remove this review as people will lose there jobs because of it, telling us that the staff also wanted to celebrate Chinese New Year. We were also told it …"
49,Nicita Stockmann,5 stars,"My family and I had a very delicious dinner at Yellow Pot. Everything was amazing and we will definitely come again. A special thanks to our incredible server Joel for the impeccable service!
Hope to come back soon :)"
50,Ryan T,4 stars,Food was yummy and well presented. Dishes are served quickly which is nice. Cosy and quiet ambience which is great for gatherings and meetings. Overall service is good but it seems they need more service staffs.
51,Karen Ong,5 stars,Really cozy n beautiful place for nice Chinese fusion food.  Gd portion for ladies to share as well as the soup too. Service is excellent too n thank you for going the extra mile to get us the cake for mini celebration.
52,Darren Tee,3 stars,"My second time here. Ordered set meals. It is good at the beginning when portion is small, pretty and fine-diningish. Signature tomatoes is unique and refreshing. Portion becomes bigger towards the end. Pork and fish are good, but there is …"
53,Evelyn Chng,1 star,"We had the set dinner menu  and the food was way too salty for our likings！
We had feedback to the service staff that food is too salty after the first course . Thought  the staff said that feedback was conveyed to the chef, the sauces …"
54,Carol Lim,5 stars,A exclusive place for dining. Food was excellent and we were able to request for lesser chilli on some dishes. Service was marvellous and service staff were very attentive to details. All the guests got to know more about the architecture of the building too. It was a joyful dining experience at yellow pot !
55,Kelly W,5 stars,"Had a fantastic breakfast here as part of our staycation. Everything is lovingly made in house from their croissants (SO good!) to their hollandaise and English muffins. The coffee is also excellent. Service was top notch, too, kudos to the …"
56,Angela K.Y. Ng,4 stars,"The roast duck was probably the best I’ve eaten in a long way; better than what I had in HK recently! Doesn’t have that powdery taste some duck dishes have, very tender and not gamey at all. …"
57,Edgar Lau,2 stars,"Second time visiting, new menu - previously was VERY impressed but at all this time. …"
58,Zanthrea,5 stars,"Great ambience and food. They boast no MSG in their food, even the sauces are made from scratch. Highly recommended items include Beef Tenderloin Cubes and Stir Fried Meesua. Try their cocktails too. They have pretty unique concoctions. More reviews on my IG : @zanthrea."
59,Anahita Ghafari,4 stars,"I liked the food and decoration, but service was not ideal. No one welcomed us after we sat and we had to wait for the menu. Although Waiters and Waitresses were walking around. Our dishes were not served together."
60,Viv V.Z.,2 stars,The space where we were seating hasn’t been cleaned up; it was full of food on the floor and chairs from breakfast. The waiter gave only one menu for a party of 4…finally the food was average. Not worth the money.
61,EmceeRichardStyle,5 stars,"EmceeRichardStyle Mic Rating:
🎤🎤🎤🎤🎤 …"
62,Soo Hin Yeoh,5 stars,"Clad in the striking palette of black, gold and yellow by acclaimed British designer Anouska Hempel, this is one restaurant designed with Instagram in mind. …"
63,Pck isaac,5 stars,"A hidden ""pot"" in Duxton. Chinese food with a little twist in a black gold theme restaurant. …"
64,Rajendran Vijayanaman,5 stars,Excellent service rendered by Kannan and his team Carman &amp; Malcolm....I had a group of 8 with 4 kids and 1 vegetarian. The crew managed to satisfy all our needs and impressed us with great fusion dishes coupled with amazing cocktails! Will definitely be back is my overseas visitors said before the left! I agree with them 👍🏾 …
65,Harry Treves A.,2 stars,Had the dim sum lunch buffet today. There were many misses amongst the dishes we ordered. …
66,Sing Kwan Ng,5 stars,"Amazing Chinese food that's elevated. Great ambience, awesome service, and surprisingly good value. If you want good Chinese food but don't want to eat the same old jumbo and actually want to have good atmosphere and a modern twist, this is a great place."
67,Jane Ho,1 star,Booked this place to celebrate my husband's birthday expecting to have a cosy nice dinner. Restaurant was not crowded. Only a few tables were occupied. Had the worst dining experience! After ordering  a group of rowdy customers came in and …
68,Addie Chia,5 stars,"This is the only place I have had creative Chinese cuisine made with quality ingredients without MSG, served in a beautifully designed modern setting by a crew that is friendly, well-spoken and attentive to their guests. …"
69,Aletheia,5 stars,Amazing food! Special thanks to Mr Joel for his impeccable service :)
70,WY Lim,5 stars,We ordered the set dinner for two... None of the dishes disappointed us... All were good and very rich in flavour... Overall a great meal...
71,Joshua,4 stars,I really enjoyed this place. The food was great the staff was just so nice. When you have a combination of good food with the excellent service you have a winner. I definitely recommend this place for your next business dinner or a romantic night with you loved one
72,Anton K,5 stars,Great food and service. Every dish was excellent in taste and presentation. A great place to bring visitors to Singapore to try the best of modern Chinese cuisine.
73,Leah Chiu,5 stars,Very nice ambience! Food is also very tasty... Staff were all very professional and attentive. But portions small for the price.
74,mr niceguy,5 stars,"First of all, food was good; personally i liked the signature roasted duck menu. 👍Staff services were excellent ; friendly and accommodating. The Washroom also very clean. …"
75,Rouie Fernand Cojuangco,5 stars,"Excellent food and the best service, kudos to Aicel, Asif, and Ridz for your super best service ever. Thank you guys for making our day memorable! Will surely recommend this place to our friends!"
76,Farah Aziz,3 stars,"This is a lovely place with so much potential. Menu is varied with something for everyone, incl vegetarians although prices seemed average for fine dining Chinese. Loved that the service and kitchen staff were kind enough to help us change …"
77,Maggie You,1 star,Place is nice and classy. Service is  really excellent. Only the food was very disappointing. I hope they will improve on the taste.
78,YW C,2 stars,"Overpriced for the small portions, really average taste… my family had to go for another meal after this one. …"
79,Cheryl Kwan,5 stars,"Ambiance, food and service were all amazing! Slightly on the pricier side BUT all worth it 💕 Signatures roasted duck iwas simply delicious, not dry and super juicy. Truffle Ee Fu and Diced Unagi fried rice were extremely fragrant too. …"
80,Ronald Chew,4 stars,"Food is 4.5 stars to be honest

1. Tenderloin, just soft and wonderful …"
81,Rex Chng,5 stars,"Was attended to by Joel who was forthcoming in his service. Roasted duck, Eefu noodles, eggplant and barramundi were excellent, Japanese tofu and truffle rice was average. Overall very good experience nonetheless, would recommend 👍🏻 …"
82,S Y,3 stars,"Decor is gorgeous if you like a lush moody feel, but the restaurant’s food and service are not worth returning for, unfortunately. We had the beef tenderloin (best dish), roasted duck (skin was good but I’ve had better duck elsewhere), …"
83,Justin Neo,5 stars,An absolute gem in the heart of Duxton! Food was fantastic and my family had a delightful time dining at yellow pot. Joel and his team were very attentive and the service was impeccable. Will definitely be back again!
84,Christopher Yeung,1 star,"Very disappointed, after reading all the positive reviews.  When we arrived, we ordered drinks, and servers pushed us to order aggressively (6 items in total for 2 of us).  A big table came in and they completely forgot about us.  Our …"
85,EC,5 stars,"Nice ambience, delicious food and 5 stars services"
86,Mark Tho,4 stars,"Very good Chinese food but comes at a hefty price! Portions are small, like tapas servings. Service is good and server was able to recommend/advice dishes and it’s portions to ensure sufficient for our dinner party. …"
87,Adriel T,5 stars,Food was great. A bit on the pricey+small portion side but the flavors make up for it. We came in a large group of 8 and was served by Joel who was patient and polite in his recommendations and attending to our requests.
88,Cindy Ong,5 stars,"Visited this place for my birthday. The ambience of this restaurant was great, the food was fantastic, and the service was exceptional. A special shoutout to Joel, who provided top-notch service throughout our meal. Highly recommend this place for a memorable dining experience!"
89,Cheryl Ho,5 stars,Great food and great ambience. Top notch service from Joel. Thank you for the exceptional dining experience!
90,Lawrence Foo,5 stars,"Great food, excellent value for the lunch set in terms of quality and quantity. Service was top notch too and the ambience is classy with a bar-like feel."
91,Chee Wei Yip,3 stars,"First the ambience - beautiful designer-led set up, with a 'supposed Chinese mansion interior that will appeal to a Western tourist' look. The dim lighting and small tables was probably to evoke a romantic mood. However, if your dining …"
92,Bernie Kuah,5 stars,Excellent service; personable and friendly  from Keshav and his team amidst a cosy setting.
93,Kenny Choo,3 stars,"The food was better than average, but wasn't particularly spectacular."
94,Jaime H,4 stars,"Amazing Roast Duck. Heavenly proportion of crispy skin, just enough fat underneath the skin and juicy meat! …"
95,Daniel Tan,5 stars,"Went to YP for dinner last night .The food and the service was almost excellent The Duck ,the scallops ,fried rice and pancakes are fresh and tasty.
The decor and ambience really nice but unfortunately there was a table with 2 …"
96,David Wang-Faulkner,5 stars,"We've had a fantastic experience here twice now! We came for drinks and small bites one night, and had breakfast here on a separate occasion -- both were wonderful! Food quality was very high and service was attentive, but the absolute …"
97,Ying Li,5 stars,"Kannan and his team were attentive to us the whole evening - ensuring that our needs were met and that everything was fine. The food was lovely too. Love the portion size so that we can try a greater variety of food too. However, big eaters …"
98,Leon Boris,2 stars,"Chinese restaurant but most staff non Chinese. Food is good tho. But the western blonde hair lady, I assume is higher post than server, gives the look down on u vibe and presents a high air. Basically paid to go n be looked down."
99,Sim,4 stars,Ambience and service is good. Food is ok.
100,Claire T,3 stars,"Service was great.
Noise level was not. Private room partitions are those flimsy Chinese screens which are not floor to ceiling and neither are they sound proof. …"
101,Xiao Ding Dang lovedogs Ding ding,2 stars,"I don't usually give review. But this restaurant for the price and service really need improvement.  Service was bad, seems like understaff and we had to wait very long before the staff has time to attend to us. Food was so so only, nothing …"
102,Sock San Tan,4 stars,The dishes are quite decent. Trio small platter is worth trying. All the meat dishes is nice. The noodle does not have the wok jie that I was looking for .
103,GW,2 stars,"I just had my dinner last night and the experience was very disappointing. I ordered a 6 course dinner set at 8pm and the pace in which the dishes were served was so bad, the entire experience was ruined. The first 3 dishes came at 30 to 45 …"
104,kopi lee,5 stars,"The service is excellent n they even gave us 2 free cakes for the bday gals, superb!"
105,Kim Chen,4 stars,"A place where lights are quite dim, but food is good."
106,Ted Chen,5 stars,Absolutely stunning decor. Food was delicious 😋 …
107,Peter Kakulas,4 stars,Very good food and service - pork belly was fantastic as was the eggplant
108,V Yao,5 stars,My favourite decent Chinese restaurant in town
109,Jordi Jou,5 stars,"Highly recommended experience, we really enjoy our dinner anniversary, special thanks to Mubin and Joel Sia to make the occasion more unique. We will back!"
110,C73,1 star,"For a place describing its specialty as clean eating, it was a massive disappointment. All three dishes we had were dark, spicy and heavy tasting. The interiors are pretentiously dark and service standards are straight out of a …"
111,Bernard Tan,5 stars,The Yellow Pot was a 4.5 experience. I decided to put it up to 5 for two reasons. The ambiance over lunch is nice and relaxed and parking is easy. …
112,Wesley Bouwer,4 stars,"Service was brilliant, all staff were attentive and helpful, and even upon making a mistake handing out the desserts, no questions asked, immediately a replacement came out with a friendly apologetic smile. Ambiance was the most interesting …"
113,wmme johra,5 stars,"I find the interior of this place beautiful because it is decorated in gold and black with pleasant ambiance. Best place for small group gathering of friends or family. Food is very delicious, we love the roast duck and the sweet and sour …"
114,Abigail Ng,5 stars,Fantastic service and food! Absolutely loved the prawns and the chicken.
115,Judy Lim,5 stars,Great service and food! The waiter Joel was very attentive and gave us a tour of the hotel.
116,Daniel Tendean,2 stars,"Food is average nothing to shout about. Expensive and the service was disappointing. Unusual interior, no Xmas decorations. Disappointing. Don't come here if you're looking for Chinese food, there are plenty of other options after all this is Singapore."
117,Jovita Toh,5 stars,Joel Sia was amazing and made me feel like the only customer although the place was packed. He really enhanced my already pleasant experience.
118,Keith Wong,5 stars,"Delicious food, attentive and thoughtful service, nice upmarket environment."
119,Weishee Chia,5 stars,Food was great. Wonderful service from Joel who accommodated our many requests. It was a memorable experience.
120,Peggy Chen,3 stars,"There are some dishes taste ok but in general very salty. The most disappointing part is the service. The waitress ladies look extremely confused, multiple different staff randomly dropped by asking random questions such as “any of you ordered beer?” seriously... The tea tasted really bad. Really a horrible pot of tea honestly."
121,Samuel Neo,5 stars,Had a family dinner and both service and food were great. Table was taken care by joel whom exceptional service made our experience even better
122,Ruth Saw,5 stars,"Great service and ambience. The duck and the beef tenderloin was very nice. I thought the enoki was something different, like a spiced snack which is q nice. The mee sua is also beautiful. Not a fan of the lion mane mushroom and avocado even though it was recommended."
123,Jana Lee,1 star,Super bad service. 2 servers for whole restaurant.  Won't come back.
124,Alice Nguyen,1 star,"Very bad customer service, not friendly and fast enough, wasting time to chat for a reservation"
125,Josephine Meister,5 stars,"Hands down to Chef Sebastian and the team, my favorite Chinese in Singapore! Love the Sichuan influence and the innovative twist. Wonderful setting as well in the beautiful Duxton Reserve hotel. Highly recommend!"
126,Irina Ivanova,1 star,Very disappointed. Food is average but overpriced. Waiting our meals more than 40 min. Last dish we have even cancelled because it was already 1 hour since we order this.
127,Lau Kenneth,5 stars,Food taste very good but potion can be more generous. The serving staffs very friendly and helpful esp Joel
128,Sal Lee,1 star,"Between the first dish &amp; white rice served, there was a 20 mins gap before the rest of the dishes came! We had expected much better from a Chinese restaurant in an award-winning establishment."
129,Wendy N,5 stars,"Went there on Boxing Day for lunch. Love the ambience and the amazing food! Special thanks to Joel, for giving us such an amazing time."
130,Weili Tan,4 stars,"Service is excellent all round  no WiFi from the hotel, though,and the hotel staff is a lot less kind to use of WiFi. …"
131,Benny Wee,2 stars,"Despite the rave on this upmarket restaurant, the food served was lacklustre and disappointing compared to other Chinese restaurant. The lack of oomph in the dishes fail to bring out the flavour. Go to this place, only if one is looking for ambience but not the food."
132,James Wong,3 stars,Had a go at the pop up at Vagabond Hotel. Don't get me wrong the food was good but not fascinating. I feel that the food was above average for local delicacies but nothing beyond that. Given the price point I suggest we expect a little more wow factor.
133,Robert Houston,5 stars,"Get the barramundi, it will change your life. Joel was an excellent server. HIGHLY recommend."
134,Claudius How,1 star,"Way away overpriced and service level can't even match some hawker stalls. Service staff can answer questions, manager (we believe) didn't even bother to consider our request. Came to deliver her message of ""CANNOT COS OUR POLICY IS..."" and marched away."
135,True Blue Reddotter,5 stars,"Nice boutique restaurant... Food was pretty good and authentic. Portions a little small but quality made up for that. Service by Dinesh was excellent! Friendly, patient and made good recommendations."
136,Luna Liu,5 stars,"We enjoyed the roast duck. One of the best duck we ever had.
Will definitely visit soon for that tasting menu.
Love the deco and services."
137,kwun chung Chan,1 star,worst restaurant ever...i am sitting in here now..for 1.5 hrs.. stil on my 4th course... its ridiculous..the portion r tiny ... 100% not worth the money
138,Sui Jin Foong,5 stars,The roast duck and unagi fried rice is delicious. Highly recommended.
139,Luyi,5 stars,World love to come back for a drinks
140,GW KY,2 stars,Disappointing! Went cos there was so much hype about it.  Food was average though portions were generous. Ambiance is nice but it was way too noisy in the restaurant.
141,Juliana Tan,5 stars,"The tomatoes are a Must Try!
Love the roasted pork as well.
Eating in Yellow Pot will make anybody leave feeling happy and satisfied."
142,Maria Jimena Cardona,5 stars,Loved the place and loved the eggplant! The chicken is way to spicy
143,Paul R,5 stars,Staff are fantastic. Easter to assist and make sure you are happy. Great menu.
144,vera ivanova,5 stars,"Great atmosphere, fantastic service and exquisite , both in presentation and taste, modern Chinese dishes. Great for intimate and group dinners!"
145,tone leow,4 stars,Mid to upmarket modern Chinese restaurant. Enjoyed the service thoroughly and the food is presented differently. Will come back again.
146,Michelle,5 stars,Excellent food and very warm and attentive service.  Highly recommended.
147,Dion Heng,5 stars,Service was excellent and the portions were quite generous.
148,Michelle H.,4 stars,Had the cocktail with green tea and bitters. Really good! Nice to go in afternoon without any crowds :)
149,Shawn Heng,5 stars,"Joel provided us with excellent service, and the food was excellent."
150,Amith Rajan,3 stars,"Nice Food, Nice place but a little bit overpriced"
151,ooomygosh9522,5 stars,Nice ambience with alot to offer than known. Rustic dated back to old SG shophouses. Staffs are pleasant
152,Ryan,2 stars,"Decor and ambiance was great. Food is good, but I think the food is way overpriced for the portions."
153,Tan Ming Jun,4 stars,Food was exquisite
154,Rachel Scarpati,5 stars,Delicious and creative cuisine executed by attentive professional staff. Thoughtful decor and presentation of dishes.
155,Victoria Grace Dimacali,5 stars,Superb food and charming interiors. Such a hidden gem in Tanjong Pagar. Would definitely recommend!
156,Geok Hong You,1 star,"Place is nice, service is great but the food taste would need lots of improvement. We were disappointed by the taste"
157,Sachin Gangaputra,5 stars,Good schiuan food and affordable (relatively) prices. The spicy chicken with chillis is a must do.
158,Frank Sorgiovanni,5 stars,Good food and great service. A nice well balanced menu that is hard to fault. Do try it!
159,James Koh,4 stars,Generally good food - the duck was great and the eggplant was really delicious.
160,E Lin,1 star,"Poor customer service from hotel receptionist. Tried to contact this number 98591643 several times, never get anyone pick up the call."
161,Yutong Cai,4 stars,The crispy Sichuan chicken is nice! Good ambience
162,Akagen,5 stars,The staff were extremely friendly and quick!
163,Florence Zhang,5 stars,Great time! Great food
164,rajeev tripathi,5 stars,Outstanding service really!!!
165,Kunal A,1 star,They need to hire more staff! 1 person for the entire restaurant? You gotta be joking !
166,L YY,5 stars,"very nice ambience, an ideal place for all dining purpose."
167,Natale Di Tommaso,5 stars,A place to try and  come back. Excellent value for money in SG
168,Paul Selby,4 stars,"nice decor, atmosphere and polite service. Food nice but not inspiring."
169,R Tan,4 stars,Excellent service from Joel Sia &amp; Mubin
170,Hiang Tiak Chan,5 stars,"Chinese fine dining.  Good food, good wine and. Good ambience."
171,Dess T,5 stars,"Awesome ambience, great food, excellent service!"
172,Parin jiravanstit,2 stars,"Poor tasted and texture, over priced, inappropriate portion"
173,Green Ogre,5 stars,Very good roast duck and mee sua.
174,Minjoo Lee,5 stars,"Very nice service and food, ambiance"
175,Wei Kang Leong,5 stars,Nice ambiance and service
176,Sin Sung Shir,5 stars,Food is good
177,Bryant Robinson,4 stars,swanky
178,Marc Wesseling,5 stars,Lovely food
179,Wiola Parzych,5 stars,the food was good
180,Sophie Jiang,4 stars,"Overall, not worth the money spent. Among the Chinese food or Chinese fine dining restaurants, this one I would not visit second time.
First it was a bit salty to me. I think another reviewer also mentioned this. …"
181,晶小厨,4 stars,"Yellow Pot
Fusion Chinese restaurant is a stylish and modern restaurant with unique decoration. As the name suggests, there are many yellow vases of different sizes and …"
182,Ming TAN,2 stars,"The decoration is stylish enough, the food is delicious enough, but the rest is lackluster:
The first course of beef fillet with black pepper arrived belatedly, and each …"
183,Daniel Gustafsson,4 stars,At lunch New Year's menu. Several good dishes but some were just ok. More than ok considering the price. Very nice staff.
184,Jürgen Greger,5 stars,Mega restaurant! High price but very tasty cuisine!
185,stephane cuny,5 stars,"Exotic, very good, very good service."
