,Name,Rating,Review
0,Lee Lee,5 stars,"We had a wine dinner at Iggy’s. The service staff was spot on, considering the many wines to be paired with the food. The food was excellent and the chef obviously calibrated his dishes to match the wines. How considerate of the chef. Thank you Iggy’s team for making our dining experience a truly memorable one. 💕 …"
1,Alison Koh,5 stars,"Food here is consistently top notch, considered, well balanced and delightful! Incredible quality of ingredients to create classic contemporary dishes. Regulars and will continue to be. As it was my birthday, I even got an extra surprise course of birthday noodles which was very hearty."
2,Joy KC,5 stars,Lovely experience.  Good service and attentive staff. Well deserved Michelin star with the food. Has fantastic courses paired with champagne. Air- conditioning is way too cold and freezes everyone. Any warm dish turns cold too quickly. …
3,D D,5 stars,"Came here to celebrate our anniversary, a surprise dinner planned by my husband for us. The restaurant is intimate with only a few tables available, so you get undivided attention from the staff. It is also an open kitchen concept which I …"
4,Jiak Papa,5 stars,"One - starred Michelin restaurant located within Voco Hotel (previously known as Hilton Orchard), serving Modern-Contemporary cuisine,established by Restaurateur-Sommelier Ignatius Chan in 2004. There is heavy influence of japanese …"
5,мιѕѕувєlα2828,4 stars,Had our belated anniversary lunch at Iggy’s as we were having a staycation at Hilton. A lovely resturant with friendly and helpful crew. Love the fact that we are able to view how the chef and his team prepared our meals to the kitchen. …
6,YY,4 stars,Had the pleasure to have a meal at this Michelin Star restaurant the other day. Overall It was a pleasant and enjoyable experience. Ambience was lovely and intimate. Each of the dishes were intricate and exquisitely prepared! Taste wise - …
7,Bernie Chin,5 stars,"I would say, I had a great dining experience at Iggy’s. Went for lunch. There’s 2 lunch menu. One is a set, one is tasting menu. You can choose from the 2 menu’s. The service is excellent. They are very attentive. Food quality is good. …"
8,Ben Chng,4 stars,"Had dinner with their festive menu. This was my first time here so i am unable to compare with their regular menu. The food was of Michelin 1* standard, however, i felt that the taste and creativity did not make me feel Wow. Even the …"
9,helly,4 stars,"4.5 stars!

Lunch was a 5 course menu and truly, every dish was delightful and the service …"
10,Andrew Tan,5 stars,"A restaurant which I will have a sentimental feel towards. My wife and I spent memorable dates and special occasion there. The food is always top notch, with several chefs helming the kitchen at different time and era. Yet, Iggy's managed to be consistently on top of the game. It is still one of the top restaurants in Singapore."
11,Kris Trimoeljo,5 stars,Came here for lunch with 2 overseas guests who would like to taste a Michelin restaurant.  Decided to bring them to Iggy's as the restaurant has been one that has been keeping their reputation for years. Food was great as you can see in …
12,WEI HUANG,4 stars,"At least feel it worthwhile.
Fine presentation of dishes.
Iggy’s has been branding itself with “fresh ingredients”, which I, honestly, …"
13,Royal Pears,5 stars,"Enjoyed the lunch tasting ($150) - the creativity, taste and ingredients. Good service.
Snacks -  particularly enjoyed the cod with aioli. The Japanese sweet prawn …"
14,C M,3 stars,The location is so convenient to entertain guests/ for business. The level of service is good and deserving a star. The food was nicely presented (and decorated - yay another star) but it cannot make up for the fact that it was not tasty and bland in comparison to many great creative restaurants in Singapore.
15,Sheen Lee,5 stars,Top notch. The pre appetisers &amp; appetisers are little parties in my mouth n u feel like u juz wan to eat more. The main courses are cooked to perfection. Cod n beef cheeks juz melt in yr mouth too. The pineapple tart tin fails to wow. Though its tasty too juz find it too simple.
16,Isaac Ho,3 stars,Booked for lunch and selected 4 dishes as we are in a bit of rush. We added the local caviar. The last time I been Iggy’s is probably 10 years ago. …
17,beans carter,3 stars,"I was expecting a lot more for the price. Food, tbh, was just okay. Best one for me was even the snacks with the caviar and foie gras. Wagyu was also good. All the rest were very normal. Even the dessert was just ordinary. Plating and …"
18,Joan Tay,2 stars,"Had Vday lunch yesterday. Food was average, service was lacking and ambience was bad. Tables were too near each other. The male diner besides us was talking loudly on the phone not on one occasion but twice."
19,Jacqui Windebank,3 stars,"Very pretty dishes but missing the basics like seasoning.

Unfortunately we didn’t think it was amazing but can see they have some great ideas and create pretty dishes."
20,Yx Yx,3 stars,"Im a little iffy about this place. Price point is high. Food is okay. There were some interesting snacks at the start of the meal. The risotto, curry scotch eggs and cheese bread were yummy. While the mains and desserts were okay... …"
21,Alice T,5 stars,"Had the pescatarian menu. Intriguing starter, memorable dishes (seabream, scallop, croacker)washed down in nice sencha. Closing desserts were tad too sweet for us but overall a great dining experience."
22,Felicia Hu,2 stars,"The goods: Attentive service, lovely view of watching the kitchen in action, beautifully plated dishes that were feminine and perhaps reflected the Japanese influence, “hidden” restaurant within the hotel, the desserts were the highlight of …"
23,JAKI,5 stars,"Very intimate dining setting and great service from the staff. Enjoyed the view of the kitchen as well. Lunch is excellent value, would definitely visit again."
24,Rinna Levi,5 stars,"My friends and I loved every visual, every bite. It was like a party in the mouth. Ambience and service was great."
25,Jo T,4 stars,"The bar at Iggy’s is a great place to stop by for solo drinks and some bar snacks - the menu is short but there’s usually something for everyone. I’ve found that the sommelier is usually happy to have a chat about the various wines, and the …"
26,Handy Chen,4 stars,"Great food and ambience. Price is on high side.
But probably worth it with the quality of food here.
The presentation of the food and the waiter sharing the food and some ingredient …"
27,Ryan Ong,4 stars,Great food. Surprisingly pleasant staff given their bad service review online. Would be a Michelin star worthy place.
28,iFire XX,5 stars,"Amazing atmosphere. Nice &amp; chill. Great photos along entry to the special room. Excellent food with nice, descriptive explaination from the owner. Wonderful!"
29,David Tan,5 stars,"Wonderful service by Mogy and his colleagues, and we were happy that we managed to even see and talk to Iggy himself! Had a memorable birthday celebration here."
30,T Singh,5 stars,"Covid safety measures didn't interfere with a good time.

The stout bread, seafood tartare, consomme and pigeon were excellent."
31,neo wj,2 stars,"This is a once in a lifetime experience. Mainly because we are not going back. For the pricing, food and service was underwhelming. The wagyu steak which was supposed to be the highlight looks like it just had a breakup, looking really sad …"
32,ehs s.,2 stars,fish is not fresh and smell terrible the moment you open the box only the dessert  is done well - delivery via oddle
33,Wong Teck Jung,4 stars,I came here under Citibank 1-for-1 deal. The food are interesting with nice restaurant setting.
34,justatourist person,1 star,Superficial service and nothing scream about food standard. Chef chooses the customers he wants to speak to and deliberately miss one table out. …
35,Nikhil Agarwal,2 stars,"I don't write reviews normally, but felt the need to warn others about our experience. …"
36,Sunyi Precision,5 stars,"Great food, great service, great conversations with the dessert chef 😊 …"
37,Rajendran Vijayanaman,4 stars,Some awesome dish..some too complicated for my palate. Some I just didn't get the concept...
38,Kris Li,5 stars,Wonderful and creative fine dining restaurant located in Hilton hotel.
39,Shay Seng,5 stars,"Updated: Jun 2023.
Had an amazing dinner.  Some highlights... …"
40,Christina Ang,5 stars,"Great food! Came here for their festive menu. Their mojito cocktail ball at the start was very unique and refreshing! As it was my birthday celebration, they gave a surprise birthday dessert.which was not the usual cake. Service was great as well with the waiter explaining each dish."
41,S L,5 stars,Cosy restaurant. Helmed by a young chef. Worth supporting
42,Cedric Fiorentino,2 stars,"While the food itself can be described as extraordinary, the very poor service makes this place uniquely unpleasant. We went there with my young daughter, which was a bit turbulent and playful, and the staff kept getting visibly annoyed and …"
43,YL Chong,4 stars,"Food was well executed. Wine pairing was well chosen, excellent.
Most of the staff were courteous other than one that appeared nonchalant. Overall good experience for fine dining."
44,Yong Yao Ong,5 stars,"Food was excellent, flavorful and had a nice variety. Service was great, kudos to the staff for being so attentive. My wife was happy with her birthday meal, and happy wife = happy life. Thank you for an enjoyable experience."
45,Peter Chiam,5 stars,"Great lunch, and the service was impeccable. But if you're comfortable ordering your own wines to match the dishes, you'll save a little for the equivalent wines."
46,S,5 stars,Love the food here.
47,basic fortran,1 star,"We’ve been to this new location twice since they moved. Both times were disappointing. Lousy service staff.  A terrible place to entertain guests.  During our last visit, the Chinese server wearing spectacles consistently forgot wine …"
48,Jenny Evans,5 stars,"Frankly was a bit surprised at how much I enjoyed Iggy's despite reading the negative Yelp and blog reviews about the place beforehand. However, the price point is insanely high for flavors that you can find at other a la carte restaurants …"
49,K Cynthia,5 stars,5 stars service and delicious food. The tasting menu was value for money. Cant decide which was my favourite dish as everything was perfect!
50,Henry Hariyono,5 stars,"iggy's deliver fine dining experience and unquestionable satisfaction with every dish and meal served. inventive, stellar sourcing for the best produce and empathy for the diner set this place apart from other fine dining venues in town. …"
51,Chua Jessie,1 star,"Poor service, especially the female staff at the reception. Worst was my son's birthday cake was cut n served after our dinner,  without asking and he didnt had a chance to cut the cake. Food ok. Not value for money. Only one Gastronmi menu was offered n when i asked, the waiter told me the other menu is vegetarian. Disappointed."
52,Alvin Cheng,1 star,Food quality has dropped tremendously
53,Dre To,5 stars,Wonderful food and amazing staff. We thoroughly enjoyed each course and ate for 3 hours! Service was impeccable and the food was so exquisite and delicious. Thank you for a memorable meal!
54,Hue Tran,4 stars,"Fusion Western food. French must love it very much as they are just like a performance. Portion is more focusing on decor, artistic. And the prices is really really expensive! Good for treatment ;)"
55,Richard A Francisco,5 stars,"Truly deserving a Michelin star, Iggy Chan's restaurant is still a must stop if you're on a gastronomical tour in Singapore. The food they create explodes with intricate flavours in your mouth all served in a timely and precise fashion. …"
56,巴黎台南人YWY,5 stars,"Great omakase fine dining in Singapore. Real food, not “cuisine nouvelle” or that kind of stuff. Taste for your palette, presentation for your eyes. A real gastronomic journey. Highly recommended."
57,Nick Dearden,4 stars,"Some very creative and imaginative dishes, not all of them quite ""worked"" for us (which is ok, I'd rather try something different than the same French techniques i can have at a dozen other places again). Top marks for creativity with the chocolate chili tree."
58,Ava Leon,5 stars,"I really love here! I’ve been wanting to go this restaurant for a long time, one Michelin start restaurant.I saw a lot of bad comments of before I went.The food and services let me feel that good value for money!An Indian staff aske me …"
59,katong guy,5 stars,Lovely food and ambience.
60,Amith Anand J B,5 stars,Exquisite gastronomical experience! The wagyu is beyond compare!
61,Pabeji Mobile,5 stars,Food was wonderful! Service staff were polite but they could be more confident when orating. Still a lovely experience overall and would love to return.
62,Yno Sanchez,5 stars,"Even after we spend $85++ pp having the prestige of having their lunch tasting menu here, I have to say I think is money well spent and I will gladly come back again next time when I am in town.You can sample various local food (drawing …"
63,Fat Kid,5 stars,Another amazing night... tks to the team for being thoughtful and placing us in a private room so we wouldn't be disturbed by a birthday dinner in the main room.
64,robert kwok,4 stars,Haven't been here for a a while... But pleasent ly surprised... Food was nice and tasteful.. Adjusted for a wine tasting and was good and paired well... Very happy to see that some old names have improved and upped their game... Recommended
65,Bambos Kaisharis,2 stars,"For the price, the food was mediocre compared to restaurants of similar calibre. Service wasn't as attentive as I expected either. I would give it a pass."
66,Hoo Cheong Fong,4 stars,A most delicious salad of amela tomatoes and figs.
67,david ng,5 stars,Very attentive service and yummy food.
68,Sara Taseershoaib,5 stars,Fantastic food service and attitude. Go there to make yourself feel special
69,Michelle Dunner,3 stars,iggy's was a strange experience. there was a lot to like about the food in terms of flavour but its texture and the implements offered to eat it with were very odd.
70,Jennifer TAY,3 stars,The wagyu beef was so tough I had to spit it out - lunch on 4 Feb 2023
71,Benjamin Ben,5 stars,"Took my partner here for lunch, great experience, good food at a decent price"
72,Mandy Tan,5 stars,Wonderful food. Heard many good things about this restaurant. Wasn't disappointed.
73,Renhui Lee,4 stars,Solid menu overall but more exciting concepts in the market at the same price point
74,CC Tan,4 stars,"Private space, kitchen in full display, highly attentive and knowledgeable staff"
75,Ranjit Murugason,5 stars,Excellent and imaginative food always!!  Happy New Year Iggy's
76,Owen Jones,5 stars,One of the best restaurants in Singapore. Great food with great service.
77,Pebbly Ho,5 stars,Fine-dining stalwart led by an epicurean and vinophile with impeccable taste
78,Joan Ng,5 stars,Try the sliders at the gastrobar. Meat is juicy and not overcooked.
79,Zen T,4 stars,Consistent fine European with Chef Iggy's personal touch and presence
80,Ahmed Khan,5 stars,The food was delicious and ambiance was fabulous.
81,Eugene Man,5 stars,The caviar special is worth it.
82,Molly Ho,5 stars,Great food and good vibe at this fine dining restuarant.
83,SF Toh,4 stars,"Food is predictably good, but probably too predictable"
84,Anthony Chong,5 stars,A touch of privacy and coziness. Classy ambience
85,Wendy Nguyen,4 stars,Pretty good food !  Nice ambience.
86,LUCAS CHAN,4 stars,Awesome food nd service help.very calm nd soothing
87,CY T,4 stars,Pretty good place for set lunch.
88,Charlene Yap,5 stars,Excellent fine dining experience.
89,Willie Chan,5 stars,Good as always over the years.
90,Mark Peh,5 stars,Excellent fusion western food.
91,Joey Hong,5 stars,The pictures say it all. Thumb up!
92,Chok Wai Lee,4 stars,Not cheap but pleasant experience.
93,Dennis Quah,5 stars,Excellent fine dining experience.
94,Gaetan gil,5 stars,Very good !
95,mary rauff,5 stars,"Excellent experience, food and service"
96,ben,5 stars,splash out it's worth it. you're worth it.
97,CH Low,4 stars,Good fine dining
98,Liam T Miller,5 stars,Great wines
99,Claire Liao,1 star,Food was soso..
100,ぴよばしjetsetter,4 stars,"10 years ago, it was rated as the number one store in Singapore. The number of excellent restaurants has increased and the chef has changed several times, but the level has remained the same. It's the pinnacle of hotel dining and never fails."
101,코코미야옹,3 stars,"The majesty of the world's top 50 restaurants. Among gourmets, it is the best restaurant in Singapore that needs no further explanation, and is always ranked at the top in Asia when it comes to world-class restaurants. They serve …"
102,Koichi Asaami,3 stars,"The pasta here doesn't suit my taste.
What if you make a mistake in boiling noodles?
It is common to recreate
It's not a local store."
