,Name,Rating,Review
0,Patrick Poh,4 stars,Highlight of the meal is definitely the Peking duck. Asked to cook the meat with noodles and deep fried. Each style has a cost. Dim sum was good but the yam was the stand out for sure. Not the cheapest for sure but great service. Note that this place is not under Marriott Bonvoy.
1,Joshua Goh,5 stars,"Our anniversary at Summer Pavilion was enchanting. The refined setting, flawless service, and delectable Chinese cuisine created an unforgettable experience. Every dish was a burst of flavors, complemented by the breathtaking views. A truly ideal spot for celebrating special moments with your loved one."
2,Vivian Charlotte,5 stars,My experience here was top-notch from beginning to end! The receptionist was quick to respond and very accommodating. The staffs (Karen and another helpful staff) were exceptional in their customer service and knowledge of the menu. The …
3,Strategic Excellence,5 stars,"Very impressive service. All staffs are professional at the top notch. Specially thanks to Mr. Kelvin / Keion, very approachable &amp; attentive. Suggestions are practical, humble &amp; cheerful. …"
4,Impeccable Taste,2 stars,"Overpriced and underwhelming. Not a standalone restaurant, still depending under the shadow of The Ritz-Carlton. …"
5,Khalid Al-Ghanim,5 stars,"Fantastic experience having dinner at one of the best restaurants in Singapore.

Thank you Nikki and Harvey for being excellent hosts and the assistance in …"
6,Jolynn J Chin Piano,5 stars,"This is the first restaurant that changed my views of fine dining, being that I always ended up hungry after visiting fine dining outlets. However, I was incredibly stuffed even before desserts arrived. I was taken care by host Chun Wai and …"
7,Karen Lim,4 stars,"It’s a CNY ladies dinner meetup. Great interior atmosphere, lovely furnishings and internal courtyard. The atmospheric mood lighting helps with any occasion.
Food is classic Chinese delicacies but fully plated up with nice Ginori …"
8,Beloved Jean,5 stars,"Summer Pavilion (Dinner) : Poached rice, Canadian lobster meat is a must! and I regret that didn't  order barbecued smoked duck for a whole.. (not enough with the half portion)"
9,Gnab Gnab (Gnabster),5 stars,"Decent food but nothing to shout about.

However good service, like really good, good atmosphere. Great place to bring …"
10,S Foo,3 stars,Good ambiance with impressive crockery that have beautiful black brush ink paintings of flowers. Each diner was served your individual bowl of fried cashew nuts as appetisers instead of communal serving in most Chinese restaurants. Nice …
11,Amayniah Tan,5 stars,"The staff is AMAZING! Our waiter took special care to ensure that we had really nice pictures for the ""birthday cake shot"". …"
12,Andrew Tan,5 stars,"An evening of wine tasting among connoisseurs, complemented by delightful food pairings, served as a celebration of friendship. …"
13,JS Lim,5 stars,"5 star experience all round! From decor and ambience to food, service and dinnerware, was a really pleasant and satisfying experience. Was most impressed by the serving portions and uber attentive service - the staff were very familiar with …"
14,Madeleine Tan,2 stars,"Was so looking forward to dining here but the food kinda disappoint. The dim sum was very normal. Ordered half a chicken and the meat wasn’t tender at all, it was firm and difficult to chew. The sauce felt very watery. Also, the lobster …"
15,Shannon L,5 stars,"Went there for lunch for the first time. We had orchid lunch set. Especially love the soup, the smoked duck and the lobster rice/fish noodles. We didn't get to take any photo so just find some photos online to show some of the best dishes …"
16,Henry Christian,4 stars,"I was here on a weekday afternoon (prior reservation is recommended). The place quickly got crowded at around 1pm, mostly with business folks who presumably were there for lunch meetings. …"
17,Connie Chan,5 stars,Great food and good service. There were just 2 of us and the restaurant was able to adjust the dim sum portion to 2 pieces each so that we could try more variety. Love that flexibility!
18,MC 12,5 stars,Repeated visits. Every single time very satisfying. Attentiveness of staff is another level. I always request for a specific sofa seat.. a nice spot for group photos. This restaurant is my favourite at the moment among all hotel restaurants …
19,ordifolks,5 stars,Visited Summer Pavilion for dad’s birthday celebration. The service from all the staff that we interacted with were professional and friendly. The establishment certainly lives up to their Michelin star ⭐️ …
20,Char Lee,3 stars,"I made a reservation 2 weeks prior for my mom’s 60th birthday. The menu I saw at $128++ 5 course included abalone and Wagyu with glutinous rice which I knew my mom would enjoy. On the day we were dining at the restaurant, the menu changed, …"
21,Sophia Yeow,5 stars,A Michelin Standard restaurant is a 360 experience and Summer Pavillion embodies that! …
22,Leon Tay,5 stars,"Fantastic place, high ceilings, soft jazz not typical Chinese music, a refreshing change indeed. …"
23,AadelineA,5 stars,"came here for a birthday cum belated father’s day lunch and everything was just impeccable. thank you for the great service and we really enjoyed most of the food. highly recommended, most deserving of that michelin star!"
24,Rathian,5 stars,"A Cantonese restaurant in Ritz Carlton hotel. We wanted to have some dim sum. So, we ordered a set that included dim sum. On top of that , we added Peking duck. Foods was up to our expectation. Attentive staffs."
25,C.,5 stars,Here for birthday celebration. Chun Wai &amp; Karen were both extremely hospitable and made us felt like home. We return to this restaurant yearly for special occasion because of its food and hospitable staffs like Chun Wai &amp; Karen. Food was …
26,Kenny Yap,4 stars,One thing that stood out when dining at summer pavilion was the service and attentiveness of the staff. …
27,Angel Huang,3 stars,Service is impeccable but the dim sum lunch we had is rather average taste. Environment is nice. Nothing special to shout about the Peking duck skin is very dry.
28,DR DAVY GOH,5 stars,"Great place for dim sum.
The prices were reasonable considered the quality of the food and also the location of the restaurant. The staff was attentive and prompt to handle guests …"
29,Yin Mun Yip,5 stars,First thing that hit me was the super attentive service. The atmosphere is relaxed yet very elegant. Food was CNY menu. Very delectable and could see a lot of attention and skill went into the selection and preparation of dishes. Service …
30,Sheng Li Soo,5 stars,"Bring your family and friends here for a top-notch culinary adventure, lovely ambience, served by excellent staff!! Shoutout to Gery, Jenny, and most importantly Chef Cheung Siu Kong! …"
31,M S,5 stars,"Delicious fine dining Chinese restaurant.
Friendly staff, spacious restaurant.
Very busy at lunch, so reservations are necessary. …"
32,Willy Finkelstein,5 stars,"Had our Family dinner here in the private dining room! We were served by Esther through out entire dining experience.. she was very friendly, informative about the meal, and we truly enjoyed it...highly recommended. …"
33,Iris Lim (Nomninjas),5 stars,"✨Really enjoyed my dim sum lunch at Summer Pavillion at @ritzcarltonmilleniasingapore ✨ if you are hunting for authentic Deep-fried Vermicelli Roll- must definitely get their Deep-fried Lobster Roll, Prawn Paste, Breaded Vermicelli ($4 per …"
34,SC G,5 stars,"Truly deserving of the Michelin Star!
Top notch service by the staff.
Food are nicely plated on the pretty tablewares!  Brought the family here …"
35,C. Neo,5 stars,brought our families here for lunch. food &amp; service were amazing. each dish was cooked and prepared perfectly. the staff was really sweet as well — she prepared for us a dessert dish to celebrate the special occasion (based on what we were wearing). we will definitely be back again :)
36,Jane Cheng,5 stars,Most dishes exceeded my expectations except the dessert which was ordinary. The smoked chicken was well executed - tender and flavourful. The scallop compliments well with the chicken with its freshness and sweetness. Doubled-boiled birds …
37,Adam Galtrey,4 stars,Lovely Chinese restaurant in the Ritz hotel. Staff were very attentive and constantly topping up our Chinese tea and waters. …
38,YH C,5 stars,"A Michelin star Chinese restaurant, and you expect the standard to be there. It did not disappoint. …"
39,Ben Lin,5 stars,"This restaurant is located in Ritz Carlton hotel, but quite a difficult place to reach as there is no floor info in Google map, no indication in the hotel .. even there is no name label in the entrance... …"
40,мιѕѕувєlα2828,5 stars,"Had a satisfying family dinner at Summer Pavilion, a one-starred Michelin which serve Cantonese cuisine. …"
41,Lynn Lynn,5 stars,Food is definitely a hit ! However was more blown by the extremely detailed service given by Ady and another of his colleague. Both of them were so observant and listens to patron’s need. This is a very rare exemplary F&amp;B service I have encountered !
42,K Lee,5 stars,Tasty food with beautiful plating. I heard these dishes were carefully curated with the Executive Chef for an event. The peking duck skin was sliced skillfully with the layer of fats that many restaurants could not achieve due to lack of …
43,Jacob,5 stars,Well deserved of its Michelin one star rating and more. Service was impeccable. Thanks Karen for your good service. …
44,Mingqian Donut Chai,5 stars,"So deserving of the Michelin Star! Every aspect of our meal is fantastic. Plate wares are exquisite, interior is luxurious, food is delicious and service is impeccable. Will be back again."
45,Yiqing Liu,5 stars,"This is probably my new favourite chinese fine dining place - excellent food, service and ambience. Well deserving of their Michelin star. …"
46,Mel Mak,5 stars,"True Michelin experience.
We were here for a Citi haute dining.
Service is attentive and to detail. …"
47,Alchymist L,4 stars,"one MICHELIN star restaurant! Excellent Service and very attentive staff. We have a great and wonderful family cny lunch. Superb delicious food and drinks too.
Must try their house signature tea lychee oolong tea."
48,Vivian Wong,5 stars,"A quintessential experience with attentive service. Michelin rated and it showed! We had wonderful recommendations from the staff including the signature pan-friend Japanese Wagyu, poached rice with lobster and fish paste noodles with …"
49,Alvin Choo,3 stars,The service was good and impeccable but I was really disappointed by the food. It was no way worth the $1.4k I paid for entire meal. …
50,Michelle N,5 stars,"Tried all the classic dishes here (Peking Duck, Sweet &amp; Sour Pork, etc) and everything was so well executed. Service was impeccable as well! Love their Lychee Oolong and fine china. Easily one of the best Chinese restaurants in Singapore!"
51,Eileen Wong,5 stars,If I could give 10 stars this is definitely a 10 star review! The food was delicious and the service is top notch excellent. Had my wedding lunch there and everything was perfect from the food to the ambience to the presentation and of course the superb service. Will definitely be back on other special occasions!
52,Brian Won,5 stars,"Superb food as befits a Michelin 1*. Lobster and poached rice is one of their signature dishes and is well worth it, the dim sum is mostly excellent as well. For solo diners they even give you magazines to read."
53,Edel Lala,5 stars,We came here again to celebrate my mother in law ‘a birthday. We love their complimentary longevity buns for the birthday lady. The manager and a server went extra mile to sing a birthday song when they brought out the buns. My mother in …
54,Samantha,4 stars,"We had dinner there under the Citi Prestige Haute dining experience. The service was outstanding, and the atmosphere was mostly pleasant except when a Caucasian couple held a rather loud video call on speaker. …"
55,Barune Thapa,4 stars,"Got the Peony set menu for dinner. Presentation was quite nice, ambiance was beautiful, service was fantastic, but the food was not up to expectation. For the price and Michelin star, we expected to have some new and exciting flavors but it …"
56,Elna Tan,5 stars,"My all time favourite Chinese fine dining reataurant - for its food, ambiance and service. The doubled boiled fish bone &amp; fish maw soup is a must order along with the lobster pao fan, if that’s all the carbs I can take, then the handmade fish noodles will have to be a miss."
57,Rachel Luyi,3 stars,Service and ambience is amazing and so are the all plates but the food is pretty average. …
58,Joanne S,5 stars,"Spent my birthday dinner at Summer Pavilion and it was no doubt a great choice. Had the $108 set dinner for 2 and all of the dishes were well executed, probably except for the iberico pork charsiew which was average at best. The signature …"
59,David Low,4 stars,"Summer Pavillion triumphs on the modern &amp; plush setting, as the fine dining restaurant in Ritz Carlton Singapore. If you plan to host a meal for your guests, this will be the place with the nice ambience. …"
60,Jeff Leong,5 stars,My wife and I booked dinner at Summer Pavilion. It was a few days after the easing of Covid dining restrictions in public venues. The staff prepared a nice table. …
61,Benjamin Chan,5 stars,"Not much to talk about.....one of the best Chinese restaurant in Singapore from service to food and even to their glassware. Almost every dish were executed brilliantly, only had one small complaint, which is their crispy skin chicken is a …"
62,david chong,5 stars,"Summer Palace’s cuisine seems to be more Cantonese focused, with dim sum dishes that are really well thought out and presented. Subtle tweaks to the typical dim sum dishes gave their renditions a special feel, for example, the char siew bao …"
63,Tonmai Cheewasutthanon,5 stars,"The most memorable dinner of my trip to Singapore. The food was top-tier, and the customer service perfect. The diced beef in black pepper sauce melts in your mouth with a burst of flavour. The duck was smoky and delicious. The fried pork …"
64,AP.,3 stars,Had the tasting menu. Felt the portion and the idea for the tasting menu have some hits and misses. Made you wonder when you pay 188++ for a tasting menu but like serving just have a taro purée with vanilla ice cream? The ingredients can be …
65,Jean Choong,1 star,"Went for Dinner with high expectations due to Michelin 1 star. Opted for the CNY Ala Carte menu. Had a good start with the soup and Yu Sheng. was looking forward to the rest of the dishes. Wasabi prawns, XO sauce asparagus with scallops and …"
66,Darren,5 stars,Never have I been to a restaurant where the staff notices that I am left-handed and shifts the utensil to lefty orientation! …
67,Clare Sing,4 stars,"My husband and I recently dined at this restaurant, and it was an absolutely delightful experience. The ambiance was intimate and elegant, setting the stage for a romantic evening. The food was nothing short of a culinary masterpiece, …"
68,Zoe Yang,5 stars,"How can I rate it 10/10, five star isn’t enough for them. Food, service, plating, everything is good. Super consistent, there’s a reason for their Michelin star! Chef is super charming too, what else not to like. Oh yeah, do try their …"
69,Thomas Lew,5 stars,It's a very exquisite place to have a meal. Came here for dinner and had the privilege of a private room and a personal staff in waiting. She is really very good and attentive taking care of all our needs. The menu was pre-ordered and …
70,Saphia Neo,5 stars,"Celebrated my parents' wedding anniversary here and we were blown away by the impeccable (and sincere - that's the rare bit) service of the staff members. Every dish got thumbs-up from my parents, and boy their standards for Chinese food …"
71,Andrew Sinnett,5 stars,"Exceptional. Rarely does one get to enjoy food, service and ambience of this quality. From start to finish this meal was utter perfection. Do try the beef in red wine, beef simply does not get any more tender than this and their lobster meat with poached rice is sublime. Highly deserving of their Michelin star."
72,Keith Tan,5 stars,Food is fabulous. Service is also great. Came here a few times standard is consistent. Fish is steam just nicely. E-fu noodle has alot of seafood. Chicken is roasted to perfection not dry at all. The dessert is nice too not too sweet. Lychee Chinese tea is really unique taste.
73,Zhi Lin,5 stars,"Fantastic Chinese food, great for celebrating an occasion because it’s pretty pricey but quality is promised. Loved the duck and eefu noodles!"
74,Soo Hin Yeoh,5 stars,"After 25-years in operation, this one (1) MICHELIN star rated restaurant remains one of the best Chinese restaurants in Singapore. After all, it is located at the iconic The Ritz-Carlton, Millenia Singapore. …"
75,Genevieve Coleman,5 stars,"Our experience at Summer Pavilion was wonderful from start to finish.  The food was outstanding, the service was top notch.  Shout out to Chun Wai, our waiter who kept us entertained, informed and laughing all night.  He even organised a …"
76,Koh jorine,5 stars,"Last night, we had dinner at Summer pavilion at Ritz carlton, impressed by the excellent service, food quality and ambience. Prawn and bamboo shell were very fresh, sweet and sour pork slightly fat but acceptable, the green vegetables were …"
77,E L,4 stars,"Generally, there is consistent standard across multiple courses, and a nice surprise towards the end with the lobster ‘Pao fan’. Very tasty!
However, having recently tried the Michelin menu at Summer Palace, I do find this comparable menu more lacking..."
78,Nadya Pang,3 stars,"I personally feel that for the steep price point, (probably due to the Michelin Star) the food here isn’t that great. The presentation is beautiful but the flavour doesn’t quite live up to it. Especially the Mee Sua dish. The service was great though."
79,alex ang,5 stars,"Went for birthday celebration tonight. Great place for good family dinner, food is delicious. Been served by two very friendly staffs @ Charlotte &amp; Kenny. Wonderful experience!"
80,Cha Cha Melissa,5 stars,"I love Summer Pavilion!
All the staff were trained professional, very attentive. I did not finished my bird nest soup and the staff asked me if the soup was not right but i told her I …"
81,ernest manuel,5 stars,"I went for lunch on Sunday and arrived about 45 minutes before the 2:30 pm closing. Despite the timing, they allowed me to have a leisurely lunch with top flight service. The dim sum was good but the highlight of my lunch was the lobster …"
82,Venessa Goh,4 stars,"Celebrated mums bday…
188++ per pax for the set meal.
What was awesome: lobster fish noodles (changed poached rice to fish noodles and …"
83,David Chan,5 stars,"6 Stars it is!
Service consistancy excellent as always.
Food absolutely flavoursome. …"
84,Alex Chin,5 stars,"A very up-market fine dining Chinese restaurant. Fully renovated and even more up-market now with very posh decorations.  Interesting that they use beautifully crafted European china-ware, very much akin to late Ching Dynasty's practice of …"
85,MagicMan Hong Wei,4 stars,"Service wise top notch quality.
Overall Food Standards are beyond expectations... However, I strongly suggest their Chef to taste out their desert before serving to their customers. Especially their fusion desert needs lots of improvement, given the pricing of them..."
86,Isaac Ho,3 stars,"Lowered my previous 5 to now 3 star. Came for lunch.

Decided to order Ala Carte instead of the set and the dim sum standard and my …"
87,Lisa Han,5 stars,Highest quality chinese crusine.
88,Benjamin Wong,4 stars,"Contemporary Cantonese cuisine incorporating caviar, truffles, foie etc. Execution is good and salt is used judiciously. The soups here are the star of the savoury dishes with that mouth coating silky collagenous sort of feel. Otherwise …"
89,Trevor Green,5 stars,"It was a very delighted experience for me and my bf. We had delicious Cantonese food, especially the dim sum. The place looked really nice with beautiful decorations and soft lighting, making it feel fancy.The food was amazing, with each …"
90,Leong Wilbert,3 stars,"Not one of the best Cantonese Restaurants despite being 1 Michelin Star. Disappointed with the presentation of the dishes which is so ""tze char"" style. The upside was the nice looking plates.  $7 chinese tea was ok. Overall dishes didnt impress and i stopped taking photo after dish number X."
91,Yang Chen,4 stars,"I love the food and service there. We were celebrated my son’s birthday there. However, I highly not recommended the reservation team. I was booked the private room, but for somehow the table went to main hall without further notice. I paid over $2000 on that night."
92,Wendy Chua,5 stars,"Love love love the food!! Especially the 青龙菜, that's the best. The coconut fish maw soup looks fancier than it taste. Would skip next time but other than that, all good! Lychee oolong tea is a must try for tea lovers"
93,Ika Yahiya,5 stars,"I was pleasantly surprised by my partner for our anniversary dinner at Summer Pavilion, and it turned out to be an exceptional experience. As neither of us had ever tried Asian cuisine at a Michelin-starred restaurant before, it was a …"
94,Annie Teri,5 stars,Love the ambience and the food there. Dim sum was unique and delicious. Their barbecued iberico pork is a must to order! Never have i tried pork that is so tender and tasty. Yummy!
95,Jorge Gonzalez,5 stars,"Great experience, understated menu, large portions, best service"
96,Christiana L,4 stars,The food here is pretty good and ingredients definitely high quality but you would most likely be paying a high price for it too 🤣🤣 …
97,Kenneth Ang,5 stars,"Decided to head over to Summer Pavilion for my birthday dinner and was served by awesome team members, Chun Wai and Josh! The food was superb especially the lobster pao fan but the service provided was even more commendable. They will be one of the reason why we are going to head back here for celebration!"
98,Bin Lin,5 stars,"Nice ambience and food.
Great service by the staff!
Lychee oolong tea is a must to try.
Will return for sure!"
99,Ian F.,5 stars,Very good high end Chinese cuisine. The tea smoked duck is particularly excellent.
100,Kitty Secret Box,5 stars,Been there few times but was amazed by the peony set dinner. Good value with really nice Chinese soup. Satisfying experience with great service.
101,Berland Shaw,5 stars,"Service was perfect, I LOVE the tableware. All cuisines taste balanced and well presented. I would back again."
102,Eve Chef,4 stars,"Singapore
One  Michelin Star ⭐
Chinese Restaurant …"
103,Vanese Ng,5 stars,Came here for dim sum lunch earlier today. Ambience was nice. It exceeded our expectations. The dim sum quality is superior. Sea whelk soup was good. Lychee oolong tea was fragrant. We enjoyed our lunch very much. Will be back again next month!
104,L Chan,5 stars,Top notch Cantonese dining experience
105,Gayatri T N,5 stars,Very well trained staff. Extra courteous and well mannered. The food was authentic and delicious!
106,C’estLaVie,4 stars,Have a great dinning experience with friends … we enjoy all the dishes … yummy
107,Eug C,5 stars,Delicious food and tea. We had lychee oolong tea which is not bitter. The last order for lunch is at 2pm. …
108,TW Tan,4 stars,"As always, food and service never disappoint here - but price is on the higher side."
109,Claire Louise,5 stars,"Great food and excellent service! Love the Lobster, meat platters and the dim sums! Special thanks to the impeccable service. Will be back again to try the other items on the menu. Oh, do try the lychee Oolong tea 😋 …"
110,Marie-Claire,4 stars,"Had a great dining experience at Summer Pavilion. This place is all about the details. The service was excellent, the ambiance, the bone china. The food was really good as well."
111,Soh Ju Hu,4 stars,"Grand and lux environment, staff are very polite and good service. Food are great, refine, but it is not out of the world kind."
112,Dan Liu,5 stars,Wow!  What a meal! Everything was good but the soup the star of the show
113,Celeste Wong,5 stars,"Love the food here, went for a course lunch and was good,  the lobster noodles was all my all time fave. I wish they can expand their dim sum menu more. Very limited items for dim sum. But this place is always my go to place for Chinese course meal."
114,Ong Yihen (Avarice),5 stars,Experience from the service is impeccable! Food is Great as well! Recommended for first timers. Will return  soon!
115,Richard Ho,5 stars,"The restaurant is well-regarded for its authentic and refined Chinese dishes, prepared with fresh and high-quality ingredients. The menu often includes a wide variety of traditional dim sum, seafood, and other classic Cantonese delicacies. A must visit for family dining"
116,Gem Laforteza,5 stars,Really good food. Service was impeccable. And the atmosphere was really well done. Overall a must-try especially for locals.
117,Maggie Seah,5 stars,The standard of the food never fails you. Love the seafood boiled rice !
118,Benjamin Ong,5 stars,"Very delicious lunch with my family served by dedicated, courteous and friendly staff all round.
Thank you very much!"
119,Grace Chen,3 stars,"For the price, food quality is good but taste wise mediocre. The crab fried rice was good, but the beef hor fun was lacking of taste (no wok hey taste even). The tofu appetizer was average, silver bait and the abalone with veg were good. …"
120,PREM KUMAR,5 stars,"One of the most elegant restaurant i visit.
Best class dining and first class foods. Very authentic and genuine with cuisine dishes price is very reasonable for me. Royal class service overall i felt like I went some empire to eat my lunch..."
121,Fiona RQL,2 stars,We tried the SGD188 lunch set and were quite disappointed. We would say the taste is just ok and average. Nothing fantastic.
122,Lim John,5 stars,I had a great time there. The service was awesome and the food were impeccable.
123,Joshua Teo,5 stars,"I was blown away by the quality of the food at this restaurant. Every dish was beautifully presented and bursting with flavor. The service was also top-notch, with the waitstaff being knowledgeable and attentive. The atmosphere was cozy and …"
124,renee ang,5 stars,Service is always very good - due to covid-19 the dim sum menu &amp; main menu has become more limited but please - do offer take away (15% off) or dine in with them once it's possible. …
125,Leong Sylvester,5 stars,Service is good and prompt. Very peaceful environment. Great for family gathering.
126,Andy Vu Realtor,5 stars,Michelin-star Chinese restaurant with jazz music. Very good quality food.
127,Yang YinZhou,5 stars,Thanks Keion for providing us such a great and memorable dinning experience at Summer Pavilion. All the staff here are superb and friendly. Food was very delicious. Will definitely come back again next time we visit Singapore. Overall well worth the money paid. Highly recommended!
128,Sarah Lee,5 stars,Fine dining Chinese restaurant located at Ritz Carlton hotel. It is a posh and spacious restaurant. The dim sum is highly recommended and delicious. The service is very good and the atmosphere is nice. I will definitely come back to try the 8 courses chinese dishes. The price is on the higher side but worth to try.
129,Nam Nguyen,5 stars,This is truly authentic Cantonese restaurant in a nice ambience with exceptionally professional staff . Highly recommended! the food is amazingly good
130,Tan Cindy,5 stars,"Had a wonderful wedding lunch. The service staff are very attentive, the food is top notch! Chef Cheung Siu Kong is very friendly overall stupendous good!"
131,Lee Chee Keong,5 stars,"Such a worthy candidate for a Michelin star! The quality of our dinner is outstanding in every respect. The interior is lavish, the food is delicious, and the service is impeccable. The plate wares are of the highest quality. Will do so in the future."
132,Parthasarathy Srinivasan,5 stars,"This restaurant is a culinary gem that sets the bar for an exquisite fine dining experience. From the time you enter, you are greeted with an elegant and serene ambiance, setting the stage for a memorable meal. …"
133,Merry Ong Xin Ye,5 stars,"Food is really delicious, and flavourful. Served in little pretty plates which is perfect for people who want to take aesthetic pictures of food. Service was impeccable, would definitely come back and dine here again."
134,Grace,4 stars,"It’s very difficult to get a table unless you are a hotel guest . The food are fabulous, good service and nice ambience."
135,Niesa Anidin,4 stars,"Summer Pavilion is my go-to place for dim sum, have patronised here a few times and have never been disappointed. Appreciate that they make some changes to their menu every 3 months to let their guests indulge in new creations while enjoying the classic dishes."
136,meng dong,5 stars,"Good places for meeting with friends, lots of people, good environment, and food is excellent"
137,Pck isaac,5 stars,Great place. Good service. Good food. Good ambience. Worth the price...
138,S T,2 stars,Frankly pretty disappointed at both the quality of food and the service.  Everything tasted just average compared to other hotel Chinese restaurants like 5 on 25 or Hai Tien Lo.  I think this restaurant is very geared to tourists that are …
139,FanFrancisco,5 stars,"Nice ambience and good service, food wise is up to standard however"
140,Cookie Monster,4 stars,Pretty good Chinese food. Service was good as well.
141,Sha Sky Ramani (Sky),5 stars,Everything is so spot-on at Summer Pavilion. The food is immaculate. The service is more than what you could ask. It's the place to impress someone. …
142,Jung Chao Tang,5 stars,Food is tasty and service (we were served by Nikki) is top-notch! Will recommend for delicious Chinese cuisine!
143,Daniel Ong,5 stars,This is a restaurant that serves great Cantonese cuisine. The service from the staff is fantastic and everyone is always ready to serve your needs. We had a sumptuous dinner and every food we ordered was deliciously served. Kudos to all the marvellous chefs of this restaurant!
144,HUIG,3 stars,Underwhelming considering its long standing reputation and price point. Service is decent. High suggest other restaurants that are able to do better on such price points.
145,C E,5 stars,"I had a great meal here with my family. The food was excellent and they made very good suggestions. Everything tasted amazing! Most of all, the service here was impeccable! I would like to thank Harvey, our server, who went above and beyond …"
146,Greg Lee,5 stars,Great service! Food is always very consistent! Highly recommended!
147,Fel Ong,5 stars,"Had a business dinner here and it was the perfect choice to make an impression. Food was delicious, it's not often you find Chinese cuisine that's able to impress. Even the tableware was beautiful with ornate hand-painted designs. …"
148,Andrew Goh,4 stars,Came here for CNY celebration. The hall seating was as good as he private room I used to go. Food quality and service level continues to be great and deserved a one star Michelin . Ordered their special YuSen for CNY and other Cantonese …
149,Bill,5 stars,6 stars Chinese fine dining. Food and ambience are worth the price.
150,Allan Lee,2 stars,"1 Star for staff service and attentiveness.
1 Star for venue ambience.
Other than that, food neither taste fabulous nor it exudes anything special that …"
151,Bignut Taipei,5 stars,We had their set dinner and was very good. Tasty and services was exceptional.
152,Mats Lingblad,3 stars,The signature lobster rice is very good. Dim sum are good but not much variety. Smoked duck was similar to a hawker centre duck. Not worth $105 per duck. Duck sauce was served after we had mostly finished the duck. Service was friendly but haphazard.
153,Wesley Lew,5 stars,"Though price was on the higher end, the taste and presentation of the dishes, the service of the staff and the sophisticated interior definitely worth your penny. Great place for special occasions for the elderly at home or for clients who are from overseas."
154,Ryan F.,1 star,"Really,  I have expensive, designer shorts and they won't let me in?  I will gladly take my US dollars elsewhere. They can shove their Michelle STAR"
155,Arisa Toyosaki,5 stars,"fantastic food, highly recommend the smoked tea duck!

impeccable service as well. brought my parents from overseas for lunch."
156,Hermann Tai,4 stars,Beautiful place. Food is delicious. Recommended.
157,Roland Schmid,3 stars,"Out for dinner, had the duck, pancakes ok, condiments on the small sice..had to order extra with extra charge...then the rest of the duck was forgotten...after asking it was served and very dry, must have been left in the owen...service was …"
158,Boon Hian Tan,5 stars,Wonderful birthday lunch - yumz food here. They even sang birthday song for me! On top of giving me a complimentary small cake. Wonderful service and experience by Angel Pann and her team. Will be back for the experience again
159,Jay,4 stars,"Truly deserving of the Michelin Star!
Top notch service by the staff.
Food are nicely plated on the pretty tablewares!  Brought the family here …"
160,James Tai,5 stars,Exquisite ambience oriental restaurant to enjoy delectable dim sum.
161,v design,5 stars,"Summer Pavilion is a renowned restaurant located in Singapore. Known for its exquisite Cantonese cuisine, it has gained a reputation for offering a high-quality dining experience."
162,yani tan,5 stars,"Very good service from the staffs, and they are very attentive and helpful
Foods was sooo good and the serving just right"
163,HB Goh,4 stars,The service is good and attentive. The food is not bad. Soup was delicious and dessert is way better than its neighbor in the same hotel. We were so happy they had bamboo clam but maybe we could not agree with the way it was cooked and …
164,Andy Tan,4 stars,"Great atmosphere, Great Food, Excellent service"
165,Kenneth Arvin Tabios,4 stars,"Wow. This place vividly reminds me of the old historical times. Love the gigantic space, the table which is more than enough to accommodate all the people and the foods being served, and I love numerous variety of cantonese dishes. Definitely recomended!"
166,Justin Pierce,5 stars,"The food here is so tasty and delicious, very recommended for a family dinner."
167,ying wing,5 stars,"Excellent service ,nice ambience.Every dish is nice decorated. We ordered chef signature combination. We loved it. We are enjoy and delighted by the experience."
168,Joan Tay,5 stars,As always service was impeccable and food was delicious. Thank you Chun Wai and team.
169,Juicy Viva,5 stars,"fantastic experience! love the ambience, decor, plates, food and service. will come back again for more Chinese fine dining!"
170,Vassilis Kontogiorgos,1 star,"This was one of the most disappointing Michelin restaurants. We wish we have never booked there. That was one of the worst dining experiences, and I don’t recommend it to anyone. I do not know how they got a Michelin star. Read below to …"
171,쿡브래드,5 stars,totally satisfied with food quality/quantity
172,Healthy Life,5 stars,high standard dinner with great service !
173,Mich C,4 stars,"Celebrated my birthday at Summer Pavilion. The Peking duck was mediocre but the smoked marinated duck with chinese tea leaves blew our mind. Thankfully we ordered half of each to try. We ordered a Small seafood poached rice for 2 of us, and …"
174,Dylan Xie,5 stars,One of the best on singapore with great service and amazing food. Love the vibe and the service.
175,Grace Ho,5 stars,"We had a beautiful, delicious and absolutely amazing dim sum lunch here with a group of 5. The staff was incredibly gracious and accommodated one more person than we had made reservations for. The service was impeccable. The table was set …"
176,Andy Chua,5 stars,"Excellent meal, great service by Chun Wai and Laura!"
177,Catte RC,5 stars,"brought my families here for lunch to celebrate my sister’s birthday.
They really enjoyed the food and the ambiance.
Cozy and fancy 🤌🏼
Food 💯 Service 💯 …"
178,Candice Aw,5 stars,"Brought the 'rents here for Sunday dimsum and they really enjoyed it; Dad pronounced it ""worth putting on dress pants for"". Loved both fish and pork congee but the latter is slightly more flavourful. Enjoyed all the dimsum thoroughly, Mum pronounced it better than Cassia. Service also excellent."
179,Mark B,5 stars,Incredibly gorgeous cuisine.  Everything served at a perfect temperature.  Service excellent.  My only slight grumble was that the next morning we woke incredibly thirsty.  So possibly a lot of salt so drink lots of water!  Overall it didn't detract from a premium dining experience.
180,CCS,4 stars,After going to Conrad's for spirit lifting dinners my darling wife decided that it is time for an upgrade.  Ritz Carlton's Summer Pavilion beckons and it shall be done. …
181,Eu Gene,5 stars,Superb lunch with family to celebrate belated birthday
182,Joanna O,5 stars,"A very nice Chinese restaurant in the Ritz Carlton. Everything in the set lunch was delicious. The dim sum, the soup, the fish and dessert were all quite nice. Service was good too, the tea was constantly refilled. They have an extensive a la carte menu and several other set menus too."
183,Anita Lai,5 stars,"Food was really good. Really liked the flavours, subtle and not intense to bring out the freshness of the ingredients. Service was great, staff was v attentive. We were also pleasantly surprised by a special dessert treat presented at the end of our meal as we were celebrating our anniversary. Overall a 5 star experience."
184,PM,5 stars,Amazing food and services. The dim sum and their signature poached rice with Canadian lobster meat were so tasty.
185,RN,5 stars,"Absolutely a Dream Come True - Great Food, Great Service ⭐️

We had our wedding at Summer Pavilion, Garden Suite private dining room. At …"
186,GooGoo Salami,5 stars,"This place offers a variety of delicious food that can satisfy our stomachs. Have good service, staff, and ambiance. Dimsum here is the best!"
187,Jet Waterbarrel,5 stars,Fuss free booking - and really appreciate the trust extended without need for any deposits. Arrived a bit late so didnt get to try the 2nd menu but the first dining set was very good too. …
188,Skye Chua,5 stars,Special shoutout to Jacky and Ady for their wonderful service!
189,Simon,5 stars,Excellent dinner. Love everything!
190,Ryphh Wgman,4 stars,The cuisine here is alright. The workers are friendly and welcoming. I do enjoy the vibe of the place.
191,Narendra Kumar Dasari,5 stars,Steam crab meat is an awesome choice to have at this elegant place. Good for a fine dining with your loved ones.
192,Rei Lim,5 stars,We just had our solemnisation ceremony and lunch held at Summer Pavilion on the 1st of July. …
193,Chan,1 star,"Staff and manager are so unprofessional, as they don’t follow their own term and policies. They stated that booking can be refunded or postponed within 72 hours but their staff didn’t let us refund for no reason. Furthermore while we were …"
194,Feng Tao,5 stars,Good food/service and reasonable price.
195,stephen,3 stars,"This review is for the Sunday dimsum, not for their dinner. Dinner at summer pavilion is excellent. But their Sunday dimsum is horrific. …"
196,nadia PADRIN,5 stars,"We organized our wedding dinner in their private room ""Wisteria"" and everything was absolutely perfect.
Their sales manager, Lee Sun Sun, took care of every request we made and of …"
197,RonThePrincess,5 stars,"From the exquisite furniture and tableware, to the posh surroundings, to the superior service provided by the staff, i have nothing to complain about. Of course, the food is super delish too"
198,Elgyn Lau,5 stars,favourite. great innovations with the menu. friendly and attentive service. what prompts me to finally write a review for this place: tonight one of the staff promptly rearranged the cutlery when they saw one of us was left handed which …
199,G L,5 stars,We have been to this restaurant twice and the standard of food and service were impeccable both times. The soups were really good. Even a simple dish like stewed pork with bitter gourd was really very well done. The service was attentive …
200,Winnie Loh,3 stars,Food was presented decently though the food temperature a bit too cold for dishes meant to be served warm. Taste wise was acceptable by everyone for most of the dishes. Attitude of the service / wait staff was as cold as the food that was …
201,Anant Damle,5 stars,"The food is exquisite and the hospitality top-notch. They do have tasty vegetarian options and the service staff is helpful and warm.
Overall a great place. Have already visited 3 times for both lunch and dinner :)"
202,Hanna F,5 stars,We thoroughly enjoyed ourselves. Everything was delicious and was very satisfied. As well as with the attentiveness of the staff
203,Helni,5 stars,It’s fill with fragrance and tasted yummy. The chili that goes with all the dishes are all spot on not overly spicy and fill with fragrant.
204,Brittany Lee,5 stars,"We also ordered a unique noodle dish - fried fish noodles, which was my favorite.  The noodles are actually made with fish (and presumably some starch to keep it together)!  Had great bounce to the texture, which was surprising. For a city with this many amazing restaurants I find it hard to recommend."
205,ong pei chee,5 stars,"Booked a private room at Summer Pavilion for my ROM, which is also an intimate wedding with only 2 close friends and direct families invited. The service was immaculate - right from the reservation process, doorman, restaurant, and any …"
206,Reno,4 stars,"Exceptional. Rarely does one get to enjoy food, service and ambience of this quality. From start to finish this meal was utter perfection."
207,Dzul Haikel,5 stars,"Delicious fine dining Chinese restaurant.Friendly staff, spacious restaurant.Very busy at lunch, so reservations are necessary."
208,W C,4 stars,TBU
209,Arin,4 stars,Summer Pavilion is a popular choice for those looking for high-quality Cantonese cuisine and an upscale dining experience in Singapore.
210,David Lucas,4 stars,"My comments are based on a set meal as part of an event. I can't speak yo value for money, but the ambiance is OK for an internal space. Not much of an external view... Kind of like a meal in a large closet.
Food was excellent, but it's not something I'd do by myself."
211,John Young,5 stars,Fantastic food &amp; outstanding service. My family always orders the London Duck &amp; the Special Fried Rice as well as the usual Dim Sum &amp; Char Siew Bao. A real shame to see a few annoying people leave bad reviews; this place is as close to perfection as it gets.
212,Peter Marriott,5 stars,"Not only was the food delicious and worthy of a Michelin star, but Chunwai and Nikki provided exceptional service that made our experience. We are looking forward to going back."
213,Lyngoh0109 Calma,5 stars,The food there is delicious and the fine dining is great and is a high class restaurant and a place to visit dinner or high tea
214,E. S,5 stars,"The food was great and the service made it even more memorable!

Lisa, Angie and Gery had been very professional and attended to all our whims ."
215,Reacher Tiung,5 stars,"Very comfortable and nice restaurant. Had a great gathering with friend at this location, food is delicious and service is good"
216,Vendar Kon Kolandhavelu,5 stars,Very posh dining place in Singapore. Great for company and family outing. Food tastes great and dim sum is awesome.
217,Kalli Kotsia,5 stars,Just perfect!
218,Nepoliyan Annadurai,5 stars,Most of dishes are very good. Basically i am indian but i love chinese food here too good and awesome.
219,Melissa Lee,5 stars,"Most dishes were amazing but some were too fried or starchy.  Having dinner at Summer Pavilion brings me back to understanding why I like trying food so much.  Their dishes were delicious, artful and definitely will bring you back to …"
220,Eva Cheong,5 stars,Food is nice. Lobster taste is great. Price consider higher but worth it
221,Fann,3 stars,"Their lobster roll dim sum was very good. The lychee oolong was exceptional. However, other dim sums were just standard. Customer service, of course, was top notch."
222,Vaisha,5 stars,"Awesome taste especially the pecking duck dish tastes fabulous.
All other dishes also too good, Should try once."
223,QiarahKrisha Jai,5 stars,"Good food served at a high end hotel, The Ritz-Carlton. Serving chinese food like Dim Sum which is nice!"
224,Lawrence Lim,5 stars,Great food with fantastic services..! Well done..!
225,Gilles Georges,1 star,"My wife and I visited the Ritz Carlton, Singapore this week for our 20 year anniversary and we saw that the Hotel had a Michelin one-star Chinese restaurant in their facility called the Summer Pavilion. None of us two had ever experienced a …"
226,Mark Yeo,4 stars,"Tried their lunch time set (5 course) comprising starter of baby abalone, chicken and har gow, followed by fish maw soup, scallop with eggplant, rice and prawns with broth and cold clear sweet dessert of pear, nuts and almond slices in …"
227,Maggie Lim,5 stars,The food is tiptop and very consistent. The service crew is a delight to have around. Jun Wai is a super star with his proactive service and humorous attitude.
228,felicia lim,5 stars,great for inviting business guest. good ambient and friendly staff. food is also delicious.
229,Jayson Espanto,5 stars,Classy! Been here with my gf and the experience dining together after covid restriction eases was so special! Love the food and ambience!
230,Jason Villanueva,5 stars,"One of the finest Chinese restaurants in the country serving haute Cantonese cuisine since its inception. The decor may have changed over the years, but the culinary standards have remained impeccable. A true benchmark michelin starred establishment for Chinese food, unlike some dubious entries listed by the guide in town."
231,Faith Liu,5 stars,Attentive service and excellent service. The dim sum is of superb value!
232,Rajesh Singh,5 stars,"Veru authentic Chinese cuisine. Value for money.
Great service and nice ambience"
233,Pranay Bang,5 stars,Worth the Michelin Star title. Their Dim Sum Menu is good and has good vegetarian options as well.
234,MeiTsz,4 stars,Wonderful ambience and excellent service. Authentic Cantonese dim sum served here.
235,Forhad Ali,5 stars,"Nice place tasty food service also very good,As always, food and service never disappoint here - but price is on the higher side"
236,YKing,5 stars,Delicious food! Not only food but service and environment are great though it is quite expensive.
237,liew jasmine,5 stars,"Held my solemnisation at the summer pavilion, garden suite. Sun Sun was very prompt in responding and everything was well coordinated from the point we contacted Sun Sun up till the solemnisation day. …"
238,shafeeq azlee,5 stars,A classic traditional high class Chinese restaurant that provide Michelin level Chinese food and services that will make you leave the restaurant with a happy stomach and a happy self
239,Felix Sunshine,5 stars,"Great restaurant, everything is elegant and food is so delicious, really recommend to visit 👍. …"
240,Grace Lio,5 stars,Went to summer pavilion on my birthday in November and was served by Chun Wai. Really impressive top notched service from him. He was really attentive to all your needs and even made effort to chat with us and explained each dish in …
241,Sue Kent,5 stars,"Food was amazing, our overseas guests thoroughly enjoyed the meals served. I really liked their signature lychee oolong tea which was good for the cleansing palates."
242,Peter Chew,5 stars,Nice food. Good environment. Service is good especially the soup.
243,saya b,4 stars,"TYPE: Dim sum/chinese
ATMOSPHERE: elegant, great for weekend brunches. I also went during weekday for lunch and service was great despite being busy. …"
244,Adrian-HK Choo,5 stars,Chinese fine dining experience with good food n fantastic service; u won’t be disappointed
245,Siva Kumar,4 stars,The ambiance and traditional service gives me a pleasant experience to dine with family and friends.
246,Rej Maranan,4 stars,"Good for family dining and the service and ambiance is great as well.

Worth the money spent."
247,Prejean Tobiasba,5 stars,Excellent service by the staff. I always feel warm and friendly when I am here dining. The food that I like most from this place is their dimsum and fish lobster noodles.
248,Shikhar,5 stars,The best is to have morning breakfast. Daily as if  the day starts fresh you will be fresh enitr days..
249,Md Heron Miah,5 stars,"Friendly staff, spacious restaurant.
Very busy at lunch, so reservations are necessary."
250,Jun Wee,1 star,"We paid $140 for the worst plain, plastic-tasting, non-Chinese noodles and plain fried rice. I specifically requested for vegetables and there was not one piece of green on each $30 plate of plain food that made us want to leave for any …"
251,joan,2 stars,The service was perfect and china was pretty. Had a set meal and was thoroughly unimpressed for what it's supposed to be according to reviews and ratings. Food wasn't BAD but just ~meh~
252,Mama Papa,4 stars,Great place to bond over meals. Nice ambience at the heart of Singapore.
253,P Chw,5 stars,Great service and great food! They customised dishes as requested and nothing was an issue! Amazing service! Expensive but deservedly so.
254,JA Huang,4 stars,Went there for lunch and the restaurant was busy. Food was delicious as expected from a top Chinese restaurant. Service was lacking and felt under-staffed. Overall a good Chinese restaurant but not Michelin quality..yet.
255,Jenny Ong,4 stars,Food is sumptuous ..fit for an emperor meal..well trained service crew...Great ambience.
256,Elisabet Blasi,5 stars,Nice food and good service! We went there to celebrate a birthday and we really enjoyed the experience. They even invited us to a meal!
257,Karen Chan,1 star,"Great food but very basic service. Staff not attentive thus probably not trained well. At $650/pax we spent on tonight, definitely not worth a 2nd trip. The place is brought down by its service"
258,Kamalkannan Prakash,5 stars,"Best place to have some qualified time with friends and family in private tables the foods are delicious , reservation recommended"
259,angie chan,5 stars,"This restaurant not provides high quality cantonese cuisine such as dim sum, it comes with excellent service quality as well!"
260,Gerald C,5 stars,"Sophisticated Chinese food, done really well. Pricey, but worth the splurge"
261,Caecilia Lau,5 stars,"It’s always very pleasant dining at Summer Pavilion.

Food is consistently delicious, service is impeccable. The ambience is very relaxing, and the staff are very attentive."
262,Seetha Htr,4 stars,A great place to have private dinner with families and friends as they have awesome food to try.
263,Angela Liu,5 stars,"Friendly service 👍👍👍👍
Highly recommend …"
264,Richard Chng,5 stars,Food is great. service is good as well. will come back for sure.
265,yang xinyi,5 stars,Very cozy dining environment and brilliant service provided by Lisa and Harrey! Definitely will visit again!
266,Kenneth Goh,5 stars,"Always a splendid experience at the Summer Pavilion at Ritz Carlton.

Today, it was the lobster noodles and char siew pao that took the lead position. …"
267,Ben Koh,5 stars,"What a great experience! The service, from the food recommendation to the last dessert, elevated the dinning experience at this exceptional restaurant.."
268,Irena Volska,5 stars,"What a wonderful meal. I had a dinner here with my Husband and kids on Saturday. The food was delicious, presentation and service was perfect."
269,Gio K,5 stars,"Food is pretty good, disclaimer: I'm not a regular Cantonese diner. Service is great, the atmosphere there is perfect."
270,Shah Alam,5 stars,Summer pavilion is one of nice restaurant. There food and service good.
271,Exhibition MICE,1 star,Food is indeed excellent but was very disappointing my lost pen was never returned. Staff is airy at times rude. Not seeing me again.
272,Soo Kong,5 stars,Exceptional quality and absolutely stunning decor. A must visit when guests are visiting from out of town; great selection of dim sum for a nice weekend brunch
273,Daryl,5 stars,"Great food and fairly good service; I expected just slightly more of both from a one-michelin star restaurant, but these were still great at Summer Pavilion."
274,Joel Le,3 stars,Average Service and Average food base on my liking. Its a place that can be revisits but must see how the wallet condition is before go
275,SF Toh,5 stars,"This will always be my favourite Cantonese restaurant in Singapore. Love everything, especially the plates and cutlery (wish they sold them)."
276,Ronnie Abella,5 stars,One of the best dimsum places in Singapore. Kept coming back here
277,A A,3 stars,"Weak service and very simple experience. Definitely not a Michelin stared level. Food is good, nothing special for such place"
278,TK Lee,5 stars,Perfect dimsum experience with Michelin one star!!!
279,Sophie L,5 stars,"Cantonese food consistently done right! Pricey, but the service and ambience makes this an experience you wouldn't want to miss."
280,Sebastien Bruggeman,5 stars,"Great Chinese food in quality, setting and service. Although not cheap it is value for money considering everything. Vegetarian menu available."
281,NAF Azman,5 stars,Excellent service with extraordinary food. Really enjoyed it.
282,luver kiki,5 stars,Warm and cozy food is nice. Highly recommended for family reunion
283,Rebecca Rourke,5 stars,"Lovely food, efficient and friendly service - the hot and sour soup was very tasty and worth trying and I would definitely recommend the beef in red wine, the meat was very tender and full of flavour."
284,Judy Chia,5 stars,Excellent service of all staff in contact with and Chef care and immediate attention of patrons feedback. Awesome furnishing and premium cutlery settings.
285,Jia,5 stars,This place is one of the hardest restaurants to get a reservation. You’ll probably need to book a month in advance but it is still worth the wait!
286,Trang Nguyen,1 star,The Christmas dinner fix menu was so disappointing...they had to swap the soup on the menu because it was tasteless and poorly presented ( huge chopped pieces of mushroom and chunks of boiled chicken )...we were so looking forward to our …
287,priscilla leong,5 stars,"Food was superb, service was good too. Will be back."
288,Shakil Maricar,4 stars,Great food and great ambience. Excellent Customer service
289,Kelvin Cheng,5 stars,Excellent service! Food was consistently good across all the dishes. Highly recommended.
290,JL Wang,5 stars,"Nice food, nice ambience, good service
its a high end Michelin restaurant, so it meets expectations"
291,Richard Chen,4 stars,"Upscale Chinese restaurant with very high consumption, suitable for receiving high-end customers."
292,Aung Zaw,5 stars,High end dining…recommend for family dinner and anniversary.
293,Anndy Lian,5 stars,Five Stars food rating for Summer Pavilion. One of my favorite restaurant when I have a craving for chinese food. Highly recommended.
294,Kathy Smith,5 stars,"Good food, friendly staff, definitely worth repeated trip! Most important the food are really delicious!"
295,Suherwan Jasmani,5 stars,Great dining experience.
296,Jinny Park,5 stars,"Best Chinese restaurant in Singapore. service, food quality is really amazing. worth it"
297,Thor ZzZ,5 stars,"Kinda pricey yet service, food, drinks and atmosphere kinda match as well. Nice place for gathering/celebration!"
298,Nadiah Natra Abdullah,5 stars,Great chinese dining experience. Nice ambience.
299,Vincent Lay,5 stars,"Nice restaurant, good food and ambience. Highly recommend"
300,niket dasadiya,5 stars,"Nice food , good atmosphere , satisfied with service"
301,NURUL HUDAH,5 stars,Nice ambience and amazing food. Service was great.
302,A 51,4 stars,Service n food v good as usual...also i really enjoy the lychee chinese tea too.
303,Mr Tartufo,5 stars,Mind blowing dim sum and service !! I really love this Chinese restaurant. They definitely deserve more than 1 star!
304,Te Shan Liang,5 stars,True Michelin quality food and service. Wine list is good but marked up considerably.
305,Angeline Heng,5 stars,The food is delicious and the food is beautiful like a picture
306,Ahmad Varid,5 stars,A place to relax enjoy the food and hang out with your friends!
307,Hon Sing Lee,5 stars,"Very delicious food. Very good, polite, considerate and respecting service."
308,Sofea Ayu,4 stars,Food non-halal but jus e tea is gd
309,KYChingS Y,1 star,Extremely over priced for really average food served. Over hyped or perhaps due to covid their main chefs were away?. Very disappointing.
310,Samia Al R,5 stars,The food is amazing and the prices are super reasonable.
311,Zhe Ming,5 stars,Amazing food!
312,Alvin Cheng,3 stars,"Quite overpriced and meh food. Order the dim sum, which is better than the regular dishes, if possible."
313,Vincent Wee,5 stars,Delicious food. My guests are happy.
314,Joyce Lau,5 stars,Dim sum was really good!! Hotel standard!!
315,M Loh,5 stars,"Found my new favourite Chinese restaurant in town. Must get their signature lychee tea, smoked duck and lobster rice. YUM!"
316,Louis Goh,5 stars,"5 courses dinner set meal, price is on the high side but service is good."
317,Mattias Wiking,2 stars,Nothing special. I'd rather eat at Din Tai Fung honestly. Not worth the price. Service was nice though.
318,Joshua Koh,5 stars,"Food is good. Tea is $8 per person, but very high quality."
319,Yogesh Gupta,5 stars,Nice place to have classical food and executive services.
320,Ernest Goh,5 stars,"Enjoyed a wonderful lunch hosted by Sunsun, Rena, Chun Wah and Jasmine. Will definitely be back again!"
321,P. ravi,5 stars,"Visit along with family. ..
Awesome experience
Food is amazing"
322,Tommie Chee,4 stars,Very nice and delicious food by the chef
323,Cocos Restaurant,5 stars,Nice dinner recently which my wife and I really enjoyed. Excellent wine selection and cocktails.
324,iFire XX,5 stars,Wonderful hosts with delightful dishes!
325,Tim Wong,5 stars,Excellent quality of Cantonese food! Indeed 1 Michelin star restaurant!
326,MOHAMMAD JALAL UDDIN,5 stars,Tasty all the food and nice behaviour.
327,I R I N,5 stars,"It deserves the M award. Top notch service, top notch Chinese cuisine. Highly recommended"
328,Hitha Sachin,4 stars,Good service and good food. Good ambience as well
329,Fahmy Wezzy,5 stars,High end Restaurant for Fine Dining &amp; Wedding Reception
330,Anand Sri,4 stars,"Pavilion was great atmosphere,excellent staff"
331,Robert Chew,5 stars,Classy place serving yummy Chinese cuisine.  Expensive but well worth it.
332,Nur Ain,5 stars,High end experience. Cosy and beautiful ambience
333,Cleo W,4 stars,"Soup and 河粉 nice, meat not so good. Environment is good for business lunch."
334,Xtrox YT,5 stars,Good place for family. Will visit again.
335,Angela Torres,4 stars,"Great ambience, service as well as good food presentation. Worth a second visit!"
336,Andre Soo,5 stars,soups are excellent. service likewise. but it may be time for them to refurbish the restaurant.
337,Eddy Yan,5 stars,The best Camphor-wood &amp; Tea Smoked Duck (樟茶鸭) in Singapore 😋 …
338,Isaac Lee,5 stars,Luxurious setting for a wonderful dining experience with attentive service.
339,k m,5 stars,All food have good tase.
340,Shawn Chia,5 stars,Good food and nice place to chill
341,Taz Tan,4 stars,Good food with awesome ambience
342,ling ling ho,4 stars,if you have the money why not. Gotta try it once in a while
343,Marco Thomas,5 stars,"I don't normally do hotel restaurant, this is like an independent. Very good"
344,Sandra Dan Ling Low,5 stars,Good food n nice place for tim sum &amp; meals
345,Anthony Ng,5 stars,Love the Chinese cuisine there!
346,Philippe Cassafieres,5 stars,Some of the best dim sum in Singapore with an unmatched level of service
347,Ryan Phedra,5 stars,Great Breakfast in the morning 😊 …
348,Muthulakshmi Nagappan,5 stars,👍 …
349,Adrian Teng,5 stars,Good food as always. Reliable and good value
350,Dicky Yee,5 stars,Good food
351,Kay Hock Tan,5 stars,Very private environment and excellent food.
352,Sam,5 stars,Great food and service!
353,Richard Kestenbaum,5 stars,"For me , this is the best Chinese restaurant in Singapore!"
354,evelucky xia,5 stars,Very impressive!
355,Jj,5 stars,Good food and attentive staff
356,Chezhiyan Chen,5 stars,Good hotel service is good
357,Zi Yang Nah,5 stars,Spacious dining area and great food.
358,Jonathan Lian,5 stars,Great place and worth the visit
359,Jean Ny,4 stars,Great ambience and food
360,Samantha Wong,4 stars,Nice place and good food👍🏻 …
361,Jimmy Teoh,4 stars,Food not bad expect it to be extraordinary
362,muhammad nazlan,4 stars,Great for family event
363,Tan Mitchel,4 stars,one of the best dim sum place on weekend
364,Video Goh,5 stars,Very atas atmosphere.
365,Rhys Wong,5 stars,A place for fine Chinese dining.
366,Tan Boon Pin,5 stars,Verry good
367,Anson Zeall,1 star,They charge 12 per person for the tea. Ridiculous.
368,John Paluski,2 stars,"overpriced , mediocre .

Yan Ting is much better"
369,Ty,5 stars,Great food and affordable as welo
370,Ais Cheau,5 stars,Wonderful experience and food
371,Adler Security001,5 stars,Awesome place for dining
372,Sergio Gullo,5 stars,Super Service and Delicious food.
373,赵岩,5 stars,The food was nice the service was nice
374,Louis Tan,1 star,awesome food and service
375,Lawrance Chua,5 stars,Nice
376,David Cai,4 stars,best cantonese restaurant on town
377,Kenny Chin,4 stars,"Attentive staff, delicious food."
378,UTTAM KUMAR NATH,5 stars,Good service 👍 …
379,Yuet Chu,5 stars,Fantastic experience!!!!
380,Hazrul hazrul,5 stars,Nice chilling place
381,Lex L.,5 stars,Excellent food and service.
382,CARDIN PEH,5 stars,Nice place and great setting
383,Tity Ekin,5 stars,Luxurious place to dine
384,Shakerah Begam,5 stars,Nice ambience
385,Jennie Tan,5 stars,Wonderful food.
386,Robert Jedrek,5 stars,Food an service are 100%
387,Joshua Ong,5 stars,Best place!
388,Yasanga Rajeswaran,5 stars,Wow
389,Ryan Zhu,5 stars,Nice.
390,yoonji28 lee,4 stars,toooooooo cold
391,Nigel Goh,5 stars,Worth what you're paying for.
392,Varun Naib,5 stars,Great place
393,Mel Ng,3 stars,Nice place to visit
394,Qiaoli Jin,5 stars,Will be back for sure!
395,songD,5 stars,Excellent food and service
396,Ambika Hariharan,5 stars,Excellent place
397,Lim Samuel,5 stars,Simply Delicious !
398,Rajat Dua,5 stars,Amazing place
399,diletta donazzan,1 star,"Unfortunately, really disappointed 😒 …"
400,Elaine Wijado,5 stars,fantastic service! :)
401,Roszima Roslan,5 stars,Nice place
402,Jackie Seah,5 stars,Excellent
403,walter blackice,4 stars,Nice
404,yenn hong,4 stars,beautiful
405,Gerald L,5 stars,Excellent service!!
406,Ramesh Babu,5 stars,Awesome experience
407,Alphy Online,5 stars,great experience
408,Kok Leong Yeo,5 stars,Exquisite dining.
409,Barry Pereira,5 stars,Awesome food
410,Mrs Bee,5 stars,Love this place
411,Ibrahim Khalaf,4 stars,Good Restorant
412,Sybille Tai,5 stars,Great place
413,Björn Claßen,5 stars,I went here for lunch during my stay at the Ritz-Carlton Singapore. I thought the Dim Sum offer at lunchtime was very good and I tried different dishes. All dishes were very tasty and had an interesting texture. Service was also very warm …
414,HQ Z,5 stars,"The food is delicious, the tableware is beautiful, the service is very comfortable, the price is reasonable, five stars."
415,이게머삼,2 stars,"Visited on 7/26. In Singapore, people are reluctant to eat food at high-end restaurants. This is the second time the food quality is poor...and the service can't keep up. To be honest, even in Hong Kong, people use Lung King Heen and Man Wa …"
416,Sherry,5 stars,"During the epidemic, only a maximum of eight people can dine. Therefore, I chose this hotel to book a private room and package for eight people to celebrate my friend's birthday. The ingredients used in the restaurant are very fresh and the …"
417,Sensya 551,5 stars,"Cantonese cuisine with one Michelin star. Dinner is expensive, but lunch is relatively reasonable. We had dim sum and Chinese tea dim sum, and they were all excellent. The pepper porridge is especially wonderful, as the unique aroma of the …"
418,Boy Me5,5 stars,The perfect restaurant If you are Thai you must try it. The dim sum is reasonably priced and the bird's nest soup is perfect. …
419,Y I,5 stars,"Chinese restaurant inside the Ritz Carlton. At lunchtime, you could order as many dimsums as you wanted, regardless of what was displayed on the menu (you could order 2 pieces for 5 dollars instead of 3 for 7.5 dollars). …"
420,Louise Lee,5 stars,"Chef's recommendation
Xiao long bao …"
421,김노경,5 stars,The Korean staff was so kind and explained the menu in detail! The tea was delicious and there was no need to explain the food... It was a very happy meal.
422,Federico Venturoli,5 stars,"Excellent starred especially considering the location (in Italy we are a little more demanding and more attentive to some small details. The plating for example leaves a lot to be desired... see photo). For the rest everything was excellent, especially the duck"
423,Vicky Xue,5 stars,"Please see the pictures for reviews of specific dishes. Overall, it’s easy to make a reservation and the taste matches the price. The golden lobster roll, stew soup, and almond tea are up to par."
424,A H,5 stars,"Cantonese cuisine. The dim sum is also delicious. It's an atmosphere that you and your partner can enjoy together, even if you're not in a large group. There was also a group of businessmen, probably entertaining them. Singapore is at the forefront of sophisticated Chinese cuisine."
425,崔晓明,1 star,"very bad
Extremely bad, not averagely bad"
426,Paul Lee,4 stars,I think it is a restaurant that is not bad value for money. It may seem a bit boring compared to what Koreans think of Chinese food.
427,Yusuke Kinoshita,5 stars,Apparently it has a Michelin star. All dishes are exquisite. The last aloe vera jelly I ate was the best.
428,Aruru,5 stars,"Great food and attentive service.
The chef's specialties are amazing.
The prices are high, but you can enjoy the attentive service and food. …"
429,Susie Yang,1 star,"Summary: If it’s not fresh, don’t serve it to customers. It’s so disappointing.

1. The chicken stew soup is too salty and covers the taste of the medicinal …"
430,Wim De Coen,4 stars,"Very tasty cantonese food. Very good service. The various courses went very smoothly, albeit expensive."
431,素材管理,4 stars,"Bean curd and ginkgo stew. I thought it was dry at first, but I didn’t expect it to have soup. It has a peppery soup base. It’s a small pot, but it tastes really good. It’s very warm to drink in winter. …"
432,Alex Ngan,5 stars,You can
433,金正爽,5 stars,"Very good, the food is fresh and the family is very satisfied"
434,A. A.,5 stars,"Very high quality, top presentations, great service. We recommend."
435,xu james,1 star,"It’s not very delicious, and the price is so high compared to Cassia."
436,David Qian,4 stars,Overall 70 points out of 100
437,Hayashi Keiichi,3 stars,"Michelin one star
Hong Kong-born chef becomes Singaporean citizen"
438,Tony Lee,4 stars,It's delicious and it's very hygienic.
439,Lim Leong Seng,5 stars,good
440,Jeremiah Ng,5 stars,Yuu
441,Rajnish Rajnish,5 stars,Beje
442,WL,5 stars,Delicious Cantonese food
