,Name,Rating,Review
0,Chi Ling,5 stars,Amazing and most delicious Chinese new year celebration meal. Everything I tried was amazing. And the service team were amazing too. Kudos to the staff that made it such an enjoyable experience.
1,Hazel Sng,4 stars,"Braised pork belly was my favourite, other dishes are delicious but not worth the price paid, specially went for the sweet and sour pork which some articles claim is the best in Singapore. I think for $42++ I expected something more …"
2,Lucien Lim,2 stars,"The food was mediocre at best, but the service was good. We made a reservation for seven beforehand, yet the table we were assigned was extremely small, could not even fit the dishes we ordered. …"
3,Han Lee,5 stars,"One of the best Peking ducks ever! Please note that all other dishes, despite the high price, are portions for one pax only. …"
4,Amanda Thayer,5 stars,"We originally came for peeking duck, but the waitress advised us that it would be too much food for the two of us, which I appreciated! We got one of the chefs menus instead. My favorite was the chili prawns and my least favorite was the …"
5,Amelia,2 stars,"Food was mediocre for 198++/set. The soup was almost tasteless, lobster and noodles were too salty.
Not sure how they got their Michelin star, and there are many other restaurants …"
6,Nathanael Tan,5 stars,Great attentive service. Price on the higher side of about $700 fpr 3pax or about $230 per pax with NO alcohol but really fine tasty chinese cuisine which i will return on special occassions as a reward. otherwise too rich for a daily meal
7,Berland Shaw,5 stars,"Fantastic restaurant, small portion but really great. I would say, 烧腊 is the best!!!!!!! Highly recommended for family gathering or special occasions."
8,Daphne Yeo,5 stars,Peking Duck was the highlight here. Level up with a touch of caviar. The duck here is more lean and crisp but I do think a little of fat adds to the flavour. Still good nonetheless. …
9,Celeste Wong,4 stars,Fine dining dim sum restaurant.  Service was impeccable and some of the dim sum items were meant for 1 pax. Was served free appetisers and desserts like typical fine dining restaurant. Interior was posh.
10,Julien,4 stars,Amazing food the place look amazing and our waitress was one of the most professional iv ever seen. Only negative point is the price which tend to be quite too high. Other than that it was great. They deserve a little visit from the Michelin guide ;)
11,Raine Chye,5 stars,"The best Beijing Duck I had in SG. Second dish can be made into soup. Reservation is required, and pre-order for the duck and soup have to be made in advance as well. …"
12,신데렐라맨,5 stars,"I visited here to eat Peking duck. I made a reservation through the application locally, and I could communicate my inquiries by e-mail. I was embarrassed when I was informed about the dress code, but I was able to enter the restaurant …"
13,Tan Long Hwee,5 stars,We had business lunch set and the food taste great! Food quality is unmatched! We will definitely go back again!
14,Catfoo75,5 stars,"Had an enjoyable afternoon with mom. It’s e time of the year when you spend time with your loved one and pamper her with all her favourite food. I made the right choice. Good food, good service, good ambience and of cos, good daughter! 🤣 Took e festive menu that started today and will end on 31 Dec. …"
15,Zachary Ong,3 stars,"Had a nice Father’s day dinner at the restaurant, where the restaurant was rather packed. The set menu (topped up $ to include the Peking Duck) was ordered for my dining party, and the food was served in courses. Standout dishes to me were …"
16,Wang Yu Phua,4 stars,"Food was fantastic, way better than the dim sum buffet at cherry garden. Mee sua broth was exceptional. …"
17,s f boey,3 stars,Having dined here several time before the food quality has dropped..not sure if they changed chef. Be prepared to be charged individually each piece of food item selected.  It will add up to quite a bit.
18,Ed S,5 stars,"Was recommended the Peking duck here so came for simple Sunday lunch with the family.
Both the food, ambience and service was top notch. Pleasantly surprised the duck …"
19,C S,5 stars,"Service was tip top, pre ordered items are worthwhile and cooked to our satisfaction."
20,Habib Al Mulla,3 stars,"Decor and ambiance is traditional Chinese restaurant. Chairs are uncomfortable. Service is fast and friendly. A large menu as you would find in many Chinese restaurants. However, I felt the food was disappointing. It lacked taste and was bland. Even the signature Peking Duck was not impressive. Overall an average restaurant"
21,Sky cassiespringdy,5 stars,"We came just for Peking duck and it was very good 🤤.. Crisp skin, tender smokey meat &amp; not oily at all. We are small eaters, yet we ate one whole duck 😅 …"
22,Adeline Lee H L,5 stars,"A nice Chinese fine dining restaurant at Four Seasons Hotel.
The service was definitely a plus plus point to the whole dining experience.
Their meals platter was delicious and is a must try dish. …"
23,Anchisa Pongmanavuth,4 stars,"4.5 stars. Upscale 1 Michelin star Chinese restaurant in the Four Seasons Hotel
- Excellent food. The Peking Duck was as good as the hype though the caviar addition seems excessive / didn’t feel like it added too much value to the dish. …"
24,saigenkaku,5 stars,"The best Chinese restaurant and best Beijing duck place I have been in Singapore. Especially 4 highlights : 1. Beijing duck skin is super crispy, really good balance oily and freshness feeling, eating with caviar is also new try 2. Dim sum …"
25,Wei Sin SOONG,5 stars,"Great tasting but pricey. Good service from the staff. Pleasant and comfortable environment. Loved the braised star garoupa fillet, nicely balanced flavours with enough oomph to define one of their signatures."
26,Jian Xin Sito,5 stars,"Good food, Top notch service, Private and Cosy ambience! What more can you ask for? Thumbs up to the Prawns and Beef. Ingredients used are very fresh. …"
27,Regina Kam Tian Ning,5 stars,"I choose Jiang nan chun to celebrate my bestie birthday as perking duck was her favourite. After years, Jiang nan chun maintained its standards well. Perking duck is still as good as before, sweet and sour pork was a wow also. All was a Wow …"
28,Mush LikesToEat,5 stars,"We celebrated the relaxation of covid measures on outside dining by having proper dim sum at this wonderful place. Might sound like im generalising but the truth is that everything was top notch; from the quality and taste of the food, …"
29,Tee Jonathan,5 stars,"1 of the BEST Peking duck! Great food, perfect ambience and good service from the staffs! We ordered our dinner based on chef recommendation. Will be back! Thank you"
30,Benjamin Cheng,4 stars,"Came here for a wedding dinner on 26 June. The Peking duck was amazing, the wrapper skin is too thick. …"
31,Rachel Lim,5 stars,"We have an incredible meal at Jiang Nan Chun for my mom's retirement celebration. Not only was the food amazing but the ambience was perfect - quiet and intimate, and we loved the decor! We were in Lily's excellent hands - from recommending …"
32,Ben Lin,4 stars,"It's a fine dinning Chinese cuisine restaurant located in four season hotel in orchard area. Good service with nice atmosphere for dine-in.
The food is delicious and suitable for business dinner with customers"
33,Honestand Fair,5 stars,I had lunch. Excellent service. I ordered bottle of wine and set 4-course lunch. My glass wasn’t my style and I was chatting with server over this and manager heard me and in a flash my favorite glass arrived without asking. They French served everything they can and the whole set meal was amazing along with the service.
34,Ankori,4 stars,"Lovely service . The Peking duck was one of the best in town , the caviar was a lift to the taste and complete every little parcel you put into your mouth. The skin was crispy and the meat was tender and juicy. The birdnest crab soup was …"
35,J T,5 stars,"One of the best Peking ducks in town, served with caviar and premium services, just nice for 4 pax. Other dishes are on the pricier side, fried rice is about $16 per pax for a very small portion, suggest to just order white rice."
36,Howard U,4 stars,Had a celebratory lunch here. Food was good.
37,Saitama Sutora,5 stars,"Excellent food here, and you don’t need to order expensive dishes to enjoy yourself. The Phoenix Tail Kailan was beautiful and cooked just perfect. The supposedly humble lotus leaf glutinous rice got an upgrade with the insertion of …"
38,Zhenghao Phua,5 stars,Nice food and dining experience. I find the Anjou PearFilled with Almond-Chocolate and Jasmine Tea Mousse special and nice. Didn't manage to get the popular Oolong Tea-Infused Jivara Chocolate Sphere to compare as it was not available.
39,Jim Woodcock,5 stars,"We have enjoyed many Cantonese restaurants in Singapore, but this was our first experience at Jiang Nan-chun. It was a terrific value. Every dish that we ordered was delicious, the surroundings were elegant, and the staff were very …"
40,Calvin Huang,5 stars,It was CNY dinner - luxurious menu but with very attentive waiting service and quality rich foods.
41,Lee MC,5 stars,"I guess if you want good food and good service you gotta pay for it. Well, we were served top notch Chinese New Year cooking with a wide range of ingredients ranging from exquisite to mundane but none done shabbily. …"
42,K Lee,4 stars,"nice ambience, interesting menu. Chef Albert Signature Dinner course menu, served with sparkling tea (non-alcholic), good service and positive experience"
43,Byean,5 stars,Great ambience. Attentive staff serving me when i was here for food tasting. Recommended venue for your gatherings or family dinner!
44,Wilfred Tay,4 stars,"Tried this place as I was doing a staycation. if ambience and service helps you enjoy your meal, here's definitely the place. the plating and the service is good. taste-wise, its pretty common and similar to other hig end chinese cantonese …"
45,Frederick Goh,5 stars,"Transport yourself to ancient China but remain inmodern comfort, you will not be disappointed here. Just for the the decor, it would be a great place to dine. There's a Father's Day special which is a good opportunity to show your filial piety."
46,A G (AnnG),2 stars,I was surprised by the number of positive reviews. I tried to like the place but couldn’t on so many counts. The food was average at best. The round table which sat the six  of us was tiny. We had to order set meal as there was no way the …
47,jeremy aruldoss,5 stars,Spending time with family at such a cosy place.. the decor and food was delicate. If you love a good experience for try their lobster soup and steam fish selection which is the chef recommendation. It was also a nice surprise to have …
48,Ember Shen,5 stars,"Expensive meal at $559, but the best Peking duck in Singapore (got caviar!) everything is nice. The setting is opulent"
49,Bryan Ong,5 stars,Had a lovely experience here. Service was top notch and food was impeccable.
50,Omar Shoman,5 stars,The Peking Duck here is to die for. The dough of the pancakes are so fluffy and soft. The rest of the food is very creative and delicious.
51,Rise&Shine,5 stars,Went for their ala carte lunch today. There was just 2 of us so had to give the Peking Duck a miss. The manager provided us with great recommendations. The portions and number of dishes were just right. I enjoyed the egg white vegetable $26 …
52,loregal teo,5 stars,Tasty and served in petite portions. Great if you want to explore the menu. There are a wide variety of teas to choose from.
53,Melissa L.,5 stars,Good quality Chinese dishes with impeccable service. The Signature Peking duck (served with condiments and caviar) is a must-try.
54,Bishan Chew,5 stars,The service is impressive and the Peking duck flavour is nice and they improved since the first time we visited so we have been visiting this for the 4th time. overall is amazing experience with the ambience and services. Managed to try more food with friends for this visit and love all the flavours.
55,Jonathan Seetoh,3 stars,Food tastes good but portions are extremely small considering the high prices (dishes are mostly priced per person).
56,John Lee,5 stars,"Beautiful restaurant serving Cantonese dishes.  Decoration is nice, but ambient light is a little too dark for Chinese restaurant.  Good food. Expensive."
57,Rosa Ho,1 star,Just finished our tim sum here. Totally disappointed. Expected good amibence and food being in this hotel. lMost expensive but worst taste tim sum ever taken.
58,Hakim,5 stars,"A delightful Chinese gourmet establishment can be found within the Four Seasons Hotel, offering an exquisite dining experience. The exceptional service provided greatly enhanced the overall enjoyment of the meal. The delectable cuisine presented on their menu is highly recommended and should not be missed."
59,Traveller,5 stars,Very nice restaurant serving delicious chinese food. Server is attentive and friendly. The ambience of the restaurant makes the dining experience very peaceful and enjoyable. The Peking duck is my favourite and the caviar surprisingly …
60,Donovan Lang,5 stars,The Peking Duck was scrumptious! I enjoyed my dining experience and the staff were very attentive. My other favorite dish was the sweet and sour pork. Will tell friends about this place.
61,Marcus Kassa,5 stars,Phenomenal experience. It was my mum's birthday and my sister and I took our parents to the restaurant for lunch. This was an especially significant outing for us as my dad is old and had some health issues that left him unable to fend for …
62,derek neo,5 stars,"Chinese fine dining, worth very cent paid for the quality food and service."
63,Wanchee L.,2 stars,"Service is fairly good but not impeccable like before. Food used to be fabulous but not any more. The noodles fried with duck meat was super salty. The veg dish, qing long cai was fried with fresh shitake and beansprouts ...had super thick …"
64,Joe Tan,5 stars,"The food and service was amazing!

The portions were rather small tho."
65,Chua Li ling,5 stars,"Tasty and good service. Recommend the roast pork, duck and lobster poached rice."
66,Wai Yin Tang,4 stars,"Comes at a hefty price, but every dish is exquisite. A good place if you feel like splurging."
67,Shayantan Debbarman,4 stars,Fantastic food with great service! Highly recommended for celebrating a special occasion. :)
68,Ella Ghapar,5 stars,Had a memorable dinner anniversary with my husband here. Food was palatable. Wait staff was friendly and lovely. They wished us too! Highly recommend for a romantic date for two.
69,Lee Lee Liauw,5 stars,Dishes are delicious. Service fantastic. Atmosphere great
70,AadiYoga India,5 stars,"Had a soup (meh, especially for that price) and a Soft Shell Crab with Crab Meat (which was yums, creamy but not to the point of being jelak, guess it helped that we shared instead of having 1 each) and a refreshing petite fours of …"
71,Polash Jsi,5 stars,Amazing food the place look amazing and our waitress was one of the most professional iv ever seen. Only negative point is the price which tend to be quite too high. Other than that it was great.
72,Effrizan Kamisran,5 stars,The signature dish Peking Duck is a must have on your order list or your visit here will not feel complete.. Dim Sum has a savoury taste that wants you to ask for more.
73,Christine Lee,5 stars,Delightful. Ordered the festive menu + peking duck (yum)
74,Federico Sotto,5 stars,"Great venue for events like family reunion or special occasions.
Both the food, ambience and service was top notch. Peking Duck is served with extras. …"
75,Otto Rodusek,5 stars,Jiang Nan Chun in Singapore is a culinary haven for lovers of fine Chinese cuisine. The restaurant's elegant and sophisticated ambiance sets the stage for an unforgettable dining experience. The menu features an array of exquisite Cantonese …
76,aBs VoDka,4 stars,We ordered their signature Peking duck which didn’t disappoint. It was slightly luxurious as our order arrived with a side of caviar which nicely complemented the delicious Peking Duck wraps. …
77,Dorcas Luai,3 stars,"My partner and I had our dinner here last night. Although it was a little overpriced, the food were served well and delicious and we enjoyed the meal. What I didn't appreciate was the server/waitress hard selling and ""psycho"" us to get the …"
78,Frances Toh,5 stars,"very nice fine dining restaurant here in Singapore, highly recommended!"
79,Sarah soong,3 stars,"Went there for a family dinner.  The ambience and decor is nice, with a more western style of serving portions (dishes served individually and priced per person).  The service is very good as well, but the food is disappointing, especially …"
80,eimbrunt rashid,4 stars,"Jiang-Nan Chun is an exceptional Cantonese restaurant that offers an unforgettable dining experience. From the sophisticated decor to the impeccable service and delicious food, everything about this restaurant is top-notch. The dim sum and …"
81,Sheik Hafiz,5 stars,"Jiang-Nan Chun is a delightful Chinese restaurant that offers an excellent dining experience. The food is delicious, with a wide range of traditional Cantonese dishes that are expertly prepared and presented. The atmosphere is elegant and …"
82,Chih Fei Lee,3 stars,Food quality decent. But prices are expensive. This small slice of pork belly is $4 each. …
83,Vaitheeswaran Mech,5 stars,"Amazing food and service, we had the business lunch set menu, and really enjoyed it. Great flavours and stunning presentation! overall 5 stars"
84,derrick,5 stars,Just had my Christmas eve dinner there. FOOD IS FABULOUS!. Had the special set menu. The appetiser and the chicken were OK. The comes the scallop and mushroom thickened soup. Hmm. The best. Next comes the delicious cheese on lobster. Yummy. …
85,Sameer Prakash,3 stars,"Would be 4 stars but with 4 seasons we were expecting better. So the good first - good service, decent food; the not so good - food was nothing to blow you away - the food paradise that singapore is sadly the food was just ok. Eg the duck …"
86,Khye,5 stars,"Jiang-Nan Chun transports diners to the heart of Jiangnan region with its exquisite Chinese fare. The elegant setting exudes a timeless charm, matching the refined flavors of the dishes. From delicate steamed fish to flavorful braised …"
87,Kenny Tan,5 stars,Visited the place for a business lunch. The working crew were very helpful in coordinating the event. Looking forward to more events at the restaurant.
88,Bao Ren TAN,5 stars,"Beautiful space, exquisite food and warm service."
89,Shahhana Begum,5 stars,"Jiang Nan Chun, a renowned restaurant located in Singapore, takes diners on a remarkable gastronomic journey through the rich and diverse flavors of Chinese cuisine. With its elegant ambiance, impeccable service, and exquisite dishes, Jiang Nan Chun truly stands as a testament to culinary excellence."
90,Terence Chan,4 stars,"The restaurant offers delicious food but abit costy. good service, and a cozy atmosphere. The braised star garoupa fillet is a signature dish with perfectly balanced flavors."
91,EJ.Cher Tan (EJ),4 stars,"very good service with great tasting food! we loved the peking duck even though we were there for the sweet sour pork. Love the tea menu as well, lots of variety and good taste. It is pricey but considering it's typical of a hotel environment. will return again!"
92,Cass Tan,5 stars,"An amazing Chinese fine dining restaurant for all ages. Not only was the food really good, I really love how the place looked and the service was really superb! Will definitely be back again :)"
93,Anderton Lim,5 stars,I was told by my friend that ate at this restaurant that the food they served were amazing. The quality of the Chinese cuisine was spectacular! Would want to go there someday to test it out
94,Shar Sy,3 stars,"Jiang-Nan Chun restaurant in Singapore is a decent option for those looking for classic Cantonese cuisine in an upscale setting. The restaurant is elegantly decorated with traditional Chinese elements, creating a sophisticated and inviting …"
95,M M,5 stars,"last month was here celebrated my birthday here.
Today we purposely came back again mainly for their roasted duck, so delicious !!!"
96,Reiy Teo,3 stars,Overrated. Not as impressive. Nothing that wow me to come back here for their dim sum or food.
97,Ameya Damle,5 stars,"Visited on the occasion of my wife's Birthday and this place lived up to its hype.
Flavours were beautifully balanced in every bite. Crispy Tofu, Dim Sum and Main …"
98,Anant Tyagi,5 stars,"My second time here in 3 months.
This is an exceptional place worthy of a lot more accolades than it currently has. …"
99,Amanda Tan,1 star,Quite a disappointing dinner considering the price and the supposed standard of this restaurant. It looks like their standard really dropped from a year ago. …
100,Guna Kannan,5 stars,I hear about restaurant  from my chines friend. Its wonderful dining and hospitality. I specially love they signature dish wood roasted peaking duck  and  superior cocktails. very nice enjoyable dinner with my friends
101,Aasai Khan,4 stars,It is amazing experience with the ambience and services. Managed to try more food with friends for  visit and love all the flavours.All the dishes are so nice with reasonable prices.
102,Yong Le Tan 陈永乐,5 stars,"The restaurant has an amazing level of service, with the service staff paying close attention to your requests, be it dietary or service related. They bring true meaning to the idiom of ""making the guest feel at home"". The ""Signature …"
103,Herman Soh,5 stars,"The meal I ordered surpassed my expectations in terms of flavor, and the combination of Peking duck and caviar was more enticing than I could have ever imagined."
104,Gt Renova,5 stars,"Delightful little packages delivering sensational shocks through your tastebuds. If you can afford the higher price in this restaurant, the food here will make you think long about it even after consuming it."
105,Yvonne Chua,1 star,Previously tried  during restaurant week. Was there recently was utterly disappointed.. being a Michelin Star restaurant all of us guest of 7 including a foreign guest was totally disappointed with the food.. no wow factor for the price we …
106,jianwen lu,5 stars,2nd time there. No disappointment. Food is still as good. Service is still tip top too! Favourite restaurant!
107,James Phua,5 stars,Nice ambiencen n michelin start restaurant.
108,Grace Ho,5 stars,I started off with a negative review but am delighted that my second will be positive. This restaurant located in the Four Seasons Hotel in Singapore is truly one of the world’s great Chinese. Everything is pretty much world class. The menu …
109,Jake Omick,1 star,Antiquated dress code and food that did not meet the mark. They make you wear pants even though many people were wearing short sleeve t-shirts and tennis shoes. The food was nothing special and the rice was over cooked and dry. …
110,Regina Chua,3 stars,"Nice ambience restaurant, service staff was great. But food not as up to expectations as what i saw on the reviews. Firstly, Peking duck leftover meat after 1st serving cooked with a 2nd method has extra charge? I have never experienced …"
111,JL Wang,4 stars,"Came here for family dinner

Peking duck - good/standard but not exceptional, duck slices were tad bit too …"
112,Krystal O,5 stars,"great service from all the staff. attentive, accommodating, and friendly. food was great as well, of course dont expect zhi char portion as you’re paying for quality. the peking duck lives up to its name. shrimp xo sauce can be ordered at …"
113,Edd Schlesinger,5 stars,"Fantastic evening. Extremely well looked after, welcomed like family.
The service and help was lovely.
The Peking duck very special. All just excellent."
114,Soo Kong,4 stars,"Food is deserving of it’s Michelin star. Peking duck was excellent, sweet n sour pork was perfect, but the king prawns w glass noodles in black pepper sauce was the absolute highlight. …"
115,Stephanie Wong,3 stars,"Decor and ambiance is classy. Food was pretty average. The signature Peking duck was good but nothing special. Apparently they also don't serve it with caviar during covid period, and we were not informed when we ordered it."
116,Avi A,5 stars,"Very good food and service. Portions are on the small side so you will need to order at least 2 portions of each dish in order not to leave hungry,"
117,Chen Carina,2 stars,"Rating based on wedding lunch at the hotel. Service by the staff was not too bad, the decor and utensils will all very classy. However, food was lack lusture. Peking duck at the pre-reception; duck was bland and popiah skin seemed store …"
118,marson vill,4 stars,A must try dine in experience! Try the Signature Peking Duck with Caviar!!! Perfect delicious masterpiece!!! 2 thumbs up!!! 👍🏻👍🏻 …
119,Jeft Liang (Jeft),5 stars,"Great Cantonese cuisine, incl. the Dim sum. (Some of the best I've had outside of Hong Kong and Canton) come to try ….yummy"
120,K Chen,2 stars,"Disappointed is all I feel from the expensive meal. As a Michelin star restaurant in Four Season Hotel, I have high expectation for everything. The deco is classy, but there is huge room for improvement for their service. The staff serves …"
121,dave sugunan,5 stars,"Good food like Peking duck, prawn dumplings and sweet and sour pork. Must try for all fine dining lovers."
122,Ralph Raquid,4 stars,"Chinese restaurant located in orchard area. Good service with nice atmosphere for dine-in.
The food is delicious but the restaurant has a strict attire requirement."
123,Wui Seng Quah,3 stars,Food was impeccable and service was spot on. Loved the traditional decor as well. …
124,Philipp Gonzales-Scheller,1 star,This was about the worst “fine dining” experience I’ve ever had! I can not understand how this restaurant has gotten a Michelin star?? …
125,Thesm04,5 stars,Outstanding as always with impeccable genuine service. Wonderful time here again
126,YL W,1 star,"For a place like this, it's normal to have a dress code. Guys have to wear long pants to look well dressed. …"
127,June Tan Yi Lei,5 stars,"Was here for food testing for a wedding. Food is good, service is awesome.  The waitress who served us is very detailed to the core when she realised that my dad uses his left hand to eat she changed the position of the utensils. Its really a highly recommended place to eat good food at."
128,Sunther Agro,5 stars,"You can't expect anything less than remarkable at this restaurant.Being part of Four Seasons, service is excellent, food taste and the authencity is remarkable. The peking duck is a must try.."
129,Benjamin Liew,4 stars,"Good and convenient location, but the food can be more varied though the quality is good. Recommend to people who wish to try their food."
130,Alejandro Jimenez,1 star,"This is one of the worst restaurants I have ever been to!!!

They do NOT deserve a Michelin Star whatsoever! I am still shocked that such an …"
131,M Befree,3 stars,Had 2 heart attack kind of run-ins with their service staff from table reservation to actual meal service. They really need to train their junior staff. I had actual phone call on reservations made and then a few days later their staff …
132,Ayyapan,5 stars,"It's very good restaurant . It's having a nice environment and good ambient lighting,music. Especially the food which is served here with good taste and hospitality."
133,Harbin Singh,5 stars,"One of the best Chinese traditional cuisine with great taste and peaceful environment, Hope to dine again✌"
134,Joanne Sim,4 stars,A good location for the upcoming Mother's Day celebration.  Good variety of dishes and recommended location for family dinner too.
135,Koh jorine,4 stars,"This restaurant has good service and food is good too but its very pricey. 2 small piece of char siew, duck and roast pork cost $26, exclude gst and service charge. Nice to have one time experience"
136,J X,3 stars,"We ordered 4 rice and 2 single-portion stir fried rice for takeaway, surprised to find the bill at $50, with small portions. …"
137,Shabs yazmyn,5 stars,Service and dining experience was lovely. First time having a Chinese tea experience. Loved the dessert.
138,Jinhui Lee,4 stars,"Ordered the Peking duck, paired with caviar which was a first for me, not surprising it was very good! Paired with a bottle of red wine and meal was superb."
139,Nave Gant,1 star,"Went to the restaurant to celebrate my wedding anniversary, but it was my first and last time visiting. …"
140,Richard Plaster,4 stars,Food was great.  Service when available was fine but was often not available.
141,DaNi AR,5 stars,"Fine dining of Chinese cuisines.
Good food and excellent service.
Ambience is great too!"
142,Vivien Kwok,4 stars,"Great fine dining restaurant. Their perking duck is very good. Also, their service are very good."
143,Yen Goo,5 stars,"Had a pampered moment here at this Chinese fine dining restaurant with great ambience, offering tip top services with delicious menu!"
144,Isaac L,5 stars,"This tends to fly under the radar as one of the best dim sum restaurants in Singapore. Apart from the excellent food quality, service is prompt and attentive while remaining non-intrusive - tea and water promptly refilled; plates are changed without asking."
145,David Hansen,5 stars,"Delicious duck, very attentive staff!"
146,Chloe Toh,5 stars,Great dim sum and excellent service!
147,巴黎台南人YWY,5 stars,"Jiang Nan Chun, Spring in the mild China, is one of the best Chinese restaurants in Singapore.
It’s been my cantine for 3 years when I wanted to indulge myself with good food …"
148,Raica,4 stars,Food and service was excellent. Great selection of wine. 4 stars instead of 5 because the waiting was a tad too long. we waited almost 25mins for our first dish. But overall its highly recommended
149,Ian F.,5 stars,Excellent Peking Duck - as good as some of the top duck restaurants in Beijing.
150,abhimanu Singh,5 stars,"As one of Singapore's top food blogs, we bring and share our views about the food we tasted to our Singapore &amp; International foodies."
151,Colin Dailey,5 stars,Delicious Beijing duck in a quiet and comfortable atmosphere with excellent service.  We booked in advance and everything was perfect.
152,Ricardo Campo,5 stars,A cantonese restaurant that embody the principle of enjoyment and happiness. A michelin grade restaurant. A must try restaurant in Singapore.
153,Mitchell Atheis,5 stars,Had a delightful meal here with a group of 6. It was great to have the waiter help us with portion sizes etc to make sure we don't over/under order. You must try the peaking duck!
154,IEx Fire,4 stars,Great tasting food and Good service from the staff. Pleasant and comfortable environment.
155,Eunju Cheon,1 star,Worst experience EVER. If you were young or foreigner who is not used to order peking duck like me. Please go to paragon imperial treasure or other restaurants. Otherwise the server with glasses will look down on you and will yell at you.
156,Yanjun Xu,3 stars,The service and environment good~ but food not worth the price…only roast duck taste good.
157,Jen Loong-Goodwin,5 stars,Service was so so but food was absolutely outstanding. Michelin worthy!
158,Kokiladevi Kallyana Sundram,5 stars,Peking Duck is a must try. Awesome ambience and an even better fine dining experience.
159,Paul Kang,5 stars,Great food and ambience. Service staff was friendly and recommended the best dishes.
160,chalin,5 stars,"Great Ambience

Must try the short rib and minced wagyu fried rice. Loved the chilli garlic prawns too. The chicken poached in wine sauce was a cold starter and tasted exquisite 👌🏼 …"
161,Fei Xi,5 stars,really love the service and atmosphere here feels fancy hehe. we had a nice lunch here
162,Joyce Liu,4 stars,The food is delicious with a friendly waiter and waitress. Had an enjoyable dinner at the restaurant.
163,Kwan Ng,5 stars,"The amazing thing about Jiang-Nan Chun is its progression - we haven't been to it since Covid, which means it must have been a year or two - and the latest experience is markedly better than last one. Having a high standard is one thing but …"
164,R Y,5 stars,Great peking duck! Dining buddy said that all peking ducks taste the same but Jiang-Nan Chun's is different. I guess that's the magic of a mesquite oven!
165,Eric Ngm,5 stars,Good quality Chinese dishes with awesome service. The Signature Peking duck (served with condiments and caviar) is a must-try!!!! Loved it!
166,Shasha Sarip,4 stars,"Had an enjoyable afternoon with friends. I made the right choice. Good food, good service, good ambience."
167,Live2nJOY,4 stars,A very exquisite lunch.
168,Tharani Ravindran,5 stars,A great place to have family gatherings! The atmosphere is really nice and the food is also very delectable
169,Praveen Kumar,5 stars,Really Chinese restaurant and food and service really awesome...very tasty Chinese food 🍜🥗🍛🥘🍗🍻 every must want to try it guys really amazing food looking like very delicious 🤤 …
170,H Z,5 stars,"one of the top tier Peking Duck you could possibly have in Singapore

great service!"
171,Bhuvaneshwari Sandararajan,5 stars,Nice ambience nothing to regret as the food is great and the taste too. Yummy 😋 …
172,Queen Rachh,4 stars,Pekking duck is one of the best on the menu. Excited to dine in here.
173,Ang Sian,4 stars,"I would recommend this as they provide  vegetarian choices which .
The atmosphere is nice with traditional  Chinese  interior design."
174,Melissa Lee,5 stars,"Not only will you be mesmerized by the exceeded beauty of the dishes, one will be dazzled by the narration that reveals the other side of these legendary personalities. Why does Yang Gui Fei love soaking in fragrant baths and how can the …"
175,Asai Lord,5 stars,The food is amazing. Great place to enjoy family dinner
176,Site Services,4 stars,Experience this restuarant during our team morale. Nice food and very great staff.
177,Garasure Kumbar,5 stars,A grand dining space setting and the food is even more special
178,Taufiq Fiq,5 stars,The taste of peking duck are very premium.fully recommended 👍 …
179,Hazel Lim,5 stars,Great ambience! Love the barbecue meats and double boiled soups best!
180,Ben Li,5 stars,Such a nice fine dining place to enjoy dinner with your partner!
181,Wing Ming Teo,5 stars,Braised spiny lobster with superior stocks... Really delicious with their secret recipe!
182,Verde Lim,5 stars,Enjoyed the meal a lot! Every peace of dim-sums was so tasty and service was just perfect. Definitely will visit again.
183,Luyi,5 stars,Quiet for biz lunch catch up
184,Radhika R,4 stars,"Some really good dishes on our latest visit (eggplant and floss starter) and some so-so dishes (Soon Hock a little tough). But lovely, welcoming and attentive service."
185,chang zij,5 stars,"In my opinion, the best modern Chinese restaurant in Singapore. Not cheap but worth it!"
186,Phillip Parker,5 stars,Everything was delicious. The chicken in wine sauce was a simple but surprising dish with an unexpected depth of flavor.
187,OLIVIA GARCIA,5 stars,"This is a very nice restaurant, it isn’t cheap, but the quality is exceptionally high. A must do when in town and of course being located within the Four Season itself it’s just the cherry on the cake"
188,Nasim Hasan,5 stars,A restaurant with scrumptious dishes
189,Jane Lee,5 stars,Awesome foods and excellent service
190,Dennis Lim,5 stars,"Perfect lunch, full marks"
191,Molly L,4 stars,"Their dim sum was really nice. Just don't order fish, the portion doesn't meet the value for money."
192,Aldrich K,5 stars,"Always a great experience! The food is pricey, go prepared. Dim Sum for lunch recommended."
193,Ijan M,3 stars,"Non halal eatery, would be great if it was as good location."
194,issh ching,5 stars,Nice experience with the restaurant. Food is thumbs up so was the staff.👌👌 …
195,Jenn Swaine,5 stars,Food was absolutely so fresh and delicious my new favorite restaurant!!! Staff was warm and welcoming!! A must visit!!! ❤️❤️❤️
196,Rito T,5 stars,"Enjoy the food and the environment here, staff were great, friendly and helpful"
197,etoile ling,5 stars,It was a great place and have fantastic food. I love the service too! The duck was amazing!
198,Bignut Taipei,5 stars,Tried their new signature set menu and it was immaculate. Best Michelin Chinese resto in sg.
199,Celine Lai,5 stars,Great service staff 👍 …
200,Stteven Siow,5 stars,A fine dining  Chinese restaurant that also serves dim sum. Good service. Price on the high side.
201,Mahathir Mohammad,5 stars,"Virgin first time.
Good experience with delicious foods options."
202,Senthil Kumar,5 stars,Located in the heart of city orchard.  Nice and clean environment
203,zebedee kan,5 stars,"Food is mind-blowingly good, worth every cent."
204,NotGab,5 stars,Food is of high standard. Would definitely come back.
205,Edward K,5 stars,"Superb dim sum, in a charming setting with good service. I can’t recommend the jasmine tea smoked chicken enough."
206,Dara Koper,5 stars,"Great Cantonese cuisine, incl. the Dim sum. (Some of the best I've had outside of Hong Kong and Canton)"
207,Koh Koh,1 star,"The waitress is super rude, because we don’t want to order the expensive seafood, she treats us very rude."
208,Minglan Alle,5 stars,Great food. Great service. Definitely a lovely restaurant to go to for that special occasion.
209,Ronnie Liew,5 stars,"Good experience with the restaurant , nice ambience and nice food."
210,Evan Tang,1 star,"Overrated restaurant. Overpriced food, horrendous service, overrated ambience"
211,Jocelyn Gan,5 stars,One of the best Chinese Restaurant and love the dim sum. Excellent service from the team.
212,urie,5 stars,"food was excellent, ambience js nice"
213,Krishnamoorthy S,5 stars,"So nice place, all food very nice and delicious food"
214,Jeannie Lim,5 stars,Cozy environment and the perking duck is the best
215,Patty Cheung,5 stars,"good food, highly recommended"
216,Mohamed Shafiq Abdul Ghani,5 stars,Great place for dine in. Beautiful place.
217,Akmal Akmal,5 stars,A cosy and nice atmosphere. Atas feeling.
218,Tang Charlene,4 stars,Food is good but price is steep. Crowd made up of mainly tourists
219,Maki M. I.,5 stars,So yummy. The tea served when we finshed the lunch was also great.
220,Axel Lau,5 stars,Good food and good service. Enjoyed the black pepper beef pastry.
221,Teo Winson,5 stars,"Good food and good service. Being a high end restaurant, the prices are also high end."
222,Zerlynn Tan,5 stars,This place is not bad. Do try it out.
223,Katherine Gruenenfelder,5 stars,"Exquisitely delicious food, lovely ambience, and excellent service!"
224,Joyce Hee,5 stars,Best Pek King duck!
225,Alvin Hui,4 stars,The beef puff pastry n radish puff pastry are very nice too
226,Chatswood & Ryde Toyota,5 stars,Very good food and service. Cleo did a great job.
227,Marilyn Yong,5 stars,Great service
228,Fern Keto,5 stars,"Wonderful service with very pleasant ambience, nice food!"
229,tr g,5 stars,"Peking duck , must try menu!"
230,surya n,5 stars,Good and nice ambience and good taste
231,JY,5 stars,Best dim sum in singapore. Good Service.
232,E L,1 star,The vegetarian dishes were disappointingly bland.
233,Norizah Mohamad Kassim,5 stars,Nice food
234,Siti Arbahya,4 stars,Friendly service with nice atmosphere
235,Sam Raam,5 stars,Food and the place is amazing.
236,Tony Salam,5 stars,Whenever I go to Singapore surely will eat at this resto at least once
237,Rohit Rastogi,4 stars,Nice chinese food and good service
238,Yizhou Wu,5 stars,Oxtail was decent but the ambience and service is exemplary.
