,Name,Rating,Review
0,Si Min Hong,5 stars,"Had an intimate wedding in the family at Empress. Food was good. I love the soup in coconut. Special thanks to Maggie who was very attentive to details like giving us stools to our bags, very swift in serving and clearing our plates too. …"
1,Wendy Kartikasari,5 stars,"Was a bit nervous coming back after 2 years as I’ve read reviews on how the quality has dropped, but my worry was unnecessary. …"
2,CK Cheong,4 stars,A good restaurant at the Asian Civilization Museum. One of the key feature of the restaurant is the terrific view of Singapore River side. Had the set lunch and it was a sumptuous dim sum and Cantonese style dishes. Great layback ambience. Very good attentive service
3,Jessica Lee,5 stars,They are situated on the ground floor of the Asian Civilisation Museum and right by the Singapore River. The location and ambience are both perfect and food is really good too. They also serve vegetarian dishes here. Service could be more attentive though.
4,Putri Iin Alimsijah,3 stars,"Quite disappointed with the flavour or the food. Quality is good, like the prawns were juicy and fresh, but the flavour was meh. Salmon skin was incredibly crunchy though. Sure we were there for an event but expected a lot more flavour wise. Surprisingly enjoyed the black sesame ice cream."
5,Anna Lim,5 stars,"I was glad to pick Empress as the venue for my wedding dinner that was reasonably priced. They incorporated our feedback during the food tasting. Shoutout to Jack, our coordinator, and Maggie, the floor manager. They were crucial in making sure the events ran smoothly and the guests complimented the food."
6,Lil_C,3 stars,"Underwhelming set lunch. Portion of second course main dish was really small, the fried rice was served in a very small bowl. I'm not a big eater but I did not feel full after the three courses, not to mention my male colleagues. Not value for money. Waited quite long in between courses."
7,Ah Chao,2 stars,"Standard dropped to disappointing level. Beijing duck came with just skin, meat is used for fried rice separately but where is 一片皮一片肉, skin yes but no meat,  too oily to just consume the skin with the wrap. 辣子鸡 more like popcorn chicken, …"
8,Darren K,5 stars,Great space and great food - would definitely recommend! Especially the tofu and spicy chicken!
9,#MTマリナ,5 stars,"Took the sharing 70$ tasting menu and the food was delicious , so as the view from the inside and outdoors.
Loved the deep friend salmon skin and shrimp soup. Maybe the only disappointing dish was the Empress rice but the rest was great. Good for dates and celebrations"
10,Darren Yau (Darren & Jade Photography),5 stars,"📸 Empress, one of our favourite wedding venues to capture cherished moments! 💍✨ Not only does it boast Michelin Guide recommended cuisine (a hit with wedding guests!), but its enchanting ambiance along the scenic Singapore River is simply …"
11,Alice Chua,5 stars,"5 stars rating through and through right from the point I made the reservation. I was only able to make a reservation online but the team was very responsive.
Although this was a semi buffet meal, the dishes were all prepared to perfection …"
12,minli emily,5 stars,Super super happy with our wedding at Empress. Our operation manager Jack keep going extra mile to fulfil our requests and reply every single emails in lightning speed. The foods are good and ambient is nice. Highly recommended!
13,xy S,4 stars,"First time &amp; maybe I have had a lot of expectations after hearing raving reviews, but was slightly disappointed.  Ordered the 5 course sharing for $70++ per pax. The double boiled soup left the best impression, very flavorful yet light on …"
14,Jann Meerasaiboo,1 star,"Walked in at lunch time without reservation, place was empty except a couple of tables already halfway through their lunch. Was sat at a table and handed menu. And that’s that. Put up hands, tried to get anyone’s attention for the next 15 …"
15,Hazel Nut,4 stars,Ordered the set menu. Food was great except for the roast meat platter - somehow the roast meat taste more “fusion” than traditional. My favourite is the dessert!!!!! Highly recommend the sticky date pudding which was unique and really good! Bobochacha was also above average. :) ambience &amp; service was great! Enjoyed myself.
16,V A,5 stars,"I recently had my wedding dinner at Empress, which apparently is itself a very popular venue for weddings. …"
17,Kevin KW,4 stars,"Overall a very nice place for the dim sum brunch for $68++, there are good choices of dim sum that are repeatable and some that are one off. We managed to try most of them, and the favourites include king prawn dumplings in soup and also …"
18,K S,4 stars,"On the last day of my trip to Singapore, I went to this restaurant. I was seated by the window and had a pleasant meal while enjoying the good view. The service was also good, and all the food was delicious. In particular, the xiaolongbao …"
19,Eve Tan,5 stars,"Food was good. We like the duck salad, scallop with asparagus and Empress fried rice. The longan dates pudding tastes and looks much better than expected. Atmosphere was great too as it was beside the river."
20,Leong San Teoh,5 stars,"Pleasantly surprised by this place. Kind of like contemporary fusion Chinese cuisine with a good blend of western presentation of the dishes …. Their outdoor dining area overlooks the river and with the dinner lightings, this place is excellent for a date!"
21,Ellen Lee,3 stars,"I ordered the executive lunch set at $45. The plating of the courses is very instgramable.
Unfortunately,  the taste of the food didn't really match the look. The dum sum …"
22,Yuchen L,2 stars,"We had the free flow dim sum weekend brunch.
1. Menu is super limited and missing basic staples for dim sum like XLBs, egg tarts, bbq pork buns, etc. …"
23,Sandra Aw,3 stars,"Food fell below expectations. Tried the dim sum brunch buffet and was nothing impressive. The standard dim sum items were nothing to shout about. You can only choose a few mains from the menu even though it was a dim sum brunch buffet, but …"
24,Veg-lycious,5 stars,"Great ambience and environment. Service was superb and dining crowd was well managed. Impressive vegan and vegetarian menu that’s modern and creative.
Parking is slightly inconvenience as you’ll need to leave your car at Adelphi or …"
25,rthx,4 stars,Had the $70/pax sharing set. Food came up to be rather ordinary. The deserts we had were a miss. Nice ambience for dates though. …
26,Kelias Quek,4 stars,"A really great place for Chinese food, their weekend lunch menu is a delight. They also have quite a wide range of vegetarian/plant-based dishes which caters really well for my family. Overall I am really liking the food there and the …"
27,John Driscoll,2 stars,Our dinner for five (4 were visitors from the US) in late January 2024 was a letdown.  On the positive side the setting and ambience are breathtaking.  Located next to the Asian civilisations museum the restaurant looks out across the river …
28,мιѕѕувєlα2828,4 stars,Celebrated the dad’s birthday at Empress this year as he requested for Chinese cuisine. …
29,Jz L,3 stars,"Been a while to return to Empress, as we were seeking a veg friendly resto. As untimely and due to a system error, all orders placed were not captured. Ended up waited for 45mins to an hour for food to be served. Adding on, there was no …"
30,Derek Mathieson,5 stars,We went to Empress for New Year's Eve for their Dim Sum buffet.  We were not disappointed. We had the vegetarian option with most of the dishes being vegan. …
31,Dr S Majumdar,5 stars,"Great food options that are healthy as well as delicious. The pics don’t do justice to the taste.
The polite &amp; helpful staff provided great service. …"
32,Deon Lim,4 stars,"A Chinese addition to one of the many restaurants under the Prive group. We went for the weekend dim sum brunch, $58++ per pax which entitles you to:
1. One soup per pax …"
33,Wing Yee Ho,5 stars,It was our first time stepping into the restaurant. It was our wedding anniversary and my husband made a reservation requesting for a quiet table. Good to see that Empress has a vegetarian option for my husband while I can continue to enjoy …
34,Jack Clement,5 stars,"The food was utterly delicious. The staff were friendly, polite, and courteous. The atmosphere was great with low volume background music and the location is fabulous for a party. Recommed it."
35,Samantha Gxy,5 stars,Attended a wedding lunch here. Full vegetarian menu and the food was amazing! All 8 course meals was sooo good! The desserts are so good I want to go back again one day ~ The famous vegan bao was still as good as when I tried it few years back :)
36,Elna Tan,4 stars,Beautiful Chinese restaurant by the riverfront for wedding with modern European vibe and the outdoor tentage has aircon blowers to keep the warm nights cool - ever enchanting with the draping fairy lights. Do check with restaurant on …
37,CC Y,3 stars,"Lucky to be given a table as I was a walk in, even though webpage says this ok. Was nice to be outside but no direct river view and I found service there slow. One staff brings food out and leaves it there whilst the other staff member …"
38,Adeline Lee H L,5 stars,Such a beautiful restaurant with an overview of Boat Quay and housed with Asian Civilisations museum. We had their Dim Sum Brunch on a Sunday. The presentation of the food is definitely a 5 stars. Most of the varieties are quite the …
39,Karen K,2 stars,"Ambience of the restaurant is very nice, albeit sitting outside is really quite hot (we went at 8pm) due to the humidity. The service staff was nice and tried to angle the fan towards us. I didn’t have an issue with the service when I was …"
40,Caryn Lim,5 stars,"What a great place for vegetarian food. Went there on a Friday night for dinner and sat indoors (which was really still outdoors) and was really warm throughout the dinner. Anyway, when the food came, it was truly an experience. We got the …"
41,Jayne How,5 stars,"Everything about this place hit the nail on the head for me. They serve very solid Chinese food here, and all with a great view of the Singapore River. The staff were also really polite and nice, which made the entire experience so great."
42,Tanya Choo,2 stars,"Attended a corporate dinner on the 15th march.  Food was still as good as when I previously brought my family to dine in last year.  However, this time it was evident that the furniture was more worn out and the table I was seated at had …"
43,Brian He,4 stars,"Dim sum brunch was slightly pricey but the food quality was good. However service could be improved as the wait staffs seems to be overwhelmed by the guest orders that they forgot to key in our dim sum orders. Thankfully, they were apologetic."
44,J Chua,4 stars,Ambience is good. The window gives a  Great view which overlooks the Singapore river and Clark quay. Food wise the presentation is awesome and surprises. The taste of the food was only slightly above average. The vegetarian selection is pretty good too so my grandmother did not have any issues with choosing something.
45,Ryan Chia,5 stars,"Really nice ambience. A little dark when looking at the menu, but otherwise a lovely place for dinner. …"
46,Bree Carter,5 stars,"Just lovely. Easy booking, beautiful setting, fantastic food, reasonably priced and excellent service. Vegan eaters paradise! Would recommend. Special shout out to our host Charleen. They even gave us a little treat to take home which sadly I forgot because I was too busy taking pics of the decor. 👍🏼 …"
47,Nerissa Layag,5 stars,The cozy yet airy feel of this restaurant inspires a relaxed conversation over great food. The view of the river makes it even more special and romantic. We went there for lunch on Easter Sunday and had the Dimsum Brunch. Good selection of …
48,Andrew Tan,5 stars,"A long overdue review | This is one of the best place to bring guests from overseas to. With a skyline that we can be proud of, and a wide variety of dishes that we can showcase and introduce to my guests, this can only be Empress. …"
49,Venkat Chandramoleshwar,5 stars,The location was exquisite right by the Singapore river. We ordered the set meal which also had a great vegetarian option with Impossible meat for the gyozas. Service and staff were super nice and the interiors / ambience of the Empress are top notch.
50,lim wei ren,4 stars,Delicate Cantonese fare in a “Great Gatsby” setting. Great service and fanciful plates. The taste is above average and kudos to the chef on the creative iterations of classic dishes. Vegetarian friendly and the dim sum buffet brunch seems to be a great deal
51,Alex Sibois,5 stars,"An excellent destination for a fine meal in a casual design environment.
Service and menu were excellent. The Dim Sum is one of the best i have had in Singapore and of course I could not resist their selection of deserts which turned out to be very tasty and creative. Great place!"
52,Marc Ha,5 stars,"Not only does Empress serve really tasty high quality food, they also have an excellent plant-based dim sum menu. I enjoyed my delicious Plant-Based Power Lunch Set and my wife ordered an extra vegetarian platter on the side.  Prive Group …"
53,Tim-Caris HC,2 stars,"Beautiful venue, good service but food was below expectations.

We visited Empress with high expectations because of the glowing reviews online, …"
54,Y-Dub Dub,5 stars,"Had the dim sum brunch. Best dimsum brunch in singapore hands down.

Was so stunned by the delicious flavors and quality of food that my wife had to …"
55,Louise Lee,5 stars,"Service was excellent.

The food waa good. Ingredients fresh. The most memorable was the coconut sorbet …"
56,Evie Wong,4 stars,I love the lights and the entire jade green and wood look. The sampling menu was great and we largely ordered based on the waiter’s recommendation. …
57,Mich Teo,5 stars,Held our wedding luncheon there and Jack was fantastic in all the coordination (especially during covid times). Belated heartfelt thanks to the team ❤️ (PS. Their coconut soup is superbly unique)
58,Ruth Ong,3 stars,"Brought my mum here for Mother’s Day today and we ordered the dim sum buffet for 4.
Food was very average - only slightly memorable dishes were the sea grouper and …"
59,Melvin Tang,4 stars,"Great ambience for a nice sunday dimsum brunch. Came here to celebrate my sister’s birthday. Service was exceptionally good. Even though we were a lil late, they told us in a nice way that due to the fact that they were fully booked, we had …"
60,Keith Chung,5 stars,Singapore is a country with very various night views. Usually people think about the night view with Marina Bay sands but the view of boat quay is really beautiful as well. Empress is the best place to enjoy Boat quay's view. Of course …
61,AP.,5 stars,"Went there for lunch, op for the set lunch with a yusheng to go along. Beautiful space, view and ambiance. Price is on point, portion is good but service felt that they are a little short handed. Just need a little wait time will do, …"
62,Phoebe Wee,3 stars,"tasty vegan lunch set! dessert was a bit disappointing, the matcha taste wasn’t Super noticeable! yummy food, not amazing, neither would i order the lunch set again. Tho I would come back to try the vegetarian dimsum brunch! Very good vegan …"
63,Jo Koh,4 stars,"Update 11 feb 23
We were a party of 4, booked our table weeks ahead. The restaurant was very packed. The staff were overwhelmed but tried their best to set things right (wine …"
64,Benj P,5 stars,"I'm happy to have chosen Empress as my wedding lunch venue. Although the location was not the most convinent, their service was top notch. I have guest complimenting on the warm service and good food! …"
65,Arce Wood,1 star,"Services and food quality went downhill. Celebrated special occasion  with a unmemorable  experience with the manager:
- don’t even have the courtesy/initiative to give us a table with some privacy …"
66,Jenna D. (thejulietmike),4 stars,"Decent chinese dishes that come with interesting flavor profiles.

Quite a good selection of non-meat / Impossible variants. …"
67,A Chen,3 stars,"18/11/20
Had meat roast platter but the roast pork and char Siew wasn’t that outstanding, rather average similar to what you can get from chain restaurants. The sweet …"
68,Spencer Paw,4 stars,"One of my favourite places to go for Chinese food. It is a bit pricey, but the vast majority of dishes I've tried here are absolutely delicious, with the exception of the roasts (less Peking duck, which I have not tried), which are pretty …"
69,Julius Tan,3 stars,"Went there last years Mother's Day for the Dim Sun Brunch. beautiful place and ambience but the food was really average. The Prawn Croutons and Shrimp Rolls you can tell they weren't made in house and were of the frozen supplier variety, that shows how much they take pride in their food. Most of the food was mediocre."
70,Yu Kee Lim,3 stars,"Must say that my experience was rather mixed. We had the Extraordinary Empress package. On the positive side, the food was mostly good. The appetisers and main (scallop and beef) was good although portions were rather small. The dessert was …"
71,Chris P,5 stars,Celebrated my wife’s big 4 here and had a really lovely dim sum brunch on a cool Saturday morning! The quality was top notch while the ambience was excellent. The staff were polite and attentive to our requests. Loved the details that …
72,Jez Santiago,3 stars,"We had :
* dim sum (for starters but it cam after the mains)
* pork ribs (was a bit cold but delicious we ordered a 2nd plate) …"
73,Preetie Ghosh,4 stars,"Enjoyed my evening with my girls tribe over drinks Dimsums and main course

Ambience - Dim radiance overlooking boat quay setting at Asian Civilisation …"
74,michael laine,4 stars,"Edit Aug 2022:
The food is still at a high level but unfortunately the service is now really poor (except the wine guy who is efficient). We are far from the service quality …"
75,DING MIN,5 stars,"We held our wedding reception dinner at Empress and would like to thank the team for their remarkable support for helping us to pull off a special, successful and memorable night. Huge shoutout to Jack Sim, the group operations manager, who …"
76,Wong Kai Li,5 stars,We had our wedding banquet @ EMPRESS. The service was great and the food was impeccable. Bryan who was the account manager was super efficient and helpful. We highly recommend this place to any couples who are looking for a place to hold an intimate banquet.
77,Natasha Lim,5 stars,"Visited on Thursday evening with my girlfriends for a birthday celebration. Was served by Jonathan (we hope we got his name right, as we just overheard someone calling him. Tall Chinese guy wearing specs). His service was really immaculate …"
78,Jun Phua,3 stars,"First time here, I must say the restaurant ambiance is really good but sadly the food didn’t impress me. Appetizer and soup was quickly served but the 3rd course and main course kept us waiting for quite long."
79,LEE,5 stars,Good environment ! Just no parking in the building itself.
80,Ryan Kueh,5 stars,"Beautiful place with that has an unique take on classic Chinese favourites. Really love their char siu and beef ribs. They have an extensive wine list as well, along with great service, ambience and food."
81,Krystal O,5 stars,"decent service. peking duck itself was so so, top up $15 to use the leftover meat as second dish. we chose to cook with ee fu noodles and it was delicious. impossible gyoza dish is a must order!"
82,Kelvin Ong,5 stars,I had a team lunch today at the Empress and I ordered the Imperial set lunch which cost$58++ per pax. I was really impressed with the quality of the food I had. The food taste very good and I personally find it worth every penny. …
83,Samuel Ng,5 stars,This is probably the best Chinese food I've eaten and it lives up to it's Michelin star rating. The trio of roast pork is really delicious. The Angus tenderloin beef cooked in sauce is a East-west fusion style. The Empress fried rice is …
84,Ting Sen Ern,5 stars,"Had a wonderful evening celebrating our 2nd anniversary here. Its a place with good food, nice spatial ambience and good service. Ordered the empress signature sharing menu and was amazed with the ngo hiang, fried rice and desserts!"
85,Evanezer Cedric (Hungryhungrymonster),4 stars,"a lovely restaurant overseeing the iconic Singapore River and statue of Sir Stanford Raffles. i came here for the Dim sum brunch and i wasn't disappointed. wait staff were friendly and attentive. the dim sum was well made, fresh and meaty. …"
86,LC Tan,5 stars,I just attended a wedding dinner on 4th. The service was excellent and super thoughtful. They noticed I hadn’t touched any of their dishes and the head waiter (or manager) came up to me to enquire why I had returned all their dishes. I told …
87,Zhiying Goh,5 stars,"Great place to bring the parents, who are usually very picky with Chinese cuisine. Dimsum is delicious and the horfun has a good amount of wok hei. …"
88,YC Boey,5 stars,Lovely ambience both inside and outside. Food quality was v good and famous for its char siew. Wine selection can be a bit more variety but if u are a beer drinker then ok lah.. service is v good and in the cool evening and nite it's a very …
89,Lucas Ng,5 stars,We had a great lunch at Empress. Good food and good dining environment. The vegetarian beef gyoza was stunning. I will definitely come back again.
90,SYP Tan,5 stars,Fusion Chinese restaurant. Interior and foods  definitely deserve 5 stars. Specially thank Jonathan for his impressive and attentive service. Restaurant is very thoughtful and even complementary us an anniversary dessert.
91,Frederick Lim,5 stars,"Great choice of Chinese food dining with a great view of the Singapore River and Boat Quay from the restaurant patio, especially at night. Popular location for formal dinners and hosting parties and wedding dinners."
92,Kevin Zhang (MoeChikan),5 stars,"Came with my in-laws and my wife for CNY. Ordered 5 courses menu. We did the singaporean cny ritual with the YuSheng. A lot of seafood and meat, specially liked the huge shrimp in eggs. It was almost 100sgd per person, so it was definitely a fair price. The restaurant has view towards Boat Quay, very attractive."
93,Jasmine Lew,4 stars,Great service. Dim sum was ok. But it's terribly expensive. As a nice treat once in a while it ain't so bad. But this is definitely not an every weekend brunch sort of place.
94,Shanny Lee,4 stars,Great ambience and good service. Managed to have window seat to enjoy the scenery of the Singapore river. Like the king prawn soup served in the coconut very much.
95,Elaine Pang,3 stars,"Sure it's a nice setting and location, but that's it. Any traditional Chinese restaurant would laugh at the food quality here. …"
96,Aland M Tan,5 stars,"...attended a wedding held at Empress , pleasantly surprised, great atmosphere and ambience. Food was jus great ."
97,P H,4 stars,We had the weekend dim sum buffet. The one-order-only items have shrunk in portion size in the past year :( …
98,Chong Maggie,3 stars,We ordered the sharing platter. Food was generally nice. I like the coconut soup and wagyu beef. But I expect more with the price paid.
99,Sophie N,5 stars,"lovely space, yummy food (mushroom e-fu noodles and stir fried kailan with garlic was amazing!) kinda understaff for a busy weekday night but they do try to provide great service! special shout-out to the lady at the bar and the manager. thank you ☺️"
100,Mansi Chopra,4 stars,"Dumpling brunch is lavish and absolutely delicious. 10/10 for decor and view too. Both indoors and outdoors is equally nice.
Service could be better though."
101,Aik Lim Low,4 stars,"First the location puts you next to the Singapore River and at sunset, the view is gorgeous. Second, they do not serve your traditional Chinese food served here. Modern twist and touches are fused into the chinese food dishes. Most are excellent and surprise flavours mix. Wonderful evening dining at this restaurant."
102,Dav Li,1 star,The restaurant has nice views but the experience could be spoilt by hosting concurrent events and a rude and unprofessional service manager. …
103,OngOng Journey,4 stars,Enjoying vegan food in a non vegan restaurant. Impressed that the menu has no alliums involved. Good taste and thumbs up presentation of the food. Great service too.
104,Roger C,5 stars,"One of my favorite places in SG. Consistently deliverying fine food quality and presentation, attentive service almost at a level that of a fine dining, attractive atmosphere, reasonable price."
105,Lucky,5 stars,"Delicious food, gorgeous surroundings, a fantastic place for lunch or dinner.

I met a friend for lunch and had their set menu: it was exceptional. An array of …"
106,May Chu,4 stars,"It was full house on a weekday evening. The soup was excellent with the fragrant of the coconut flesh. In the soup, there is 花胶和螺。size is considered medium, the long awaited dessert - luo han guo bird nest with pandan creme brulee!! Not too …"
107,Anchisa Pongmanavuth,3 stars,- 3.5 stars. Modern Chinese / dim sum place. Came here for the weekend dim sum brunch. Food was consistent across the board. Everything tastes ok though not amazing and variety was a bit limited / uninspiring i.e. nothing too different / …
108,Jonathan Seow,4 stars,"Amazing ambiance, service was ok, and the food is best described as a modern take of Cantonese cuisine with infusion of some local influence. Food is fantastic but a bit pricey."
109,Luisa Lai,5 stars,"Love the outdoor seating on breezy evenings. I've tried both the xishi and zhaojun sets, and enjoyed each meal tremendously. Will definitely return."
110,JR,5 stars,Second time trying empress (their impossible menu) this time round i went for their $52/pax menu …
111,Haruki,5 stars,It all starts from good service. We also witnessed a wedding while having dim sum buffet brunch 😌 such a lovely atmosphere! …
112,Yong Jing Yi,2 stars,"After a couple of good experiences at Empress for meals, i decided to have it as my wedding venue. I booked the location 1 year in advance, with the canapé and cocktail option for a dinner reception that starts from 5pm to 12am. …"
113,Eats More Fun,4 stars,"Empress
Elegant Cantonese fare attached to the Asian Civilizations Museum. Service can be patchy. We liked the Roast Platter …"
114,George Hong,5 stars,"Great gem in the heart of Singapore. Beautifully located by the water and serves amazing chinese dishes.  The ""impossible meat"" is a must try. If you're coming for a birthday occassion be sure to let them know and you'll be in for a surprise :)"
115,Keefe Teo,5 stars,Absolutely delicious meal with a stunning ambience. Service was also wonderful. Highly recommend the Angus beef horfun it was stunning! Custard buns were perfect as well.
116,Mara Ruzena Banson-Reyes,5 stars,Good place to get Chinese food... Great set up and ambiance that gives a modern relaxed feel. Nice view so it's a good place to bring friends and have a good cocktail by the river too. Recommend the set menu - dumpling soup is so good!!
117,Kelledstyle Blog,4 stars,"Among their menus, they have a vegetarian menu a la carte featuring plant-based options. We started with a teapot soup, pan-fried gyoza, wok-charred broccoli salad, and crispy bean curd.  For the main, we opted for the fried brown rice …"
118,Kate Lee,4 stars,"Few Chinese restaurants offer such a lovely view of the Singapore River. We came here for dim sum for lunch on a weekday and we're not disappointed. Portions were small however and the dessert menu not too inspiring. Nevertheless, most dim …"
119,Hui Xin Ngiam,5 stars,"We just had our wedding here yesterday and Jack is the best coordinator we have come across. We looked at a few venues and none of them came close to Jack’s professionalism. He really made sure our walk ins, tea ceremony, music, AV all …"
120,Karen Ong,4 stars,"Went there to celebrate bff birthday, gd food &amp; nice ambience but not cooling enough. The staff are helpful too.
Would go there n try their lunch too."
121,Leslie Lim,5 stars,So glad to have chosen empress for my wedding dinner!!!
122,Brian Lim,5 stars,Really enjoyed the set lunch. Service was prompt and pleasant and the food was delectable.
123,Tey,1 star,"For those who intend to hold a wedding lunch here, please be warned that it's a risk you'll have to take, as booking is only available 2 months before your planned date, and the restaurant might release the slot to someone else without …"
124,Lionel Louis,5 stars,Excellent service and delicious food. Set lunches are reasonably priced. I'm a fan of their dim sum buffets on Sundays
125,Terence Ong,3 stars,Not terribly interesting. Galleries are too dimly lit. Nice for a quick visit for the working professionals in CBD if you would like a quiet moment away from the crowds.
126,Mohammed Aamir Mitha,5 stars,"Came here with my team of 6 pax for lunch. Delicious chinese fusion food and an excellent atmosphere. The staff are attentive and friendly and the food comes out quick and fresh. The tables, plates and cutlery are all clean and each table have a  lazy Susan on it. My favorite dish would have to be the vegetarian Dim Sim."
127,Tan Wen Xin,5 stars,Had the weekend dim sum buffet at $58++! The quality of the food was very good for the price we were paying! Extremely nice ambience!
128,tak monmon,4 stars,Everything comes with great taste. Waiters were not well trained.
129,Angel Tan,5 stars,"Came for a wedding at empress. Food, service and ambiance were great!"
130,Aloysius Chan,4 stars,"Great pork rib though by looking at it, it wasn't too appealing. But the moment you placed it in your mouth, it's full of flavour. Recommended!"
131,Christine Chan,5 stars,"A gastronomic brilliant experience. Food scrumptous, service impeccable and atmosphere soothing. Will return."
132,Matthew Wong,4 stars,"Very good service and chill/quiet environment to dine in. For us, the soup was the highlight"
133,Celine Grootes,5 stars,"Ambience, food, drinks and everything amazing! But most of all our waiter Nick was incredible! Best Service in Singapore in the 3 years I've lived here!"
134,Reed Fernandez,5 stars,best dumplings and dim sum I’ve ever had - their selection of vegetarian and vegan versions of dumplings was bigger than any place I’ve ever seen and all were spectacular! wish i didn’t eat for 3 days before coming here so I could eat every single thing on the menu…….
135,Olivia Lee,2 stars,"Came for lunch and the food was underwhelming. The soup was lacking taste, the fried rice should've been more flavorful and the fried fish was mostly just some cheap frozen fish covered in thick bland batter.
Luckily the staff and service was great!"
136,Edwin Wong,5 stars,Very tasty Singaporean food at a historical building overlooking the Singapore river. Will return again in future!
137,Sonali Mishra,5 stars,"Are you are in need of a quaint evening next to a river surrounded by trees but don’t wish to travel? This cozy, trendy and insta-worthy restaurant is the place to be. Try the dim sum platter for some very cute looking momos. The ambience is just perfect with chandeliers and candlelight. Empress will definitely leave you impressed!"
138,James G,4 stars,"Dim sum is quite uniquely served, good ambience, next to the Singapore River. The price is quite steep though."
139,sugam khosla,4 stars,The place has a very chic ambience with good food options for an evening dine in. The food is good but lacks a bit of flavour especially the Kung Pao king prawns. We tried the Impossible Gyoza which was great. Overall a nice place to dine in for couples or a family and have a drink or two.
140,ML ML,4 stars,"Want to give this 4.5 stars.

Great fusion food! Best place to bring foreigners that are not too adventurous. …"
141,Edmund Tan,5 stars,"Had my wedding lunch here. Great ambience, very attentive service staff and spectacular food. Only con is there's no parking here for guests, but the food, service and ambience overshadowed it. Cannot recommend it enough. …"
142,Sarah C,5 stars,I am a huge meat eater and I absolutely adored the vegetarian dishes here. The tasting menu is very value for money as the portions are decent. The happy hour is really good too. Pictured below is a gula Melaka (?) Creme brûlée which was also my favourite dish of the night
143,Beñat G. Aberasturi,5 stars,"One of the best restaurants I've been to. The ambience, the food, the service... Delightful"
144,Benjamin T,5 stars,I find that it is really hard to fault this place for anything in particular because the food was sublime. We had the dimsum lunch buffet for Mothers Day and every dish that arrived on our table was spot on delicious. The ambience was great …
145,Han Low,5 stars,"“The environment of the place is perfect, food was very food and staff were friendly too” …"
146,ST,5 stars,Love the food there it’s really super yummy! Ambience is good too! Food was served quickly.
147,Soumya Bohidar,5 stars,"Great location, amazing Peking duck, even gave a bday experience with polaroid pictures to take away. Thanks team, do visit."
148,Suresh Devnani (The Happy Doctor),4 stars,Empress impresses. Amazing view and great food. They serve dim sum and Chinese dishes using impossible meat.
149,Seok Ling Tan,5 stars,"The only downside is the aircon not cold enough cos the door remains open.  Otherwise,  the wedding banquet was good."
150,Weizhe Lim,5 stars,"Elegantly interior design and creative chinese cuisine. As of now the dimsum is good but not great yet - but I get the feeling these guys will keep getting better. For larger groups, you get these posh, impressive long tables"
151,G A L A C T I C N I C K,3 stars,"Before leaving the restaurant this afternoon (January 6), I made a mental note to publicly commend one of the wait staff - a young bespectacled young chap with floppy hair (I'm trying my best to describe him in lieu of a name) - for his …"
152,Bryan K,5 stars,"Held our Wedding dinner here with Jackson as our co-ordinator. Overall a very positive experience, Jackson was accommodating to our requests and gave good advices. We note that some emails that he took the time to reply was late at night or …"
153,Lester Chan,5 stars,The set lunch is good! 3-course for S$38++ or 4- course for S$58.
154,Teresa Ooi,4 stars,"Situated along Singapore river, in the beautiful colonial architecture building that housed Asian Civilisation Musuem, both restaurant deco and food is so instagramable. Nice cosy place for gathering."
155,Vasco Sousa,3 stars,"Rather pretentious for the quality of the food. We had one of their suggested set menus, and it was left lacking.
Specially in a city with great food at every corner, this is way over proceed for what they offer."
156,Patrick Yang,5 stars,Great restaurant. Overlooking the water. Well designed. We came for a wedding and the food was really tasty. Service was on point.
157,Dias Tan,5 stars,came here for lunch. The lunch set is pretty good value for a 3 course set lunch. Ambience was nice and the restaurant was packed with office crowd...
158,Loo Jolyon,1 star,Run of the mill dimsum at an exorbitant price tag. Service was slow and inattentive. Poor experience and highly disappointed.
159,Pearle Chua,4 stars,Great food and not too costly. Modern chinese style food with fine dining kind of presentation.
160,L Zho,4 stars,Was here for boyfriend's birthday. Went for the executive lunch set. The restaurant provided sticky date and longan pudding as complimentary dessert. The food is fantastic. Definitely worth repeated visit. …
161,Ser Kiat,5 stars,Lunch set is a good deal!
162,Tim Zhuang,5 stars,Every dish was competently done. Flavours very even handed. Lovely ambience looking out onto the Singapore River. Service was generally good if not a little clumsy.
163,Berlyn Seow,5 stars,"Very nice place, both in day and night! Very friendly service staff as well. Food of good quality!"
164,Pauline Li,5 stars,"The vegetarian dinner 4 course set meal was superb, and definitely exceeded my expectations. There were elements of surprises in the flavours, plating and the dishes. The service is top-notch too, very impressed by one of the male servers …"
165,Alfie Lam,5 stars,"Empress (located in ACM)
Angus Beef with black pepper sauce. The Beef so tender that large cuts do not have a tough feel, and it is almost melting in your mouth with full flavors.
Scallop with asparagus. Big juicy scallops which is very flavorfully and done quite well."
166,Nessa Swinn,5 stars,"Had dinner for the first time at Empress and will definitely be returning. They have a great range of plant-based options and an allergen-friendly menu. Ambience was gorgeous, food was delicious, and service was superb. A great place to celebrate birthdays, thanks to the Empress team for a good time."
167,Jaime H,5 stars,We are happy with the Chinese food here. Not yet Tung Lok but quite near! The place is just perfect for chilling on a Friday evening!
168,Admin,3 stars,Food is not bad. I feel their vegetables taste better than meat. Dessert worth the try. Staff are friendly &amp; courteous. …
169,Raymond Seah,3 stars,"Went there for a team lunch meeting. Food-wise no complaints.

Service-wise was a bit slow as there was a crowd. Rated 3 stars here as it seems …"
170,Ted Chen,5 stars,Very nice fusion type of creative Chinese cuisine. Nice setting and decor as well.
171,Shu Fen,5 stars,"Had lunch at the restaurant with my friend. Great vegetarian options available! Sichuan Steamed Dumplings is highly recommended. Excellent customer service, the staff were very friendly and helpful. Great service, dining environment and good food, will definitely be back!"
172,A K,5 stars,Recommend the weekend dim sum lunch! Great spread and fantastic service ✨
173,Adrian D,2 stars,"Having arrived in Singapore a couple of days prior, I came across Empress in my searches.  We requested in restaurant dining, however on arrival we were advised tables inside were booked and that they only had outside.  We didn’t mind as we …"
174,yongwah seah,5 stars,"Visited asian museum with a chinese tour guide, xue lian. She is very knowledgeable about the exhibit. I have learned a lot from her and made the visit very fruitful"
175,Doris Chua,1 star,"My sisters and I went to your restaurant to celebrate a special occasion. We are utterly disappointed with experience, food and service. …"
176,Anisha Lala,5 stars,Love love love the Sunday brunch. Highly recommend. My fav dish was the crispy eggplant with pork floss you have to try it out!!
177,blueshock,5 stars,"Amazing restaurant for vegetarian options, bit pricey but worth it as the food is good quality, filling, and tasty. Would recommend👍 …"
178,Kelvin Ngo,5 stars,Plant based executive set lunches that amazed me in their exquisite taste and chic presentation!
179,Armin Furtwaengler,5 stars,"Wonderful Venue for ""Company &amp; Private Events""! Delicious Selection of ""Yummy Food"", which was served ""Family Style"", enabling everyone from our group to try all dishes.Very attentive, friendly, and efficient staff! :-)"
180,Rita Chang,5 stars,"Beautiful,modern chic resturant offering great food n scenic location just by the river"
181,Surya Dharma,5 stars,Had a good lunch there. The impossible gyoza and bobo cha cha were the highlights
182,Valenisha -,5 stars,"The food is great and excellent service. Had the free flow dimsum buffet. Pork Porridge and custard bun were great, my in laws love the spinach prawn dumpling dish. Highly recommend, but do make reservations as you may not get seats if you walk in."
183,Daniel Li,5 stars,Amazing view of Singapore river in front of the restaurant. Nice variety of Chinese food!
184,J Lai,5 stars,First time visit to Empress yesterday for dinner.  The nighttime view of the river and pretty lights of the nearby buildings were wonderful and added much to dining outside in the cool evening air.  We especially enjoyed the Peking Duck and …
185,Cedric Lim,1 star,Made reservations more than 3 weeks in advance to have their signature set menu. There was no any mention of CNY menu restriction. The specific request for the signature set menu was also requested in reservation. …
186,Henry Chan,1 star,"Attended a wedding reception at empress on 11 March 2023.

1) Service is very poor, staff are inattentive and unprofessional. …"
187,Simon C,5 stars,Great views at night across the water to the traditional buildings dwarfed by the huge skyscrapers.
188,Rhine rr,5 stars,"Food was excellent. Great quality. Service was equally good, service crew gave us just the right amount of attention (not too much not too little). Perfect"
189,Cris Lee,2 stars,"The food was good, the ambience was nice with view to the scenic Singapore River. The service was also acceptable. …"
190,Eugene Liu,5 stars,"Had my wedding banquet here. Food is truly awesome, from every guest present, atmosphere is wonderful and a place that's really difficult to get seats because they're too popular!"
191,Zhang Charlie,3 stars,"This used to be one of my favorite restaurants. For the first time since the outbreak, I invited my clients for lunch. The environment was still ideal, but inexplicably, even if we were at a table of four or even six, the chef only allowed …"
192,JJ T,5 stars,"A place that served good food at reasonable price, a variety of vegan/vegietarian and non vegan/vegietarian dishes for u to choose from and great cosy ambience! Best of all, they do have dim sum platter with 1pc each where u can get to try different types of food."
193,Alan Lzp,5 stars,One of the better restaurants with quality food.
194,nicolas caillier,5 stars,"Great location, excellent food! The empress menu is great."
195,Lee Mengai,5 stars,Held our wedding banquet at Empress in early May. It was a really memorable experience for us. Service was amazing; Jack and his team were very proactive in predicting our needs. It allowed us to really enjoy the wedding as we knew they had …
196,Derek Li,3 stars,EDIT : service recovery at end of meal made it better. Please do better next time! …
197,Stephanie,5 stars,"Had a great dim sum brunch in here. I liked that there were also many vegetarian options. Food was very tasty, staff was super attentive and we the location is beautiful. Looking forward to come back here!"
198,Janice Park,3 stars,"Overall okay, but lots of areas for improvement.
The good: Food tasted good. Presentation was nice. Portion sizes of rice and noodle dishes were reasonable. Nice variety of cutlery for all penchants. Nice …"
199,swee,4 stars,Very good service! Complimentary sticky pudding cake for my birthday friend. Would recommend ala-carte for people as it is less expensive and more than enough quantity to keep us full. Highly recommend their sticky pudding! Delicious dim sum. Only down side- not accessible if raining- unsheltered pathway to enter the restaurant.
200,Geraldine Tan,5 stars,Had a friend's wedding dinner here and overall it was amazing! Food was on point 👌 Ambience was great as well. Had to mention the dessert- sesame ice cream with peanut mochi balls is a must try! …
201,Norman T,5 stars,"Great food and good service. Very well crafted Chinese food with a modern feel and yet true to the roots of good Chinese food. We had the lunch set and it had nicely balanced flavours. The add-on Dim sum plater was perfect too. Service was attentive, considering was almost full. Highly recommend. Exceeded my expectations."
202,Justin Xiao,5 stars,Lovely decor and modern Chinese cuisine right next to the Asian civilisation museum.
203,shar,3 stars,Heard so many great reviews of this place &amp; decided to come here for Xmas brunch. The whole experienced was mixed and I doubt I'll be coming back. …
204,Matti Leppänen,5 stars,Amazing food with lots of vegetarian and vegan options. Delightful river views to boot.
205,Chris Sung,4 stars,Good dim sum and classy ambiance. Opted to go with the set course lunch with gave us a taste of their best. Beautiful location with waterside floor to ceiling windows and within a colonial style building housing a museum. Service was mixed …
206,Stephanie Chailert,3 stars,"Visited as a table of 4 for the dim sum buffet lunch on a Sunday. Our orders were messed up, and food was not served promptly, our last order had to be followed up and checked twice and arrived too late for my friends to enjoy as their baby …"
207,kanchan ravi,5 stars,Very very nice place. They have very good guides who can take you to history lanes of 1200 years ago. Couldn't see the whole place. Would have taken 2 days.
208,danielle andrew,5 stars,"Empress not only had a lovely view of the river and night skyline but to top things of, dessert was delicious especially the sticky date dessert. Service was great and I highly commend our server Jonathan, who delivered quick service, had …"
209,Mike Pearson,4 stars,"Very pleasant brunch, with a great selection. Champagne free flow a natural choice to pair. A number of dumplings really hit the spot, but for different people for different reasons. …"
210,sarvesh bhalla,1 star,This is place is extremely overrated with food quality sub par. I highly recommend not to waste your time and money at this place. The staff was in a hurry to serve us and make us leave the restaurant as the place wasn't busy on a weekday. …
211,Lisha,1 star,"Would like to share my recent disappointing experience when trying to secure a wedding lunch at Empress. I started to liaise with the team since July.  As I am only reserving the Canton room, I was told that I will need to wait 2 months …"
212,Sebastian Lim,5 stars,"Had my wedding there in September. Vibes, food and the staff were amazing. Definitely recommended to anyone. Special events or just a normal lunch/dinner. Food is really good. Not a cheap spot, but worth the money! The roast pork here is really good."
213,Slyhx,5 stars,Had the most pleasurable experience hosting my wedding here. Many good reviews from my guest about good food and good service. Big thanks to the banquet staff and Jack for the immense support in making the event such a success!
214,Vivian Lai,1 star,"Prior to our visit to Empress, we had really high expectations of the food at the restaurant given the tons of good reviews that it had received. My fiancé and I even wanted to hold our wedding banquet here as we thought that the ambience …"
215,Esther J,5 stars,"Had my birthday dinner here and I can’t complain. Overlooking the river, Empress has a chill vibe and the deco is impeccable. They have happy hour promotion on the weekend as well - great wine and great price. Food was great too, highly recommend!"
216,Mel N,4 stars,Beautiful restaurant by the riverside with a lovely interior and decoration. The ambience and service were excellent. The food was good but not exquisite. …
217,Emanuela Koch,2 stars,"Food is nice, location is good...but the service is so terrible that it ruins the whole experience. We waited for ages for our drinks, every time we ordered water they would forget it, the poor waitress did not speak a word of English (and …"
218,Qing Xiang Ng,5 stars,My hubby and I held our wedding at Empress recently and we were glad that we have chosen them as our wedding banquet venue! …
219,Wedha Suajaya,5 stars,"We had the set dinner with one is vegan set. I forgot which one, but it was the 5 course. Both the vegan and non vegan are really good, delicious and worth the price. Don't forget the impossible dumplings, a must try! The restaurant ambience is really nice too."
220,Poppy T,3 stars,"Really hard to get a booking at this place so it’s clearly a fave! We had our booking changed and cancelled a few times due to weddings but finally got a spot. The food was really delicious, the dim sum buffet was pretty good value. But the …"
221,Alicia,1 star,Review on their wedding services. First email and appointment went very well. The young lady who attended to us was very detailed in sharing the proposal. …
222,NG MEI YEN,5 stars,I am very grateful for choosing Empress for my wedding dinner. Special thanks to Angelin and team for assisting and accomodating although I made so many last minute changes to the number of pax. We chose wedding menu set C. Everything …
223,AcidCloud,1 star,"Lousy service. Bad restaurant. Overpriced food with basically nothing to show for it. Microwaved and pre packaged food. Views were nice but shocked by the pricing, prices were nowhere close to the standard of food given. Eat alr laosai, …"
224,Thomas Cheah,4 stars,Excellent service. Great ambience. Love the dessert.
225,Pei Wen Loy,1 star,"I had originally reserved a seat for 27 November and received a text message confirmation on 25 November. On 26 November, I was called and informed that the restaurant will need to shift my reservation up by one hour because there was …"
226,Ross Lam,1 star,Cannot contact your restaurant for reservation. Hotline does not work on Sunday?
227,Athena Tan Yi Min,4 stars,"I was pleasantly surprised by the wide range of vegetarian options available. The eggplant with the mushroom floss was good, and the vegetarian Peking duck was excellent and reminded me of the ones I used to have before I became vegetarian. …"
228,Ee Ler Chew,2 stars,So disappointed in the service. Order couples of drinks at first and after 5 to 10 min a lady come in to confirm our order. I understand it was lunch time but we waited for more than 30 min for our cocktails and coffee. Things that went …
229,Sunita mohanty,2 stars,We had so much about this place that we made a lunch plan with the kids. We had a 1:30pm slot and had an outdoor seating. The waiter came in after we were sated for 20 min and my kids had to invite them to take orders. The food came 40 min …
230,Jason Yew,4 stars,"Great food, service and ambience! They have set lunches (2 kinds) and dim sum brunch on the weekends. …"
231,Stephen Wee,3 stars,Sadly the wow factor petered out at the main course and the dessert was .....
232,Ann Yang,5 stars,"Just had our wedding dinner at EMPRESS and I must say everything was wonderfully and professionally done. (If they had provided tea in the free flow of drinks would have been great). Apart from that, zero issues. Despite our last min …"
233,Yno Sanchez,5 stars,"Tri platter roast tops our expectation while the sweet sour soup was delicious, right amount of spicy and sour for Asian palate. The stir fried pork cooked right with texture soft and chewy. so we didn't choose what we ate, but dishes …"
234,Discover me,5 stars,Beautiful and cosy to have any functions.
235,Sid B,5 stars,"Love the food, impeccable service. Thanks to the older lady for recommending the food option to my friend who is vegetarian."
236,Soh Xuan Yi,5 stars,Attended a wedding here. Good service
237,Jermaine Loo,3 stars,Update: they offered good service recovery at the end of the meal so kudos to the team for that …
238,T LJ,5 stars,"Great food, great view, nice staff. I really enjoyed our time here. We were in a large group (12) so used the private room. Drinks were well done and food was very tasty. Loved the hot and sour soup. Will come back."
239,Jamie Tan Zi Xi,5 stars,Impeccable service. Exquisite food. Romantic ambience.
240,Stephanie Tan,5 stars,"It was my first time there last Wednesday and the ambience was romantic, food was delicious and the service was amazing and they were very attentive too. Thank you so much for making our dinner a memorable one. Would definitely recommend visiting!"
241,Paul Ruddick,3 stars,"Great food, setting and location but... We had the weirdest experience with the service. I think they forgot we existed after the mains came out. No offer of a second drink, asking how our food was and our dirty dishes were in front of us until we left. I had to get up and ask for the bill. Disappointing."
242,Wenjia Fang,5 stars,"Had team dinner here. One of the most high end Cantonese/Chinese restaurants in town.  All dishes including desserts are nicely cooked.  The waitress also brought a small gift for ladies at the table at the end, and I asked why ladies only? …"
243,Rohit Gulati,5 stars,"Amazing experience overall. Came back twice in two weeks because of impeccable service, mouth watering dimsums and solid cocktails and wine list. Special shout out to Jonathan for serving us with extreme humility and passion for the cuisine."
244,Rachel Koh,4 stars,"We enjoyed the $55 set menu dinner -- lots of variety for a very reasonable price. Beautiful ambience and great service, while food was pretty enjoyable albeit not mindblowing. HIGHLY recommend the chilli crab mantous, so unique, light, …"
245,C Crumbs,4 stars,Nice venue and hostess who very warmly welcomed us to the restaurant. Food was mostly good except for the ha gao! Maybe it’s because we ordered a la carte and the items were prepared in such that the prawns were much more skimpy for the majority of people going for the buffet.
246,Lu Gao,5 stars,"The last time I came to this premise, it was still Indochine. We recently had a family dinner here to celebrate our boy's 1st birthday. The grandparents, with vastly different tastes, loved everything there. The Angus beef cube was so good …"
247,Leonard Chen,5 stars,"Came by late on a Friday night for drinks. Was pleasantly surprised that they offered table snacks, and we ordered a couple of desserts that were mindblowingly good (sticky date &amp; longan pudding, mango pudding with black glutinous rice). …"
248,Shruti,5 stars,"Excellent food, vast menu with so many great options (many vegetarian options too!), great ambiance, and fabulous service. Slightly difficult to access by car as no parking nearby but definitely does not put me off wanting to return! Can't wait to eat here again."
249,Isaac Josiah,5 stars,"Visited here for Lunar New Year reunion dinner.

Food was fantastic, staff was super friendly and prompt with their service. …"
250,Fernando Mortara,5 stars,"Excellence as usual
Empress is located by the river, in a pleasant area of the city. Offers a innovative Chinese menu with many vegetarian options, some using the Impossible meat. …"
251,Kenneth Tham,5 stars,"Interesting take on modern Chinese cuisine. I am usually inclined towards more traditional renditions, but this place strikes a fine balance between preserving the roots and ideals of Chinese cooking, while adding contemporary refinements …"
252,Jaideep Jhangiani,2 stars,"Good food, great environment but the entire dinner experience was ruined by the horrible service. Waiting for rice for 30 mins, waitress not knowing what grey goose vodka is. For a restaurant of this caliber I definitely expected more."
253,C N,1 star,"My partner and I hosted a wedding dinner at Empress recently due to good reviews of the ambiance and food. While I do not disagree with the fact that the location, environment and food are above expectations, we were however met with quite …"
254,ehs s.,5 stars,wonderful dim sum buffet brunch!
255,Haris F,5 stars,"A bit pricy, but I have no complains for the meal and the place. Salad, main and desert were very good. service was great without standing over your head all the time. The location was also fine and I had no issue finding a table on a …"
256,Jie Bo Ti,5 stars,Food is awesome but of course you definitely have to pay for the quality. The view is pretty amazing. And it's actually a fairly good resting stop after visiting the Civic District. …
257,Brenda Aguilar,5 stars,"Check out the chicken bake rice. It's their most popular dish and I could see why. The moment i saw chicken bake, I instantly thought of Costco's chicken bake. It's so good with rice. They have large servings so I was able to get a take-out …"
258,koen ng,5 stars,Just held my wedding here at EMPRESS on 1st dec 2020. Took a long time to finally narrow my search for good asian food with a good embience. Empress is the perfection combiation with a gorgeous river view with gastby theme and chinese food! …
259,S M (Suzan Miqdadi),5 stars,"This place is amazing, great value for money as we went for the set sharing menu. Food was just full of taste, serving for all tastes as we had people with dietary restrictions and that wasn’t a problem at all. Portions were very satisfying. Tip: prawn dumplings soup is amazing"
260,Irene Lim,5 stars,We had a dinner there. Appreciate the staff who managed to give us the private room for 14 of us. The food was really good! and service was good too! But would be a bit too expensive for a mid range salary person :)
261,Chew Chew,2 stars,"Excellent service, food substandard. Came with family, none of us was impressed with the Peking duck. The triple roast platter is a failure we couldnt even finish half. Dimsum are just passable. Mapo tofu saves the day. This place is …"
262,Cheng-Choon Si,4 stars,Great place for a nice lunch
263,Te Shan Liang,3 stars,Lovely location. Popular dim sum Sunday brunch. Food lacks the sparkle of top end dim sum restaurants. Quite a basic wine list. Service was pleasant but a little slow.
264,Wong Cheney,5 stars,"Wonderful memory with my GF for celebrating our Anniversary here, the staff here was friendly and excellent service, they also give surprised us a dessert!! Highly recommended this wonderful place"
265,Janene Loke,5 stars,The coconut soup was so tasty I could have a gallon!  The ambience here is great as well.
266,Avril Tan,5 stars,We were a group of 20 of us and we enjoyed ourselves at Empress. We pre-ordered the set menu and they even catered to our dietary restrictions. Service was excellent and the view and ambience was great! I recommend this place for office functions where you have visitors!
267,Sasha Breen,5 stars,"This won't be at typical review.

I came here for a friend's wedding reception. The food is wonderful, drinks …"
268,Giovanna Muffato Miani,1 star,"I’ve been here three times, the first time i got a really slow service, they forgot my char siew and when I reminded them they bought it to me but it was cold.
I went the second time, just for drinks, and I got a syrup instead of a drink. …"
269,Almerick So,5 stars,"Innovative menu and plating. Great tasting Chinese food with a modern twist. Service, decor and ambiance is great. Highly recommended. Outdoors seating offer great views of the Singapore river and the business district."
270,Vinchel Budihardjo,4 stars,"Came here for lunch-set in a group of 4 and I thought it was pretty decent. Stylised Chinese fine dining in a lovely setting, Empress deserves a praise. It's such a beautiful restaurant. Good wine list."
271,Grace Ho,5 stars,"The restaurant is located in one of the cutest part of Singapore, offers an elegant setting and the service is good. If you choose to sit outside you can enjoy a beautiful view of the boat quay and the riverside.. Quality of food is great …"
272,Sudipto Guha,4 stars,"Located inside the Asian civilization museum, this modern chinese restaurant has both indoor and outdoor seating. There was a wedding going on when we went so we were seated outdoors with views of the Singapore river and boat quay. They …"
273,Amy Lu,5 stars,Great food and outdoor seating.
274,Tissany Tan,5 stars,"Ala Carte portions were good for 3 people and was really impressed with the quality of the food and atmosphere :-) Service was also amazing. Favourite dishes include the triple meat platter, pandan creme brûlée and burbur chacha dessert. Value for money and would definitely come back :)"
275,Won Soon Lau,4 stars,Came here for lunch with family. The food is quite traditional Chinese and some twist towards fusion but not much. Peking duck we had was decent but not great. Also the waitress had a hard time slicing the skin of the duck that I almost …
276,Esther Tay,5 stars,"I had my wedding lunch here in Sep 2021. Best hospitality provided by Jack and his team, and best wedding food I've had (not biased! a lot of my friends told me likewise). Thanks EMPRESS!"
277,Brian Cassanova,5 stars,"Been here twice for dim sums in the weekends, and both times I have been impressed by everything!  The good is good, the service is attentive, the venue and location are great, and all of this for half of the price of brunch at any PS Cafes! :-)"
278,Penny Chia,5 stars,"My first time there today and it was to attend a friend's wedding.
Very cosy atmosphere, food was delicious and service was attentive and prompt.
I will definitely visit for lunch/ dinner in the near future."
279,Crabby Dancer,5 stars,Enjoy fine dining in peace and tranquility. Calms the mind and recharges the soul. Food is decent and the place offers a good selection for vegans. An absolute haven to spend time away from work.
280,Slim Lim,2 stars,"Definitely not Empress-worthy food here. Sad ala-carte dim sum selection and taste is not imperial. The 2-star rating is for the ala-carte menu which was average but not great. Overall high price point. If you want serious Chinese food, …"
281,Han Sheng Ong,4 stars,"Had the CNY set lunch with colleagues. Food and Yusheng are great, staff service and ambience are good. Would have given 5 stars if the restaurant is nearer to MRT station or bus stop, or with sheltered walkway."
282,meera partha,5 stars,We had the vegetarian set meal menu and it was amazing. The taste and also the portion sizes. What I liked is that the staff guided you well on whether or not something will be filling or not
283,Ioannis Vlavianos,4 stars,"Really good food, in a really nice place by the river. A bit on the pricey side but worth it, would definitely come again!"
284,Wendy S,4 stars,"Great ambience located along the Singapore River. Modern interior with Chinese cuisine. Had the $108/pax CNY set menu. The food was great except for the red grouper and e-fu noodles. The fish wasn’t the freshness and the e-fu noodles could use a little more flavour. Overall, still great!"
285,Joel,4 stars,River side experience. Beside Asian Civilisation Museum.
286,Silviu Marchis,5 stars,"Nice place that is not as expensive as you'd expect. Try the chilli crab fried buns, and the spring rolls. They have happy hour until 8pm  with options of wine or beer. The staff here is nice and if you're celebrating someone's birthday, they take a polaroid picture for you"
287,Aidil Isahak,5 stars,"Food is great. Ambience is just spectacular and with the outdoor sittings overlooking the Singapore River, you can get amazing pictures when the sun sets. It's so near to Singapore night life too. So you can get dinner and go grab a drink or two at either Boat Quay or Clarke Quay."
288,Kelvin Tan,5 stars,"20 April
Had a wonderful time with my girlfriend birthday dinner at Empress. Excellent service, especially the lady who serve us, take photo and printed photo for us. Food was delicious
Thank you 👍🏻 …"
289,Lee Fang,5 stars,"Attended a friend’s wedding and was served by Saarah, who was very attentive and provided great service :) My partner and I also enjoyed the vegetarian meal a lot."
290,Chen Boon Goh,4 stars,"An enjoyable dining experience at Empress. Good creative dishes but comes with a price.  However, it's a good and worthwhile visit. Try the egg plant with  pork floss - a creative dish."
291,L W,4 stars,"Nice contemporary Chinese cuisine. Most of modern Chinese restaurants give up flavour in the pursuit of delicacy. However chef here really gets the essence of the most important thing of any cuisine, authenticity. Food here are authentic …"
292,shin yee ng,5 stars,"such a nice and modern place for chinese cuisine.  all the dish are nice, price are reasonble, served by Jia Wen(hope didnt get the name wrong), he provide top notch service, and with smily face all along even with face mask, thumb up for him!  Already made reservation to go again in Feb:)"
293,CY Yoon,4 stars,What a good menus. But I was  little be salty.
294,Kai Vallendar,5 stars,"Hands down the best lunch all you can eat I ever came across. Huge selection for vegans, super delicious. The staff is awesome too!"
295,Flora M,4 stars,Really pretty place with amazing vegetarian options
296,Jolene,3 stars,"Interesting Chinese fusion, gorgeous decor and view but food was generally just okay, nothing much to commend. It was still a lovely meal, ambience was nice and service was good."
297,Michelle Thia,5 stars,We used to be regulars at here but were absent the past few years. Glad the restaurant is still immaculate and service was efficient. Dim sum selection is inventive and beautifully plated.
298,Steve Avery,5 stars,Excellent dining by the river in a lovely setting. Great service and beautiful food. Happy Hour prices on drinks till 8pm. Highly recommended.
299,ZHE HAN,5 stars,"Near the river, next to museum. Service is good."
300,Harsh Sethia,5 stars,"Amazing experience as always. Great plant based options - dim sums, main course, and desserts. Excellent service and ambience."
301,Stephen Baker,5 stars,"Fantastic food! Excellent service and a view that wont disappoint. You'll feel like you're in the heart of the action whilst enjoying the finest, refined dining experience."
302,Malvis Lee,1 star,Disappointing food quality. We ordered 6 dishes and everything was served within 20 minutes.  Tasted like microwaved food.
303,bx Tang,4 stars,"a great place to sip cocktails and gaze at the skyline across the river. happy hour prices are reasonable (most days till 830 I think?) - $10 for a shot or a gin and tonic, among other drinks!"
304,Chan Jing Hui Benedict,5 stars,"Went there for a wedding. Food and service are superb.

Ask for a lime and coke mixed drink. The bartender seems to know the right ratio."
305,Kevin Wang,4 stars,Cool place for an afterwork drinks with reasonable prices for CBD happy hour. The main pro is the view and setting (by the river but without the noise and hectic environment of places in Boat Quay)
306,Ng Hong Hua,5 stars,"Had a wedding dinner on Sat, its a good atmosphere for dinning .They served great ,nice, and delicious food."
307,Chris Prekop,5 stars,"Had a really lovely evening, enjoying the great food, perfect atmosphere and riverside setting. Our waiter Jonathan was fantastic - friendly and attentive."
308,Vishal Thapliyal,5 stars,"a jewel next to the river.
I was very happy with the friendly service and the range of vegetarian choices.
Food quality was great and prices were a bit expensive but not too bad"
309,Kate Wang,5 stars,Absolutely adore this place. Amazing vegan dishes and fantastic service. The vibe and the view are great too. What else can one ask for?
310,Danny Wong,4 stars,Very sumptuous Chinese food is being served here. Great place for a wedding or an event.
311,Pauline,5 stars,I had dinner here before attending a performance at the Arts House and the service was quick and the food was tasty. I recommend the wagyu beef noodles and dim sum platter.
312,Marcus Ong,1 star,Called in for a wedding enquiry and they did asked me to write in instead. Wrote in twice and still did not get any reply. Very bad service.
313,Deleon Chan,4 stars,"Great Alfresco dining. The food was a unique twist on Singaporean food culture, and was not bad. Plating was also very impressive."
314,Mariana Lim,5 stars,"Very nice fusion chinese food. I like the crunchy siobak, roasted pork, fish soup, dimsum... Thought this was italian resto from the decor, but apparently it is not. Nice clean place and good neighbourhood."
315,Zach Aw,5 stars,Held a family dinner here.. great food and ambience
316,Hiruni Akmeemana,5 stars,"There were a lot of vegetarian options here which is a rare find. The food was reasonably priced and delicious as well, and the ambience was lovely and relaxing."
317,Yu Xi Lim,5 stars,Food was great! Good customer service as well with complimentary birthday dessert. Remember to reserve as place is quite filled up
318,Yj Goh,5 stars,Went for weekend dim sum brunch buffet. Quality over variety. Selection was relatively limited but quality was great.
319,Lionel Lim,5 stars,Chilli crab bun was great. Drinks were fine. Nice to hang with your love ones or a nice romantic date.
320,Lara Lee,5 stars,"Great atmosphere and great service 😊 was there for my cousin's wedding, and the staff really took great efforts to explaining each dish to us. Really appreciated it 👍 …"
321,Greg Carter,1 star,"Booked this place, got a confirmation and then got a call asking me to change. I offered to cancel and they agreed to original booking and also called to confirm. Then called again and tied to change the timing. Had to cancel. Terrible organisation."
322,Jane Ho,5 stars,"Good food, really love the set up. There is outdoor dining facing the river."
323,Jeffrey Kok,5 stars,"Great ambiance, awesome food
Must have
1) Duck Salad …"
324,Kate olly,5 stars,"Lovely river side restaurant - great service and delicious food. Took our baby daughter, was very easy - provide high chairs.."
325,Paul Leung,5 stars,Great ambience for bar and restaurant serving Cantonese cuisine.  Took my family here for our wedding anniversary and the restaurant treated with free dessert and pastry.
326,F Tan,4 stars,service is a bit slow but the food is lovely and ambience is great.
327,Takeo IIDA,5 stars,They have vegetarian menu. The entrance faces on the river side.
328,WaiLee Yang,5 stars,Food is superb! Service staff considerate and helpful. Will definitely come again. 6-stars.
329,Fangwei Cai,5 stars,"the impossible gyoza and the sticky date longan pudding were really outstanding, and the ambience was lovely"
330,Weixiong Chng,4 stars,Attended a wedding lunch. 5 course meal is delish for asian european fusion. Give it a try and come dine here.
331,Swen George,4 stars,"Empress is quite close to CBD but generally overlooked by the office crowd. If you are looking for a nice meal or sit down drinks after work, it's well worth a visit."
332,Charles Hu,5 stars,Had a really good dinner here!
333,Conrad Conrad,5 stars,Good ambient and nice food. Got a Chinese New Year greeting card from the staff with our pic taken. Stunning.
334,Shar Vinee,5 stars,"Very nice place with good food.. Want to say thanks to all staff for the preparation and success surprises for my hubby.. Highly recommend!!
Cheers!!"
335,Andrew Kwa,5 stars,Loved the decor and vibe. Food was good even though we arrived late and was cold.
336,J Rowland,2 stars,"Okay but should be so much better.  Location fantastic but outside tables like a cheap cafe , paper napkins, slow service,  average beer on tap,  food is hit and miss -  not what you'd expect for the price. Half empty on a Friday night says it all."
337,Issa Poco,5 stars,Excellent food and service :)
338,Chuan Kiat Bok,5 stars,Arranged a birthday lunch at Empress and I’m impressed by the efforts of the team in making a personalised card (with photo) + cake with a lit candle.
339,T A,5 stars,"Absolutely loved it here! Great restaurant (I had three vegetarian dishes, all tasted amazing)"
340,Neil Heaton,4 stars,"A good place to go after work, very good food and a good choice of drinks. Not cheap but still good value for money. Seems to run a lot if private events so not alway open to public."
341,Ab C,5 stars,Beautiful restaurant serving chinese fusion food. Food quality and service is excellent. Dessert is AMAZINGLY GOOD!
342,Jeffrey Goh,5 stars,Gorgeous place. The attention to detail is everywhere - from the decor to the napkins to the food. Modern Chinese cuisine at its best.
343,Julian Wong,5 stars,Great place for a lazy afternoon with friends over some nice fusion food in a pleasant setting with great services. Price is reasonable for the experience.
344,S H Lee,3 stars,"Food is quite good, but service could be better. Difficult to catch attention of staff at times. Good view of skyline and river."
345,Will,5 stars,Really nice food.  Fantastic views of Boat Quay and the downtown core.  Reservations recommended.
346,Wilkson Lam,4 stars,Interesting contemporary Cantonese dishes. Nice ambience and staff. But a little overpriced IMO
347,Alessandra Palma-Tilley,3 stars,Food can be hit and miss. Book a table for dinner and get a table with a view.
348,Mia,3 stars,"Loved the ambience with its gorgeous light and contemporary design, but most of the food turned out under-seasoned."
349,Sutapa Basu,4 stars,"Overpriced, view is nice though"
350,Anna Passarini,5 stars,"Great location, great design, extremely nice staff, and the food was amazing with a wide variety of vegetarian and vegan options."
351,J Jacob Wikner (jjwikner),4 stars,well situated by the river and skyline view.
352,Kevin Lee,5 stars,"Chic decor, nice ambience, and classic Chinese food done well. Go for the egg white and crabmeat with vermicelli - it's really moreish"
353,Trisha Cabaye,5 stars,Beautiful restaurant serving Chinese food. Food quality and service is excellent. The view is nice too.
354,Kokodal Hunter,3 stars,Went for Lou hei on 7th day. Place was packed and service was slow n not attentive. Food was good and different from normal cny food.
355,peter macgregoir,5 stars,Food is great. Ambience is just spectacular and with the outdoor sittings overlooking the Singapore River.
356,Carlson Chong,5 stars,Business district with cultural places of interest and monuments
357,BornFree,4 stars,Nice interior. Light meal. Good service.
358,Prasanna Vee,4 stars,Excellent place to chill and watch the sunset by the riverfront!!
359,Michelle Tan,3 stars,Price was reasonable for a 3 course meal. Food and dessert were pretty average.
360,Shawn Tan,3 stars,Fine dining but food so so. Nothing spectacular. Expensive for it's quality
361,Mark M,3 stars,A good place for a romantic night if your date doesn’t mind having some ordinary food.
362,Philip Woods,5 stars,"Really tasty Chinese food, beautifully served, with views of Boat Quay."
363,Daniel Ho,5 stars,Wonderful food and ambience
364,patricia lim,1 star,Restaurant is irresponsible. Service is bad and has a bochup attitude. Irresponsible attitude.
365,Dennis Koh,3 stars,The ambience is great. The food taste is inconsistent when I had my lunch there on a weekday.
366,Ferdinand Permana,5 stars,Great place for Impossible and Omni Pork Chinese Cuisine! Heaven for Vegetarian craving for Chinese food.
367,Kaezad Nallaseth,5 stars,"We love the food, view and atmosphere so much...we are having our wedding there."
368,Jocelyn Naik,5 stars,A little on the pricey side but really good food and nice views in the evening of the Singapore river.
369,Aishwarya Shivdasani,4 stars,Great food excellent service fine ambience. They don't rush you to seat a second seating
370,Leander Yohanes,5 stars,Empress brings together a Chinese dining experience with friendly Western dishes with a stunning view of Singapore River.
371,Alvin Cai,5 stars,Fine and modern Chinese dining at a decent price. Lovely setting and good service too!
372,Cindy Low,5 stars,Staff were helpful and the place was beautiful. Had a great afternoon solemnisation here.
373,Marie,5 stars,Love their plant-based menu and great service. Gotta mention the view too 🥰 …
374,Lau (Lawraleen),4 stars,Excellent dim sum brunch. However the staff is a bit rude.
375,Jo Molenaar,5 stars,"Amazing food, lovely view and outstanding service by Nick. Definitely come back to this place !!"
376,Glen Francis,5 stars,Excellent place besides the water
377,Shaun Aukland,3 stars,"The food was okay for the price. I actually didn't love it, but it was a fine dinner."
378,Tan Long Hwee,4 stars,Attended a wedding dinner. Nice food and chillax ambience. Limited tables though.
379,Simon Lam,5 stars,"Great food, great atmosphere.. right in the heart of Singapore's Civic District"
380,Fernando Lopez del Prado,5 stars,Best soups ever. Great place to eat and drink. Beautiful setting.
381,J Y,3 stars,Went during CNY and got the course menu. Food was okay but service was quite slow.
382,Monish Chainani,3 stars,Very pricey. Some dishes are well worth it. Some are a total fail.
383,Yon Ng,5 stars,Excellent quality of food. Been here for a banquet and the quality of food surpasses many hotels.
384,Kevin L,4 stars,"A couple of mix ups with the menu, but quickly resolved. Generally very good, will return"
385,Sam Toomer,5 stars,"Excellent attentive service, delicious food, absolutely amazing lunch and great value"
386,Jean Sew,5 stars,Went there for dinner tonight and they left you with 6 thumbs up for their food and services. We will be there again
387,Tom Tan,4 stars,Restaurant by the river view in the civilization museum.
388,Martin Pasquier,5 stars,"I married there! Amazing food, super service, great view!"
389,Wei Xiang Tay,4 stars,Modern Take of Chinese Fine Dining Cuisine
390,Chetan Mehra Photography,5 stars,"excellent service, brilliant food. superb ambience.

A must go"
391,Ryan H.,5 stars,"Very good food, very good ambience, very good service. Pricey, but worth the expenditure."
392,Stephanie Jade,5 stars,Good food. Great ambience. Loads of vegetarian options.
393,T Singh,4 stars,"The coconut soup, chilli crab mantou and poached pear dessert. Yum"
394,BC,5 stars,Was here for an evening event! Beautiful feel and decor. Interested to visit the place next time
395,Leonard Ong,5 stars,nice wedding venue!
396,Lynn Tang,4 stars,A fancy zicar restaurant good for bringing foreigner friends. Beautiful ambience and tasty food.
397,Stanley Lee,1 star,Was not clearly explained with paid per paxs yet portions came was in share manner. Perhaps 1st time here and my last time. Pretty disappointed. 👎🏽 …
398,amy chua,5 stars,Good food &amp; Attentive service
399,Ananda Low,4 stars,Food was great really nice atmosphere infront of the singapore river
400,Edwin Kiew,4 stars,Awesome all greens meal set! Price point not cheap imo.
401,Iwonku Q,3 stars,"The service and location are great, but the food is nothing special..."
402,Pallavi Misra,5 stars,Great selection of impossible and vegetarian options. Good food.
403,Bishan Chew,4 stars,Overall the food is good and the service is good
404,anne sophie champion,5 stars,Food was delicious. Setting along the river is gorgeous.
405,Alexander Shepherd,4 stars,"Nice food, great location, average service"
406,Ken,3 stars,"Food is decent, modern Chinese food. Ambience is better than the food."
407,MY Lim,5 stars,"Service, ambience, food are all good. Love it here!"
408,Benny Ong,5 stars,Nice food
409,I,5 stars,"Had mother's day lunch w sis and mummy
Cosy place and nice food"
410,Yash Sharma,4 stars,Good place for after work cocktails and food. Great setting
411,rene,5 stars,Nice cozy place for dinner. Food taste good. Good service
412,Serene S,5 stars,Good Dim Sum lunch at a beautiful restaurant overlooking the Singapore River!
413,Lim Choon Eng,4 stars,Food still ok. Abit small but nice ambient.
414,Iniquuis Orbis,5 stars,Great value for money Sunday brunch
415,Victor Michael,5 stars,Great place for wedding reception yet great taste of foods.
416,Jing Yi Ng,5 stars,The Impossible gyoza and red date sticky pudding is amazing!
417,Mike O'Dell,5 stars,Friends introduced us to the best veggie menu so far.
418,win nie,5 stars,"Wonderful meal and service, Nice Ambience, thanks to the team."
419,Bernie Ong,5 stars,Wedding lunch.. a cozy restaurant.. nice food..
420,Rajesh Bhat,4 stars,Place is historic &amp; cosy good to get your family/ friends for good food
421,Bjorn,2 stars,"Good food, very poor service. Staff is not trained."
422,Shavinn Yeo,5 stars,Great food and HY provided amazing service too. Thanks!
423,ivan chan,5 stars,"very skilful chef, very friendly service, very seriously fresh ingredients"
424,Gijs Nebbeling,5 stars,Excellent Chinese kitchen!
425,Charlotte Tan,5 stars,Food was great. Service was excellent.
426,Justin Sng,4 stars,"Good food, nice ambience, on the expensive side."
427,Dr Gerald Ariff,4 stars,"Nice ambience, fancy fusion foods, so so taste"
428,Olya Golomidova,5 stars,Good place to go with vegan and no-vegan friends together.
429,Jakob Naeher,2 stars,The food is soso and they are not able to handle allergies
430,elliot chin,5 stars,"great atmosphere, good food, canto saltiness"
431,Wayne Law,5 stars,High end Cantonese dining.
432,G C,5 stars,"Creative idea food, nice environment!"
433,timothy goh,5 stars,"Delicious food, must try desserts"
434,333 pianotara,5 stars,Nice restaurant with beautiful night view
435,Jørgen Schibsted,1 star,"Terrible service, mediocre food, great ambience."
436,pang gavin,4 stars,，nice ambience and good service. Deserves a thumbs up !
437,Gonzalo Fuentes,1 star,A place that makes you wait 10 minutes on the phone just for a reservation shows no respect for customers.
438,Aimee Ferguson,5 stars,Service is phenomenal! Beautiful venue.
439,Kris Trimoeljo,5 stars,Delicious Chinese Food at one of the best location in the city
440,Rahul Mehta,4 stars,Dimsum brunch on weekend was great!
441,Freddie Kh,3 stars,"Lovely ambience, food was ok."
442,Lee Huang Chia,5 stars,Good food and beautiful environment.
443,Orange Persimmons,3 stars,Varying service. Not sure if we appreciate the manager’s attitude.
444,Ivory,5 stars,"Nice ambience, perfect for wedding!"
445,Hermann Gruber,5 stars,Great experience - Price for quality is good
446,Jeff YaoSheng Huang,5 stars,"Great ambience, great view, great food!"
447,lc pek,5 stars,"Nice ambient, nice food, good service."
448,Andrew He Renxiang,5 stars,Good food
449,Dexter Aw,5 stars,Food are good and nice ambiance
450,Epi Ogden,5 stars,Nice service and food choices. A must try
451,Mark Lugli,5 stars,Amazing Asian/Spanish fusion food!
452,Brianna Goh,5 stars,Lovely place with great food.
453,Clement Ng,3 stars,Normal food. Not very tasty
454,Amanda Kwek,5 stars,"Great food, great service!"
455,Teddy Lee,3 stars,Not alot of choice of food and entertainment
456,shaotj G,4 stars,"Great food, great location."
457,Ramon Chow,5 stars,Great food in a great environment.
458,Victor Teo,3 stars,Pleasently surprised of its food quality.
459,Kei Kihara,4 stars,Well presented delicious food!
460,rene van Erk,5 stars,Delicious Chinese food with a fusion twist
461,Keith Lam,4 stars,Pretty decent dim sum.
462,Wong Chon Kit,5 stars,Chinese cuisine with river view
463,Koh Swee Suan,5 stars,Romantic ambient by Singapore River
464,PYT YT,3 stars,"Restaurant by the river, service is average!"
465,Shaun Teo,4 stars,Pleasant ambience and attentive staff
466,SH Lye,4 stars,Nice foods and good service!
467,Yong S Y,4 stars,Good view
468,Cindy Wiryadi,5 stars,"Good food, good service"
469,Kenneth Chan 9100 6270,4 stars,Nice food and atmosphere.
470,Andrew Tang,4 stars,Nice restaurant and good service
471,Kenry69,4 stars,Food nice but too Ex
472,Glenn Chia,5 stars,Excellent food and service
473,Ivy Tan,5 stars,Good food &amp; nice place
474,Sleepybear,1 star,Not children friendly
475,arthur lim,4 stars,Good 🚶 …
476,Cecilia Yung,4 stars,Nice ambience and food
477,Steven Ong,4 stars,Was a surprise birthday gift
478,Dr Kumar Parth,5 stars,It was awesome.
479,miky chen,5 stars,"good food ,good service"
480,Yuen Ho Chow,5 stars,Superb ambience and food
481,Raymond Wxm,4 stars,Quite nice food.
482,Margaret L,5 stars,Great food &amp; service
483,alan chia,5 stars,Good food and Services.
484,Dean Aw,4 stars,Good food
485,Joshua Hoong,5 stars,"Great food, Great service"
486,Mingchen Lee,5 stars,Awesome restaurant.
487,Alicia Ong,1 star,Pricey
