,Name,Rating,Review
0,Esther Tan,5 stars,I was there with my family last evening to celebrate my daughter's birthday. We were pleasantly surprised to be ushered to a private room which has a warm and homely vibe. …
1,Sadie-jane Nunis-Huff,5 stars,"Special thanks to JANSON YONG for making our church wedding luncheon extra special.
Great recommendations, excellent service, and fabulous food. …"
2,George Chan,4 stars,"I recently had the pleasure of dining at Il Cielo at Voci, and I must say, it was a delightful experience. This Italian restaurant truly captures the essence of simple yet authentic Italian cuisine. …"
3,Marc Ha,5 stars,"We dined here on Christmas night, and had the ala carte buffet menu. While the decor of this restaurant was spartan, the impeccable service by Janson Yong and his crew, combined with the great tasting items, made this a 5-star experience. …"
4,dolce bibobi,4 stars,"Food is alright, flavours are all good but nothing too spectacular.

The seafood in the calamari platter was fresh, no weird tastes. Pizza is on the …"
5,Loraxmissy “Gnilt”,5 stars,Love the burrata pizza and all the other meals. Service is also very good. This restaurant need to rsvp . Its children friendly. We ordered iberico spareribs as secondi and salmon as our mains
6,Michelle Park,5 stars,I’ve visited with my mom during singapore trip. They served great dishes. I especially recommend Truffle Burrata Cheese Pizza. The staff who is Korean guy is very kind and professional. We had a good moment because of him. I want to thank you to he and rest of all staffs.
7,Nicholas Tang,5 stars,"Wonderful wonderful food and service. Went the first time 2 weeks back, lady waitress overheard my wife telling me very softly that that it was a little cold and waitress took her own initiative to increase the temperature of the air con at …"
8,Roger Lee,5 stars,"On 25 Dec 2023, we went to ILCielo for their Festive À La Carte Buffet Lunch. There were 22 items of food and 4 items of desserts to choose from. As we were a party of 8, we tried most of the items. Many of the food items were delicious. We …"
9,teoster,5 stars,"Came here to celebrate my parents anniversary and the food was really pleasant. We shared the Fritto Miso which was light and tasty, and I had the trota salmonata, which was also very delicious. Their tiramisu portions are so generous and …"
10,Shubing Lim,3 stars,"Tiramisu
- portion was larger than expected
- super sweet from the cookie bits (it felt like I was biting sugar) …"
11,Chloe Goh,3 stars,"food was not too bad, but despite the posh setting and atmosphere, the staff were not well trained. i don’t think you are supposed to clear the dish when we have not been seated for more than 45 mins and this is inclusive of food waiting …"
12,Jo Koh,5 stars,Excellent attentive and accommodating service from the heart from every staff and as well as the manager Janson. Thank you for the warm hosting by the team! …
13,Lee Haemin,5 stars,I had a really lovely lunch with my family. It was a special occasion to celebrate and the food and service was excellent (the pool view is great as well). The staff Owen made our day and we genuinely enjoyed our time there. Thanks team!!
14,Low Serene,5 stars,"Wonderful birthday lunch I had at ilcielo. Great team , thanks to Jenson, Jeremy and lluvia."
15,Richard Gavriel,5 stars,"Fantastic and awesome dining experience. Special thanks to the staff Owen for his excellent service. Food and ambience are great too
Highly recommended!"
16,3•NM,5 stars,"Lovely place for Italian food - the restaurant is a good balance between casual chill night and a classy date night place. We ordered burrata pizza, fritto misto, Manzo pasta, and tiramisu and were all superb. Of course, the experience …"
17,Alice Chua,5 stars,"Brought my husband here to celebrate Father's Day and was very happy with the quality of food and service. Comparing this to places like Monti, the food at il Cielo is very unpretentious and brought us back many fond memories of Italy. The …"
18,Dave Greene,5 stars,Food was delicious.  Nice view of the pool but we were there in January and there was no seating outside.  Still very nice.
19,D3AR C,3 stars,"Visited the restaurant for the first time after it was rebranded as Voco. Excited to try since we had read really good reviews, but we were a little disappointed. Maybe our expectations were too high? The food was decent but we found some …"
20,Sara,5 stars,"Friendly staff. Exquisite food.

Nice ambiance. Perfect lighting. …"
21,Nathanael Choo,5 stars,"My family went out to celebrate a family members birthday.
Service was very good. Server was very nice as well. Food was very good, with excellent plating and very good balance and flavour in the dishes. Would recommend to go"
22,Helen Ng,5 stars,Love this place and not to mention the excellent service! Worth every penny and highly recommended if you are craving for an authentic Italian cuisine!
23,Ivan Loh,4 stars,First time at il Cielo with the family for the set lunch before some last minute Christmas shopping along Orchard Road. We really enjoyed the warm and attentive service from start to finish. The food was simple Italian dishes done right. …
24,Toh Bee Leng,4 stars,"1-Michelin Star restaurant.
Superb service and hospitality.
Simple, quiet and classy ambience. …"
25,Men in Black 2,2 stars,Considering this is a Michelin star restaurant the food was disappointing to say the least. …
26,Ivan Ngo,5 stars,place was cosy and private. food was great and service was attentive. highly recommended.
27,Crystel Sim,5 stars,There was a slight hiccup in our booking but excellent service recovery on their part. Food was great and service fantastic. Restaurant overlooks a pool so nice overall ambience. Special thanks to Janson for going out of his way for our reservation.
28,Michael Motet Hansen,4 stars,"Nice experience.
The servings are gourmet bites with good taste a cooked well.
Soup was the only dish that lagged some taste. …"
29,Yan C.,4 stars,Remarkable hospitality from the service crews. The team went beyond and provided us with free photo for valentine's day. …
30,Simon Yap,5 stars,"30/4, invited my dearest friends and total 13 diners.  We were in private room. Food quality definitely 5  stars sandard and service by Karen anD Cai Xin were impeccable with attention to details. Wine selection reasonably price. …"
31,Qin N,5 stars,"Had dinner for 6 in mid June. Food was great and service was impeccable. Overall dining experience was less rooftop and more al fresco since the view is mainly of the pool. Would recommend the burrata and truffle pizza, iberian roast pork …"
32,Shobana Shan,5 stars,"Brought my mum here for Christmas dinner. The food was fabulous - we ordered the Burrata e Tartufo (mushroom, black truffle, mozarella pizza) and Trota Salmonata (ocean trout fillet). The customer service was top notch. Good italian food."
33,Queen T,4 stars,"We opted for the Calabrese Pizza and Fritto Misto. While the food was rather average, the service was outstanding. We felt exceptionally well-cared-for, with the staff even surprising us with complimentary champagne and a birthday cake for …"
34,Samantha,5 stars,"Really nice vibes, great attentive service by Jeremy and yummy food.

The mushrooms in my polenta was very well seasoned. Loved their burrata pizza.

Will be back!"
35,rodney yeo,5 stars,Had a great time with the wifey @ il cielo. The sommelier Janson was a great host and the food was divine! Walked away not only with becoming more in the know of wines thanks to janson but with an extremely full tummy! Kudos!!
36,Damien Sidhanand,5 stars,"Every aspect of every dish was immaculately curated.

Service was friendly, professional and discreet. …"
37,Audree Leong,4 stars,"Celebrated daughter’s birthday and the service was good.  Special mention to Owen who was attentive. What’s more the restaurant surprised us with complimentary wine on top of the birthday cake which was panna cotta. It’s an excellent choice if you want to have a special dinner, with good food and service."
38,Rohan Ishwarlal,5 stars,"Brought my wife here for her birthday. Had a lovely dinner. We enjoyed the burrata, amatrice pizza and the Al granchio pasta. Everything was perfect and absolutely loved the crabmeat pasta. They even surprised my wife with a cake and bunny soft toy to celebrate! Top notch Italian restaurant to check out if you haven't been."
39,мιѕѕувєlα2828,5 stars,Our first fine dining dinner date after the dine out measures (for fully vaccinated peeps) kicks in. …
40,Desmond Wong,5 stars,We went there for the 4 hands kitchen dining experience. It was a Japanese Italian fusion  7 course dinner with wine paring. It was fantastic and the pairing was done to perfection. We love the location and the service as well. Would …
41,Chan Vevean,4 stars,"We didn’t try a lot of their signatures this time - T-bone steak, burrata &amp; pizza were delicious!! Tiramisu was yumz! Will try the other dishes next time!"
42,Simon Lew,5 stars,"Our 2021 Christmas Eve dinner is at @ilcielo at Hilton Singapore. Part of the reason was that our staycation was at Hilton Singapore + it is a cosy small poolside openair restaurant. The place is fantastic for this festive dining, diners …"
43,FH,5 stars,"Delicious food. Went for the 4 course weekday set lunch. Recommended dishes: Foie Gras, Sea urchin pasta, Grilled Angus Beef and Panna cotta. Service was excellent too. Expected damage: $45 - 80 per pax."
44,Stephanie Pow,5 stars,"The food is superb and the plating is an Art piece!  I always enjoy the meal here with excellent &amp; attentive service!
Set lunch is popular and must book in advance."
45,Irene,5 stars,Loved the food and presentation! Service was superb. They only have few tables so the ambience is quite cozy. Most dinner customers are couple. View with quiet Hilton pool. The chef greeted all the guests after dinner.
46,Kim Han Neo,5 stars,Great dining experience. Staffs are friendly and helpful and recommended great wine. Had a lovely evening. Thank you 😊 …
47,V,5 stars,Excellent service! The entire crew was well trained and friendly. Specially thanks to Suresh by providing great hospitality throughout the night. …
48,Brandon Teo,5 stars,"Outstanding rooftop dining venue offering delightful Italian cuisine. A diverse range of wines is available, and you can rely on Janson, the restaurant manager and sommelier, to suggest the perfect wine to complement your mood."
49,Lelaina Lim,5 stars,The set lunch is so worth it! The fish is well set our nicely and the pea sauce is sooooo delicious and tasty. I love the burrata  cheese with parma ham to start off and ends with the panna cota...definitely totally worth my trip to il cielo and credit to the chef! Nice food and great scenery at level 24! Shall be back soon!
50,Jonathan Chua,4 stars,"The food was alright. Trying a bit too hard to make it upscale when it's not that upscale. I like the main course which was the beef. The soup and starter tasted normal, something you would expect from one of those upstart chefs. …"
51,Nick J,1 star,"Turned up at 8.15pm on a saturday for a walk-in and was told it was fully reserved despite multiple tables being empty. Checked on google and found tables available at 8.30pm for an online reservation, which also allowed my booking to go thru. I hate being lied to when there are clearly tables available. Clearly a snobbish restaurant."
52,Jade Ng,2 stars,"Although it is a Michelin star restaurant, it does not really live up to its name in terms of ambience and food. Although it is a “rooftop” restaurant, all you get to see is the swimming pool. There is no view of the city. My companion and …"
53,Eason Tan,4 stars,Very lovely ambience and  hospitable team. Very value for money for the 3 course executive set lunch at Orchard area. The only downside was the braised angus beef that I felt was a slight miss on the savory note. Go for the sea bream …
54,Zane,5 stars,You can only pay by AMEX card for now as they claimed that the more common Visa and Mastercard machine was down for maintenance until further notice. …
55,YC L,5 stars,"Was surprised at the value of money for set lunch. 48 dollar for a beautiful 4-course meal, from which you can get wagyu salad as appetizer, sea urchin pasta and medium done lamb as main and cheese platter as dessert to wrap up. Food was …"
56,Paepae S,5 stars,"Nestled in Hilton Hotel on the rooftop level is il Cielo. The indoor seating is cozy and small, it's almost like a small square room with high ceilings. But what makes up for its minimal decor is its value for money set lunch, the quality …"
57,Lily T,5 stars,Good food and nice environment with great service. Had lambshank and cauliflower gratin and pannecota for dessert. My bday friend got an extra pannecota bday with candle! Can come again.
58,L. Kayla,5 stars,"Amazing food, superb quality and service! Definitely a hidden gem.

The restaurant isn’t very big, so be sure to make advanced reservations. We …"
59,K H Kong,5 stars,my first time here and the food we ordered goes so well with the Efeso (white). Jensen the affable mgr and his team offer service fit for a 5-star property.
60,Joyce Lim,4 stars,"Early this month, we took an opportunity to check out Il Cielo during lunch time, and went for the 4 course lunch set, a steal at $48++. …"
61,Abigail Chang Ting Yi,5 stars,absolutely enjoyed it. didn't take enough photos. the burrata was first grade. had the burrata pizza that everyone couldn't wait to dig in. also the squid ink pasta was totally rave worthy. desserts were abit meh though. maybe not a fan of …
62,Ruth Ong,4 stars,Ordered both the French and Italian sets. Dishes were generally well-executed (not a fan of the mains - fish was lacking in taste and pork was just okay). …
63,Lemaros Leow,3 stars,"Food rather on the salty side but service was impressive. Didn't know the swimming pool is beside. For oyster promotion, pls call them before making reservations. They always said SOLD OUT"
64,Pierre Chassaing,5 stars,"Excellent Italian food by the pool on the rooftop. Well done Napolitan style pizza, albeit a bit on the pricier side ($32++) and very spicy but tasty arrabiata pasta."
65,NIK KIM,5 stars,I had nice lunch at this place with my wife 2 weeks ago. The food is quality 👍🏼and all of staff is smiling and gentle.and there’s nice city view. I will try dinner with my wife soon! …
66,Jian Zheng,5 stars,"The food is great, reasonably price, and the service is excellent. Love our server Cai. She is very attentive, nice and always have a smile on her face."
67,S,1 star,Overall way below par - Firstly coming out of the elevator one thinks one has taken the wrong floor as it seems under renovation. …
68,Alyssa C,4 stars,"The restaurant is at the rooftop, facing the swimming pool with a view of shopping buildings. Atmosphere is great with nice music. We had tasting menu both Italy and Japan. Both Italy and Japan's pasta were amazing, A4 wagyu was fantastic."
69,maggie ling,5 stars,"Perfect place for birthday celebration. Great food, friendly staffs, nice atmosphere. Thank you chef Beh for the  fantastic and delicious dishes."
70,H K,4 stars,"6 course dinner that came with a room that was unspeakably inexpensive. The flavor of the food was somewhat confusing, buried in a alot of sauces that were used in different dishes repeatedly. The service, however, was stellar which made the evening memorable."
71,Ricky Tay,4 stars,A hidden gem in orchard area. Food was decent but the desserts were the highlight for the evening. Great atmosphere at the rooftop and kudos to sommelier Janson for making it a wonderful dining experience.
72,Daniel Koh,4 stars,"Dropped by for lunch on a weekend while on staycation. Opted for the 3-course set meal and ordered:
1) Cream of mushroom soup …"
73,Simeon Ang,2 stars,"Had the wagyu beef tartar, crab pasta and mojito lunch set. Overall, felt like I had overpaid for the meal and will unlikely ever come back. Beef tartar looked like an explosion happened (see pics), while the wagyu didn't really stand out …"
74,Benjamin Lee,5 stars,Provides lovely service and food for the fine palettes. Dishes tells you the amount of love and passion that he has for food. Never a dull dining experience. Seasonal menus available to tantalise your tastebuds everytime.
75,Marilyn “Feline337” C,5 stars,Had set lunch here for our company's year end event. Food was great and service was attentive too.
76,Michael Sidaway,5 stars,"One of Orchard's best kept secrets. Fantastic, creative fine dining at very reasonable prices. Il Cielo serves Italian cuisine with a Japanese twist that works out very well. I particularly enjoyed the uni pasta. At $35 for a three-course lunch, it has to be one of the best deals in the Orchard area."
77,CW,5 stars,Came here for 3 course set lunch on weekday. Good presentation and delicious food from appetizer to dessert. Will definitely come back again in future
78,Kane Macapagal,5 stars,"Great dining experience. Staff, esp Owen, was very nice and accommodating. They also have happy hour, will definitely go back."
79,K K,5 stars,Lovely staff and really good food. Duck parpadelle and short rib was delicious.
80,Josephine Kwan,5 stars,"Very good &amp; authentic Italian food, excellent service &amp; cosy environment. Reasonable price as well. It’s our 4th time dining here. Highly recommended."
81,Richard Wong,5 stars,Great food being Italian with Japanese influence. Chef Yohhei Sasaki takes great care with the dishes. Lunch is great value. …
82,Jérôme Godard,4 stars,"Japanese set was good, though sea urchin pasta was below expectations. The highlight of the dinner was the scallop, which was really amazing."
83,Alex Falten,4 stars,Very nice for a quick relaxed lunch. Food is very nice and the quiet ambiance allows for good conversation.
84,Jit Hin,4 stars,Value for money set lunches on weekdays. Attentive service and not too many people during lunchtime. Restaurant provided a special something for our special occasion as well!
85,Sharon Sayson-Teo,5 stars,Had a lovely Christmas Eve dinner here. The food was excellent and the wait staff were professional and attentive. Awesome!
86,Han Low,5 stars,"“Chef did a brilliant job with the omakase menu, unfortunately they are restructuring and changing the back kitchen so just enjoy my photos 😬” …"
87,Evan Cheong,4 stars,"My first time in this restaurant for a friend’s birthday lunch. The food was good but the dinning experience was excellent thanks to Janson, who is the restaurant manager and wine sommelier. Janson was very friendly, funny and personable. Fantastic service, thank you Janson."
88,JZ L,5 stars,"The service was impeccable, the team managed to strike a perfect balance of checking in on us just enough to not feel like intruding on our personal conversations. …"
89,Jason Tan,5 stars,Pizza was great as were the pasta. Sommelier was super friendly and recommended good wines that do not break the bank.
90,Jack Tan,5 stars,"I have booked this restaurant to celebrate my wife's birthday, and it proved to be an excellent choice.
I have booked a table for 2 via their online booking system, and shortly after …"
91,willywangka,5 stars,"Cai was so amazing!
The food was great, but the food is even better!"
92,Crystal Han,5 stars,"Very professional service, nice restaurant by the pool, food is delicious, like their bread with olive oil."
93,Thomas Ting,5 stars,"The ambience is quiet and chic. Food - excellent. I don't usually go out of my way to eat pasta, but the spaghetti in the Japanese tasting menu was out of this world! Love it. …"
94,Bambang Indrawan (Keith),4 stars,The restaurant ambience situated hald indoor and half outdoor with swimming pool which create special romantic indulgement. Food is good with excellent setting.
95,Mark Yeo,5 stars,"Had dinner with set menu which comprised 2 appetisers, 1 pasta (fetucini with mini beef cubes), a mains (fish) and dessert. It was a good meal over good wine and great company of friends. We had a small private room for our group. Staff was quite attentive."
96,Mark W,5 stars,"Had a really great meal here. It's hidden away on the top floor of the voco Orchard Hotel but well worth a visit. The food was great, the staff were super friendly and helpful, and the view and general ambience in the restaurant was …"
97,Charmaine A.Zahra,5 stars,"We were there to celebrate our friends baby shower. I would like to compliment the Manager Gee, she was kind enough to give us the best place where we could have our celebration privately without disturbing other guests. Assistant Manager …"
98,Jiyeon Kang (Vivian),5 stars,"This is a really friendly and delicious restaurant. The atmosphere is nice and kid friendly. I especially remember the Korean male staff, and I was really grateful that the Korean staff responded kindly even though I had many requests because I had children."
99,Mike Lee,5 stars,"Good food, service and atmosphere at reasonable price.  I have the set lunch on an ordinary day."
100,Clara Tan,5 stars,Both the restaurant manager and assistant manager were most accommodating throughout our planning for a group birthday meal - thank you Janson &amp; Caiying for making sure we had all we needed &amp; that we were all well taken care of!! The 5 course set menu was generously portioned and the food was delicious. Great service too!
101,Tuck Choon Lui,5 stars,"We had an extremely pleasant &amp; memorable dinner at IL CIELO this evening.  The food was tasty, come in generous portions &amp; did not disappoint.  The staff were professional, able to offer good &amp; sound suggestions &amp; very friendly &amp; helpful.  Thank you for a memorable time."
102,Rachel Ong,5 stars,"This is one of the most underrated restaurants in Singapore. The pasta and pizzas are amazing, my favourite is the burrata e tartufo pizza. They serve really good complimentary focaccia and olive oil. And definitely get the pistachio cheesecake which, once tasted, will live rent free in your mind forever"
103,TKL 5,5 stars,"Nice food and service. The staff prepared a slice of birthday cake to surprise us even! (Cai Ying, Janson, Jeremy &amp; Owen)"
104,Kw L,5 stars,"Food and service was 5/5.

Will be back for sure! …"
105,Winky Cheah,5 stars,Food is delicious and the Restourant Manager Janson Yong was friendly and provide a good service. We definitely will come back again !
106,David Sanán,5 stars,"From the moment we stepped in, Jansen was very hospitable and attentive. The food was truly amazing. One of the best Italian options in Singapore. We will come back for sure!"
107,Shaun Koh,5 stars,Wonderful experience at il Cielo. Was there to celebrate our anniversary and everything from the ambience to the service and the food were excellent! We even had a bottle of wine as a surprise and it was such a thoughtful gesture. Credit to Jason and the crew for the great experience. Thanks!
108,Dennis Wagenaar,2 stars,"Not a fine dinning experience. The food wasn't special, the restaurant is open air next to a swimming pool with loud children and the wall we were sitting next to was looking dirty (see photo). Not recommended."
109,Andrew Ng,4 stars,"I had a great lunch at iL Cielo with colleagues! Great ambiance just on the fringe of busy Orchard road. My second visit. Service was good, effective both times. Service from Janson, the restaurant manager however was two steps up! …"
110,V S,5 stars,"Celebrated valentines here. We had Manzo &amp; Tartufo and Al Granchio with Moscato. I love the Al Granchio and would highly recommend people to try it. The customer service here is great, especially the waiter Jason. He takes excellent …"
111,jsa,5 stars,Booked il Cielo after seeing good reviews about it. Indeed lived up to its reputation for good Italian food that’s priced reasonably. Service was nice and special shout out to Janson for the amazing service and attention to details. …
112,Ryan Chew,4 stars,"Came for the Sakoshi Oysters promotion and was not disappointed at all. Meaty and succulent oysters paired with pinot grigio is a perfect way to while away a lazy afternoon. Service was on point. Only gripe was that they lay out the balsamic olive oil dip on unoccupied tables, from a hygiene point of view......"
113,Tim Lee,1 star,Too heavily flavoured and the mix wasn’t great. Do not recommend food here. Ambience is good.
114,Vincent Tan,5 stars,One of the best dining experience in Singapore. I would rather patronize il Cielo than many of those Michelin star places. …
115,cheryl kho,5 stars,"My company recently had a 3-day meeting at voco. We had a cocktail reception and a lunch arranged by Il Cielo. The food was no doubt delicious, and the ambience was great too -- on the top floor at the poolside. We received excellent …"
116,Joelyn Khoo,5 stars,"Had a lovely dinner at il Cielo for a friend’s hens night in March. Relaxing and cosy ambience. The service crew was professional and friendly. Enjoyed the few vegetarian options too. Thank you Caiying, Jas and Janson!"
117,Tricia Leo,5 stars,"I was here about 10 years ago and had the most amazing seared salmon. Since then I've wanted to come back. I did so this year on my birthday oh, and the food was exceptional. So much innovation in the flavors, texture, and presentation of …"
118,A C,5 stars,"Excellent service by all staff. Especially Ms. Kim who served our table. From taking orders to serving us drinks and filling up water, the service was impeccable. I ordered the pumpkin ravioli which was the only vegetarian option available …"
119,Doreen,5 stars,"Nice ambient with pool view. Had the set lunch of fish, burrata salad and gelato which was quite nice. I need to pay extra for these  choices. The normal risotto with blue cheese was a no no as the person did not like the smell and taste. …"
120,Philip Ong,5 stars,Celebrated my wife’s birthday here yesterday.  Service was attentive and unobtrusive.  The dinner could not be faulted.  They even treated my wife to a birthday dessert. Liked the fact that the restaurant was open to the outdoors.  Definitely recommended!
121,Huzefa Cutlerywala (Hozi),4 stars,"Excellent set 4-course meal. Salad, burata, a lovely salmon, a super pesto... nicely done."
122,David Yap,5 stars,"I visited the restaurant with my wife on her birthday. We were delighted by the taste, the ambient and the service. We like the Japanese touch of Italian food , especially the seafood. The staff team ( Boh Li, Cai Ying, Didacus and Joel) …"
123,L Davis (SG),5 stars,Not crowded at 1pm weekdays. Perfect for business meetings over lunch. Set lunches are worth the money!
124,Priya S,5 stars,"First time dining at il Cielo for a business lunch. Picked the restaurant for its good reviews, ambience and the variety of dishes to cater to different dietary requirements including vegetarian/vegan.  Janson was very helpful and provided …"
125,Amanda Bok,5 stars,"had my birthday dinner here with my bf and we had such a pleasant experience. janson yong, the restaurant manager, was very attentive, cheerful and helpful in every way. will definitely dine here again! food is good too and value for money, we were so full and satisfied!"
126,Jean-Claude Lee,4 stars,"Food is great, chef is making a true effort to mix Italian and Japanese influences together in quite a smart way. Lobster pasta are delicious and reasonably priced as the rest of the a la carte menu seems appealing too also in a reasonable …"
127,hayley lee,5 stars,"We had a very great night there. Their service is beyond great, never mentioned to them about the celebration but one of the waiter noticed us and she approached me to asked if she can made any arrangement for that. Recommended for their …"
128,Martin Junction,5 stars,Highly recommended Italian Fine Dining at Its Peak with Unique Japanese Flair
129,Manli Y,4 stars,Overall good service and nice ambience! Manager Antoine gave very good recommendation on food and wine!
130,Shuanne Boey,5 stars,Amazing service! Brought my mother here for her birthday dinner and Janson was super friendly and attentive. He made my mom's birthday celebration an unforgettable one. Will definitely patronise again!
131,Jason Bolton,5 stars,Robyn &amp; I loved our Valentines Day  dinner ❤️
132,Kat Lam,5 stars,"Good service, chef Yohhei Sasaki cooked with heart and soul:)"
133,Grace Ho,5 stars,We dined at this restaurant for the second time. Again they blew me away with an excellent dinner menu. Gluten free pasta was so well cooked. The chef came around to chat and explained his dish. My birthday treat was a passionfruit sorbet …
134,Alicia Chan,5 stars,"Nice quiet place, food is delicious. Service was great too, very prompt and responsive."
135,Julian Tan,4 stars,"Great ambience, fantastic service.

Foie gras and Unagi on the Winter Menu tastes good, but other dishes tastes fairly normal which is slightly disappointing."
136,Ai Ling .Seah,5 stars,"Celebrated Mother’s Day herez Appreciate Cai Ying, manager and all waitstaffs for the excellent service. The food is highly recommended which we enjoyed very much."
137,Paul Pistore,5 stars,"We had a lovely Birthday Dinner here.
The tasting menu is wonderful! Don't let the ""tasting"" part of the title fool you. We left stuffed! …"
138,Eric Tay,5 stars,Celebrated my own Anniversary here previously and it was great so I brought my Parent’s here for their Anniversary too. Their service &amp; food was absolutely fantastic and I would like to specially thank Jas for making my our celebration at il cielo a memorable one🙏🏻 Appreciate it …
139,Chleo Lee,3 stars,"We’ve been doing birthday celebrations every year with il cielo. But this round, the service was  disappointing. Food was decent. …"
140,Tricia Lee,5 stars,Lovely little restaurant by the pool with good food and friendly service. Every dish we tried was thoughtfully put together and well executed
141,Alexander Maechler,3 stars,"Food was good as usual but pool waiter should not be welcoming guests unless he is sent to some guest welcoming training. Restaurant was understaffed in the service team, piece of advice to make more money create returning guests that are …"
142,Hui Yi Yap,5 stars,The ambience was great with nice service. Food was excellent from starter to desserts. We ordered foie gras which we don’t usually eat and was enjoying every bit of it. We also had the burrata dish which was nicely paired with super crispy …
143,KF Tung,5 stars,"Great place. Loved the sea bass appetizer, the pasta and the beef. The place is small and quiet, suitable for special occasions. The friendly chef greeted everyone towards the end of the meal and takes pride in his dishes. Would highly recommend."
144,Jeffrey Goh,5 stars,"Top notch fine dining with a pool view. All the food was delicious, and the service great, but the light reflected from the pool means you'll need sunnies in the first two rows of tables. Would be better for dinner, I think"
145,Joshua Lim,5 stars,"food was good, service was excellent. One of the staff Jas, was very calm n patient and joyful at d same time. Help us takes wonderful pictures"
146,Tini Boe,3 stars,Friendly staff!!! For me the food is too sweet
147,Wendy S,5 stars,"Enjoyed my dinner experience with il Cielo. A quiet and cozy restaurant, it’s definitely nice to spend my Friday evening. Food was great, tried the degustation menu (Japan inspired) with wine pairing. Staff were welcoming and friendly. Definitely heading back to try the Italian degustation menu!"
148,Saranya A,5 stars,Definitely worth coming here during set lunches!
149,Benjamin Lau,3 stars,"Small little dining area on the roof terrace just beside the hotel pool, so you can expect a lot of noise if you're dining in the day.
Had the carpaccio for starters and black Angus steak whilst my acquaintance had …"
150,ks Ng,5 stars,"5 star service and gourmet. While we didn't take pictures of the lovely food served, every plate is an art. We have the Italian and Japanese set with one pairing of wines. Highly recommend for those who enjoy culinary journey! …"
151,Tricia L,5 stars,"Our first visit here, and kudos to the service staff who was very attentive and prompt! Food was great, love the pizza though I wished they had used prosciutto ham. One can also taste the freshness of ingredients in the salads. Overall it was a great experience and we think the evening ambience will be even better"
152,Leen,5 stars,One of my favourite Italian Restaurants in Singapore. The manager Janson and the rest of the staff are very professional and accommodating. Always looking forward to dine here
153,Den Cade,5 stars,Food is nice. Portions are generous so ask your server for recommendation. Staff is friendly and service is prompt.
154,Julia Lim,5 stars,Marvelous service and delicious food. My favourite is the Mozeralla cheese with Parma ham and greens starter. The chef Mr Sasaki personal came to say hi. Wonderful dining experience.
155,Karen Wong,5 stars,"Great food and service. Organised a company function at il Cielo - staff was obliging, efficient, and very hospitable. Food was good too, especially the tiramisu."
156,Jean,5 stars,Good service. Creative dishes &amp; plating.
157,Kelvin Tan,5 stars,Excellent service! Food is well plated.
158,Tasha,5 stars,Awesome service on top of great food.
159,Jamie Tan,5 stars,"Excellent service from the youthful staff.  Very relaxing and cozy ambience at this small restaurant, facing the pool.  Great value for lunch set.  Recommend."
160,Delcie Lam (Sensitive Chef),5 stars,"This place is a gem. Been here twice with my husband and never disappointed. As we normally dine with our 6 month old baby, Lawrence was always accomodating and attentive to our needs. The food without question was fabulous. I will be back again."
161,non sequitur,1 star,"Service is still absolutely disgusting. The pasta is just as bad - clumpy pasta. For a 40$ main of a wagyu pasta with truffles, it is awful, coupled with the HORRIBLE COLD and inept service staff."
162,Leon Thor,4 stars,"One of the best place to dine, with a nice view and outdoor ambience. Food is Incredible. However service is poor and it always feels like the staff are rushing, they seem to be running everywhere. Food also get worse as it gets busier. Really understaffed."
163,Alexander Ziegler,5 stars,"Great place with nice view. Not a lot of higher houses around, so nice view. Staff is really helpful and friendly. We only had a Glas of vine and desert, both was really good. Price seems to be high even for great views and quality and service, but they know that people pay..."
164,Caroline Wee,5 stars,"Small &amp; cosy restaurant on top floor of the Hilton, with a view of the pool. Fusion Italian fine dining, but not too pretentious -- overall all the dishes were delicious and well-presented."
165,Dylan Xie,5 stars,Possibly one of the hidden gems along orchard where a small 30 seater restaurant is tucked in front of a pool. Don't be fooled by the side of this place as the food packs such a punch and creativity all around. A great place to have Italian without bursting a hole in the wallet. Great food!
166,Lydia K,5 stars,Huge thank you to Jansen and team for their hospitality and professionalism! My fiance and I had a lovely celebration.
167,Rebecca Hong,5 stars,"Great service, good food with fresh and quality ingredients and nice ambiance. Great place for a relaxing evening and gathering."
168,Isabel Ng,5 stars,Owen the waiter is very friendly and attentive. The overall food and service here is awesome.
169,Melissa Lee,5 stars,"We started with the Kinmedai Carpaccio ($36) served with seaweed tuile, Madeira wine dressing and pink grapefruit snow. Not quite sashimi, yet not quite the regular Italian starter. The seaweed tuile added a nice crunch and umami to this dish and the scattering of the snow provided a theatrical start to the meal."
170,M S,5 stars,Amazing food and ambience!
171,Julia,3 stars,"Very disappointed. I miss the previous Japanese chef . The soup was not served hot enough, main course is the beef so hard n the dessert is so pathetic."
172,Wei Tse Choo,4 stars,Good Japanese Italian pasta from new Michelin trained Japanese chef.  Prices are above average as can be expected of hotel fare.
173,Peter T Ng,5 stars,Simply delightful food and service - with a view
174,ejohnk,5 stars,"The service and food was excellent. From the dishes I had, I would recommend the salmon (starter) and the bamboo based pasta (which is seasonal)."
175,Kimgaik Loo,1 star,Will never go there again. The worst dining experience I never had before. So disappointed on their services and management. We've waited for 40 mins after the appetizer and the 2nd dish still not served.
176,Brandon O,3 stars,Service standards have dropped since last year when the hotel was under Hilton. Food was otherwise decent.
177,Julius Kuah,4 stars,Fine dining. Staff are courteous and helpful. Selection of food and variety is good. Only problem is the serving portions are small.
178,Ian K,5 stars,Food was excellent and the view was beautiful. Thank you for a wonderful evening!
179,Amber Rose,5 stars,Nice place!
180,Craig Brookes,2 stars,"Not sure about the food, but I received a watered down negroni for around $20USD. Possibly the worst negroni I've ever had, so avoid the cocktails."
181,Sheryl,5 stars,Excellent food as always. 2nd visit to this restaurant. Am sure they will be acheiving their Michelin star soon.
182,Traveller,4 stars,Went here for dinner. Nice ambience and pretty tasty food. Nothing exceptional.
183,Jensen Tan,4 stars,Relatively good award winning Italian food and service. Scenic city rooftop view too! No smoking area though ...
184,Lionel Wong,4 stars,"Had lunch at this restaurant the other day, the ambience was great and the service was excellent! Definitely a place to recommend to my colleagues and friends."
185,Steven Pimblett,5 stars,Food is excellent the service is near perfect and the price is very good for michellin star quality (dont currently have one but are going for one and should get).
186,Chwee Chua,4 stars,Pasta and desserts were good. Skip the pizza..unless u like thick doughy pizza hut style pizzas.
187,Ernest Wee,5 stars,We had a great time! Superb food and wonderful ambience.
188,Steffi Jedlicka,2 stars,I’m not sure why this place has such great reviews. Subpar food and subpar service. Not worth the price.
189,H Ch,5 stars,"Nice embiance and great service.
Food quality and quantity are so good."
190,rachelyipp,5 stars,It was good!! the burrata cheese and the risotto was super delicious
191,Jason Lee,5 stars,"Absolutely love this place, delicious menu, wonderful service and romantic ambience. Back here for 2 anniversaries"
192,Loe Yap,4 stars,Fantastic spend here lol
193,Andrei Soltan,5 stars,Good and service are excellent. Try the salmon and tiramisu.
194,adam lee,5 stars,Excellent meal.. the wagyu beef was superb.. the young japanese chef was very innovative in his cooking
195,Eric Thorsen,5 stars,"Awesome view of orchard rd in Singapore. Beautiful pool, excellent food, fantastic location for a work event."
196,Sam Yong,5 stars,Great food with great service! recommend their pizzas
197,YiZhong Zhuang,5 stars,"Wonderful food, wine, service, and ambience. Pricey but worth a treat!"
198,Alice Mallet Ventura,5 stars,"Amazing service and restaurant
I had the opportunity to come in the last day of the chef."
199,Tan-Yeo Ellese,4 stars,The food is good but the glare from the poolside was not easy to bear throughout the lunch.
200,Andrea Sin,5 stars,Great/attentive service. Food is great too. Perfect for dates where you really wanna impress
201,Stteven Siow,5 stars,A 5 star Italian restaurant on the 24th floor of Hilton Hotel. Good food good service.
202,Amanda Lee,5 stars,Good service and delicious food. Their capellini and speghetti was great!
203,P Yee,5 stars,"Super customer friendly, affordable, and very attentive and understanding staff. Thank you very much."
204,MILYARU007,5 stars,Perfect food. Very small restaurant. Good view. Super staff.
205,Gerald C,5 stars,Highly affordable set lunches at this modern and sleek (Japanese x Italian) restaurant
206,Sook Gun Cha,4 stars,Korean staff was so great. Gamsahameeda!!!
207,Robert Lim,5 stars,"Great food and service friendly staff

I’ll be back"
208,Mia Meno,5 stars,"good food, highly recommended"
209,Ashlinn Seo,4 stars,"Good ambiance, nice breezy venue with good wine selection."
210,Raja Dutta,5 stars,"Sea Bream , highly recommended"
211,Cze Low,5 stars,Great place for dinner by swimming pool on top of the Hilton Hotel Singapore
212,Liang kuang,4 stars,Not bad quite chill
213,Mikel Orbe,5 stars,Very nice food¡¡ The Japanese chef is amazing¡¡
214,Shine Raj Gill22,5 stars,"Lovely staff, excellent service n awesome food"
215,Jan Baartmans,5 stars,The greatest Italian Japanese fusion food in the world that I know.
216,JK,5 stars,"Very nice creative food, presentation and ambience."
217,Wendyl Ong,5 stars,"Great place geeat food, staff was pleasant"
218,Riccardo Catarsi,5 stars,Best Italian restaurant in Singapore with Japanese influences.
219,Choon Hock,4 stars,"Had lunch with friend.
Nice coffee and pie."
220,sankalp potbhare,1 star,Worst Italian food ever
221,Irene Ong,5 stars,Sasaki-san food is very good
222,Robert Chew,5 stars,Outstanding Italian cuisine by Japanese chef
223,Kelin,5 stars,Tasty food.. Good service
224,Lye Chan Ong,4 stars,Great food served here.
225,HappyTutors LC PL,4 stars,nice food
226,Antonio Miscellaneo,5 stars,Great food from start to finish.
227,Wm Emery,5 stars,Yuzu dessert delicious.
228,raman tech 10,5 stars,Great
229,Peter Khan,4 stars,Beautiful place nice service
230,Leslie Buckley,5 stars,Delightful Italian cuisine. Excellent service and a distinctive ambience combined for a great lunch …
231,K M,4 stars,"This is a restaurant where a Japanese chef who trained in Italy shows off his skills in Singapore. I was blown away by the deliciousness of the dish, which was not overpowering but had a delicate feel. …"
232,Minky,5 stars,"All of the food was so delicious and the staff were so kind. They even double-checked and prepared what I requested in advance, so I had a pleasant meal on my special day :) Especially the soup and pasta with uni were the best!!!!!!"
233,Bryan Ouyang,5 stars,"The Cacio e Pepe, Pork Ribs, and Dark Chocolate was delicious. Nice restaurant ambience. Excellent service. Commendation to Janson and Jas."
234,武丸猛,4 stars,"It was a little windy as we sat at a table by the rooftop pool, but the atmosphere was good. The food is satisfying both in appearance and taste."
235,Luca Cagnolati,4 stars,The chef has changed but the cuisine remains interesting. Few dishes but a good choice between Italy and Japan.
236,Yan N,2 stars,"Perhaps because the Japanese chef was not present, the taste of the food and the service were very disappointing."
237,sweet freedom,5 stars,That's fine
238,Kuswati Warnisa,5 stars,You must be very happy
239,石見賢蔵,5 stars,Yummy
