,Name,Rating,Review
0,K,5 stars,"Great service crew and amazing recommendations. Eggplants tasted quite burnt, the smokiness was overpowering. Figs were interesting. Crab pasta was not bad. We love the complimentary bread so much! Extensive drinks list! Best to reserve a table in advance."
1,Jolene Liu,5 stars,"Came here twice. The hummus with prawns is the best hummus ive had. So smooth, creamy and it goes really well with prawns to my surprise! The charred cauliflower is excellent, very fragrant and the serving is huge, literally a whole ball of …"
2,Sandra Sajen,5 stars,"The service was outstanding. Although it was not clearly mentioned by us, the staff paid attention to mention of saying it is someones birthday and was kind enough to offer a great experience. I was totally surprised how attentive the staff …"
3,Poppy Flower,4 stars,"I’m glad to try the Israel food with its unique cook with fresh ingredients.
The juicy kebab really juicy, hummus prawn is so delicious, the pasta a bit too plain and sour for me. …"
4,Indy Sagittarius,5 stars,"My husband and I really love the food here. We had hummus with prawns, burratta, figs and the focaccia. The figs were served with bourgogne cheese and olive oil, they blended very well. The service here was also very good. Would like to come back here to try the other dishes. Perfect place for date night or dinner with friends."
5,Mola Mola,5 stars,"Yes its expensive. But its also the best middle eastern food i have had in my life. And i have had a lot.
Meat and seafood on point, humus right temperature and texture, fantastic bread...if you can spare the money, this is a non-brainer."
6,Ali Jumabhoy,5 stars,The food here was amazing. Very inventive menu and everything was delicious. Highly recommend the prawn hummus. …
7,Ida Einjaw,5 stars,Holy molly now then I know Chef Eyal Shani has a restaurant in Singapore?? He's epic and his food Israeli nice! 😏 …
8,Anna Fishman,5 stars,"Had a great lunch.
Not too busy during the lunch time.
Enjoyed the food and the great service. …"
9,Kimes,4 stars,"Enjoyed the food. Pasta was amazing. Lamb is average, can give it a miss. Overall slightly pricey though. And sound reverberation is horrible. Not a good place for a first date... you will be shouting at each other."
10,Isabella chen,3 stars,"I had the artichoke pasta, eggplant with tahini and bish bash green salad. Everything is tasty and healthy, not very heavy and really fresh. The ambience is pleasant and the music is not too loud so it's a decent place to come for work events. The prices are very high though, expect $50 pp if you want to leave full."
11,Teck Boon,5 stars,Best to make a reservation as they can get quite busy on Friday and Saturday evenings. Service is very good and the staff are attentive and gave good recommendations. The hummus with prawns is one of the best thing on the menu. The octopus …
12,Piet Coelewij,5 stars,"4.8/5 (5/5 food; 4/5 service; 5/5 atmosphere). Great night out! I tried to objectively evaluate this restaurant. We came as a couple for a date night, but this restaurant is clearly best experienced as a group. The atmosphere is super …"
13,Ashley,5 stars,"Went to North Miznon for the first time and got an unforgettable Middle Eastern experience at Telok ayer. From naked artichokes, hraime, and their creamy mushroom hummus! …"
14,GC,5 stars,"Pasta has changed since the last I had. Used to be spaghetti which I really enjoyed. The new pasta didn’t excite me this time. Other than that, the buttered spinach and the grilled octopus, ZEE BEST!! Salivating just thinking about it :D Needless to say, the service well deserving of 5 stars!"
15,Yuchen L,3 stars,Not worth the price. The dishes are just decent but the portions are tiny and the prices are sky high. …
16,ashsthetic,5 stars,"North Miznon's dedication to perfection places it among the potential Michelin star restaurants in Singapore. The hummus is a revelation, and the kebab was indeed the longest and juiciest ever. Will be back to try more of their dishes next time."
17,Jenny Kang,5 stars,Our 1st time trying Israeli food. Very yummy especially their bread and Bish Bash salad (kinda like Caesar Salad). We also ordered the Octopus and Grilled Lam Chops. Both equally delicious. …
18,suraj sondhi,5 stars,"It has been an amazing experience.  The place has vibrant atmosphere and excellent food. Eggplant dish you see in picture was soo good as was Burrata cheese. Must try their bread, which they serve right in the beginning"
19,Emma Yang Mu,4 stars,"Overall good food but proton is too small for all the mains so ended quite pricy . The spicy lamb Ragu is nice, starter  bread is amazing. Crab pasta is not tasty and cast 45 dollars, not recommended ."
20,Shermen Ang,5 stars,"Food and service were impeccable. I recommend the kebab, hummus and prawns, and snapper with white wine sauce. The complimentary foccacia was amazing too! Burrata is pretty nice. Unfortunately, they had a power outage on 29 June for the …"
21,Michelle K,4 stars,"Heard so much about this place that I had to check it out. Ambience is fantastic - the decor is part modern, part industrial, with cement &amp; tiles on the walls, and old school lamps and wooden tables. Very inviting vibes. …"
22,GOH YI AN,5 stars,"Tasty and well done! Kudos to the chef for elevating dishes by focusing on the flavors. The barramundi steak was a surprise find, I liked it better than the beef carpaccio which was highly recommended.
One thing about the environment though - it gets a bit loud."
23,Explore With Seb,4 stars,"Ever tried Israeli food? If your answer is no just like for most folks, then you’ve got to try this place. But make sure you don’t book a spot in New York ;). Great vibes in this small restaurant in Amoy street with a small but tasteful …"
24,Amy,5 stars,It has been awhile since I have been to a place where every single dish we had was so so good. Flavours were so delicately well balanced and so much fun to eat. Will be back again soon for sure.
25,Maximus Phua,5 stars,"The food is excellent! the hummus, tomato foam sauce, and the veggies with bread were very nice as a starters. …"
26,Annabella Lam (Annafanza),5 stars,"Food was great. Small sizes that were great for sharing. We had a few appetizers and 2 mains. All uniquely served. Some seasonal dishes on the menu with a few regular dishes. So chances are you'll always find something different to choose if you're adventures. We had the humus, kebab, leek, heirloom tomatoes, etc."
27,Daniele Francilia,5 stars,"This is an amazing restaurant with a wonderful atmosphere and delicious food. The vegetables are cooked in a very unique way, meat and fish are also great and the staff is super friendly. Must try in Singapore."
28,Adwait Kashalkar,3 stars,"Great ambience, lovely vibe and interesting conversations with the service staff. The bread served by the chef on the house, was awesome but perhaps the best dish there. While these have been priced as premium creations, we ended up …"
29,Rovik Robert,5 stars,"Get two things right off the bat - the long kebab as well as the hummus with prawns, they’re both outstanding dishes especially when paired with the free flow of warm focaccia (as long as you put your hands up for it early)! The whole place …"
30,parikshit jawa,5 stars,"Good to back here after a long time. The vibe, energy and happy servers remain the same. The restaurant closing cheers and music were great to participate in. Will be back soon.  Try the cocktails. Snippet attached. My favourite was Levinsky Spice."
31,Richelle Quek,5 stars,"celebrated a friend’s birthday here! loved the cozy intimate ambience! started the night with some focaccia, not the best i had and i would prefer if they served it fresh instead of laying it out at the dessert booth. we had the hummus and …"
32,Colin Ng,5 stars,"Did not remember to take pictures as it was a work dinner.

But the food was really good so had to do a post. …"
33,Zi-Xin Yan,5 stars,"Lovely ambience with great service.
The highlight of the night was definitely the grouper in iron cast with white wine. I can still reminisce the taste of the sauce and believe me when I say the …"
34,Lauren Lim,5 stars,"Lovely dining experience. The beef carpaccio (essentially roast beef on a rock) was to die for we even had 2 servings. The pulled ribs pastry was also notably good. I really liked the fresh focaccia. Overall, worth a visit if you are into Israeli food or just want to try something new."
35,The Gal Travels,3 stars,"A very bustling yet cozy place to have dinner. As the menu is always changing, you are almost blindly ordering. It would be nice if they added new dishes on their social media accounts so we get an idea of what we are ordering. …"
36,Bow K. Techataveekijkul,4 stars,I like the decoration of this place. We sat at the table which the ceiling is made from transparent material so I found that it made the place more spacious. Love their Focaccia bread and hummus. The skewer beef was a bit too well done so …
37,Melissa Soh,3 stars,Food was pretty yummy and the night was chill so sitting outside wasn’t an issue for us! Ordered 3 dishes to share among 3 people and it was… just nice I suppose? …
38,Jeena Cake,5 stars,"Hummus must order. Too many lunch don’t serve hummus with prawn.
Butter with prawn is good too.
Will be back again."
39,Karolina Ciesielska,5 stars,"This place is amazing if you are looking for some great food with a vibrant atmosphere!
If you are looking for some dancing after dinner then be sure to reserve the 8PM …"
40,Stephanie Wong,4 stars,"Loved the extensive choice of vegetable options in the menu. Prices are on the higher end but the portions are also quite big I feel. Would be better to come in groups to be able to try different dishes of veggies and meat or fish. Really like the focaccia, wished we could have seconds. Awesome service and the bartender was super nice!"
41,Damien Foodlover,5 stars,Great unique dishes offered in this restaurant. Their foccacia is the best I have tasted so far! …
42,Nicholas Kwek,5 stars,"If I could give 10/10 stars I would!!

Thankfully we managed to get a table with reservations! But I've to say it's …"
43,Alex Danelia,5 stars,"Wonderful and friendly service, amazing food, cozy and welcoming ambience. We also had some really tasty cocktails to go with the food. And the lemon meringue tart is to die for!!! Overall a really memorable evening, will definitely go again."
44,yvette yong,5 stars,"Roasted cauliflower was simple but enjoyable- creamy texture (naturally so) with nice charred flavour on the outside. Also loved the Lima beans dish, nothing fancy but home-cooked feel and heart warming. Grilled fish was a little dry for my …"
45,Chiara S,3 stars,Interesting menu and very friendly service but way overpriced and lacking the wow factor. …
46,B V,4 stars,"I was super happy after eating at Miznon. So wanted to give this a try. The food is pretty good but is slightly let down by the high price. The kebab for $45 should, in my opinion, include 1-2 pita breads - considering Miznon probably makes …"
47,Daddy,3 stars,"Made a reservation at North Miznon after hearing some raving reviews. First impressions, the ambience is great and the service is pretty good. However, after being seated and looking through the menu, we needed some help as it was quite …"
48,Valerie Lim,5 stars,Ivan was super warm and attentive. His excellent service along with food and ambience were all on point. I totally enjoyed myself there. The freshly baked free flow frocacia bread with restaurant special recipe Israeli mayo and pesto was so …
49,Niteesh M.,4 stars,The restaurant was overbooked for the night we dined in. It was too cramped up with the staff and guests walking past brushing against our seats and bags. The price is definitely steep but the food was amazing. The lamb kebab just melted in …
50,Adrian Goh,2 stars,Quite the harrowing experience. Came here based on recommendations but there's definitely room for improvement. …
51,Natalie Fan,5 stars,"Enjoyed dinner at north today with great service and great food 😋
They have two seatings every day and we came at 6.15pm with a 2 hour dining restriction… although they didn’t really chase us to leave …"
52,D T,3 stars,"Vibe 5stars
Value 3 stars
Service 3 stars …"
53,Red Barker,4 stars,"I was looking forward to visiting Miznon North (North Singapore, by Miznon) for the first time having visited their other locations mainly for lunches previously. …"
54,Dexter Thiam,3 stars,"Heard so many good comments about this place.

Prawn humus was new to me and tasted pretty good especially with the bread which …"
55,Jeremy Teng,4 stars,"Came here after a great experience at Miznon.

The ambience and interior is great but gets a little noisy when the sound echos …"
56,Anne H,5 stars,totally enjoyed our night at north miznon! we specially selected the bar counter seats just cause we always love to see the action and we were not disappointed. We got ourselves the broccolini and kebab and a super good spicy calamari pasta …
57,Al,5 stars,"Wonderful experience overall.

Best service I've experienced in a long time. …"
58,Jegan Das,4 stars,Food's good but some dishes were underwhelming/small portioned for it's price for sure. Two underwhelming dishes we had were the eggplant (taste) and the artichoke (there was really nothing much to eat). …
59,Suren Suren,5 stars,"I booked this place to celebrate my 28th birthday. Sadly I made the reservations under their USA outlet, I didn't even realize..my mistake..upon knowing that the front door lady assured me not to worry and she managed to find a table for 2. …"
60,Jacqui Windebank,5 stars,"Amazing!!

The restaurant is simple but well put together. The food is delicious. …"
61,Melissa Chew,5 stars,"Yummy food with excellent ambience!
Great place for date nights and  celebratory dinners. …"
62,Christopher Wan,5 stars,"This place literally rocks. Without a doubt this is a 5 star venue. From top to-ma-to (either you get it or you don’t), service and food was world class. Not pretentious, it’s genuine and relaxed, welcoming and vibrant. Go hungry and make …"
63,Eugenia Tay,5 stars,"Great place to try Israeli cuisine! Visiting this place the 2nd time and the food never fails to impress. My faves, the prawn with hummus (absolutely yummy with their freshly baked focaccia, served piping hot - it’s free but subject yo availability). The lamb kebab is very good too, juicy and tender, very flavourful."
64,Joyce Chiong,5 stars,"Absolutely love every thing that we've ordered at North by Miznon last weekend. We were trying to find the more popular dishes to try via social media platforms, only to know that the menu is refreshed every week/day? …"
65,H K,5 stars,"v noisy place - which is what we love. v approachable staff with playful personalities - made us laugh! ok, i can understand why there are so much gripe over the food because pricing is competitively higher than comparable establishments. …"
66,Hailey S-Y Cheong,5 stars,"Finally decided to make a booking for this place after dining at Miznon semi-frequently. Did not disappoint! Had the leeks with Parmesan, eggplant lines, hummus with prawns &amp; buerre noisette (a must try with their foccacia bread!) hamachi, …"
67,ryan chua,5 stars,"Loved the food especially having been to Tel Aviv four times

I highly recommend the lamb rack as well as the hummus and prawns …"
68,Varun Mishra,4 stars,"Dinner was excellent here, lunch was average. Explained below(edited my 5* rating for dinner to a 4* post lunch) …"
69,Kelly W,4 stars,"We had a really nice evening here, everything we ordered was delicious and fresh. Would love if they could add some side dishes, though, the mussels didn’t come with anything and our ribeye skewer looked pretty lonely too. Glad for the …"
70,KP Chen,5 stars,"been here twice during the so-called Covid-19 'Stabilisation Phase' as I had a great time here and the menu changes daily. totally enjoyed the vibe, energy and service quality of the staff. food was terrific - loved the complimentary …"
71,Debb L,4 stars,"Food and service was impeccable, particularly the focaccia and humus.
Would have loved to try more dishes but with 2 pax, that was as much as we could eat. The pecan tart and baklava were delicious, however it would be best to go …"
72,Joel Tay,4 stars,"Very cool vibes, great service.

I would say that the strict sitting time is a bit of a pain, with the constant …"
73,Rachel Lim,5 stars,"Really loved the ambience here! The serving team really makes you feel like they’re welcoming you into their home and take such great care of you throughout the meal. Make sure to get the hummus, it is to die for."
74,Maika Seraspi,5 stars,This is a restaurant with character - loved the interior! Smart casual with a rather intimate setting. …
75,ML ML,3 stars,The food here is OK but the price point puts me off considering the small portion sizes. …
76,Eats More Fun,4 stars,"North Miznon
Sister restaurant of Miznon a couple of streets away but this time serving larger sharing type portions in a chic space. Service is okay but they botched our …"
77,Jonathan Lim,5 stars,"An absolutely delightful experience where simple ingredients are turned into Cinderellas by the fairy godfathers and mothers in the kitchen. The cauliflower is mindblowing, as were the sliced tomatoes. I admit that I was a bit stumped by …"
78,Yew Wai K,5 stars,"Great experience, food taste delicious and even better the drinks and the bartenders (Jude &amp; Avery). …"
79,Christina Michele Rios,5 stars,"One of my fav meals I’ve had in Singers.

It can be challenging to create a good vibe and exude ambiance w/ the current …"
80,Frosting,5 stars,Hummus with prawns was 100/100 highly rec that! Such a nice place for a date. Will come back again.
81,Veronica Phua,5 stars,"The folks behind the popular Miznon have opened a new restaurant.
(Media Tasting) Situated at 120 Amoy Street, @northmiznonsg is the first of Chef @eyaltomato’s NORTH full service restaurant concept in Asia, after launching it …"
82,Maximiliano Villa,5 stars,DELICIOUS food and great service!! It's not your usual quiet restaurant (but the music is good!) so maybe have your deep conversations before or after enjoying a lovely meal here ;) …
83,jy tong (tongtastetest),5 stars,"Amazing food, cocktails and most of all the free flow bread that they call a focaccia (but seems more like a flatbread)! Great spot for hanging out with friends as it is rowdy and noisy, but the ambience and service is fitting."
84,Belinda Jenkins,5 stars,Was super excited to try this new Israeli restaurant and it didn't disappoint. Service and ambiance was very good (it felt like family) and all the meals were mouthwatering. The focaccia was unlike anything I've had with a delicious crunch.
85,Mindy Yap,4 stars,"Food was generally fresh ingredients/ produce, cooked beautifully. Though I have to say - their signature grilled artichoke has got to be an acquired taste."
86,Daphne Maia,4 stars,"Mains were great, in particular the steak with salsa and tahini, and mussels tagliatelle. Focaccia bread was delicious, but starters paled in comparison to the rest of the meal. We had the eggplant tahini as well as the leeks. Both were tasty but nothing to shout about. Kudos to the kitchen and staff for quick dinner service."
87,Frank A,1 star,"Great food in a wonderful atmosphere. Unfortunately a family of 3 adults and 4 kids next to our table felt it was ok to turn a nice Israeli restaurant into a McDonald's kids birthday party. 4 kids running around, yelling, clapping, bumping …"
88,Tanut Watanachanobol,5 stars,ordered a few dishes to try and love it! Ambiance is nice and fun. Not too crowded. The staffs are quite attentive and lovely. I will definitely come back if this place is not too fully booked.
89,Peter Oliver,5 stars,"This is a great place and service is amaze and attentive! Food also worth it and the variety of Israeli wines a real treat.
My only comment is, if your guests arrive a few mins before open time, let them stay inside vs make them wait on sidewalk in heat. O and maybe get some dessert wine on the menu!"
90,Saranya A,1 star,"Having been to Miznon, this place really pales in comparison . The food wasn’t as expected in terms of quality and taste matching price . The staff didn’t also explain that starters were part of the lunch meal if mains were bought as well. Disappointed that they didn’t have the artichokes as well"
91,E,3 stars,"A reasonably nice place for middle eastern cuisine. Prices are a little steep for the portions, though the quality of food is decent. …"
92,Pallavi Misra,3 stars,"1. Music super loud and poor ambience
2. Service great. Very attentive staff.
3. The focaccia bread and beet carpaccio were awesome. The rest of the dishes …"
93,Tomas B,5 stars,"Delicious food. The drink had mostly ice in it, but good. Great atmosphere, especially if you stay until 10:30 pm on Friday. There's a surprise. The place turns into a dance club."
94,L R,4 stars,"Amazing hummus
Pasta was alright …"
95,Steven Yap,5 stars,"I had a delightful taste of Israeli cuisine at North Miznon restaurant. The flavors were exceptional, representing the rich cultural heritage. Although prices were high, it's a worthwhile experience for food enthusiasts looking to try something unique and flavorful."
96,Jasmine Ng,5 stars,"North Miznon is one of my favourite lunch spots when I feel like indulging ~ Located in the heart of CBD (near Telok ayer MRT), they offer one of the best Mediterranean dishes ever!!! Their house made pastas are amazing, and the eggplant lines were simply divine. Please give it a try if you’re around the area."
97,Farah N,5 stars,"Very cool interior, open bar area and homely service! Great menu, perfect for sharing and tasty food! Staff are very friendly, attentive and overall, a very great experience! Thank you team, keep up the great work!"
98,Phillip Ashley,5 stars,"As an expat, this is the most authentic, fun, and delicious restaurant you will experience in the massive land of Singapore.  The closest I’ve felt to NYC or Tel Aviv since living in Sing. …"
99,Royal Pears,4 stars,"Melanzane - the aubergine was ok but the tomato sauce dominated the dish.
Lamb shawarma - the fresh herbs over the dish were good but the lamb tasted more like grass fed beef."
100,John,5 stars,Finally visited this place after recommendation from several friends and having dined at Miznon a couple of times. The place is quite big and it’s more refined than their Miznon venue. I happened to be there on a Saturday night so the place turns into a party around 10:30-11 in the evening. Great vibe!
101,cecile spirit,5 stars,"A Taste of Israel's Finest - A Chillax Extravaganza!
Oh, what a delightful evening my taste buds embarked upon at North MIZNON, we love you I love you! You’re like my place to go my  little gem is the epitome of …"
102,Nikita Svech,5 stars,"HAD AN ABSOLUTELY AMAZING NIGHT. Thank you team, food, service, atmosphere was top notch! 11/10 will be back …"
103,aanchal agarwal,4 stars,"Dinner time at North. Super vibe. Very good service, food is excellent. We tried a israeli wine which was good. Slightly pricy but you really enjoy the evening. There is a 'performance' around 10:45pm with chef/bartenders switching off the …"
104,Zane Ong,5 stars,"Service staff was attentive, lamb was really delicious and red snapper fresh"
105,Yuval passov,5 stars,Amazing place to eat the best Israeli food in Singapore. The service is great and the atmosphere is like being in Tel Aviv. You must try it.
106,Shibani Hassamal,4 stars,"Lamb
Hummus prawns
Burrata dish a total …"
107,Jewel Angy,4 stars,"Location along Amoy.. an happening night spot. Parking is a chore ... for staff's service, they are pretty attentive and with good attitude,  and for food , is an authentic Israel food but to me , I find it salty. Overall , it was a good …"
108,J K,4 stars,"Definitely should be on your list. Great service, fresh and perfectly cooked food as well as a great ambiance.
Really liked the humus &amp; prawns and the octopus."
109,Ethan Dobson,2 stars,"Food is average. Don’t order the beef on the rock thing, it’s cold meat on a rock and we found it to be quite underwhelming. …"
110,m s,4 stars,"great service from the loveliest bartenders and servers! both bartenders w the tattoos, didn’t get their names but were attentive and accommodating to what I’ve requested! …"
111,Salahuddin Haque,2 stars,First up. How abt a 10 out of 10 for the ambience decor and lighting. Created a really nice speakeasy vibe. …
112,Edi G,5 stars,"A great vibrant place, inspiring food, great environment and welcoming hospitality.
The Chef Eyal Shani, has succeeded again in bringing his great culinary touch to Singapore. Book a place and explore it as soon as you can…🍷 …"
113,Hans Y,5 stars,Delicious middle eastern food. Great service and atmosphere.
114,Daniel,3 stars,"For those who will treat this like a casual dining experience, North is great. The ambience is exclusive but not pretentious, the staff is super friendly and the menu is just exotic enough to be interesting. But if you are looking for …"
115,Eleni Stamatelou,5 stars,"Phenomenal food, amazing vibe. Possibly one of the best dinners I have had in Singapore. Great staff, very attentive. Great cocktails too. Definitely going back !"
116,K W,4 stars,Loved the decor and ambience of the place. Would be back to try out their meat dishes as we mainly had their vegetarian/seafood dishes.
117,Tayo Kayode,4 stars,"Food was great as always. Recommend the Hummus, Eggplant, Naked Artichoke and Kebab. …"
118,John Martin,5 stars,Miznon served authentic Israelis foods and the staffs are friendly and helpful for us to choose the best authentic foods when we have some confusion to choose on. As a Malaysian my first time in Israel restaurant and I have great time and enjoyed the meal very much. Will have another dinner in my next visit
119,Zechariah K.,5 stars,Staff are very passionate in what they do. Attentive to diner’s needs and went above and beyond what they are required to do. Quality food and thanks for the complimentary tequila shots!
120,Cynthia Lim,5 stars,"Can't say anything bad about this place. Food is fabulous, wine selection is great. Special mention of the beef on the menu that day that was cooked to perfection. Also the freshly baked bread at the side which was available for all. Staff …"
121,Jason Low,5 stars,Great wine n dine experience for Israeli food experience. Pre book to avoid disappointment
122,Eniko Knight,5 stars,"Thank you Miznon for such an
Amazing culinary experience. Your food, your ambience, the music, and your kind and helpful staff brought back great memories of times spent in Tel Aviv. God bless you!"
123,Spang,4 stars,"Food was great (slightly pricey tho), the prawn hummus is a must try. Extremely flavorful prawn broth elevates the hummus to a whole new level; bussin"
124,Ying Yi Foong,5 stars,This place is such a gem! Food is great and atmosphere was really nice! Highly recommend!
125,tan sew eng,5 stars,"Fantastic food, the taste is clean and exquisite. Great dining experience , slightly pricey."
126,Words,5 stars,"Nice Ambience, Felt like overseas without the air ticket and flying."
127,suruchi thapar,4 stars,"Lovely ambience, good variety, flavorful food, super service and happy staff!! Only smaller portions for the amount you pay!
But overall good fun 👌 …"
128,Siaw Wei Cheong,4 stars,"Popped by on a thurs night. It was buzzing with people going after work. Food was really yummy even though we ordered vegetarian food. Foccacia, roasted fennel and eggplant. Could see other tables enjoying the small bites with wine too! Good ambience despite noise level could be high."
129,Yoav Lotan,5 stars,"North miznon is the place I come over with friends and loved ones to have some fun, good food &amp; drinks and tons of the amazing energy of this unique place offers. Being an Israeli, it sure does remind home and Tel Aviv with distinctive …"
130,evita koh,5 stars,"Thoroughly enjoyed myself, great food (the free flow focaccia was to die for) and excellent service. Will definitely be back!"
131,Arnout Mostert,5 stars,"Loved my visit here for lunch. Sat at the bar and received plenty of recommendations and special dishes from the chef. Lovely food, beautifully presented. Nice wine list too."
132,Amanda Dijanosic,5 stars,We loved the food and friendly service … but the highlight was watching the chefs work magically in the kitchen to produce and plate fabulous food. We’ll be back. 👍 …
133,Luyi,5 stars,Good vibe for group celebrations. Favorite are the prawn humus and wagyu beef
134,Aileen Tan,5 stars,"Love the food and service, hummus, brinjal and the beef was so so so good 😂 …"
135,Jolene Cornford,5 stars,"We had an amazing evening at North Miznon and would recommend to anyone. The ambience was fun, service exceptional as well as the food. The fresh pasta was 11/10!"
136,Alicia Loh,5 stars,"Absolutely loved this place!

The food was properly salted. Well portioned and service was good."
137,Iris Lim (Nomninjas),4 stars,unique fine-dining cuisine but bit on the pricier side.
138,Can Ekim,4 stars,Hummus is a must try! Prawns and kebab is also great choices to have. They usually bring their freshly made focaccia to the table which is a tasty side dish (bread). Also their service was very friendly and helpful. I love this place …
139,Mohan,5 stars,"Excellent fit out, Beautiful food, prawn hummus highly recommended.  Food was Sensational."
140,Rattanavadee R. (RR),5 stars,Lovely restaurant &amp; Food is Amazing
141,Alper Daron,5 stars,"Amazing food, great atmosphere and upbeat music. Very much enjoyed the after dinner party and the mini show!"
142,Yong Yong,5 stars,Food was excellent and James the bartender manager was spot on with his drinks. I was suitably intoxicated so only managed to take 2 photos of food ..  highly recommended
143,Brian Chang,3 stars,"Tiny portions at hilarious prices.

Don’t get me wrong, the food was good but be prepared to order lots and lots …"
144,Rui Dass,5 stars,Such a lovely spot! What I liked more is the staff genuinely seemed happy and that shows out in their service. …
145,Joris Chevaux,5 stars,"Everything is great at North Miznon from the moment you are welcome by the host / room manager. She is warm, attentive to different requests, and will try to help as much as she can. …"
146,An W/T,5 stars,"We enjoyed great dinner at Miznon:) Thier service was good, foods was good, and atmosphere was good! Nice restaurant which I will visit again anytime soon."
147,James Lange,5 stars,"Awesome Israeli food, great service and a very fun vibe."
148,Kyan Soo,2 stars,Something about your lights. It went up it went down spoiling the ambience. I mean we did pay about $100 plus per head. Not a cheap dinner neither a very expensive one. …
149,Vincent Paul Paca,5 stars,My wife and I spent our 11th year anniversary here last Friday and boy it was a treat. …
150,daniel chew,3 stars,won’t really recommend the tomato pasta. it is very ordinary. probably 2 star
151,shaun wong,3 stars,"Ambience is nice, service staff are friendly and attentive. Menu is very full, very overwhelming, and frankly not very helpful for the first-time customer. Food was hit and miss. The prawn hummus and the Focaccia were absolutely delightful. …"
152,Marie-Pier Biron,2 stars,Went to the restaurant on a Thursday night with a friend. The food was good with a lot of vegan option that is very appreciated. The ambiance is super nice for a night out. I liked their extensive wine list. …
153,Amanda Zhong,4 stars,"Came here for a light and refreshing veggie clean day meal and liked the options they served up. Service was impeccable, attentive and warm."
154,Lingzhi Li,5 stars,"Amazing atmosphere and great food. And to top it up, fantastic service from Tharma, Fei and another young chap in black to make sure our dining experience was worth another trip back to try more dishes. Appreciate the effort to maintain such high standard of dining experience in Singapore."
155,Jules N,2 stars,"Underwhelming

Came with high expectations but was totally disappointed with the food. It was …"
156,Zoe,5 stars,go to place for any occasion. love love loVe their focaccia!! good vibes - music and service 💯 …
157,Timothy Nga,5 stars,Was recommended to this place by an Israeli friend who lives here. Lovely street style food. The music is a little too poppy for me but I guess it gives a street ambience along with comfort and great tasting food. Will be one of my regular dining hangouts.
158,Joy Q. Wang,4 stars,"Get a main and it comes with a free appetizer! Dishes were unique yet delicious, the bread and hummus was so good. They serve more Israeli dishes here besides sandwiches, as compared to Miznon, more upscale. Would recommend for a slightly fancier/ pricier lunch or dinner, service could've been a bit better though."
159,Stella Kat,3 stars,I waited more than 30 minutes for my table even after having made a reservation - it seems that the hostess allowed guests to skip the line and seat themselves as she said the reason for us having to wait so long was that other guests had …
160,Vanny Lim,4 stars,"Had my dads birthday lunch here it was great, service was awesome food was incredible! I reckon if you went with a bigger group it could be better so you can order and share more things"
161,Rita Kewlani,5 stars,Excellent evening made even more fun by the fire show and music! Loved the long kebab and the eggplant dishes! Quality and presentation of food was super.Overall the service and friendly staff made it a really nice evening for all of us. Thank you :)
162,Kanika Sood,3 stars,"Decent food, noisy ambience.
We were a party of four seated close to the bar area and the acoustics of this restaurant were horrible. With absolutely no music (the covid days …"
163,Sashena Hassamal,5 stars,Had an absolute fab time at North Miznon this week! Great food and fab service! I would highly recommend the prawn &amp; hummus as well as their largest kebab!
164,Benjamin Parsons,5 stars,Always delicious and love how the menu has different items depending on when you go. The quality is too notch and all ingredients are hero'd to the max.
165,Damir Soldić,5 stars,"This place has it all: great food, great service and great music. To be able to create such tasty dishes using ordinary, unassuming ingredients is what makes the difference between a good and a great restaurant. …"
166,Kym Ashton,3 stars,"Food was delicious. Prawn &amp; hummus fabulous as was the octopus. Service was also very good &amp; I appreciate our waiters skill in trying to resolve our displeasure. . My rating refers to being seating at the bar in the middle of a function, …"
167,Boon Han Ong,4 stars,"For the price point, I found the food to be nice. But not fantastic. That’s why 4 stars only."
168,Joanne Tay,5 stars,"We were at the restaurant on 27th and had a great experience! The food was very good, fresh and quality ingredients and taste awesome! We were celebrating a friend birthday and I just mentioned to Ivan to help prepare some deserts at the …"
169,MarkBN,5 stars,"Great Middle Eastern restaurant with straight forward food, simple yet tastes amazing! Service was impeccable, very attentive and great fun to chat with.
Definitely coming back with friends."
170,Peiyi Sim,5 stars,"This is not the first time that my family and friends have been there but it was my first time and the food is great, as expected! Colin was one of the staff working that night and he really made our experience there exceptional. His sense …"
171,KH Ang,4 stars,Food was good. But too noisy for conversations with friends.
172,Guangmian Kung,3 stars,"Overall a good to okay experience, taking one star off for the price and another star off for the fact that most of the food is just okay. The menu's font and colours are hard to read/distinguish, and most of the dishes were really not very …"
173,Hariharan Sriram,3 stars,"If the taste had come anywhere close to the presentation, this could have been a 4-star. Or if the prices had been at 50%. None of the pumpkin steak, artichoke, broccoli hit the mark. The Fig carpaccio was the biggest disappointment with …"
174,Candice Aw,4 stars,"We had a blast! I really liked the focaccia, which somehow managed to be thin, crisp but moreish all at the same time. Coupled with the accompanying sour dip, it was an excellent start to our meal. …"
175,Yvonne Chang,5 stars,Went there twice in a week for lunch set. Free starters for every main ordered. I find the prawns and sea bass very flavourful but the lamb kebab was a little underwhelming.
176,Zach Ng Zheng Yang,4 stars,"The prawn hummus was beyond amazing. I’m not big on desserts, but the pecan tart and the Israeli panna cotta was to die for. Dined by the bar, and the staff was simply delightful. I’d recommend dining by the bar to experience the vibes of …"
177,Darren Leong,5 stars,"perfect night for our anniversary dinner. loved Ivan’s hospitality, who took amazing care of us and willingly shared his personal favs and recommendations to us. had the longest kebabs, broccolinis and very spicy calamari pasta (literally). …"
178,Becca Foods,3 stars,"Had high hopes since Miznon is a favourite establishment of mine. Complimentary focaccia was beautiful way to start the meal, the freshness of the tomatoes came through nicely. …"
179,Cole M,5 stars,Great atmosphere and perfect place to share plates. Easter eggs in the menu are hilarious. Will return.
180,Harry Lee,4 stars,"Checked this out, after trying the original Miznon on Stanley Street. Thoroughly enjoyed the meal. Loved the Kebab and Eggplant!"
181,Joseph Haywood,5 stars,"Went by with the Mrs. For dinner a few weeks ago.

Loved the drinks especially the Shady Lady and the attentiveness of the bar and …"
182,Keira Chubb (Rock Solid Life),5 stars,"North Miznon is one of my favourite restaurants and for good reason. On their menu they have their classic staples, but they also change dishes regularly, according to the ingredients that they find at the local markets. All of their dishes …"
183,James Tai,5 stars,"lively ambience, delicious Israeli cuisine and tasty desserts."
184,Joshua Ong,5 stars,"Food, ambience and service were really great. Nirmal and his crew managed to maintain an excellent service despite it being a busy night and having a very lean team. …"
185,Low SK Nicole,5 stars,Great food and service. Especially good to have free flow of focaccia that’s freshly out of oven! Must mention staff Ivan’s attentive and heart warming service rendered us great evening of celebrating birthday. Thanks to all staff for the special moment and treats to our birthday celebration.
186,Cheryl Liew,5 stars,Great food and vibe! Server Ivan is awesome and so friendly! Get the Dessert platter. Cool music too as it gets later.
187,Tina Huang,5 stars,Sea bass were my favorite. The white loaf bread was unexpected good.
188,Lauren R.C,5 stars,"So good. I ordered simple stuff- but I guess that's how you know how good a chef is. The broccolini was charred perfectly, the grouper was massive for the price paid and tasty af. The free focaccia was actually the winning dish of the night …"
189,Mark Wen,3 stars,"Good location, nice ambience, tasty food, and generally (exceptions prove the rule, as discussed below) attentive and friendly service staff. However (and these are the reasons why I am giving 3 stars only): 1) the price point for what they …"
190,Sarah Bustamante,5 stars,Great food accompanied by great ambience and best service by Ivan. He made me and my husband feel welcomed and relax. All the dishes recommended was fantastic. Grouper and brocollini. Kudos to Ivan on a good job. Really an asset to the company. Well done North.
191,Kris H,3 stars,"Been here a few times and always loved it. Last month we made a reservation for lunch and called to check that we may be running late and asked if we can reschedule, we were told that we could. However in a few hours we got a message saying …"
192,Amanda Koh,4 stars,"We went for dinner on a Friday night..
Ambience: very bustling indoors, but can be a bit too noisy to have a conversation …"
193,Jeremy Carver,5 stars,"An excellent dining experience with a fantastically professional staff. I will definitely make this a regular dining venue from now on. Food is varied and exciting , and also very satisfying.  If you have no t been here go now !!"
194,Fenglin Chin,4 stars,We really enjoyed our dinner! We had the fig carpaccio; melanzane and lamb ribs. They were all truly delicious. You can enjoy natural flavor of the ingredients. The foccacia bread was warm and fluffy. It was so good that we asked for more. …
195,Veidehi Patel,3 stars,Good staff and great free focaccia and baklava! Apart from this the mains were quite disappointing (we had the mushroom pasta and lamb). …
196,Jeremy Smart,5 stars,Delicious delicious delicious. Just like their NYC and Melbourne venues this places knocks it outta the park. Keep room for desert!
197,Sashi Kumar Supramaniam,4 stars,"Enjoyed the food and I think there’s a lot of potential there. The wait staff could use a bit of cheering up. Whilst one or two squeezed out a smile, the others seemed either overworked or at a funeral. Serving dishes on cake boards on …"
198,April Liao,5 stars,Great vibes and food!
199,Angeline C.,5 stars,"Great service, accommodative and friendly crew, and amazing food. Celebrated my friend's birthday and loved the vibe of the place! 👍 …"
200,Cheng Wee Yew,5 stars,Honestly one of the best places to come if you enjoy good food with extremely friendly service. If possible stay til near the end of dinner service for a pleasant and loud surprise. (Not sure if its a daily thing but I went on a satuday which is the last day of the week that they operate)
201,Priyanga,1 star,"I'm a huge Miznon fan, so when North Miznon was open, I was overjoyed. But this feeling only lasted till I walked in. Don't be fooled by how packed the restaurant is – it's probably because it's brand new and hyped up. …"
202,A L,1 star,Very disappointed in the staff service and management. North Miznon needs to improve and take their staff training and supervision seriously. Horrible experience and will not be returning. …
203,CV,5 stars,All around super good experience and not exorbitant which is nice!
204,John Soong,4 stars,"At least a months wait to get a reservation at this, the latest offering from the group that brought Isreali street food to Singapore. This is an altogether finer affair, with more comfortable ambience and great, friendly service with a …"
205,Mark Muterl,3 stars,"Overall, an OK experience.

TASTE AND QUALITY: Excellent. Everything was very fresh, prepared to almost …"
206,Gemma Rae,2 stars,"I wanted to like this place so much but it was a disappointing experience.
1. Our order got mixed up &amp; we sat there for a good 20-30mins with zero food on our table. No one checked in on us even though so many staffs were walking …"
207,Moumita Nandi Majumdar,1 star,"Very disappointing! The 33 SGD ‘Hummus with Prawns’ is usually served with Focaccia bread during evening time.. However the same dish worth same price is served in a small plate I:e half the quantity that too without any bread during the lunch hours.When asked, the Girl manager was clueless  to provide any justification."
208,Stephanie Chai,5 stars,"Great restaurant and vibe! Loved the dishes, get the leeks, eggplant and lamb. Though I think all dishes would be good! Warm and friendly service too. Was full on a Thursday night so try to make a reservation!"
209,Seetha Sharma,5 stars,"Finally made it to Miznon after months of wanting to.  Friday night dinner with friends and this was perfect.  Great food (love the Lavan!), vegetarian friendly and wonderful service.  The Negev beer and Arak shot were the perfect finish."
210,Myia Garcia,5 stars,"Great place to go for a great all around experience: good food, wine, and deserts with fun / buzzing ambience. Love the sage purifying ceremony and the drumming music that staff put together!"
211,John Rotruck,5 stars,"This was as advertised, a modern take on traditional Israeli cuisine.  The quality of the food was quite good, and the service both warm and professional.  This is a worthwhile dining stop in the Chinatown area of Singapore."
212,Gregg Chen,5 stars,Great ambience and cuisine to visit and try. Ingredients using tomatoes are home grown and organic. The perfect taste to whip up a good spaghetti and other wonderful dishes !
213,Thomas Evans,3 stars,"I'm a fan of the original Miznon in Singapore, so I was thrilled when I learned that they would be opening another more formal dining restaurant here. I was sorely disappointed. While the food was delicious, this was not a formal dining …"
214,Chetna Gupta,1 star,"There is no hygiene maintained at this place. While the bartender was preparing our drinks, he was using the same spoon for his tasting and also for mixing our drinks. Basically, all the drinks had his saliva. I caught him doing this …"
215,Sunita Subramoniam,3 stars,"Very confused with their lunch menu - it's as if they only have three ingredients to work with. Our starter was challah with tahini, tomato and shatta. The other starter ""melanzane"" was eggplant with tahini, tomato and shatta. My colleagues …"
216,Derek Lee,5 stars,"Tried and tested.  Must go for spectacular food!  Hummus is amazing, bread is amazing, kebabs are amazing, naked chocolate cake is amazing"
217,Sameer Dev,1 star,"North Miznon: Terribly disappointing.

We booked a table for a family of four adults, for a special celebration as we …"
218,Guy Ofek,2 stars,"Finally managed to get ourselves a table, together with another couple, so we were really looking forward to a sumptuous dinner experience. Having frequented the `other` Miznon multiple times (which by the way does a fabulous job - Food and …"
219,Riana Abdl,5 stars,"We just walked by one evening and they had a table for us. It was outside, and while first I was hesitant, I must admit it was fun. Vibes outside were great, seeing people walking in the street, having cool cocktails and having great food. Next time we will check the indoor : )"
220,dan stanitsky,5 stars,Amazing food and atmosphere I have not found anywhere else in Singapore.
221,Dharmakirti Gohbalan,5 stars,Scrumptious food and top notch service! Everyone needs to give a try! Thank you north miznon. Splendid evening
222,Maggie Ng,4 stars,Celebrated my husband’s birthday there and we had a great time! Really chill vibe with food that’s unpretentious and hearty. Highly recommend!
223,Avshalom Shapira,5 stars,"Spectacular!! You should all experience this at least once in your life. I love vegetables and I maintain a healthy diet, but the vegetables at North are a new experience. Try them all! (Over a few visits if it's too much food). The use of …"
224,Yael Luxman-Bahat,5 stars,"Great place to go for dinner! The hummus with prawns was to die for, the eggplant with tahini was more than amazing, and the lemon meringue tarte had a nice twist!"
225,Alvin Ip,5 stars,"Highly recommend this place. Great atmosphere, cuisine is simple but loved it. Love the foccacia and oven baked fish. Enjoyed the fire entertainment."
226,J T,5 stars,Great food and vibes! Hummus with prawn was excellent. One of the best kebabs I have had too. Will definitely return again!
227,Paul Bishop,1 star,"Underwhelming. Food is massively overpriced, $21 for a baked potato with some sour cream. Picanha was cooked well tbf but was a poor quality cut and full of gristle ($46). Chefs cooking and servers walking around not wearing masks or just around their chin."
228,chrissie uma,5 stars,Food was amazing!! You really want to mop up all the yummy sauces with the bread. Our server was super friendly and attentive. Definitely worth returning to!
229,Jen Loong-Goodwin,4 stars,"Wonderful energetic ambiance with decent portions, though drinks bit too sweet and service bit chaotic (one server even walked into and tripped over our table, poor lad)."
230,Nicoletta Sumarta,5 stars,"Amazing food, service and vibe! Will be back for sure"
231,See-Ann Soo,4 stars,The fig carpaccio was the best dish! The prawn hummus was tasty with the bread. The octopus and prawns on baked potato’s was okay and leek was alright.
232,Michelle Hite,5 stars,Love this place! I had a group of 14 for a work dinner. the relaxed atmosphere was just what we needed after a big week in the office.
233,Nicole Lim,2 stars,Had the mushroom pappardelle main and aubergine side. Left dissatisfied. Mushrooms were seasoned unevenly and the melted cheese on the (very plain) aubergine had the texture of gum..? …
234,val Rie,5 stars,"Visited last week.
Good place! Nice experience! Friendly staff! Well recommend place for visiting. Must try the cocktail by Prince it’s really nice."
235,M L,4 stars,Great food and service was excellent . The barramundi was really good.
236,SW Chen,3 stars,Went there with exceedingly high expectations due to tremendous reviews all around. Over-hyped. Overall was nice but not CRAZY nice. Food was mainly salty more than anything. Expensive too. Didn't like the vibes there as well.
237,Chitra Devi,4 stars,Unique tasting food and nice place.
238,wendy chan,5 stars,The food was amazing and Hummus with prawns was an instant favourite and the fig carpaccio was spot on awesome! Love the music and the vibe on friday night
239,Priyank Sisinthy,3 stars,Loud and chaotic ambience. Food was just okay but lacking salt. Focasia bread was amazing. Italian dishes tasted better than Isaraeli.
240,singing lark,5 stars,"Great service from all, great food recs from grest bartender Han!"
241,Nickita N,5 stars,"North gets my vote! Love the vibes, the service and food is commendable."
242,Umesh Patel,5 stars,Really clean simple but well done food
243,Rachel Theen,5 stars,"The service and food was amazing. The staff are so friendly. Hazel, the waitress that was serving us gave good recommendations, would come back again!"
244,Eugene Lim,5 stars,"Great Food, Great Service, Great Ambience.

One of the best restaurants that I had been to. …"
245,Fann,4 stars,Preferred the food at Miznon more but food and service was still great nevertheless! …
246,Ron Goh,5 stars,My first visit to North. I enjoyed the fresh ingredients and the warm service. Their menu changes often so there is a very good reason for me to come again soon.
247,Joe Bisco,3 stars,"Over priced. Food isnt bad.

Go here if you like to take photos of food and get 12 likes on instagram. …"
248,Min L,5 stars,"Fantastic food - make sure you go hungry, and defo have the hummus! Ivan is awesome, he brings the yums and the laughs!"
249,İpek Akıncı,5 stars,Best Mediterranean food in SG by far. Also fun parties Fridays-Saturdays
250,ehs s.,4 stars,barramundi is nice
251,Alex T,2 stars,"Terrible aggressive service - they are very forceful about their second seating. Literally just ordered another bottle of wine with an hour to go an feel like I’m going to get tasered if I don’t leave early. Overpriced, really bad experience."
252,Jun Er,4 stars,"Nice venue, fresh healthy food"
253,Vivek Bharti,5 stars,"The food is great, a lot variety and a number of unique dishes and flavours that can’t be found anywhere else in Singapore. The service was really good and the staff gave great recommendations."
254,Lior Derry,5 stars,"Great vibes, warm hospitality, fantastic Mediterranean taste"
255,Edward Tan,5 stars,"All 5 stars for this place that finally brings excellent, causal middle eastern cuisine to Singapore!"
256,- Lee,1 star,Horrified when I visited Miznon only to see that the waiter who made inappropriate moves (that also involved serving free alcohol) on my underaged girls at North Miznon was not fired as they told me they did but instead shifted to the main restaurant Miznon.
257,Alyssa Tran,5 stars,"Very vibey place with delicious modern middle eastern food, would recommend for a group of 4+ for a good night out!"
258,Toi Party Set up & Decor,5 stars,"Great ambience , pretty good service,and good food, nice place to chill with friends. We will be back again, Try their carpaccio One of my favorite and the presentation is lovely. Thank you north miznon team"
259,Jaysee Eisvran,5 stars,Fantastic Food and amazing Service. Food was superb and I would highly recommend trying the run down potato ( quite unique). Staff was accommodating and ambience was great! Would highly recommend this place.
260,Isil Unsal,5 stars,The best mediteranian food in the town
261,Serafin Gonzalez,5 stars,Had a great time at North by Miznon. Great atmosphere and service. In particular Ivan was really great to us and made sure we had a good time.
262,Geraldine Ng,5 stars,Amazing food and fantastic service!
263,Jyaas Enver,4 stars,The food and service were all great. The pita is simple but well executed and the tahini is fantastic. Will definitely revisit.
264,David D,4 stars,Food was nice and service was okay. The only thing we didn’t like is that the music was far too loud. We actually skipped desert and went elsewhere since it was too loud.
265,Hetal Petal,5 stars,"Great place especially in a group.
Food and drinks all perfect. Service patchy but usual SG. Great atmosphere especially at the end of the night."
266,Colette Li,5 stars,"Food, drinks, services are all great! Love it!"
267,Wani Madelina,5 stars,"What a lovely place. I visited North with my buddies, and we just had a fabulous time. The team is incredibly friendly, and the food, divine!!!"
268,Boris Goldberg,5 stars,"Loved the food and the vibe. Avery the bar manager is a superstar! and
Chef Or is a magician. will definitely be back!"
269,Charu Malik,5 stars,"What an awesome place! Great vibe, good food, served with heart!"
270,Gerald Koh,4 stars,"Good food, but desserts are costly and nothing special."
271,Ryan E,5 stars,Cracking experience. Great food and equally as good staff + ambience. Wonderful starters and even better sharing mains. Would strongly recommend.
272,Cherry Wilianty,5 stars,Excellent Food and drink..one of my favorite Restaurant in Singapore. Atmosphere is chill and cool and  all staff is also really friendly.
273,E S,5 stars,"Good food, great service !"
274,Pauline Chan,5 stars,Very lively restaurant. Helpful staff. Great atmosphere for a fun evening.
275,Eitan Yaakobi,5 stars,fantastic food service and atmosphere!
276,Diane Crombie,5 stars,"Freshest, tastiest food in Singapore! Service is very attentive. Ambience is spot on. Place is a vibe ✌🏼 …"
277,Hazel Lim,5 stars,"Truly love this place.The ambient is good, the staffs are friendly.Food was amazing and unique too. Worthy of 5 stars dining."
278,Keith Lam,5 stars,"Consistently good food and service! Pricey, but you get what you pay for."
279,Luis Enrique Reyes,5 stars,"Delicious food, the ingredients are very high quality and the ambience is lively. The service is world class."
280,Amitabha Guha,5 stars,Good food and wines... although the menu is somewhat limited.
281,Avi Chemay,5 stars,Excellent service and delicious food. I particularly liked the eggplant line.
282,Wey Yiing Yap,5 stars,"Good food, great service and a fantastic place to hang out with your loved ones! Definitely a place I'd like to visit again"
283,reshvin kaur,5 stars,Great atmosphere. Great food. Great service. Can't wait to go back and try more.
284,Arniella Anonuevo,5 stars,This is highly recommended. I like the ambiance and the vibes and the staff are so friendly 😊 …
285,Irene Koh,5 stars,Great food and ambience. Staff is friendly and helpful. Ivan provided good recommendations and service.
286,Ruth Murray,5 stars,Delicious food and good portion size. Loved the atmosphere and tentative staff.
287,afshan husain,2 stars,Service was very slow and food was nothing out of the ordinary. The free bread was the best part of the meal.
288,Serhad Sarica,5 stars,Extremely delicious. Hummus was the best I tried in Singapore.
289,Beatrice Lim,5 stars,"Amazing food, concept and service! Felt right at home as soon as we entered. Will definitely be back :)"
290,Umesh Phadke,5 stars,"Nothing can go wrong with Miznon. Superb middle eastern food, great vibe"
291,Vincent Stephane Geyl,5 stars,"Freaking cool! Saturday, get to total party mode at 10:30! Really worth it"
292,Sreejita Deb,5 stars,Delicious food and fun ambience. The service is warm and attentive as well.
293,Steven,5 stars,"Thoroughly enjoyed the food, experience and service! Slightly pricey but enjoyable unique experience"
294,Yizhou Wu,4 stars,"Food was pretty decent, service was amazing! We had a great evening here"
295,Ken Hsu,5 stars,"Favorite restaurant in Singapore. Exceptional food, great atmosphere, and excellent service."
296,Ji Young Lim,5 stars,"Lovely food, lovely service!! Would come back again. Thank you Ivan for taking care of us!"
297,Jason Loh,5 stars,"The food was amazing, service was excellent! Shoutout to Sarah for the great hospitality!"
298,Jacky Santos,5 stars,Very delicious and fresh octopus
299,Shiny H,5 stars,"Fantastic service, even better food and cocktails! Must try, and we'll definitely be back!"
300,D. R.,5 stars,"And any time you feel the pain
Hey Jude,
Don't carry the world upon your shoulders …"
301,Lynsey Keyes,5 stars,"New favourite Singapore restaurant. Incredible food, impeccable service and excellent ambiance."
302,Ido Zarmi,5 stars,"Great food, fun experience, fairly priced, good service, highly recommended!"
303,Jason Lane,5 stars,Excellent food. Great space. Happy and efficient staff. Highly recommended!
304,Jacinta Rowe,5 stars,"Great night out, fabulous food, ambience and service. Highly recommended !"
305,Wei Lun Poh,5 stars,The food is excellent and the service is impeccable. Never a dull moment and always a great time!
306,Afaq Tariq,5 stars,I love this place... Impeccable service...
307,asaf grabli,5 stars,"The food here is excellent and in a great area,  Good atmosphere and great service!!I
would highly recommend checking it out."
308,Amir Biran,5 stars,Delicuse!
309,anisha dsouza,5 stars,"Loved the vibe at north miznon, had a great time with friends. Lovely and friendly staff."
310,Dex Khor,5 stars,"Always enjoyable, great food and buzzing atmosphere!"
311,Steven Badger,5 stars,Great service and ambiance. Super food too!
312,Yuval Passov,5 stars,The best Israeli food in town. Highly recommended
313,עינת גנדלר,5 stars,"Excellent place, great atmosphere, tasty food, and very welcoming environment
Run to book a place"
314,Vienne,4 stars,"Very intersting place, good offer, good selection..."
315,Avery Murv,5 stars,Fun dining at its finest
316,Nadav Itach,5 stars,Great food! Great Place! Highly recommended.
317,Assaf Cohen,5 stars,Great food and fine ambiance.
318,Sujit R,5 stars,Good food and drinks coupled with good service
319,Kevin Wong,5 stars,"Great food, great service!"
320,Gunther Scherz,5 stars,"Great place, great food and great people."
321,Peter Kakulas,5 stars,Tasty range of food
322,David Tate,5 stars,Great 👍 …
323,Shahar Shani,3 stars,Meh
324,raman tech 10,5 stars,Good
325,Ricardo Uchida,3 stars,Massively overpriced for what it is
326,Lisa Spiteri,5 stars,Amazing ❤️
327,Zizhen Wang,3 stars,"This is an Israeli restaurant. I always wanted to try something I had never tried before, so I went after seeing good reviews. …"
328,Lior Shaulov,4 stars,"First of all, I'll start with the fact that it was amazing!
We didn't plan to go to this restaurant, but a friend actually recommended it, so we decided to go and try it, and we're glad we did. Delicious food in many …"
329,Hair Studio Flamingo Telok Ayer,5 stars,"If you want to eat delicious Israeli food in Singapore, make a quick decision at North Singapore! ️This restaurant with a great atmosphere is always fully booked. If you go on your birthday, everyone will be surprised by a surprise!"
