,Name,Rating,Review
0,Flying Wong,5 stars,"Nice atmosphere restaurant. Service is good as well~they will consistently change your plates and refill drinks for us. Can give it a try for Peking Duck as they are having 50% promo right now. Originally, it was $98/piece, but now it is half price. It's a bit slow when serving dishes, but it is still acceptable overall."
1,Green Lamingtons,1 star,"Visited for Lunar new year reunion lunch. Unethical restaurant. They are not honest because what was sold as ""live prawns"" were not live at all. …"
2,Veenoth Kumar,5 stars,Staffs were friendly and outlet is very clean and bright. Me &amp; my mates had a great CNY dinner gathering with special menu. Thank you guys! Food was AWESOME!
3,V C,5 stars,A Hidden gem around this area. First time visited Famous Treasure and the food was excellent and the service was on spots. The waiter knees that we were busy eating Chili crab so they served our veggies and Hokkien mee after we almost …
4,Jack Ng,4 stars,"Didn’t know where to go for dinner at Capitol piazza, we saw this restaurant facing the escalator in front of us, we took the escalator up and went to give this restaurant a try. …"
5,Audrey Tan,3 stars,"We went to celebrate my dad birthday.  The food was ok but pricey. But service was not fantastic as we felt that we are being rush through the meal, the restaurant was not full, but they are constantly clearing our plates and asking if we still need it."
6,Stanley,5 stars,Food was amazingly good. The ambience was modern and welcoming. Great place for business gathering while enjoying local Chinese food.
7,Jry,5 stars,"Celebrated our Chinese day 2 at the restaurant. Good atmosphere, good service and variety of nice Chinese new year food! Portion was good!"
8,Kathleen Lok,4 stars,"The Irish duck is very delicious. Lobster meat is a bit tough, I supposed it's a bit overcooked."
9,Heng Alicia,5 stars,"Will return to try other dishes. The sambal and prawn paste chicken are exceptional. Dessert wise, I love the orh nee. It was not sweet and the flavour was perfect. …"
10,One of A Kind “OOAK 我们不一样”,5 stars,"The food is fantastic at this restaurant! Some of the must try dishes are Hakka yong tau foo, volcano chicken and KL Hokkien mee. 😋 …"
11,Wang Teck Heng,4 stars,"Went for lunch during a public holiday recently. Among the dishes we ordered, the salted egg prawns was the best dish for the day. This was followed by the cuttlefish with lady fingers. Char siew and roasted pork was only pretty good. The …"
12,Xiang Yan Chan,3 stars,"I was shocked at the price of the volcano initially, how could a chicken dish go upwards of $40? But the crispiness of the chicken skin was one of a kind. Akin to the crispiness of peking roast ducks, it provided a crunchy taste which was …"
13,Angie Ong,4 stars,"Went in with a large group, too bad the private room was not available when we book. …"
14,Dr Jade Kua,5 stars,Definitely over-ordered for 2 adults &amp; 2 small kids but boy was the food delicious. A clear favourite with the kids was the sweet &amp; sour pork followed by the signature char kway teow. While I ordered the lobster claypot porridge. Service was excellent and our guest ended up buying a bottle of sambal sauce to take home as well.
15,My if,4 stars,"Food was well executed, pricing is on the high side. Service was swift. There was a Uncle who was very eager to clear our plates even though we haven't completed our meal. Thanks to the Uncle, we decided to continue our dinner elsewhere. Peking Duck promotion $49. The Sweet Pickle Tomatoes were yummy."
16,Chong Peng How,5 stars,Newest restaurant of the Famous chain of restaurants. Took the opportunity with the 50% promotion for opening minth to check out this place. The fish soup was good though lots of bones as they use soon hock for this dish. Portions are also big. Well worth a visit.
17,Dion Ng,4 stars,"Came here couple of times. Food is generally good, especially those zhi char dishes, ie. squid with ladysfingers, tomato with curly veg salad, siham. However, peking duck was a letdown. The flame chicken was also average. We also ordered …"
18,Avril Teo,5 stars,"We went for their National Day Promo deal where prices for selected items were discounted by 56%. The restaurant was thoughtful in their selection of items on offer in that they have items from each food group like poultry, meat, seafood, …"
19,Kelvin Wee,4 stars,"Not bad Chinese cuisine, especially the volcano chicken, which was tender &amp; tasty. Beef was cooked well too &amp; is not chewy. Soup of the day was truly appetising &amp; packed with lots of ingredients. Fish head curry was a slight disappointment …"
20,slugontheface,4 stars,"Located on the second floor of the Capitol building, this is a restaurant that puts out really good food. The ""Crystal  Chicken"" was cooked perfectly. The meat was very tender and the sauce (oil like consistency) complimented it well …"
21,Darren,5 stars,Visited for the first time in Aug 2022 after seeing their 30% discount promotion for Peking duck and curry fish head. Ate to our hearts’ content. Very good food and value for money. Generous portions and well plated. A nice place for …
22,Ming Hui (yuuummmyyy),4 stars,Stubble across this restaurant and came to celebrate a friend’s birthday… Food is relatively great and love how they use a different kind of wrap for the Peking duck… will definitely come again! Do make your order a day before for the duck!
23,lim chin tat,5 stars,"Had lunch a few weeks ago. Hidden gem. Good food, good quality ingredients - plum sauce pork ribs, fermented pork, KL hokkien mee, nanyang prawns. All very tasty and good quality. Definitely will return."
24,The Gal Travels,3 stars,"Famous Treasure at Capitol - I would have named the place Hidden Treasure, just coz it’s tucked away in Capitol! …"
25,Coco happyprincess,5 stars,"restaurant was foodhouse on a Wednesday evening

we ordered beef, volcano chicken, fish head curry, ladies fingers with sotong …"
26,Tony Ho,3 stars,"Visited for lunch during a public holiday. Will need to make reservations. Food wise is overall very good and tasty. May feel thirsty after the meal, probably because there isn't much time to have some tea after the meal. Adequate portions. …"
27,Simon Teo,4 stars,"Good find in town.  Relatively quiet place. Prices little on a high side. But you do get very quality stuffs here. And not your average Crystal Jade fare. Check out the flaming chicken. So is the cherry tomatoes appetizer, soak in plum …"
28,Cherry Chacko,5 stars,"Really good food and service. Very fresh ingredients, cooked in classic Chinese styles with strong, well balanced flavours. Unobtrusive but efficient service and all guests are treated as old friends,even  first-time visitors like myself."
29,Mark Yeo,5 stars,"First order take away: curry fish head, prawn paste chicken wings, deep fried pork in fermented bean paste, 青龙菜with 豆芽，charcoal tofu with yam straps and added a KL style hokkien mee. Everything was good but we thought the curry fish head …"
30,Rarchelle SY,4 stars,"I like the service from a few staff ( Chinese waiter) the fried rice, Kung Bao chicken, fish skin, fried beans are all delicious. For clams i didnt like that its too “chewy” like too undercook. …"
31,alan low,4 stars,"Really superb roast duck, very tender. Can be a alittle more salty i feel. Curry fish head is also a winner. The sambal that went in to cook the curry definitely not a paste. Came here for the 50% promotion and it was super worth it."
32,Ghee Yew Lau,3 stars,"Came for a lunch after reserving via Chope @ 1pm

Service was attentive, fast and efficient. …"
33,Nicholas Wong,5 stars,An underrated treasure tucked in the 2nd level of Capitol Piazza. One of the best Chinese restaurant in Singapore and My favorite goto place for celebrations and gatherings. Always been greeted by their friendly staff (shoutout to Jerry …
34,A T,4 stars,"Went there when we were told they had 50% promo on some dishes till 15 April. Tried most of the promo dishes : volcanic chicken, wok fried pork ribs, Sichuan hot &amp; sour soup, braised bean curd w sliced cucumber, braised assorted mushrooms w …"
35,Ben Wong,4 stars,"This restaurant is located in Capitol Building. Very central and can be easily accessed using public transport. Parking is relatively easy as well. If the carpark is full, you can park in Funan which is just across the street. There is a …"
36,Ken Kwee,1 star,"Was there today for a gathering makan session. I definitely will not recommend this restaurant.
1) The service is very bad. You can ask for something from the waiter and you …"
37,Anita Tan,5 stars,We walked in without a reservation on a Tuesday night and we were given a cosy private room for two which we were very pleased with. We came for some 50% off certain dishes. This promo is really great for lobster fans. The service was excellent too. All in all a very satisfying dinner.
38,Chung Yee Wong,5 stars,Famous Treasure is now the regular meeting place for my friends and family.  The food always satisfies and the friendly service makes us feel very welcomed. …
39,EK G,4 stars,"Marinated cockles are addictive, 1 plate isn't enough. Irish Duck - meat is tender and the skin crispy and smooth. Wok-fried Squid with Cincalok and Ladyfingers is also good. Crystal Chicken tasted mediocre. The Volcano Chicken looks better from other table but needs 1 day advance order, can try next time."
40,Veronica Phua,5 stars,"On the second floor of Capitol Piazza is @famoustreasure, a Chinese restaurant that describes what they serve as Nanyang cuisine, running the gamut of Cantonese, Teochew and Hokkien dishes. Regardless of which dialect group’s you order, …"
41,purple taste,4 stars,"Popular place and reservation is recommended if you are dining after 630pm.

Service was good for our party of 6 pax. Ordered red wine and the wine glasses …"
42,Julniee Tan,5 stars,"Everything was great during my visit on 24 Nov! Must try the Peking duck and the cold steam crabs(ask if it’s in the season for lots of crab roe, was so fresh and yummy). Will definitely be back :) Oh and I love the plum sauce tomatoes too!"
43,Felix Ker,5 stars,Famous treasure serves super yummy Chinese food! I love the fried pork and Peking duck! …
44,William Lu,5 stars,Ordered a set by pax lunch set. It was quite filling even though the portion was small. …
45,Kelly Chong,5 stars,Heard so much raves about Famous Treasure &amp; it definitely lives up to the expectations especially the Irish Duck. …
46,Andrew Goh,3 stars,The waiters are very helpful and attentive. The food serve rather too fast as the table filled of dishes.. slow down to pace it else the food becomes cold. The crispy fried belly pork with garlic is a must to try .. very flavourful with …
47,Patrick Poh,4 stars,"All the dishes were above average. Slightly on the salty side. Special highlight for me are the braised duck, hokkien noodles and perhaps the lala bee hoon. It's slightly on the pricey side too but do look out for their promotions for e.g 50% off selected items from time to time."
48,Eric Effin' P - MTB Content,3 stars,"Loved the food. And I mean loved em.
I had no rice but the dishes were all not salty! Awesome. …"
49,Chan Loo,2 stars,"Used to frequent this place but standards hv dropped recently.Crispy Pork was served cold,skin of peking duck was soggy.Could not believe my eyes when waiter served the duck skin supposedly the whole duck on a small plate....Staff defensive when i complained.."
50,Wilfred Mong,5 stars,The food here never failed. Always so yummy and service is top notch awesome! Had my birthday celebration lunch here 💛 …
51,Jolene Ong,1 star,"Food is edible, but totally not worth the price. The only dishes that’s worth to mention was probably the Spicy Cockles (no photo) which is the best, followed by Fried Shimeiji Mushroom and the Salted Egg Bittergourd. …"
52,Flower world Chong,3 stars,"Huge menu, almost have everything you think of for chinese food, the restaurant is available,  sure how big is the kitchen and how to keep Everything fresh. Food is quite good, however during dessert due to too much food, we decided to pack …"
53,Yvontz Tan,5 stars,Great👍Chinese cuisine in a really comfortable restaurant. The food tasted rich in flavours🤤 and the cooking is unique especially the flavour of the fresh marble goby fish which I have not tasted before. Love😍 the simple white Cabbage which tasted not simple✌️. #msgreedysis #greedybuddiez …
54,Peter Lin,4 stars,"Roasted Irish ""Silver Hill"" Duck, Wok Fried Squid with Chinchalok and Lady's Finger, Deep-Fried Pork Belly with Fermented Bean Curd, Braised Hakka Beancurd, Wok Fried Prawn Balls with Salted Egg Yolk, Braised Fish Head with Leeks in …"
55,Rachel Alison,5 stars,"My first time here and I was so impressed with the food, I’ve been recommending friends and family to come here. I really enjoyed their sweet and sour pork, and the cockles are huge and juicy. Definitely will come back again."
56,Colin Loh,4 stars,"Had a very unique starter: cherry tomatoes stewed in salted plum tea ($3). Excellent. Teochew sambal cockles was quite spicy, but I enjoyed it, however not as good as Putien's or Two Chefs. Bamboo clams done just right, slurped the whole …"
57,Zainal Rahamat,5 stars,"Nice ambience, well presented food and friendly service. Service staff makes good food recommendations and every dish was tasty! This restaurant is unique, not the typical Cantonese restaurant. Highly recommended."
58,N Hence (Chubby Botak Koala),5 stars,"Famous Treasure – Authentic Nanyang Cuisine

Famous Treasure is an offshoot of The Famous Kitchen, a popular casual …"
59,Willennium 2k,3 stars,"Many reviewers were confused as to the type of crusine that Famous Treasure is dishing out. Personally, I feel that this is not that important as long as the food is palatable, hygienic and delicious to me, I'll give it a thumbs up. …"
60,Benjamin Wang,4 stars,"Premium Chinese restaurant that serves exquisite dishes that you will not find in the standard zhi char restaurant. However, dishes that include luxurious ingredients such as crab and lobster were lackluster, given the exorbitant price tag. …"
61,Peishan Chu,1 star,"Peking duck was old and pretty tasteless. Was badly cut thus meat grain did not help overall texture.
Garlic Kailan - basic dish but not well done - kailan was overcooked and soft …"
62,V L,4 stars,"My favourite are the sambal cockles, crispy pork belly, garlic sliced pork &amp; fermented bean curd pork. …"
63,Benedict Chan,3 stars,"Strange cuisine.... Not sure Teochew, Cantonese or what. Great crab 🦀 though, must order. The staffs also can't tell me what cuisine. Great degustation menu available. Good selection of whisky 🥃 and wine 🍷 too! …"
64,Esther Puar,4 stars,"My 1st time to this restaurant, had lunch with ex-colleagues. Very good service, good ambience and atmosphere. Food is good too, tho abit pricey. Had these 4 dishes and a soup, for 3 pax at about $120. Still will come back to try other dishes!"
65,"sgfoodlifestyle,com Review",5 stars,"This Chinese restaurant has recently opended probably a year ago but its getting very popular, so say occasionally you will see TV stars coming in for low profile dinning . We tried their CNY menu and indeed the quality is very good. …"
66,Marxssy,3 stars,"Food was amazing tonight, however, general service was not on point. Perhaps it was too busy tonight or the staff just had a bad day. They were just communicating through their earpiece instead of acknowledging or responding to your …"
67,Penny Chia,5 stars,"Food is absolutely Delicious!
And most importantly they do not put msg (I am very sensitive to msg).
Their deep fried pork belly with fermented bean curd is delicious!! Lady's finger with squid and chin cha lok is heavenly!! Prawn paste wings is delicious.."
68,Alfred Siew,4 stars,Good service. Pretty unique menu. Hakka yongtaufoo is good. The signature fried pork belly is crispy with a bit of namyu funk. Unique. KL Hokkien Mee (tai lok mee) comes with lots of croutons aka pork lard. Quite legit. Good stuff. Decent prices too if you order stuff on promo. Will visit again.
69,Jessica Sim,5 stars,I love their service. They are so friendly. Always remember to check on our cup to ensure it is not empty. …
70,MaxDeGiraffe,5 stars,Came here for pre cny dinner with friends. The Asam fish is good! Will back to try other dishes. Good for gathering.
71,ian C,5 stars,Located in the nearly revamped neue wing of Capitol piazza. This Chinese restaurant is definitely one to look out for with its regular Asian dishes and must try list of signature dishes. …
72,Korena,1 star,"Service is very bad on our 2nd visit.

The first time we visited this restaurant was on Monday, May 1st, and we did not …"
73,Jenny Loh,4 stars,"A very traditional Chinese restaurant with a little of local and szechuan cuisine. Thier wine is not expensive, food wise still ok, service was just good. Can try."
74,Cookie Monster,4 stars,food was pretty good although I think the food bloggers hyped up this place a bit too highly. The problem is we can get this kind of food at normal tze restaurants which probably can be cheaper. Expect to pay medium dollar tze char prices
75,Warren,3 stars,"Peking Duck is at half price.

Forget about the soup, it's not worth it."
76,Ariel Ng,4 stars,"Food there was ok.

Cockles is a must try. Fresh and juicy. …"
77,SH Ngiam,4 stars,"Curry fish head and duck were good. I didnt eat the crab, but friends said they were nicely cooked too. Not so crowded restaurant, nice and quiet for a decent meal."
78,Jinquan Li,5 stars,Hokkien mee and braised meat trio were awesome. Highly recommend the salt baked crabs as well but it may take some time to prepare. Will come again.
79,Douglas Lin,4 stars,"Black pepper crab is awesome! Fried noodle,  strew duck...everything is good. Price is the only reason male this restaurant 4 stars only.
Excellent restaurant in general, cheers."
80,Matthew Goh,5 stars,"Back for a simple meal after 3-4 years. Curry fish head and crystal chicken were excellent, sweet potato leaves were good too. Wished the cockles were available. Will return to sample their other dishes."
81,chienkee,1 star,"We been there for several times. The service was excellent. Until today we met the branch manager.
Very rude branch manager Ms Summer. …"
82,TSY,5 stars,"Really good food and service here, esp the fermented fried pork and the Irish roast duck. Highly recommended!"
83,Irene Ng,5 stars,"The hairy crabs are out of the world and on top of that, it was so nicely peeled by the manager Summer which elevated the entire dining experience"
84,Munnie Munnie,3 stars,"First impression was bad - Was greeted by a grouchy female captain after waiting for abit who then asked if I have a reservation. Another staff showed us to our table and before I could sit down, he asked with no eye contact “what do you …"
85,Sherlyn Chan,4 stars,"They are having a promotion now on certain dishes that are 50% off, which is quite worth it to try. The fire chicken, pork ribs, wasabi prawns etc."
86,Hui Li,5 stars,Had a great meal at Famous Treasure! The food was flavoursome and service was attentive and prompt. Especially enjoyed the Deep Fried Pork Belly and Sweet and Sour Pork. Highly recommended for good Chinese food in town.
87,lin wanyi,4 stars,"A little pricey but the savoury food taste good! Not a fan of their desserts thou, can be better."
88,Kim Geck Lim,5 stars,"Good food and great service. Lots of good options from local dish like Curry Fish Head, Cereal Prawns to Irish Duck."
89,Ming,4 stars,Went for their 50% promo dishes. All were pretty good. Good service too.
90,passion ever,5 stars,Like best the  peking duck and the excellent service by Tracey Tan. She has initiatives and great engagement. Ask for her service and she will recommend their signature dishes and ensure we do not over order.
91,MICHELLE TAN,3 stars,"Food was delicious but pricey for the portions .

Highly recommend the curry fish head and the Orh nee ."
92,Mei Lee Tan,5 stars,"Visited them before the Eve of CNY.
Their service was impeccable and pleasant. Makes it a comfortable and relaxing dining experience. …"
93,Regina Lim,2 stars,Honestly I was disappointed. The cold crab was good but the waitress told me it would be dressed but it was not. Cha kway tiow was smokey but had no eggs or meat or green vegetables. So the texture and taste were both boring. The roast duck was fine but the roast pork was underwhelming. I won’t be revisiting.
94,Koon Peng Tan,5 stars,"The food are delicious.
Staff Services are friendly, approachable.
Overall good. …"
95,Wee Liang TAN,5 stars,"It was a private function that bright me to this restaurant. It is in the part of the Capitol  Singapore Complex that I  have seldom explored.   I was surprised but the quality of food, not starchy in just right in portions.  It had been …"
96,Hope Ang,4 stars,Outdoor seating was a bit cramped and had not much space to walk through. Food was ok. Indoor decor was nice.
97,TheonlyLB,5 stars,"We ordered:
Fried Squid w Crispy Garlic and Chilli
Fried Shimeji Mushroom …"
98,Adeline Lee H L,4 stars,The dishes was quite unique and nice. Great for family outing dinner. The spicy cockles was the best💪🏼 …
99,Jeremy Ho,4 stars,Good food tucked in city. Try the duck too. Fried pork is a must try. Bbq crabs are fantastic.
100,AILEEN ONE,5 stars,I arranged to celebrate my best friend's birthday at Famous Treasure and was warmly served by the assistant manager Jerry! He was very knowledgeable about the options and gave us great recommendations! Had Chilli Crab and was really yummy~! already booked right away for my next gathering!
101,Evan Lim,1 star,"Reserved a table of 4 adults and 1 baby but they placed us near a staff storeroom exit door with baby chair nearest to the exit door, not really considerate despite many empty tables. We noticed the staffs were going in and out the …"
102,Roy Leong,5 stars,I particularly enjoyed the lobster bisque pasta and peking duck. service is excellent.
103,Yangy Xie,4 stars,"good place for chinese family gatherings. of the dishes we ordered, salted egg prawn and the fish head curry was the best. -1 star for not so great service"
104,Shirley Tan,5 stars,"1st time visiting this restaurant. Went there to have celebratory dinner.

The peking duck is crispy and nice. Enjoy the lobsters bee hoon, 5 dishes of …"
105,Lim Soon Heng,5 stars,"Had a good birthday dinner and the food served was good and tasty, particularly the treasure pot and roast duck. Had a good size red bean pan cake for desert"
106,Noel L,2 stars,Price too expensive for prosperity salmon YU Sheng.salmon fish .$88 some more is small size Not worth.
107,Soh Soke Mei Michelle,5 stars,Love the food here. Especially chincalok squid with ladies fingers. The pork ribs is good too
108,EIJIHS,4 stars,"Typical Chinese restaurant, can get rowdy haha. Had a team dinner on a Friday, service and speed of food serve was immaculate. …"
109,Carol Toh,5 stars,"Nice food, staffs are helpful.
Just do remember to make reservations first, especially on weekend."
110,Andrew P L Ko,4 stars,"Here is my Fave Curry Fish Head !
And several Fave Dishes too !!
My Go To for Malaysian Chef Cooking 😁 …"
111,Wesley Wong,2 stars,"Not a very good experience from the staff at this restaurant. They only pay attention to those high Flyer table. No matter how good the food they have, will not go back for the second time."
112,Emma L,5 stars,"If you love cockles, you have to try it here! All the dishes worked like magic, can’t wait to come back"
113,MQ Wong,5 stars,"Been here quite a few times, always my go to place for solid good Chinese food.  Service has always been good, ambience is ok, food was mostly good/very good and a few dishes were average.  Giving 5 stars for consistency on food quality. …"
114,David Tan,4 stars,"Fish Head Curry, Claypot Rice and steamed chicken were great! they even separate the charcoaled rice from my bowl due to my diet restrictions. The meat (mostly preserved were separated too) so that my friends can enjoy without needing to cater for my diet"
115,Butter,5 stars,"Roast duck, fried pork, salted egg fish skin, cockles food. The rest not so good."
116,Elinor NG,5 stars,Back for the 2nd time. The food are good and their service are great.
117,Lay Kuan Pang,3 stars,"4th visit in the last 6 months because the previous experiences were great. Today was however really disappointing, especially the food. …"
118,Michelle N,5 stars,"Great food, non pretentious environment. Don’t miss the promos they run from time to time."
119,Kalin Siow,2 stars,"Food is ordinary, nothing spectacular.
Staff over zealous to clear our plates. We have not finished eating, was just putting down the chock-sticks pausing and staff tooooooo attentive and quickly …"
120,Sherry Chan,3 stars,"Overall impression on service, food quality and ambience is mediocre, with rooms for improvement.
Service: …"
121,Adwyn Tan,4 stars,Food is nice.
122,JX,4 stars,Didn’t managed to find any treasure in here. It’s nice but worth the price? Hmm...
123,Vanessa Nah,1 star,"Stressful dinner and super small food portion
Went to this place to celebrate my mom birthday. My mom suggested this place. When I made the reservation they informed me that there are 2 sitting 6pm and …"
124,Rao Krishnan,5 stars,"We have been visiting this hidden treasure since it's opening. The food and service has been consistently stellar. Great value for money and the best Duck(Irish) in town. We have also brought many friends and guests there, many of whom went …"
125,Bernard Octavius Gan,4 stars,Wonderful &amp; Attentive service. Didnt have chance to try their signature dishes.
126,Shuhui Ng,3 stars,"Been to this restaurant 3 times and experiences were amazingly consistent! Food was a solid  5 star but service was poor - to cut to the chase, highly recommend cockles, snow crab, pork belly, Peking duck and squid with cincalok! …"
127,James Ting,5 stars,Awesome food and service without fail! Have been frequenting famous treasure ever since it opened. …
128,Ginna TAN,2 stars,"Went for lunch with family. The service was okay. But the food were not tasty. We ordered crispy pork belly (too hard), KL Hokkien mee (too sweet), Asam curry fish head (so so), vege too oily &amp; salty. Soup not bad."
129,Mae Jan,3 stars,Visited on Christmas Day for dinner. It wasn’t too crowded so it was nice. Food wss okay - the cockles dish was delish. Service was okay but it became incredibly irksome to dine when the wait staff were perpetually in a hurry to clear the …
130,Furlisia,4 stars,Not usually a fan of Chinese but I would say this place was exceptional for some comfy Chinese cuisine. Love the mini cosy room too for a lil privacy.
131,Jason Lee,1 star,"Had an unpleasant experience with the customer service staff who offered no assistance after I made a booking on Chope. Upon calling the restaurant to confirm, she told me that the Chope booking is invalid due to a full-house. When I asked …"
132,Lum Lum,1 star,"Disappointed, no more 2nd visit

Overhype food, hear good review but was really disappointed with the food and …"
133,Adrian Chia,5 stars,"Nice food and ambience. Visited the restaurant during several occasions over the years and has always experienced excellent service standards. Tried variety of their dishes and taste has always been consistently delicious. My favorites, the …"
134,Hui Ping,2 stars,"Saw that the google reviews are not bad and Michelle Chong kept going this restaurant,so went to give it a try today. Overall I feel its just soso, not really fantastic. Maybe the good reviews had made me set a high expectation."
135,C L,5 stars,"Really good quality food! Good value as they are running a 50% promo now for selected items. Irish duck was my favourite - so juicy, yet the skin remained crisp. The razor clams were so fresh and tasty w the vermicelli! Another must order."
136,Bernard Yeo GH,5 stars,"This is ""THE Restaurant to go"" if you love authentic hawker food in a posh ambience, the chilli  sambal cockles can blow you off, not forgetting the squid with lady fingers (die die must try one). Next is the  KL hokkien Mee and Teochew …"
137,Mel N,1 star,"Restaurant charges for dry paper towels, aka tissue paper. Management needs to review its policies and service is lacking. Non-local Chinese service staff can be rude."
138,POHworkspace,5 stars,I went this afternoon for lunch with 3 other friends. All felt that the food was good.  The dishes are Tzi Char but cooked differently. Good place for a good afternoon lunch and for chit chat with friends. Service was good. We expressed …
139,Stella Lee,1 star,"Nope! Highly NOT recommended. The food is below expectation and freshness is not there. We had to reject the curry fish head and instead of doing another one to prove themselves, they chose to cancel and refund the order. Service is below …"
140,Freddy Lynn,4 stars,Very good and delicious food of restaurant in Singapore. The owner is a very pleasant and friendly very well. We had a good time in there.
141,Justin Tan,5 stars,"Lunch menu is worth while for some quality food, although it is a promo so do catch it while it lasts. I think it is a little understaffed and service bounces between absent minded to overly attentive (down to the size of flame used for our …"
142,Joe Teh,4 stars,"Food is good. Service is good, and fast However, do take note that each table is entitled a 1.5 hours dining time. Quite stressful for a Chinese dinner as there are so many options."
143,Bernard Yeo,3 stars,"Spicy Cockles, Crispy Pork Belly, Volcano Chicken is good.

Curry Fish Head was a disappointment. Lots of bones, meat was bitter and fishy. …"
144,Anderson HH Chan,5 stars,The duck is amazing! It’s a must try and unforgettable.
145,David Ng,5 stars,"The food is good. Not sure if it is pricey as I didn't pay for it. The place seemed quite popular as there was a good crowd on a Tuesday evening. Memorable dishes are the roast duck, the cockles, the kailan with mushroom and fried beehoon."
146,Sheila Ng,1 star,Beware of patronising this restaurant if you have food allergies. The staff do not pay attention to food allergies and are not trained to take precautions. I ordered the KL Hokkien mee with specific instructions to omit …
147,Jimmy Chan,4 stars,The vegetarian selection was reasonable (about 8 dishes) and the taste was consider good for a non-vegetarian restaurant. There were several dish that were pretty delicious actually.
148,TAN CHEE YONG,2 stars,"for the price we paid, the food quality was disappointing. we ordered the triple bbq combination and the roast pork had very strong boar taint. the stir fry asparagus with scallop was equally unremarkable - scallops were overcooked and they disintegrated easily when handled."
149,Monica Wang,3 stars,"- The food are ok but a bit expensive, unless you order those on 50% promotion.
- The staff (Cassey and Sandra) who attending to the calls for reservation are polite and client centric. …"
150,Adeline Koey,1 star,Very disappointed to celebrate my friend’s birthday at famous treasure. The food is salty and the waitress and waiter are in the hurry to clear the plates and dishes when the restaurant is not full with customers during weekday (we went …
151,Pauline Boey,2 stars,"Fish head Gravy was really nice,  but sad to say fish head wasn't fresh.
Waitress could only say that it's like that with frozen fish head..... …"
152,Sylvia Kang,5 stars,"Amazing service and food! We went there for the first time and i have to give a thumbs up for all the staffs! We liked the crispy pork &amp; duck very much. As we didn’t really like the sweet and sour pork, the staffs actually took it back for …"
153,Connie Poa,5 stars,"Went to Famous Treasure Restaurant a few times. Food is delicious and staff provide excellent customer service! My favourite food, roasted Irish 'silver hill' duck and 'wok-fried' seafood hor fun! Highly recommended! 👍 Will definitely visit again!😃 …"
154,Michelle Lu,5 stars,I love the food at Famous Treasure! Best roast duck in Singapore. You also got to try their Wok-fried Squid with Cincalok and Lady’s Finger and their Salt-Baked Flower Crab with Rock Salt. Their service crew is also very promopt and friendly.
155,Andrew Tay,5 stars,"The roast pork &amp; char-siu, lobster cheecheongfun and egg white fried rice were delicious. Excellent service and reasonable pricing. It will be good if they sell wines per glass  instead of bottle only."
156,Yinn K,1 star,"Did not order any seafood. Went for the roasted platter - duck, char siew and roast pork. Quality and taste was mediocre. Meat was overly fatty except for the duck. …"
157,Daniel McArthur,5 stars,"Best Chinese food I’ve had in Singapore! Delicious crab, abalone and vegetarian dishes. Volcano chicken was a sight to see - 5 stars recommend for anyone looking for delicious food"
158,Keng Hian Lim,5 stars,"Nice Chinese restaurant ambience. The few dishes I ordered was very good. Crab meat fish maw soup, volcano chicken, stewed cabbage and yam paste desert. All were very good. …"
159,Rene A.,1 star,Terrible service by restaurant manager - Ms. SUMMER - a short-haired female. She has a very uppity attitude and speaks very rudely. She does not put her guests at ease and has made my first time experience at Famous Treasure an extremely …
160,Fui Fah Ho,1 star,"Went to try out this restaurant due to the great reviews but was disappointed to find out the hdb zichar stall can whip up better dishes then this restaurant.  Price is expensive for the kind of food served. We had salt bitter gourd , fried …"
161,LLOYD LAM,2 stars,"Their 50% discount on selected dishes are a draw and worth trying, but please do not order their abalone with sea cucumber which is definitely a con job. …"
162,Thomas Tan,5 stars,"its our 1st time dining. we were very impressed with the set up.
we had been eating the irish roasted
quite regularly thru panda delivery. …"
163,Wayne Toh Bun Chin,4 stars,"&lt;6 Sep 2020&gt;

Back to Famous Treasure, ordered the few favorite dishes and this time, my …"
164,Donna Wong,5 stars,The food at Famous Treasure  is exceptional! Very tasty and well prepared and you can chose among many menu options.  Love the service &amp;  hospitality  at the place and  everyone from the owner to the ground staff  is so friendly with the guests and always takes care to offer the best quality! I highly recommend this place.
165,Amielia Pang,5 stars,Love the prawn Nanyang style😋😋😋 …
166,Shawn Chua,5 stars,Very tasty Chinese Nanyang cuisine with a lot of options from the menu. They do have promotions on some of the dishes which makes it even more worth it to give it a try. Do make reservations as it usually gets pretty packed.
167,Dinh Khanh,3 stars,Food is average but staffs are nice and helpful
168,Mats Lingblad,4 stars,I've only been here once and I really liked the food. We ordered simple dishes like cockles and they were all great. Not sure about their fancier dishes. The service is not very responsive. Tea pot is not refilled. The restaurant was pretty packed in a largely empty shopping centre.
169,S Wun,4 stars,"Great service, even during CNY when the restaurant was busy. Food quality excellent."
170,Patricia Lim,4 stars,"Love theor braised duck and curry fish. The Irish duck is so good too.
The manager was attentive.  Improved services"
171,Tom Jones,4 stars,Great food try the pork belly and the duck. All lovely
172,Carlo Olivar,5 stars,Top notch Mandarin Chinese  lunch experience.
173,Loraine Tan,1 star,"Would like to feedback on my visit on 12 May 2019 130pm. Was advised on 11 May 2019 to pre-order a list of dishes and replied to pre-order baked flower crab.
On 12 May 2019 11am I received call from you to say flower crab has ran out. …"
174,Yan Ng,5 stars,Good local stir fried dishes in a city resto setting. Commendable is the periodic promotion menus that showcase selected dishes at discounted prices.  Appreciate and hope restos will continue to run such promotions whenever they are able to …
175,Karl Yap,5 stars,"Was really tempted by the constant posts from Michelle Chong and #foodkingnoc, decide will try it out for the mum's 78th. Staff were smiley and warm right from the get go, it was refreshing to be eating at a place where staff were having …"
176,Gek Noi Koh,5 stars,"A wide variety of dishes zi char style in great ambience. The order of lala beehoon soup, cockles, fried pork, orh nee and red bean pancake were excellent. Great taste and good service. Cockles are very rare these days."
177,Keno Tan,5 stars,Food here is really good!
178,Salem Saberhagen,2 stars,Find the lady who appears to carry herself like the crew leader very rude and arrogant. No smile on the face and very fierce and cold towards us as if she's the discipline mistress and we by making a decision to eat-in offended her. Really …
179,Jason Lim,5 stars,"Visited the place few occasions, it's like a modern nanyang Chinese cuisine restaurant. Food is nice and service is good as always.  Must eat food, marinated teochew style cookies, roast Irish duck and many more!"
180,Te Shan Liang,5 stars,"Big menu. Private booths available. Professional service. Big wine list at good prices. Also a whisky menu.
Renowned for their flower crabs.
Very popular so call for reservations."
181,Richard Leong,5 stars,"The atmosphere is nice and the staff is also really friendly. Food is good and for their prices, it’s definitely worth it. The dining experience overall is very pleasant. I highly recommend this restaurant."
182,candy kang,4 stars,"Will definitely repeat! We ordered the cockles, sliced pork with garlic, silver hill Peking duck, fatty char siew, crispy kai lan, chinchalok squid braised eggplant, mapo tofu, assam fishhead, xo fried rice and KL hokkian noodles. The tofu …"
183,Tan Wen Xin,3 stars,"Could be due to our visit being on CNY. The ala carte menu had very little choices while the set menu didn’t appeal to our palettes. It wasn’t entirely enjoyable as the service staff were in a hurry to clear our plates even before we finish. Very pricey as well, hence not worth it."
184,WT Ong,1 star,Agree with some other reviewer comments. I will not recommend this restaurant. There are better Chinese restaurants out there with good service. Definitely our first and last.
185,C LEE,5 stars,"Very good Chinese food with strong Nanyang flavour!

If you are looking for Chinese food but don't want to be bored by the same kind …"
186,yanqi ng,1 star,Food was average but service was horrible. Waiter dropped a cup of water and some splashed on me. Another waiter who was cleaning up dropped the mop and more water was splashed on my leg. No apologies from them and they didn't even clean up the mess on the floor properly.
187,Dan Liu,5 stars,So freakin good - and amazing prices on the macallan as well
188,Shi Jia Liew,5 stars,"Has options for wheat, egg and pork allergies. Very fresh and tasty food with big portions. Thanks to Vincent for working with the chefs to put a suitable menu together!"
189,Galaxy Cheah,4 stars,"Food quality is very good, service is very good, staff are attentive. You can book private rooms with good sound-proof walls so that all your yam-sengs will not disturb other diners."
190,Adrian Chua,4 stars,Very good service! Nice food!
191,Nan SP,5 stars,There is a promotion 50% off for some dishes. So turn out that the meal is quite affordable for the location. The food is good. Will love to visit again
192,jiu jian,3 stars,"Food ok , liked the rooms with sliding partitions , but the crowd was too noisy to have a quiet meal , service could have been better n improve for their price n settings."
193,Isabelle E.,1 star,"1st time visit Famous Treasure. Occasion was to celebrate our friend's birthday. Food was good. Waitress(China lady, abput 1.58m tall, around age 40, not sure her name) was not very sincere, as initially we asked between peking duck or …"
194,Sableux Sable,2 stars,"Average and overpriced, dining disappointment. For the price I was expecting more.  For example stir fried char kway teow had only bean sprouts and hor fun. I usually take dining photos but nothing was impressive enough..."
195,Samantha Liu,4 stars,Food is great. The team were polite and prompt in changing the plates and bowls. Attentiveness could be improved.
196,Christina Yong,5 stars,"Super love their crabmeat soup with asparagus inside, something special. And also the rendang prawn"
197,vincent lim,4 stars,A nice cosy restaurant with many variety of Teochew and Cantonese food. Price is on the high side.
198,Ek ong,5 stars,"One of the most understated restaurants in Singapore. For selfish reasons, I hope they never get a pretentious Michelin star! Keep up the good standards of food and service!"
199,angeline sim,3 stars,"Feel the food isn’t fresh enough.
The roasted pork belly had a smell like its was left over from yesterday. …"
200,Eunice Tan,5 stars,Has never failed in the quality of their food. Enjoyed much with our guests. Highly recommend.
201,Jim Ching,5 stars,Excellent cooking.  Fine presentation.  Attentive service. Nice ambience. Gracious setting if you have guests you want to treat well.
202,Stephen Lam,5 stars,Awesome restaurant that serve great seafood and Cantonese Roasted meat among others. They have a massive wine and whisky list as well. The most important is reasonably priced.
203,rena tan,4 stars,Food was mediocre for this price point.
204,Tim Zhuang,5 stars,Food is very good &amp; well executed (Check out their signature dishes). Service is friendly and attentive.
205,Steve Kiang,5 stars,Excellently cooked local delicacies..
206,ahthen123,5 stars,"Food is good but price alittle on the high side. On the whole, its still good."
207,Tony Fong,3 stars,food and service were just average...
208,John Wibowo,1 star,Unprofessional and disappointing. My wife made a reservation for New Year’s Eve dinner (thru Jerry). We came and was told no reservation. They did not even attempt to give a table or apologize.
209,Ang Roger,4 stars,Friendly staff... good food... good service
210,Kc Chong,4 stars,"Most of the dishes ordered were nice, especially like the tofu seafood pot, the shrimp paste vege- excellent 5 star !!"
211,Sebastian Tng,4 stars,"Good services, some dishes are worth trying. E.g. Cold Crabs, Spicy steamed fish with preserved vegetable."
212,fred zhang,5 stars,Just went to buy their Bento sets. Worth the waiting. Amazing good food and service. U will not be disappointed to have a great meal.
213,D3AR C,4 stars,"Service was attentive and the food was good, particularly the KL hokkien mee, beef shank and fried chicken. Would definitely go again!"
214,Wai Yin Tang,4 stars,Surprised that they don't serve dim sum for lunch. But the dishes were above average.
215,James Peh,3 stars,"Food s okay. Many other restaurants, for eg. Swatow, offer better cuisines at the same price range. So, this is just expensive zi char."
216,Ginny Tan,5 stars,"2nd visit, peking duck was tender, salted veg fish and fermented pork belly hit all the right spots!"
217,Genevieve Lim,5 stars,Yummy Chinese food! 🤤🥰❤️😍 Never disappointed with the food so far. Highly recommend!! …
218,Jennie Lim,5 stars,Delicious food
219,Calvin Huang,4 stars,Food is delicious and location was easy to find. Staff were friendly and patient. Great place to dine. Highly recommend.
220,Moon Fleet,3 stars,"Waiting service is poor compared to other Chinese restaurant.

Food is good. …"
221,Wil Tam,4 stars,"Good quality food, above average ambience, good whisky selection besides wines, only regret is closes early around 11pm which is set back for late biz diners or entertaining clients."
222,Brandon Wong,4 stars,Roasted pork was too fatty and irish duck ran out so had to use Singapore duck instead. Overall not bad
223,J T Maxis,5 stars,One of the few Chinese restaurant which is good for food and not as pricey as many restaurants around the area. Try their Irish duck and ladyfingers dishes
224,Daniel Han,5 stars,Always guaranteed to have a great meal
225,Remus Ng,5 stars,"Speechless.
Excellent service and food."
226,Keen-thong Ho,4 stars,"Good service and better food. Order the la la, salt and pepper crab. The rest of the items are above average to good too."
227,Patrick Teh,5 stars,"Good place to wine and dine.
Dishes are well prepared, and service is good."
228,Malcolm Teo,2 stars,Food was served hastily. Price was decent.
229,Nicholas Tan,5 stars,"Are here a few times, love the food and service. Price is reasonable too."
230,Al Y,4 stars,Excellent experience we had overall! Highly recommended.
231,Ravindran Sivalingam,5 stars,"I have been to this restaurant on multiple occasions, and the quality of the food and service has always been good!"
232,Remedy Chan,5 stars,Tasteful. 👍 …
233,Wayne Tan,1 star,Worst service. Very rude staffs. Won't be back.
234,Jason Ng,5 stars,"Food is good &amp; unique. Reasonably priced.
Promotion is available for next visit."
235,The Frozen,4 stars,Good service. Food served fast. Got a lady who is attending to us all the time.
236,Lester Chan,4 stars,Food is not bad. But service has to be improved. Not attentive enough. Probably due to lack of staff.
237,K,3 stars,cool chinese restaurant with an inhouse bar and legit bartender but paying $18++ for a plate of hokkien mee ain't cool
238,Bob Zhou,5 stars,"Authentic Singaporean Chinese Teochew cuisine, nice ambience, good service ... Value for money too"
239,Rowan Kan,1 star,Ask the managers and waiters what are their specialities. They couldn't even answer me and kept quiet pretend I wasn't even there. Sad.
240,Jyanzi Kong,5 stars,Authenticaly good.
241,lau ting ting,1 star,"will not recommend this restaurant.The service is very bad, especially the manager on duty"
242,Mia Jing Goh,5 stars,"Good food, good service, convenient location and reasonable price. Repeat visits are very likely."
243,X-Trekkers Adventure,4 stars,Good service. Attentive staff and food not bad too. But price on high side.
244,JaySee Asia,5 stars,Great food! Especially the roasted duck 😋 …
245,Wilson Low,5 stars,Was not expecting anything extraordinary but the 1st bite caught me. Great food and an affordable price
246,Hokkien Mee (HKM),5 stars,Excellent food and sincere table service complete a wonderful dining experience
247,Tan Joseph,3 stars,Could have been better. Our night ended unleashed with a rude remarks from a supervisory staff.
248,Pamela Phang,5 stars,Great food - mix of different cuisine from the different dialect groups.
249,Chloe Neo,5 stars,This place is a hidden jem. The black fried noodle is to die for!!!!
250,Celine Chua,4 stars,"Went for early reunion lunch.
4 stars👍 …"
251,apple tan,5 stars,Volcano chicken~~ very tender and juicy meat!
252,krystal loke,1 star,terrible. Dessert wait for 45 minutes.
253,YiZhong Zhuang,5 stars,"Tasty food, good service, pleasant ambience."
254,Jean-Bernard Guiboux,5 stars,"Very good. For french people, I think it's the top. I love very much"
255,Leon Chua,3 stars,Quite decent but the pricing for same dishes are exorbitant.
256,Sally Seow,5 stars,Good food!! Do make reservations to avoid disappointment!!
257,Benjamin Tan,3 stars,Unacceptably long delay between dishes. But service and food made up for the lapses.
258,SF Toh,5 stars,KL Hokkein mee is quite something. Must try
259,Brenda Toh,5 stars,"Great food and service from Summer, highly recommend the cockles 😍 …"
260,igman tan,4 stars,New place...Food is pretty good... Promotion is decent
261,Marcos,4 stars,Superb service with normal restaurant standard Chinese food.
262,Ian Yew,5 stars,Still my favourite chinese restaurant!
263,Adrian Chan,5 stars,Foood taste  okay. Delivery reliable and early.........
264,Tom Lee,5 stars,Service was very good ! Thank you Ms Summer
265,Cheng Siong Ng,5 stars,Very pleasant staff serving you good food.
266,Waang,4 stars,Quite decent Chinese food. Not too expensive too.
267,Alex Sim,5 stars,Good food
268,Keith Lam,4 stars,Crispy pork belly was very good.
269,Syafiq,1 star,Bad service. Slow. Dgaf attitude from waiters
270,Faisal Alsagoff,5 stars,Love the place. Good service and good food.
271,Gp Tan,4 stars,Food is superb! Unbelievably good
272,Tan Robbin,5 stars,Amazing food and service provided!
273,Julie Leong,4 stars,Good food. Friendly service.
274,kenny teo,3 stars,Food OK but service not that good
275,Yau Chan Lim,4 stars,ok food. reasonable price.
276,Elaine Tan,4 stars,Good food and reasonable restaurant prices
277,Ryan Goh,5 stars,cheap nice and good atmosphere
278,Dan Tan,4 stars,Nice Food
279,Stteven Siow,4 stars,A Chinese restaurant serving Cantonese food.
280,tony shng Tian Liang,5 stars,Place is nice price resonable
281,RONALD SATHIANATHAN,5 stars,Great food and great service.
282,Dan Lim,5 stars,Quality food and nice environment.
283,Eddie Toh,5 stars,Good food and great service
284,Ong Beng Khong,5 stars,Nice and homely Chinese restaurant
285,Ean Tan,5 stars,food was affordable and nice
286,Guodong Hu (Richard),5 stars,Tasty cantonese cuisine
287,Sam Fraser,3 stars,Pretty standard Chinese restaurant
288,Bee Ling Teoh,5 stars,Nice vegetarian restaurant
289,Kong Poh Suan,4 stars,Tasty local delights and dishes
290,Mervyn Tan,5 stars,Nice
291,Stan K,4 stars,Nice decent dishes
292,A,5 stars,Food was really good
293,DAMIENCKC,4 stars,Good food
294,Ng Teck Chiang,5 stars,Good food and services
295,Kevin Tobin,5 stars,Food Was Fantastic
296,Jeremy Chen,5 stars,Food was AWESOME.
297,David Wong,5 stars,Great service and food!
298,와인쟁이부부,4 stars,"A restaurant with a nice atmosphere and decent food. Highly recommended if you like Chinese food. I don't understand, but there is no Chinese alcohol. There is whiskey and a small selection of beer and wine. In particular, I was surprised to see almost all types of Australian Penfolds wine. Anyway, recommended. No intention to revisit."
299,Jill Jiang,5 stars,"No exaggeration! The meals are amazing! ! The landlady is very fashionable, kind and hospitable❤ Super cute! ! And the accent is very Taiwanese! ! ! 😆
It looks like an ordinary #charkoeyteow, but the chef controls the heat and …"
300,Jennifer Chang,5 stars,"Very tasty!
The most recommended are the scallops and crabs in XO sauce, and the fried rice noodles, which may seem like a simple dish for ordinary people but are super delicious! Will definitely visit again"
301,May Peh,5 stars,"The signature dishes are the Irish roast duck, the skin is crispy and delicious, the fish head curry is fresh and delicious, the seafood tofu pot, the summer fruit root, and the red bean casserole are all delicious. Like 👍. …"
302,Wong See Cheong,4 stars,"Yes, the food is delicious, the taste is good, the price is 50% off this month, the service is good, it is worth trying, their Aiyilan duck tastes very good, their bamboo clams steamed with vermicelli are delicious Very good, I don’t want …"
303,Fanny Wong,5 stars,The food is delicious and the environment is beautiful
304,Ming Sen Chai,4 stars,"It's delicious, the flame-roasted chicken has crispy skin and tender meat. 👍🏻 …"
305,Thanh Duc,4 stars,Delicious. There are some strange dishes
306,杨嘉俊,1 star,Food is too salty. Bad review
307,Jelena Ljubicic,5 stars,Excellent.
308,Socklan Teng,3 stars,no other choice
