,Name,Rating,Review
0,Tan Yen Lin,4 stars,"Had lunch at Majestic Restaurant on CNY Day 4.

Food was served fairly quick, all the dishes we ordered were tasty. …"
1,Dennis Chong,4 stars,"Majestic Restaurant - the culinary pride of Chef Yong Bin Ngen. Always a joy to relish and revel in the Cantonese chinois food here, set in a unique location for a Chinese restaurant. …"
2,Q Y,5 stars,"Tried the $98 set menu and it was amazing!! Really enjoyed every single dish, except the dessert which we felt was a little lacking. However, appreciate that they allowed us to top up to other dessert. We topped up one of our dessert to the …"
3,Veronica Pestana,5 stars,"I was looking to get some good Chinese food and remembered Chef Yong and his Majestic Restaurant.
Seeing that they were now housed in Marina One, I was even more curious to check …"
4,Sasa Swift,4 stars,"Don't get the chance to take more pics of food but overall, the quality is quite good, consistent, and fresh. …"
5,muffin Sweet,5 stars,"We celebrated our daddy’s 80th birthday at The Majestic. Restaurant Manager met with us a few times to discuss the menu and accommodated our options for elderly and kid friendly dishes. The food is excellent done in Cantonese style, not …"
6,Ryan Tan,5 stars,"Excellent dim sum and desserts! Highly recommend the special rice roll, xiao long bao  smoked chicken and kuroubuta pork slice. Great attentive service too."
7,DataDriven Foodie,5 stars,"A grand luxurious experience not for the faint hearted.

The food tasted great, service was wonderful, and you would likely need a …"
8,yimien lam,5 stars,"I was here for a birthday celebration with 3 other friends. It was our first time here after reading so many hyped reviews!
The dim sum were solid. It was made using really fresh ingredients. The Peking …"
9,Goh Jia Yi,5 stars,"Food was great, my family got the set and we struggled to finish all the courses towards the end since we were too full. Service was great but it's extremely hard to get the server's attention from where we were seated. But when they were here they are super helpful"
10,Jerron Ang,5 stars,One of the best Chinese cuisine hands down. Upgraded from the old majestic hotel and the food still taste so good.
11,YY,5 stars,Highly recommend this place for wedding for small (70-100)pax weddings. We had our wedding here in July and it was great! …
12,Ashok Sankaran,5 stars,Delicious dim sums with ample choice. Surprisingly plenty of vegetarian choices available too. Water is charged but tea is topped with hot water as often as you want. The food arrived fast and was piping hot. Service was friendly and …
13,J.C,5 stars,Hidden at level 4 of the East wing in Marina One. This place is a gem for great dim sums. Service staff are attentive. Food was great and reasonably priced. Definitely worth giving it a try. But do make a reservation as their area is quite …
14,Choong Huei Seow,5 stars,The Majestic Restaurant is located on the 4th level of the Marine One office and residential complex. It is a fine-dining Chinese restaurant perfect for special occasion celebrations or business functions. It is truly a majestic restaurant serving majestic cuisine! Superb service by the kitchen and servers.
15,Hui-chieh Loy,5 stars,"I was here for a wedding dinner as a guest. The restaurant is smaller and more cosy than I expected. Around 8 tables max. The food is good: modern Cantonese style sea food, mostly, served in individual portions. The sharkfin comes in a …"
16,Ben Liu,5 stars,"One of the better Chinese restaurants in town.   With a long history, they moved from Chinatown to Marina One.  Food standards are high, service is attentive, and the hanging capsule location allows an encompassing view of the Marina One …"
17,Nicole Tan,5 stars,"The food is amazing, every single dish we ordered was good. Especially the char siew and lobster noodles. It was not too crowded on a Sun morning. Recommended for group dining."
18,Michelle K,5 stars,"I've been coming here for many years, ever since they were at the old location at Bukit Pasoh. Standard hasn't dropped, and although my favourite manager isn't working anymore, I still come back because the food is good. All-time …"
19,Fiona RQL,5 stars,"I enjoyed the mixture of modern and nostalgic vibe here. Menu provides many options to choose. For this first time visit, we just ordered most of the signature dishes. Definitely would love to visit again to try more. Ribeye with soy sauce …"
20,Yihan Lin,3 stars,"It was alright, like every Chinese restaurant out there in SGP. Serving size was too small for sharing for most dishes, prawns were very fresh and the roast duck was average. Hor fun was silky smooth, but they can come up with better desserts."
21,Willy 윌리 Tan,5 stars,"Favourite place!
Highly recommend: Hor Fun(thick and springy), oyster mee sua(sweetness of oyster in the soup broth), fried yam with scallop(dim sum), carrot cake(can taste the white raddish)
Came during lunch"
22,Albert Kwek,5 stars,Visited here for a wedding lunch and the food was really tasty. I was pleasantly surprised that the lobster eemian came with a huge piece of lobster rather than shreds.
23,IKM,4 stars,"14 Jan 2023
Food is pretty standard like other chinese restaurants.
But notice on the way out that there's stickers of Michelin 2018 2019 2021.
Not sure what's their specialty here."
24,Joel Ng,5 stars,"Nice restaurant with really nice dishes. Generally the appetizers we ordered are quite nicely done. The fish we had is really awesome. Don't be deceived by the plain looking Yee mee, which doesn't taste plain at all. It is really nice!"
25,Derek Teo,5 stars,"Have been eating here since they were at Majestic Hotel @bukit pasoh rd. I have to say they gave a real good new age spin to Chinese cuisine. Not only does it look good, the taste has elevated from traditional Chinese food. Highly recommend …"
26,James Ong,5 stars,"My photography skills did not do justice to these flavourful dishes. Impressive. Though price may be on the high side, the taste is worth every penny. Duck lovers, you may want to try the roast duck instead of Peking duck."
27,Chua Bernard,5 stars,"Surprised with what this restaurant could serve. All their Dim Sum dishes that we ordered were of authentic taste (Taste that i remembered a long time ago, not taste of current evolved &amp; fancy Dim Sum served in today’s Restaurant). …"
28,William Chua,1 star,"Had the CNY set dinner.
Food was really quite disappointing and nothing to shout about, especially for the price point. Was really surprised to have steamed rice with sausages for one …"
29,Monsieur Snow,5 stars,"This is in L4 East Tower of Marina One.
You can only access here via retail lift. …"
30,Michael Lachica,3 stars,"Just celebrated my mother-in-law's birthday dinner here.

I can't really say much about this restaurant other than it's just mediocre. I'm …"
31,Patricia Lim,4 stars,Celebrate daddy's birthday with family in the restaurant.  We had the set dinner as it's the new year menu. Very sumptuous dinner but really too much for my family
32,Jed Lim,4 stars,"Recommended:
1. Atlantic Salmon Lo Hei
2. Traditional Layered Nian Gao with Sweet Potato and Yam …"
33,Bridget Wu,2 stars,"Food is about the average but the price and services are not.
We dropped by for lunch and nobody was at the reception at that time. We waited for a while and a male manager used his fingers to ask us to come (just like how …"
34,Arielle Barr,4 stars,"Not today, Santa

Well maybe for you but not for me. Instead, my Jewish family did the cliche …"
35,Shay Seng,4 stars,"Once you actually find the correct lift to use, the restaurant is just a stumble away from the lift. The food standard is pretty good. The soon hock cooked 2 ways was amazing. The smoked chicken was fun but a little over cooked, duck was excellent. Other dim sum were as expected. We had a room and service was a little inattentive."
36,Choon T,5 stars,The food here was excellent. All the flavours were on point for the dishes we ordered. We particularly enjoyed the soup and the char siew!
37,BC,5 stars,"Love the setting of the restaurant. At the fourth floor of the new one marina named the oasis. It’s a green resting place and once out of the lift you will see the restaurant. Modern Chinese, slightly pricey but the food is delicate and …"
38,Tiffany Lim,4 stars,I always love zhi char style food. Throw in a good peking duck and lovely ambience and the equation suddenly makes one smile. The only reason why it got 4 star was because the food was a tad bit salty.
39,Claire Toh,5 stars,"We love the soup, clay pot rice and hor fun.

Peking duck is okay, could find better ones! But highly recommended for refined chinese cuisine :)"
40,Sze Wee Tan,4 stars,"This well known restaurant relocated to MBFC East Tower. The food is still consistent and very good quality. Must try the fried chicken, roast duck, roast pork, mee sua noodles. For dessert much definitely try the fried durian"
41,Tay Hong Yi,5 stars,"Our family is usually really picky about Chinese restaurants. At least one person would usually find the food too salty, too expensive, or portions too tiny. …"
42,Xin Tian Yong,3 stars,"I've been here for both lunch to try the dim sum, and dinner. I suggest sticking to the a la carte menu as the dim sum is not good. They seem to use premium ingredients - lobster, abalone, caviar etc - for their own sake rather than for …"
43,Olivia low,4 stars,"Food: 4/5
Service: 4/5
Ambience: 4/5 …"
44,paulneo,5 stars,Came here to celebrate my mum’s birthday. Great food and view facing the river:) will be back again to try other dishes:)
45,Mei Yi Yeap,5 stars,"Fine dining Chinese restaurant with a view..the interior is beautifully decorated. The Peking duck is simply divine: one of the best I've had. The smoked chicken is quite special, although not quite to my taste. The other dishes worth trying are; XO carrot cake, crab fried rice, the har kow ( prawn dumplings)."
46,Jeremy Tay,5 stars,"absolutely delightful. Had a CROCODILE CLAW claypot stew too, which was hard to stomach for some. Gulps. …"
47,Monica Wijaya,4 stars,"I came here for a dim sum lunch and we spent $34 per head for 5pax, which is pretty reasonable for the location, food quality and atmosphere. Definitely recommended for a semi-formal business lunch. The location can be tricky to find as the …"
48,S Wun,4 stars,Dim sum was good and creative. My favorite was the glutinous rice with chicken and mushroom as well as the yam with cheese! …
49,Gina Tay,5 stars,The food was really good and my family loved the experience. The double boiled black chicken soup with abalone is a star and make sure to try the hickory chicken and hor fun. Skip the spicy chili sauce prawns.
50,Mavis Teo,2 stars,"Poor experience and poor service recovery. I have ordered fish maw soup from this restaurant through Oddle many times. I ordered something else in addition during my last two orders. However, most of the food in my last order came cold! …"
51,Minson Tan,4 stars,"Overall good food.

Chicken rice was abit too oily and accompanying chilli sauce was too sweet. All …"
52,Vivien Tan,5 stars,"Great location, ambience and service. Great for hosting in private room as well. The pork belly and soups are a must order! Every dish is good. Personally feel that you can skip the Peking duck because everything else is outstanding!"
53,Elle,3 stars,"Food was good, but the service could be improved.

Celebrated a special occasion here yesterday (Thursday night). The fried fish …"
54,A L,3 stars,"Food seemed to have been prepared way before pickup time. By the time i got home (~20min travel time) it was cold and soggy, which is a pity. …"
55,Rosie,5 stars,"There are a variety of different Chinese cuisines in the restaurant. What differentiates this restaurant apart from others is their Beijing duck's wrap. The wrap is made of rose and tastes kind of like bread, which I did not like. However, the view of Marina one residences was beautiful from inside the restaurant!"
56,Shane CPS,4 stars,"Had an enjoyable meal time at this restaurant.
Special mention to the dishes that I truly enjoy...
The trio combination starter with foie gras, crispy fish skin with caviar and …"
57,Simon,2 stars,Spent a good evening with my colleagues to celebrate an event. I do not enjoy their food however...to me it is too salty. Service is really disappointing. Probably it is close to Lunar new year which the whole restaurant is packed.
58,ZH T,4 stars,"[Majestic Restaurant] Singapore, 7 Mar 2022. Ordered Menu S at $387.70 SGD for 5 pax and 1 pot of tea. …"
59,Gin Mei Kee,1 star,"Staff had no courtesy to ask if you finished your food though not yet done.
Arrange table below the two pillars causing inconvenience to people.
Standard of prawn mushy. Not fantastic although I heard good comments from people."
60,Carlos A-Barnes,4 stars,"Nice venue, very good food. The menu is very big but I must say that everything is very good. If have to say something in order to improve, then the xiao long bao dough is too thick. The service is also very good. Definitely I recommend this place. It is located in the 4 storey in a beautiful environment."
61,Chili Pedi,3 stars,"Fine Chinese restaurant. Food presentation was decent. Flavour was well balanced. Pleasantly surprised by the breaded foie gras in the appetizer. Coconut soup was tasty enough, albeit a bit difficult to access. The wagyu beef dish tasteless …"
62,Jiayi Goh,4 stars,"Nice setting of the restaurant located at Marina One. The dim sum were really good, I love the carrot cake here. Would be back to try the dessert. Overall ok except the service."
63,Rachel Lau,4 stars,Delicious dim sum and crispy seafood noodle! Reasonable price and quiet environmental during weekend! Will go again to try the set menu!
64,Dan Wong HH,4 stars,We had our family lunch (25pax) here at Majestic restaurant on Aug '23 and the level of service provided by the crew was good. …
65,Alexis,5 stars,Absolutely love the food here. Personally I love the wasabi prawns here are very delicious and the lobster dumpling soup stuffed with generous lobster.
66,CK Tan,3 stars,"Beautiful environment set in the middle of one of the nicest condominium-office in Singapore. Fusion Chinese cuisine with interesting dishes. However, I find the food overrated (price-taste)."
67,Food lover C,1 star,"Read many reviews, surprised that there are some good comments.
1. The roast duck- meat too old and hard, very very very salty. I am not sure if the chef used a different measurement units. …"
68,Guo Hwei Lee,5 stars,The simple dishes were majestic! Truffle fried rice and black pepper beef cubes are the highlights. The rest of the dishes were good too.
69,Whiskey Tea,5 stars,"Best egg wash hor fun with the wok hei I had in a long time . The hor fun egg gravy is super addictive ,  a sauce I would lick off the bowl … this tells you how good it was . hor fun was topped with ikura. Very nice twist . …"
70,John Sim,4 stars,"Har gau normal,  Xiao long bau normal juice ruptured before I could eat,  lychee siu mai a bit over the top with the sauce overwhelming the taste,   very good pork,  very good but small egg tart flaky and inside custardy."
71,Fanessa L,5 stars,"Have been patronising Majestic Restaurant for many years. Many places have a mix of hit-and-miss dishes, but Majestic is full of hits. Food is consistently good!"
72,SIEW LIAN LIM,4 stars,"Great ambience when dine at this posh restaurant at night. The place is difficult to locate though.
Food are generally well prepared n presented. The sweet n sour pork is a …"
73,Cookie Monster,4 stars,Great tasting Chinese Food. Lobster noodles was the bomb! The sauce accompanying duck meat was a bit too salty for my liking though.
74,Ajay Sadana,5 stars,"Food- amazing Taste, tried 5 diffetent dishes and everything was upto the mark
Cost- A bit expensive, worth it!
Ambience- architecture of the building where this restaurant is located is …"
75,Hartono Harjono,5 stars,"Duck, chicken, dumpling, carrot cake, pao etc...you name it, itt worth every single cent. The food is superbb. If you dont know what to eat, you can try their package $50/pax (min 2pax) for few courses. You can bring your own wine without any additional fee."
76,Ling,5 stars,Came here for the first time based on friend’s recommendation. Fantastic food! Cosy restaurant! Attentive staff! 👍👍👍 …
77,Joanne Lim,5 stars,"Highly recommended to visit this place for their dimsum and lobster dish! Chicken and peking duck are the dishes that i would give it a miss next time. To sum up, great and ambience. Definitely will come again."
78,C W,4 stars,Nice surroundings. Decent food - enjoyed the smoked chicken and peking duck. Could have better directional signages to make it easier for customers to find the restaurant.
79,Alvin Lee,1 star,"The food looks so depressed and I could say you could judge this book by its cover as the food tasted bad. I think the only reason they got their Michelin star was out of pity or because they only served their duck. Plus, I asked more no vegetables in the Yangzhou fried rice and guess what? Still vegetables.."
80,Asamama,4 stars,"The food is nice however the vege is not as good as it come with all stems mostly ,when i inform the waitress she mention is like this because the leaves are old leaves and not nice . The horfun , duck and soup are fine"
81,YK Goh,5 stars,"The food is very delicious, especially the roasted pork char Siew and the salter egg prawn 🍤! And the environment is superB, will be back for sure. …"
82,Mandey J,1 star,Food quality isn’t the same as it was last year. Was served lots of fatty pieces of the chicken. …
83,Thomas Saw,5 stars,The cutlery is well set up &amp; the HarKao is delicious big. Roast duck meat is tender with enough roll wrap for each crispy skin.
84,Trina Chia,5 stars,Amazing chinese food loved the suckling pig and peking duck!!! The duck meat was so soft and delicious. A must-try would be their fried durian ice cream! Plus the area is amazing and the exterior makes for a great photo op
85,YH C,5 stars,Used to be a majestic hotel at Bukit basoh before they moved to Marina one. Different food but still good. Only let down was the lobster soup .. it came out more a bisque than the Chinese soup I was expecting.
86,Ming zhu Wang,2 stars,"Ordered seafood hor fun, iberico char siew, durian ice cream and rice dumpling. Seafood in horfun wasn't fresh, gravy wasn't silky with egg as it was advertised, not much wok hei also. Iberico charsiew was mostly 70%fat which isn't very …"
87,Anthony Wong,1 star,Their online ordering system needs a revamp. They do not monitor the pre-order made online and only start to process my order when I come and asked to collect it. This is not the first time it is happening. Please invest in a better online …
88,C73,5 stars,"Came again for dinner and it was really good still! Great food great service, just wish they didn’t close so early :) …"
89,Kenneth Lee,5 stars,Excellent food at relatively reasonable price! Just sharing two of the dishes. Forgot to take the rest as they were too yummy. Would visit again for sure!
90,Jessica H.,5 stars,"Food is nice. A bit pricey.
Dim sum is available as well."
91,Jes Jassi,5 stars,Went during lunch for louhei
92,SingWei Wong,5 stars,"First time here at their new location Marina One, quality of food and service are equally good as at their previous location. Charsiew n horfun are their must order dishes 😋😋😋👍 …"
93,Jia Yan Ng,5 stars,Great food and great ambience. Particularly like the yam scallop dim sum and broth meesua. Fried durian ice cream is a must try!
94,V Yao,5 stars,Very decent Chinese restaurant hidden in oasis environment! Good quality quite nice as well ! Walking distance for me so will back again for sure.
95,Andrew Oh,5 stars,"The food here is always phenomenal. Best dim sum in Singapore, though pricey. Worth it you can afford it."
96,Andrew Tan,5 stars,"Good ambience and view. Great food spread and food yummy. Once we informed them that we have a birthday boy in our midst, they prepared birthday paus for three of us. Picture will tell how elaborate they did to make the birthday boy happy. Great Job to the Chef and Service Attendants."
97,M L,4 stars,Good place to go if in need of a small venue.  However parking charges is ridiculous high there.  Perhaps it’s due to Marina vicinity.
98,David Tan,5 stars,Excellent food with innovative ways of presentation. Staff service was also excellent. Well deserving of all their accolades.
99,KH Ang,5 stars,Went on weekend. Abundant parking spaces. Good service. Corkage $30 or buy 1 free 1 corkage.
100,Fann,5 stars,"Must orders: egg tart, char siew soh and truffle fried rice!!!"
101,Howard Lok,5 stars,I had an oriental 8-course meal served in a western-styled fine-dining fashion. Oriental cuisine that is unique and atypical of most Chinese restaurants.
102,David Yip,4 stars,Organized Champagne testing dinner for a group of 7. The restaurant was fine with hosting us in a private room. We paired the food and brought our own glasses. Great CBD location. Food was good. Service was attentive. Tip. There are tables outside so you can continue to drink if the restaurant is closing.
103,PC,5 stars,"One of the best hor funs around - thin, ‘Q’ and full of ‘wok hei’ 👍🏻👍🏻 The Crispy Mangalica Pork Belly Marinated With Five Spice was unforgettable too. …"
104,Anthony Hor,3 stars,"Price - slightly above average
Food - good
Service - average …"
105,suzen,3 stars,It would be better if we get the windows seating. Quite abit shocking that their outdoor still under renovation. My most fave dish was bun dip with chilli crab sauce 😋 …
106,Khine Lei Win,5 stars,Great food there.Delicious and tasty
107,Dave P,4 stars,Exquisite resturant which accommodate about 10 tables with 2 single private room. A few non-aircon sittings but with good ambience. Situated in commercial area and thus less crowd over weekend for ease of parking. Food quality is good and prices on the slightly higher side.
108,tak monmon,4 stars,"Bit expensive but I always enjoy the foods here, you have a wide range of choices."
109,Lestrine Tan,1 star,"Staff should learn what is customer service all about , never been to a restaurant with such POOR service. Food was excellent but very disappointed with the service."
110,Lim Eugene,5 stars,"Awesome food and great service!

Must tries include the lychee siew mai, bamboo clams and beijing duck."
111,Chin Hock Yeow,5 stars,Steam dim sum is nice and serving is huge
112,Peter Loh,4 stars,Dinner for four. Cooking is good and portion more than enough.
113,Evita Tan,5 stars,Very authentic and delicious dim sum and Cantonese cuisines. Attentive service too. Our favorites family restaurant when hungering for Chinese food.
114,Deborah,3 stars,Service was lukewarm… went for lunch  and my friend was checking one of the orders with a crew and didn’t get a very helpful reply. He was asking if one of the dishes that we ordered would be up soon. I think the simplest would be probably …
115,Mei Chun Tay,4 stars,"For me, a good hor fun must have that characteristic wok hei! I recommend all to try the Claypot Hor Fun."
116,George Gan,5 stars,Good food reasonably priced for the location it is now. Missed the old Majestic from Bukit Pasoh. Had birthday lunch and was given complementary birthday buns in a very ornate presentation.
117,Vincent O,5 stars,Great food quality and service is good
118,Josephine Lee,2 stars,"Had lunch at Marina One location. Good food, pricey but quality is there. Customer service needs to be improved. We were made to feel inadequate by the staff stating that they had a full house indoor and we had to sit outside with poor …"
119,T H Ong,5 stars,Excellent Chinese cuisine in a Chinese restaurant. Got the private room to celebrate special occasion.
120,Allen Tan,1 star,"Very rigid and unfriendly reservation terms. There are only 2 time slots for lunch - 11.15am or 1.15pm. None of these timings make sense for business lunch meetings. Yet, restaurant is so rigid to accommodate for 2 pax when the restaurant …"
121,Kazu Takiguchi,5 stars,Nice Peking duck. Liked abalone noodles as well
122,Ember Shen,4 stars,First know of this when my boss treated me to lunch. They have pink colour wrap for peking duck.
123,Wai Kin Leong,1 star,"If you want bkack face service staff and not so good food, this would be a perfect choice."
124,Alvin Lai,4 stars,"Corporate lunch in conjunction with Chinese New Year.

Mind your head for those seated by the window, for the slanted low beam (though …"
125,Tan Chung Hong,3 stars,Great attempt and interesting concepts. Brought my grandparents and they recognised the name 大华. They said it was one of the best Chinese restaurants back in the 70s and were expecting the same type of finesse and old school dishes. Not …
126,Misui Elizabeth Hayashi,1 star,"The service level has been extremely dropped down… I have been dine in about 5 times in the past, now the entry staff J. just ignoring customer and restaurant’s manager L. as well- No even one smile, can tell how much they don’t wanna work …"
127,LOH LAWRENCE,4 stars,I ordered takeaway from the Chinese New Year menu on 21 Jan 2022. This is the first time I ordered takeaway. I have dined in a few times. …
128,Yx,5 stars,One of the top Chinese restaurants in Singapore. Make sure to try their specialities as marked on the menu!
129,LiLing G,4 stars,Ordered Delivery via Oddle and everything is so nicely packed and warm when the order reached me. …
130,Kai Sin Koh,5 stars,"Unlike convention Chinese restaurants (crystal jade, imperial, paradise), Majestic offers vast food selection with great ambience and pricing! 😃 …"
131,Christine Guo,5 stars,Great find and many dishes are very yummy 😋 …
132,Patrícia Busquí,5 stars,"Delicious!! Order delivery and everything arrived super well packed and hot. The hor fun was soo amazing, as well as the Peking Duck and the fried rice. The chili crab sauce was delicious. No dish disappointed, no dish was less than delicious. I can't wait to try different dishes next time!"
133,Ray Focus,4 stars,"Had dimsum, Peking duck, fried e-fu noodles, n braised beef brisket. Overall standard of food &amp; service is above average. However, it just lack the oomph to warrant a deliberate return trip, esp the Peking duck which is a big letdown. Also, the price is pricier than most Chinese restaurants."
134,Felicia Lau,2 stars,"Had our reunion dinner here last year, so we decided to order takeaway for the last day of cny this year as there were too many of us to dine out. Have to say we were extremely disappointed with the food; it was nothing compared to what we …"
135,Alexander Lim,2 stars,"Not my first time eating here, but might be the last.

This time, I was eating in one of the private room area. There were 2 tables for …"
136,Matthew Khew,5 stars,Hidden gem inside the Marina One Resident. Located in a silent and peaceful area of the central business district. …
137,Kenneth Lim,5 stars,Great place!
138,Chiang Yin Wong,5 stars,The old magic is still there. And several new innovative dishes
139,PZ,4 stars,Nice ambience and good Chinese food especially the chicken soup!
140,Xu Ying Lee,5 stars,Came on a weekend for a birthday celebration and highly recommend taking the set menu! Ingredients were fresh; especially loved the sharks fin conpoy soup which was flavourful. The char on the kurobata charsiew was one of the best I had. …
141,LHL,5 stars,"Really love the food here and have made numerous orders via Grab. The dimsum is always top quality - the prawns in the harkow are super plump and juicy, while the char siew sou is baked to a right flakiness. Other must order dishes for us …"
142,Katy Perry,5 stars,It was fantastic. Beyond and above. Must make a reservation on Weekend
143,Moon Ho,1 star,"Atrocious service.
The wait staff who took our order was grouchy throughout. When she couldn't hear us through our masks, she merely raised her eyebrows and expected you to repeat …"
144,Julian Su,2 stars,"Do not. Do not. Order takeaway from this place.
Just an honest review below: …"
145,Julien,2 stars,"I gotta admit I didn't try their more famous dishes like smoked duck or chicken, but we had the set menu, and come on, it should be a safe choice isn't it? …"
146,Claire T,4 stars,"We haven’t been to Majestic for quite sometime. This time round, food was good but service was spotty initially. We booked the private room. After we were shown to the room, we were left alone for a good 10 minutes. Nobody came to attend to …"
147,Jacky Lim,4 stars,"Get to visit this fine dining restaurant during our company lunch. It is located near to marina bay mrt within walking distance. The bad is that the lift is slow and always full of people, when we reached the restaurant it is full of …"
148,Kr,5 stars,"maybe consistency is an issue sometimes, but my experiences at the majestic has always been pretty decent. …"
149,Ng Tiow Seng,5 stars,"Absolutely majestic, huge space outside the restaurant overlooking awesome Marina CBD. Authentic ambience inside the restaurant with nice decor and displays including good lighting for photo taking. Foods taste great and are unique, prices …"
150,Helen Heng,5 stars,"Went for Saturday lunch.   The dim sum menu was quite entensive, and the quality of food was good.  Ordered Beef Hor Fun and other dishes too, they were all well done. Of all,  I particularly liked the baked Char Siew bun and Egg Tart.  The bill came up to be very reasonable, I thought we received excellent value for the price we paid."
151,Kane Neo,5 stars,"The food here is simply phenomenal. The cold tofu was the best tofu dish i have ever had and you certainly feel that you are getting your money's worth here. The service is also prompt and responsive. If there is a slightly more grand occasion, this place should definitely be up for consideration"
152,Lionel C,1 star,"Food is so so. Max 3/5. The Peking duck and shark bone soup were ordinary. Lobster dumpling soup was too salty. The mian xian with baby abalone was ok, but also a little too salty. Char Siew was way too fatty for my liking (about 60% fat). …"
153,Tommy Seah,5 stars,Excellent service . Food is not too bad. But I found the smoked chicken item is much more tender and juicy at Eastern House of Seafood
154,Anne Yap,3 stars,Ordered take away 2 nites back. Roast duck was good n sauce of chilly prawns was nice. Fried squid was average. Beef cubes could do with less tenderiser. Cartilage soup was disappointing as it looked n tasted like pork bone soup.
155,Te Shan Liang,5 stars,"Two dishes here can make the trip to Bayswater in London to eat unnecessary.
The Irish Roast Duck and the Lobster Noodle. Both dishes excellent in execution and flavour. Service a bit relaxed (but still far better than that in London). Added plus is a view of the ultra modern interior of Marina One from your dining table."
156,Bernard Tung,2 stars,"Smoke chicken taste good.

However, the fried rice is not fragrant and a bit wet. …"
157,psyOmicron,3 stars,"Great food, their duck and char siew are one of the best I've ever had, and the wok-fried mee sua is really tasty too. Buuuuuuuut... their service is much to be desired, the waitresses are often joking around and very very disorganised. …"
158,Desmond Goh,4 stars,Good Chinese food in the CBD. Visited here at night after work and the restaurant was fully booked. Food was good (see lobster soup and the signature spare ribs) but the waiting time for dish to be served was pretty long. …
159,Ermarita Ermarita,1 star,Rude crazy waitresses. They need to be trained on International hospitality other than their own cultures as is at Marina Bay Garden. Dim sum are not palatable. Seriously the attendants need to be trained on manners and interpersonal skills.
160,Sock Cheng Tan,2 stars,I hardly give poor ratings but the dining experience here is really below par for a fine dining experience. …
161,dweeds,1 star,"Food was mediocre and the service was bloody atrocious, would give a three stars, buy the staff serving was having the kind of attitude as if I murdered her dad. Will never ever return. If thee food was top notch, it would at least be …"
162,Ellie Sue,5 stars,"Great food, great view, great ambience."
163,Stephen Robinson,1 star,What has happened? The Wasabi prawns were tasty but tough. Then it took 40 minutes to get the next courses. And had to cancel the last one. Service is inattentive and had to ask to have wine poured each time as it was elsewhere in an ice …
164,michael luk,3 stars,"First time at the restaurant, kinda busy on Sunday, wait staff able to get us a seat, ordered a few dim sum and appetizer, the deep fried white fishes came out looks very nice but after one bite it's nothing but hard crunchy batter, the dim sum is average, the lobster soup dumpling is very good, will try again for different dishes, ....."
165,Sammy Leong,4 stars,"Very clean
The food was good, well cooked
Atmosphere was excellent …"
166,Stephanie Chan,4 stars,"Really enjoyed the dishes here! However,  the smoked chicken did not live up to the hype.  Love the hor fun!
Looking forward to returning for dim sum another time... Even son is requesting too!"
167,jc710 Chin,3 stars,Went to this old namesake restaurant where I grew up when I was young previously at bukit pasoh road and spent almost daily as my grandfather of the Samsui clan had business in Chinatown and where I was born too. But here at the new premise …
168,Melissa Zhao,1 star,"Food is good. But staff service is very bad, no smile, not responding"
169,Trinitius,2 stars,Ordered full lobster noodles but only one  claw bigger than the other and mid section tail missing. Either lobster was deformed or pieces melted i to the noodles or disappeared. Peking duck packed in containers also became soggy. The chicken soup was OK.
170,Joe Chia,5 stars,Good food and ambience
171,Lex Lim,3 stars,Maybe I expect too much. The hor fan was too burnt for my family. I don't mind paying a bill of $240 but was certainly a little disappointed. …
172,Shermae Leong,5 stars,The peking duck was amazing :) Nice ambience too
173,Shirley Tan,1 star,"Our dinner was on 17th march 630 pm.
Order set O for 4 pax. $228.
The food was horrible + service is terrible. …"
174,Charsiew Rice,4 stars,"Good food, value for money sets if dining in groups (about $40 per person for a multi-course set with dessert). Service is lacking for this type of establishment (changing plates, topping up tea, etc.)."
175,Bryan Lee,5 stars,"A very nice cosy atmosphere, food and menu is fantastic. Potion is good and quality of ingredients is very good."
176,Sunil Dhar,4 stars,Cool Contemporary Ambience with Great Food !
177,Celine Ong,4 stars,"food is great, services are awesome, location is fabulous (to watch nearby gardens by the bay night show)"
178,zi yan lim,4 stars,Nice food but servers a little blur
179,Rarchelle SY,4 stars,"Had a good experience with the restaurant.. taste wise is good , their lobster is very fresh, and attentive service… price is on the high side ☺️.. will be back again if there is good promotion going on!"
180,Ong WC,3 stars,"Really an overrated restaurant with very expensive price list. With such price range, we can easily get much better option elsewhere. The food is not bad, but not really special too. If you have time and can find better option, than please do so."
181,Pearly Soo,4 stars,"Hard to find. Address should have been more specific , ie East tower. The two towers do not join on the 4th floor. Food standard dropped since the move from majestic hotel. Okay place with loads of natural light for a business lunch."
182,CK Lee,5 stars,"Fabulous evening, very good dinner.
Point to note, they closes at 9.30pm."
183,Patricia Tay,5 stars,"Very good, enjoyable n pleasant to celebrate my hubby 80yrs old Birthday"
184,Aaron Wang,1 star,"Bad service for a fine dining restaurant.

No change of plates, ask to take away our leftover. But the service staffs didn’t bother entertain us at all."
185,Lydia Ee,4 stars,"Exellent food. Delicious dinner.  Difficulty of going up to restaurant. Direction from staff in the restaurant not clear and impatient, probably because of too many same inquiries. No notice of direction at the main doors at the east wing."
186,Sam H,1 star,"Seafood not fresh. Peking duck is a joke, it is just a skinned Cantonese roast duck. Don't waste your money."
187,Bee Loh,1 star,Had two good experience there but tried to get a table and was told they could only served VIP with huge pocket. Service staff that took the phone call said their business is too good and can afford to be picky. Your foreigner service staff is closing down your business.
188,Sotthi Upali,5 stars,Excellent roast duck and pig followed by simmered spicy soon hock and claypot rice to finish. My favourite chinese degustation menu
189,Bernice Yeo,4 stars,"Quiet place, great service and good but pricey food!"
190,abhimanu Singh,5 stars,"Majestic is a beautiful place where we can spend our valuable time with our family and friends, memories that cherish forever 💕 …"
191,ONG TZER KAE,4 stars,Need to book for reservation. Tim Sum small but good tastes. Soups are great. Service excellent.
192,Charmaine Chu,5 stars,Yummy 😋 …
193,Jasmine Ngu,4 stars,Very decent Chinese food! Some food items are quite flavourful and on the salty side. Fusion dishes are done well.
194,Farren Toh,1 star,The service and view is nice. But the food standard have drop as all the dishes served was too salty . I am very disappointed with the manger reply that food serve should be salty.
195,Daniel Chan,2 stars,The service was very slow and the food was lacklustre. The restaurant did not live up to the standards of all the good things I've read about on the food blogs. It's regretable.
196,Bernard Sim,5 stars,Amazing food - the egg tarts are to die for.
197,Kiko,2 stars,"Food at best is average, service is hit and miss, especially the 2 servers in normal uniform needs to be trained for a restaurant at this level, the way they serve the dishes, place the plates and cutleries needs serious training."
198,Winnie G.C. Lim,2 stars,"Chef Yong, if you are reading this.  Your service crews seems not very happy.  Your food is good but don't make your customers feel incomplete due to the lack of service!"
199,Frederick Chuah,5 stars,I love the Chinese food here.. been return many times..
200,Aaralyn Teo,3 stars,The food was great!! Environment is normal. However..the attitude of staff needs to improve. We hope will visit next time.
201,Grace Faith,5 stars,My new favourite Chinese restaurant together with Wah Lok. Awesome innovativefood and great service. Going on weekends makes the dining experience even better.
202,K C,4 stars,Good environment and food. There are time slots for meal bookings especially during peak periods. Ask how much time you are allocated.
203,Steve Kent,4 stars,Lovely food. The steamed pork bao and Hot and Sour soup were the stand outs for me
204,Thomas Loke,4 stars,"First time coming to this restaurant, food was very good. Tried the Tim Sum, Char Siew, soup etc.... Will surely come back again"
205,Rockafella Lim,5 stars,Parents love this place and food served here. We are regulars!
206,Shannon,1 star,"Below average food, not worth the price and can be quite noisy due to close proximity to other customers"
207,Khalid Qirem,4 stars,Good authentic Chinese place. Not everything in the menu so you need to ask. The chili crab was good.
208,hoon2304,4 stars,"Roast duck, wasabi prawn and toufu fried with spinach is par excellence."
209,Ian Wurn Lee,4 stars,Restaurant has very interesting fusion Chinese food that was delectable. Locale is really interesting. Looks almost situated in a garden !
210,Angie Wee,3 stars,Food is good but service no. Staff don't put on smile and not very attentive at all.
211,Wong Ruth,5 stars,Nice surrounding place plus nice food... simply love it
212,BC LEE,4 stars,Nice restaurant with unique chinese cusines in the business district area.
213,Leonard Tye,5 stars,Great Food and Ambience. Would definitely come again with my family.
214,Elyse Ma,5 stars,It has been my favorite chinese restaurant.   The best in Singapore.
215,Dennis Ho,4 stars,"Standard of services below average. Food so so, can be better. Location - not easy for drivet"
216,Dylan Xie,4 stars,Smoked chicken and a whole lot of hidden gems
217,Julie Leong,5 stars,Nice ambience. Excellent service. Good dishes especially the steam fish.
218,kweecheong wong,5 stars,The dishes were fantastic and absolete delicious. Amazing good!!😃😃 …
219,hehehzx,5 stars,The lobster and dim sum are nice!
220,Olive橄榄廖,4 stars,Great cantonese food but service is too slow.  Great for family gathering
221,El Viva,5 stars,Good quality chinese dimsum.  Kinda hindeen behind construction walls
222,Luna Park,4 stars,Good dim sum during lunch. Quiet place to have biz lunch or dinner.
223,Ivan Soh,4 stars,Foods are good and price is such location should be çonsider as reasonable.
224,Teh Home,5 stars,"Great lunch, restaurant not big, a bit tight"
225,Koh Kian leong,5 stars,"Dim Sum, Black Chicken Abalone Soup, Roasted Pork, Char Siew......Excellent."
226,Kow Tang,3 stars,"Very good soup.
Most of the food ok."
227,Starry Storm,4 stars,Had the set lunch menu which was quite decent. Service was great.
228,Joseph Liu,5 stars,Have great food with reasonable view. Great for a good family dinner.
229,Low Grace,3 stars,Not to my expectation. We were being hurried to leave at 9:45pm.
230,SL Fang,4 stars,Nice ambience. Good for business meeting. A bit pricey though
231,wendy jacobs,4 stars,Great ambience but food lacking in variety for the price. But it was all delish
232,Michelle Ang,5 stars,"Soup is yummy.  Dim sum is good.
Good place to visit."
233,Ethel Teo,3 stars,Food and setting was great! But the staff had a bad attitude...
234,Cleo W,5 stars,"Food is creative, although sone r mot my favorite but recommend to try."
235,Margaret Ho,5 stars,"Good food at reasonable price. Also, polite serving staff."
236,Erik Wang,3 stars,Good service but food is quite ordinary compare to its reputation.
237,Chi Mun Lam,5 stars,Food was great! Good location and adequate service.
238,Wai Kheng Watt,1 star,Food very salty n oily. Service slow n poor. Very disappointed 😩 …
239,Alex Chua,5 stars,Food is very well cooked and delicious.  A must try place
240,Nicholas Chng,4 stars,Food is good. Make sure you have reservations
241,Christina Soon,5 stars,Good food n not noisy.. Staff attentive
242,Surachate Chutima,4 stars,Small but cozy.
243,Jerrold Tan,4 stars,Food was great and the siewmai had an abalone on top!
244,S,5 stars,Love the food!
245,VA,5 stars,"Great food, even vegetarian options were nice"
246,Claus Hansen,5 stars,Fantastic restaurant with the most exciting take on modern Chinese food in town.
247,SF Toh,4 stars,Perhaps not my cup of tea - food is too edgy and not good tasting enough
248,Benedict Tan,2 stars,Phone always cannot get through😤No way to get to restaurant …
249,Kim Geck Lim,5 stars,Good dim sum. Wide selection of dim sum available.
250,Angeline Ng,5 stars,Fd is gd n not easily u can meet ppl there!
251,Paul Arendsen,5 stars,No conneseur but the food was majestic
252,waytochrist Faith,5 stars,"Nice place, staff is friendly. Food is great."
253,Richard Zhou,3 stars,Waitresses are unlike oldtime where they could clear a table in 30sec flat😀 …
254,KC Lim,3 stars,Food is good but service is a bit disappointing...
255,Lester Neo,5 stars,though it's just CNY meal. it's still top notch.
256,Kelvin Koh,5 stars,Food was superb and service and excellent too.
257,Markku Ranin,4 stars,Pleasant cosy ambience on a beautiful wood floor environment
258,Cat Yip,5 stars,Love the food here. Nice!
259,desertrose TAN,4 stars,"GoodFood quality, excellent service staff"
260,Martin Tay,5 stars,Very nice view with good food.
261,Chou Kuang Hong,4 stars,"Nice ambience,good food and good service"
262,Kian Wee Chong (William),5 stars,Superb restaurant for great food with impeccable service!
263,Dom,5 stars,"Great good, friendly staff, good corkage."
264,Su.Shi G,1 star,Can't even deliver the basic expected of a restaurant
265,Liv C,2 stars,Average dim sum for the price. Disappointing
266,Wilson Lai Sze Lim,5 stars,Excellent food. Must try the deserts.
267,Buddyvdb Five,1 star,Shark fin sellers! Stay away! Don’t support!
268,Ming Hung Er,5 stars,Superb food offering at a fair value price point
269,Nate Tan,5 stars,Food are majestic!
270,Michelle Huang,1 star,Extremely Rude staff! What a pity!
271,William Soh,4 stars,Located at 4th floor Marina One Office and retail
272,John Brian Lim,5 stars,Fantastic place for a small gathering!
273,HO CHI,4 stars,good task
274,Iggy yeo,5 stars,Excellent exquisite Cantonese food
275,Mun Yick Meng Jimmy,5 stars,Best authentic food from chef Yong
276,S ZY,1 star,Poor customer service
277,Just2come,5 stars,Fine dining …..yummy yummy
278,David Leoy,5 stars,Good fusion duck dish
279,Francesca Boey,4 stars,Nice restaurant that serves yummy food.
280,Aishwarya Shivdasani,5 stars,Excellent Chinese meat cuisine
281,Darwin Hadinata,5 stars,Worth it
282,Eugene Lim,5 stars,Exquisite and very fine.
283,Emma Liam,5 stars,Great dim sum !
284,Cheng Nian Tee,1 star,Bad service. Wont come again.
285,nick wee,5 stars,Great food and ambience.
286,Xiaoqiang Guo,5 stars,Nice
287,mary Hoon,5 stars,Service and food awesome..👍 …
288,Nicholas Yau,5 stars,Good
289,Johnny Chan,5 stars,Food &amp; service excellent
290,Boon CBL,4 stars,Good food and service
291,Kisan Kirtisinghe,5 stars,Lovely ambiance!
292,Helen J. Goh,4 stars,Great food!
293,Paul Yong,5 stars,Food here is excellent
294,pitan T.Siriwatana,5 stars,Good fusion food
295,Lek Feng,5 stars,Great Soup
296,CY T,5 stars,Fantastic food.
297,Lucas Tang,5 stars,Food is amazing
298,Zongneng Tan,5 stars,Awesome food
299,Zizhen Wang,4 stars,"The restaurant is located in the apartment building where I live. It's called Dahua in Chinese and it serves exquisite Cantonese cuisine. Although it is not Michelin, there are various awards hanging on the wall after entering. In addition, …"
300,R. S.,5 stars,"A Michelin-level Chinese restaurant that is impressive and would like to recommend. The restaurant is located in the 4th floor of Marina One (East Wing). It is a small Chinese restaurant, but the food tastes good and very delicious. The …"
301,Ayako N,4 stars,"This is a Chinese restaurant that has moved to Marina One. I used it for a company farewell party, and the service was good and the food was excellent. Nekosanno pie? It seems that they are famous for their desserts, so I ordered one, but …"
302,NED JI,4 stars,"The food is pretty good, one of the better Cantonese restaurants in Singapore."
303,中村雅美,4 stars,"I went there with my family, and it seemed like we ordered a course, so we couldn't finish it all, but we were able to take it home, and the customer service was good."
304,kei chan,5 stars,Very delicious including the xiao long bao.
305,Ngooi Sen,3 stars,"It’s so expensive that it won’t fill you up, and it won’t reach your throat or lungs!"
306,Fenghua Li,5 stars,The price is not expensive and the product is pretty good
