,Name,Rating,Review
0,Joey Winnie,2 stars,"Ok so where do I begin! I had high expectations of this place. However, no matter how good the ambience and food is, the service can really dampen your food experience. It was a team dinner for 5 (two of them my Australians bosses who love …"
1,Supreet Kini,4 stars,"Came over to Shikar for a relaxed weekday lunch date. The restaurant is located in Maxwell Reserve Singapore, Autograph Collection. …"
2,Donna Cashore,5 stars,"Excellent experience. High-level food with high-level service. A truly exquisite experience. Highly recommended. The à la carte menu is pricey, but you get what you pay for. :) …"
3,Lynn Lynn Oo,5 stars,"😍😍😍 A super premium dining experience

💲Pricy but it's worth every penny …"
4,Zee Kin Yeong,4 stars,"We stumbled on this restaurant while wandering around Tras Street last week. Decided to come back here for lunch. They have a very nice thali set lunch. Small portions that quickly added up. But the portions, while seemingly insubstantial, were packed with flavour. We were happily stuffed before we got to dessert."
5,Pallavi Misra,5 stars,Shikar was sooooooo yum!!!! And the service absolutely amazing! I would highly highly highly recommend this place. The decor was amazing too! …
6,Rekha Krishnan,5 stars,"The decor recreates the atmosphere in India of colonial times- dark wood furniture with upholstery to remind you of the hunt, subdued lighting, shelves of books. …"
7,Avijeet Sen,5 stars,"Last visited in Sep 2023

Have been to Shikar a few times now (all for lunch) and I must say that it is …"
8,Rovik Robert,4 stars,"Pitching itself as upscale Indian dining, I had high expectations for this place. Menu shows quality ingredients and the elevated prices to match, but the food on delivery is inconsistent. The bread options were good, and the daal is …"
9,Vyacheslav Golik,5 stars,"This is one of the top and best restaurants in the world!
Great experience to try an indian food! …"
10,Ali,3 stars,"So after all the hype, I have to say the food was very average and nothing special. I enjoyed Chef Jolly’s restaurant in London where the dishes were excellent but here, unfortunately, it was okay. …"
11,John Yeomen,5 stars,This is definitely the place designed to impress. The decorations were exquisite. The display of military uniforms and polo reminded me of old English Colonial. …
12,Jamal Al Suwaidi,5 stars,"Very authentic Indian food, the taste of all the dishes i tried was really good, the service is excellent and the atmosphere was very classy and warm."
13,Niteesh M.,3 stars,"The ambience is stunning, with a colonial touch to the interiors. If only the food were as good. We tried the duck seekh, goat cheese tiki, butter chicken, rose pistachio kulfi, and a very random cocktail I can't recall the name of. …"
14,Kameel Vohra,5 stars,"Undoubtedly the best Indian fine dining I've had in Singapore. There's a good variety of vegetarian &amp; vegan options. The meats were incredibly tender and well flavoured, though delightfully - not overly spicy! There's some very interesting …"
15,Debsubhra Chakraborty,5 stars,"Had a wonderful experience when we went here for my birthday. The restaurant is located at the end of a long corridor, where there are other restaurants (belonging to the same group) as well. The decor is excellent, evoking the era of …"
16,A Ku,4 stars,Gorgeous ambience and good service. Food is impressive especially the paratha. I never liked beans but I finished the bean curry. Good for dates to impress and group get-together for the vibe and cocktails
17,michelle yow,4 stars,This is one gorgeous Indian restaurant set in Tanjong Pagar. You have to walk past the hotel lobby to get to Shikar and the entire decor is tastefully done - a delight to the senses! …
18,B T,4 stars,Good food and beautiful decor. Dinner prices are steep and portions aren’t big so you are definitely paying for the ambience.
19,Anuj Velankar,3 stars,Pros - Great food and the decor is brilliant. A heritage setting and the walk from the door to the restaurant itself is fascinating for those interested in indian and the singapore history. Tip would be to arrive a bit before time to enjoy …
20,Milena Baeva,2 stars,Tasty food overshadowed by terrible service which in turn affected the atmosphere as every single table around us was complaining about the poor service. As an example we had to wait over 30mins for our pre-dinner cocktails ( we were the …
21,Eats More Fun,4 stars,"Shikar
Fine dining Modern Indian eatery in the Maxwell Reserve boutique hotel. Restaurant is spacious and styled with an ode to  the colonial military. Service is very …"
22,Taniameter,5 stars,"Fancy Indian Find Dining restaurant. The atmosphere and service were top-notch. We had the Shikar Dal (amazing!!!) with the laccha paratha . We also ate the peri-peri prawns that were crispy goodness. The paneer , lotus chips and chicken …"
23,Mani,4 stars,"I would give 5 stars for the ambience. Such a beautiful walkaway leading to the restaurant and the interior of the restaurant is beautiful decorated, beautiful seating and you feel warm in that setting. …"
24,Amrita Chandran,5 stars,"By far the best Indian Fine dine in Singapore ! Every single dish , drink and item ordered is outstanding! I have also tried their set lunch menu and the dinner ala Carte. Both were fabulous. Kids not allowed on weekdays which was a minus"
25,Trish Sen,5 stars,I read about Shikar in an article and was excited to try it out- fine dining Indian. The lamb pate on roti starter had a nice taste. It is was especially complimented well by the fig chutney. The other 2 dishes we ordered including the lamb …
26,Kris Trimoeljo,5 stars,"Great fine dining setting .. the interior is really posh and comfortable to sit down and chat  . The menu is unique as it has quite a number of seafood to choose from . Of course the price is much expensive than the usual Indian restaurant.
Damage :$100/pax"
27,Manoj Kumar,5 stars,The place is exquisitely decorated interior with interesting displays and painting. It’s interior has been something taken well care of. Food is wonderful along with the staff who are very hospitable and understanding. Overall a fine dining experience worth the $$$$ spent.
28,Astra 08,5 stars,"Chanced upon this restaurant, and lurved it !! Ambience was great , very exquisite and cozy . The food quality and service is commendable . Special mention goes to Jothii who attended to us with care and a good service orientated attitude …"
29,Althea Yii,5 stars,Excellent service. Rich &amp; unique food. Great cocktails. Majestic decor. No complaints!
30,Nupur T,1 star,"The food tastes good and authentic without being unnecessarily spicy. The challenge lies in the service.
At the start itself the server assigned us table next to kitchen door when the …"
31,Divya Patteri,5 stars,"Amazing vibe and great food! The service is commendable. I absolutely love how they made sure one only got the best. I was there to celebrate my husband's birthday. As he is a big foodie himself, it is tough to choose a great place for him. But Shikar did not disappoint. We will visit soon. :)"
32,Pinaki Ray,5 stars,Wow &amp; Impressive &amp; palatable … seems less and undermining for the fantastic experience we had at Shikar. After trying so many other places and after a long search ……. THIS IS THE PLACE to go for the best INDIAN Meal. Dil khus ho gaya. …
33,SW Chen,1 star,"Beautiful place but horrible service being treated not like guests but like kids. Food was average at best, nice but does not justify the price paid. $780 for 3pax dinner and some cocktails. Horrible service by this Indian lady Sakthi and …"
34,RAJARAMAN R,5 stars,"Fantastic ambience, Amazing food, probably one of the best indian in Singapore, worth all the extra cost...My first visit and Shivangi was spot on with her recommendations..just need to be mindful of calories, cheat once a while can only be the answer.."
35,Nithin Chandra,5 stars,"One of the best (if not the best), fine dining Indian restaurant in Singapore. We had organised a Diwali dinner for 30 friends and it was extremely well planned and the food was brilliant."
36,Rajiv Vijendran,4 stars,We had the non vegetarian thali. I had the lamb which was nice. Selection of vegetables were good including potatoes and okra and spinach. The Dhal was also very good. Overall a good meal
37,sugam khosla,5 stars,Would not call it a hidden gem as it’s in the heart of the CBD. Absolutely delicious and authentic Indian food! A must try is their thali which is available on weekdays during the lunch time. The place is buzzing with people working in and …
38,Priya Joseph,3 stars,"Excellent ambience and top notch service .
Food average for the price .Chicken kebab was quite over cooked .lamb patty  didn’t had the flavours it should have .Makhni chicken average .The only life saver …"
39,Roopa Malhotra,5 stars,Pretty nice high quality Indian restaurant- the staff is super attentive and the food n cocktails are all very nice. Overall it’s a great package for a nice fine dining experience to enjoy.
40,Monisha Charan (IZAARA Pte.Ltd),4 stars,"Stunning ambience with an old world charm with good service. The food however,was not particularly noteworthy and could do with some sprucing up to match up to the grandeur of the place. Great for special occasions."
41,Amar Gill,1 star,"Rude and presumptuous hostess. Assumed our reservation name was under Gabriella simply because we had a white female guest dining with us. Please don’t assume these things, you can insult guests and it makes you look like a fool. …"
42,suruchi thapar,5 stars,"Loved this fine dining restaurant!! Food quality and taste is exceptionally good!
Lovely decor and ambience. Vegetarian options were plenty.
If I could take 1 star away that would be for low couches."
43,Dawn Yang,5 stars,"An Indian culinary gem that impressed with its outstanding food and top-notch service. From the moment we stepped inside, we were warmly greeted and received exceptional hospitality throughout the evening.  The star of the evening was …"
44,Asia Apparel,5 stars,Very nice ambience service and food. Will be back for more. Very full. Enjoyed the dinner.
45,Charan Singh,5 stars,Indian fine dining finally arrives into Singapore! The ‘hunt’ or ‘game’ themed food menu masterfully put together by the one and only Chef Jolly served in a colonial equestrian themed decor which could easily beat the best restaurant decors in the world. Been there a few times and never been disappointed. Must go again…soon!
46,ishita bhatia,1 star,Average + food with horrible service and honestly horrible is also an understatement of how bad the service was !! It’s hard to believe how can their service be this bad! …
47,Rajiv Chadda,3 stars,"Very expensive for the overall dining experience we had at Shikar.
They have invested a lot on ambience/decor, but not enough attention on service &amp; the menu. when you charge Top dollars you need to have the service to justify …"
48,James Tai,5 stars,A beautiful and elegant fine dining restaurant to enjoy delicious Indian cusuine. Great and friendly service here.
49,Rishit Kataruka,4 stars,"Ambience, service and quality of food were all pretty good. Restaurant is slightly overpriced for the experience it offers."
50,Ammal Saravanan,5 stars,I recently had the pleasure of dining at a restaurant that transported me back to colonial times with its charming ambience. …
51,Rahul Sinha,5 stars,Great experience. Awesome food and service
52,vinti mittal,1 star,"The ambience was excellent. The whole experience of having a family dinner was a let down. The service was questionable. The quality of the food, was very average as compared to the price. Feeling a bit sick in the morning from the food. Overall a sad experience and don’t intend to go back again."
53,Amy Barty,5 stars,"Love it. The food is amazing, and the service exceptional - which rarely happens in Singapore. The hotel is brand new and worth seeing - the decor is stunning. The bars are beautifully decorated rooms. Can wait to go back."
54,Goki Muthusamy,1 star,"My first 2 dining experiences at shikar were outstanding.
My Mother’s Day lunch with my mom and family however was utterly disappointing.
1. When we got there, there was a group of 70 guest celebrating a wedding …"
55,Rashmi Vasishta,5 stars,The place welcomes you with an opulant and tastefully decorated place. There are a couple of bars/lounges with different interiors so one can choose to spend time before/after dinner and based on the occasion. The food was excellent so I …
56,Surash Kumar,4 stars,"Awesome ambience and service. Truly a classy place which is reflected by the bill. Desserts were simply awesome so was their drinks. However, main dishes were so so. I would say I can get more delectable food elsewhere. Can dine in for the experience and services."
57,Noof Alkhayarin,5 stars,"Best Indian Restaurant in Singapore 🇸🇬❤️
Very Delicious food &amp; Very good service .. also special thanks for Mr. Romney Shikah he is very helpful &amp; friendly. …"
58,Kay Jay,3 stars,Fine dining with a creative menu but way overpriced. The Sweet Potato Chaat was good but the rest of the dishes were average. The millet bread is not worth it..hard and dry as a cardboard. If they were trying to recreate Maki ki Roti then they definitely failed at it. Service staff does not bother refilling  your water glasses.
59,Purnima Jayapal,5 stars,"Excellent food and excellent service. The sweet potato tikki is outstanding. So is the lamb pate. The Shikari dal and Chicken Tikka are must try items. For dessert, we tried the kulfi and the gulab  jamun , both were very good!"
60,Naman Sharma,5 stars,"Thanks to Hari, Sue and David for the great service and to the chef for the great food"
61,Lachman U Babani,4 stars,Walk in and you are in a true old world Indian restaurant beautifully elegant and very comfortable. …
62,Amit T,3 stars,Amazing atmosphere. Great location. However staff was disorganised and rude. We ordered a second round of starters but the chef had already prepared the entrees. We asked them to hold off for a bit. They took away the food but then the …
63,Danny Chambers,2 stars,"Basing the reviews purely on the deliveroo menu. Charging $59 for tandoor roast chicken, $45 paneer &amp; $55 ‘wild’ mushrooms. Appreciate this place is trying to be a higher end restaurant, but these prices far exceed any price for any type of Indian food. Close if not, taking the p*ss."
64,chris delorme,5 stars,"it has been a long time I haven""t had such great Indian food. I am very picky and usually pay attention to details. From the nans to the curries and other dishes, it was just fantastic."
65,Sivakumar Sethuraman,1 star,"Over hyped place. Food options are minimal and taste is Okay. But nothing to warrant the high prices. They don't entertain kids less than 10 year old except Sundays. And they don't tell you this when you reserve. When you show up, they will …"
66,Joan Ng,4 stars,"Tasty Indian food in unusual settings. Good deal for lunch too, with thalis at $49."
67,Sanveen Kang,1 star,"Terrible experience. I booked a table for 6 for dinner tomorrow night as a birthday celebration. After confirming the reservations through Quando, I was told that today that children below the age of 8 are not ""allowed"" on Saturday (I …"
68,Ranita Prasad,2 stars,I went on Christmas day and i was amazed by all the decor. We were all dressed appropriately however we had one waiter come to us and told my brother and partner that they were required to wear pants. A couple minutes later we had a second …
69,Kavita Adhikari,5 stars,"Shikar, a beautiful, new fine dinning Indian restaurant in Singapore. Located in the heart of Tanjong Pagar neighbourhood, in the the gorgeous Maxwell Reserve Hotel. What can I say about the food! AMAZING. It is so good that I am coming …"
70,Shabnam Moulvi,1 star,Had made reservations for my husbands birthday. I did get a confirmation email then after 3 days they sent email about cancellation of the reservation without stating any reason. I messaged the restaurant to know the reason to which a …
71,Vidhya Jayant Iyer,5 stars,"We had a lovely dinner at this brand new restaurant yesterday! Chanced upon it on Google and we decided to give it a try- and I am so glad we did ! :) It is located in a beautiful building,  amazing fine decor and great ambience. The …"
72,A10,3 stars,"Came for lunch. Food was good and environment pleasant.

In the set lunch menu (which includes a main, sides and bread), your main dish …"
73,raviraj shenoy,5 stars,Had been to this restaurant yesterday after I saw a glimpse of it on IG and thought to give it a try. And it was definitely one of the best fine dining experiences I ve had so far. We were greeted by Florence who took us on a Restaurant …
74,AS,5 stars,"The thali meal is a decent portion for lunch that you are not stuffed and still clear headed for work after. The flavours are sublime! Really enjoyed the shrimp curry. I wiped out my entire thali, which rarely happens."
75,Chandralekha elango,1 star,They said they were understaffed when asked why the service was extremely slow and forgetful. Was embarrassing to have brought my colleagues here for a team dinner. The food was also only average. There are much better restaurants in Singapore so would definitely not recommend 'Shikar'
76,Hi,4 stars,"Food was as good as other Indian restaurants. Nothing out of norm.
Ambience and decor is great for all restaurants in the hotel.
Worth a visit once."
77,JL Wang,3 stars,"Went with friends for lunch
Very tasty food especially the wagyu beef curry and kulcha bread.
Fine dining but without the unnecessary fuss …"
78,Bharath Vasudevan,5 stars,"Terrific restaurant - ambiance, food but most of all exceptional service. A special call out to Florence and Jyoti for demonstrating what exceptional service means."
79,Raina Royalgreen,5 stars,"As soon as u enter this place , u are transported to the colonial era.. with the officers club , officers uniform on display n beautifully interiorer  rooms..
The food is another journey through India. …"
80,Aditya Kumar,5 stars,Finally a nice place to get some Indian food in a fine dine setting. The interiors are above and beyond - tastefully done. We had the set lunch and the flavours of each dish were good. The Plating and service is well put too. Will come back to try thejr  ala carte
81,Yvonne T,5 stars,Shikar offers one of the best Indian Fine Dining Indian Cuisine in Singapore.  The restaurant is located inside Maxwell Reserve Singapore (a beautifully decorated boutique hotel) in the hip Tanjong Pagar area with many F&amp;B options. …
82,Kartikye Mittal,2 stars,Service was extremely lacking due to the restaurant being short staffed - we were told to have a seat for about 5 minutes outside the restaurant before we could be seated inside . …
83,Shrey Lodha,1 star,"The definition of bad service: Shikar Singapore.

Starters were good. Black dal was good, but thats about it. …"
84,Sudhanshoo Maroo,5 stars,It was a wonderful experience great food and service. Though I would like to give 4.5 stars so that they can work on preparing better desserts next time
85,naveen k,5 stars,Indian fine dining at its best
86,Li,5 stars,"Great food and service!
Special shout-out to Florence, Sarvin and Johthie . They made sure we had everything we needed! …"
87,Amrita Dasgupta,5 stars,Many thanks to the fabulous team at Shikar for making my father’s surprise birthday party an amazing experience. Really appreciate the effort all the members of staff took. Special thanks to  Johthi for helping us put together a fantastic evening.
88,Abhishek Ghaté,3 stars,"The ambience is royal and exclusive, so are the prices.
Won't say the same about the food itself. Also the day we went, they seemed severely understaffed."
89,Rajvinder Kaur,5 stars,"Lovely ambience and amazing food .
Service excellent .
Loved all of it ❤️"
90,Ramana Narendran,5 stars,"Lovely ambience, amazing food and great service!"
91,Syahirah Raji,5 stars,"One of the best Indian Fine dining in Singapore! Lovely ambience, very attentive service and bloody good food. Definite must try."
92,Hitesh Singh,5 stars,"Great food, service could be improved but overall I think it's a staffing issue. Great food taste only thing was atmosphere was a bit chaotic"
93,N Agrawal,3 stars,The food is good (though May not worth the price) but the service is terrible. You need to go and get someone to come to serve you. A place like this shouldn’t be short staffed and calls for a much better service.
94,Priyank Sisinthy,3 stars,I was disappointed that the bar was not able to make a good whiskey sour or did not have good bourbon options. The food was also pretty okay to me for a upscale Indian restaurant.
95,Ian Henderson,5 stars,Superb decor and a great historical theme. We had a fantastic thali in celebration of holi- great flavours good service
96,Shridhar Mahesh,5 stars,Great Indiaas food in an amazing ambiance. Bit on the pricey side. But definitely worth it.
97,Miguel Bernas,4 stars,"Gorgeous place, great food. Loved the desserts! Great service."
98,prasanna k,1 star,They dont allow children below 8 at normal working days... Management claims that their crowds are only from cooperate clients on weekdays... So they dont care of normal peoples on weekdays.
99,Amita Sarbhai,5 stars,"I got a real feeling of being in India.Authentic Awadhi cuisine,loved it"
100,JS David,5 stars,Very happy experience. Ambience is great. Food was awesome. Thank you to their service staff Romney for the good service.
101,T Koba,5 stars,"I’d like to come back for Butter chicken and coconut ice cream.
Service was superb. Liked the lively atmosphere too."
102,Sourav Ghosal,3 stars,"Great food, better service but very pricey!

The Kofta, Laal Maas and Shahi Tukda are the stand-out items on the menu!"
103,I P,5 stars,Went on a Sunday. Large group booked most of the restaurant. Felt like being in Mumbai.
104,Samuel Nathaniel,5 stars,Great place with a unique ambiance. Great food and taste
105,Satish Krishnan,2 stars,"The food was good but service was really bad &amp; slow once it got busy.

Until it got busy you had a bunch of overeager staff and when it gets busy it's goes downhill."
106,omkark15,3 stars,Decor is breathtaking. Service was impeccable but for my personal taste the food was too rich.
107,Sudhir Chaturvedi,5 stars,"Awesome ambience, decor is superb, great food, amazing experience..some good veg options too."
108,Keeran Janin,5 stars,Great new indian fine dining restaurant with an open atmosphere
109,ajay shastri,5 stars,Wonderful dining experience!!
110,David Grief,3 stars,"Nice position, good ambience, food average and service poor."
111,Abhay Charan,4 stars,enjoyed a good set lunch.
112,Milan Bist,5 stars,Excellent authentic indian food. Full of flavours
113,RAMANDEEP SIDHU,5 stars,"The food , hospitality of staff and ambience all on point. Will visit again"
114,Irfan Budiman,5 stars,"Very good food, unique interior, very nice restaurant"
115,Vidhika Sehgal,3 stars,Great food but very very poor service
116,Ajay Mandhare,5 stars,"Very good food and friendly staff, cook"
117,Maduranga Edirisinghe,5 stars,Great food and atmosphere.
118,Rishib Satija,5 stars,Amazing restaurant
119,Ravindra Kapoor,5 stars,Luxurious.... Opulence
120,Mahi Lodha,1 star,bad service and rude waiters
121,Sara Taseershoaib,5 stars,Great food and ambience
122,Sushil Kumar Naik,4 stars,Royal ambience.
123,Gurunath N,5 stars,"Beautifully decorated and exquisite food.
Shikari bano.
Koob kaavo."
124,Abhijeet Joshi,5 stars,Loved Dal Makhni and Kulcha...
