,Name,Rating,Review
0,EKL,5 stars,Haven visit here for 2 years and the quality still good! Brought overseas colleagues to have a taste of Peranakan food culture that is uniquely  Southeast Asia. #preservetheculture …
1,Sophia and Alex,3 stars,"We came in for a late lunch after choosing from a list of Michelin-recommended Peranakan restaurants. Our server was very knowledgeable about the food and made several recommendations. Overall, the food was very good and we got to try …"
2,Kim Chan,5 stars,"Thank you Nancy for serving 15 of us so well, advising us on what signature dishes and how much to order, and attending to our various requests (vegan diner, refill water, extra plates etc.) so quickly. Food was served fast and everyone enjoyed every single dish!"
3,Eliza Lee,2 stars,"This place is specially catered for tour groups. The decoration is quite attentive. But food so so only.  Sayur Lodeh quite ok, taste like lontong. Udang Sambal is not what we expected, is not red in color, not spicy at all. Most important, …"
4,Sam,4 stars,"Tasty paranakan food with good service. Auntie Nancy is brilliant, provided some good insight to the traditional dishes and recommendations. The atmosphere is ok, little bit dated but the food and service more than makes up for it."
5,Daniel Bok,4 stars,"Quick lunch with colleagues over at this nice quaint restaurant. Had the curry assam fish head (recommend), kailan (so so) and the assam goreng sotong (so so) …"
6,Chloe Soon,5 stars,"We chanced upon this restaurant via the entertainer app but were surprised by how good the food were! Our favourite has to be the buah keluak chicken. The beef rendang flavour was complex and rich but well-balanced. We also tried some kueh, very rich, authentic flavours. Service was very good. Definitely worth it."
7,YY,4 stars,"Quite a famous store for tourists, often sporting tour groups along the road to try them out! Ordered the set meal for a business lunch - 🐠 curry fish head was quite a disappointment, portions were rather small and there really wasn’t much …"
8,Yvette Yap,5 stars,"Was there on a Saturday lunch and plenty of seats available. Great ambience with just the right portion of serving. Service was prompt as well.
Auntie Nancy was so welcoming and knowledge in explaining what are the different …"
9,Yap Serena,5 stars,"The oldest authentic Nonya restaurant since 1953. Food are delicious and value for money.
Love the staff and boss here, friendly and caring. …"
10,Wang Teck Heng,5 stars,"Very enjoyable lunch. One bite into the otah, you will know that it’s heavenly! The Ayam Buah Keluak was also nicely done. Ngoh Hiang was impossibly good with impossible meat. Chap Chye was soft and flavorful. Soup was typically peranakan and even the desserts were great. Best part of it, someone bought the lunch!"
11,mollie tay,4 stars,Yummiest authentic home style cooking. I like the  spacious eating area and clean environment. You will be greeted by friendly staffs and you get a chance to meet Ms Linda the owner of this family owned restaurant. Support Local business and keep their business.
12,Liyuen Soh,4 stars,"Amazing service from the team. Covid restrictions made dining in as a group a chore but the team made effort to split the food between 2 tables. The lady boss shared how the buah keluak is prepared and how to eat it. The dishes are fantastic, but the assam ikan manis is a miss. Maybe can go for the other assam ikan in the menu."
13,Preethi Kannan,4 stars,Food was good - we had a few dishes (would have tried more if there was more of us). Milder curries than other similar restaurants. The restaurant was full with lunch time crowd - we went on a weekday. Service was quick and staff were warm. Definitely would go again to try more dishes
14,AJNest 1412,5 stars,"This restaurant surpassed all expectations! The starter shrimp cracker, priced at a reasonable $3, is an absolute delight. Aunty Nancy's guidance through the diverse menu was invaluable, and her service was both exceptional and remarkable. …"
15,Ems Huang,5 stars,We enjoyed all the dishes but wish the beef rendang $16 can be slightly more tender. …
16,B Tan,4 stars,Generally a good place to try Nonya food. Service was friendly and will recommend dishes based on the number of people. The food came quite fast too. Spent about $40/pax.
17,ml p,5 stars,"Situated quietly in the corner of the Teck Seng Tower.

+ food is tasty but not to the point of overwhelming …"
18,Benny Neo,4 stars,"Tasty Nonya food choices here, especially the otah and beef randang. Desserts good too! 20yrs old authentic Nonya Chinese restaurant 👍🏼 …"
19,Shayantan Debbarman,5 stars,"Fantastic food with reasonable prices. Their dishes were amazing, freshly prepared with love and care while served in beautiful arrangement. I thoroughly enjoyed my meal here and would strongly recommend this for families or a group of …"
20,Cat T,4 stars,"Hadn't had peranankan food for awhile and really missed it, so googled the places around Havelock where we are on Staycation...
We ordered chap chye, kush pie ti, ngoh hiang, chendol, 2x durian pengat. …"
21,Александр Виханский,5 stars,"Delightful place with tasty nonya food.
Really great place with delicious food, an interesting atmosphere and a very caring lady-restaurant owner. Our kids are happy and we're delighted. Food is really full of taste. Thanks a lot🙏 …"
22,S Wun,5 stars,"Had a great lunch here - all dishes were good! Will come again soon.

June 2022: another visit and managed to try more dishes - egg skin poh piah, prawn omelette, beef rendang and black pepper prawn. All not bad."
23,Choon T,4 stars,"Great to find a nice and decent Nonya restaurant in the CBD area.

Food was tasty and authentic! Particularly liked the otah and their chilli sauce. Service was friendly and prompt too!👍🏼 …"
24,Royal Pears,4 stars,"Ayam buah keluak - The flavour and texture of the buah keluak (3 pieces) itself was good. The chicken meat was not so - could be meatier and more tender.
Chap chye - Ok. …"
25,Sharon Ho,5 stars,"Thanks to Mr Jack Teoh, one of the man staff in here was so kind n friendly to us (Vietnamese Group). He was so Helpful 🙏. Foods s taste, delicious. We r Strong recommend to all who want to try The Nonya Foods. 👍👍👍 …"
26,Jack Yang,5 stars,"Kueh Pie Tee and Dry Fried Nonya Laksa is a must try!!

My recent visit to Straits Chinese Nonya Restaurant in Singapore left a lasting …"
27,Junice Liew,5 stars,"Excellent customer service provided by the boss lady herself- Linda :)

The peranakan food was delicious and we were blessed with dessert too! A must try when in the CBD area!"
28,HK Tan,5 stars,Favourite nyonya place in SG. Living in SG for slightly over a year now and been eating here almost monthly with visiting friends from different places. All of them became regular here when they visit SG later ;) Staffs are friendly and …
29,Little Pika,3 stars,"Didn't dine here. Booked table post work cos colleague was in town. There were 2 tour groups and a school group that ended up taking up space.
We could see that they were short staff to extent that there was tables that …"
30,vanessa ett,5 stars,Nice food and nice restaurant. We were there for lunch a few times with clients...all of us enjoyed their food. Auntie Nancy is nice and recommended us a few traditional dishes.
31,Cy,5 stars,Very lovely place and friendly service! The lady explained the source of the food and provided good recommendations. Food was great too! Free kuih as dessert from the owner :)
32,Denise Ng,5 stars,"First time trying the tok panjang ala carte buffet. Was drawn to the ayam buah keluak  and other traditional perankan favorites like babi pong tay and Itek Tim . Ambience was on point , service genuine and warm. Manager Nancy and her crew …"
33,ANSEL CHONG,5 stars,"Had ayam buak keluak, babi pontek, otak and blue pea rice.  Food is on point with good service, would come back again."
34,Meng Ruey Yap,5 stars,"Great service, nice food, especially like the cendol, otak, ngoh hiang. Call in the day before mentioned the booking is for birthday celebration, and the nice manager there prepared a 九層糕 as complimentary birthday cake which mean 步步高升，really very thoughtful, and the 九層糕was very yummy too 👍👍 …"
35,Luyi,5 stars,"Was hesitant at entry as its super empty for a Friday night. But, food does not disappoint. Yummy"
36,Yijun Wan,5 stars,"Been passing by many times for years but only got enter because of Google search 🤣 We ordered Rendang Beef, Kueh Pie Tee, and Chap Chye that swept 100% in a few minutes. The food is decent, the services team is friendly and the interior deco is very Peranakan! We had a enjoyable time there on a cold raining night 😌 …"
37,Pearllyn Lyn,5 stars,"Delicious and authentic nonya food . And the decoration in the restaurant is so pretty.
Worth the visit ."
38,Esther Li,2 stars,"Not sure why this place got such good reviews. Food is really no standard. It tastes microwaved. The Assam sotong was slathered with a stodgy sauce. The popiah was cold inside and sliced unevenly. The restaurant was quite empty too, only a couple tables of tourists."
39,Ally Wong,5 stars,Food are delicious. Staffs are lovely. We enjoyed a lot. Thank you team of SCNR.
40,Leonard Yeo,5 stars,"Excellent service for both dine-in and take-out! Our family feels that the taste of their food is very on point and authentic. Coming from a Peranakan, this means a lot! …"
41,Cherie Heng,5 stars,Lovely place with the best Nyonya food I've had. The Ayam Buah Keluak was especially memorable with the meat fully immersed in the rich jackfruit seeds (and cooked for 7 days!). Impeccable and friendly service too! I'll be back for these authentic Nyonya food.
42,Davids Ng,5 stars,Always my choice of restaurant for organizing big groups for lunch in the CBD. Spacious and delicious Perankan food. Lovely service.
43,Sharon Seah,5 stars,"One of the oldest and most authentic peranakan restaurant in Singapore. Friendly staff and nice ambience. Ordered their Ban Wan Kepiting, ikan Assam Pedas, chap chye, ayam goreng &amp; chendol for dessert. Love their Ban Wan Kepiting, light …"
44,Diana N,5 stars,"Went on Sunday evening 6pm. Not crowded. Service fast and warm. Food is EXCELLENT!!! Burmese Server very friendly and warm. Rendang excellent. Buah kelak chicken impeccable, OTAH must have!!. Not salty or oily. Very homey food !! Good for couple friends family . Do visit them esp Sunday is good. Cos Shenton way not busy. Enjoy"
45,Chonglen Ng,5 stars,"Nice lady boss, nice manager, nice staff and nice foods.
Nyonya Kuih, rempah udang and babi pontek are my favourites!"
46,Lee Jia Kang,5 stars,"Had lunch with colleagues over here. Overall experience is very good. I like the Ayam Buah Keluak, first time eating and it is delicious!"
47,Christine Low,5 stars,"Under Origin Journeys' cultural experiences,  I bought two Popiah workshop sets.  Never knew this place because I do not work in downtown. Had a few pleasant surprises: everything served were delicious and authentic. Best in town Chendol. …"
48,Eunice Hannah Lim,5 stars,"Love the food and the authenticity of this place! The fish otah is SO GOOD, I’ve never tasted any otah this good in my life before. …"
49,Tony Garrido,5 stars,"Was looking for a traditional dining experience, and this place truly delivered.
The host recommended the Ayam Buah Keluak, and it was fantastic. She also …"
50,HR GLOBAL,5 stars,i have a good lunch with my colleague recently. Will recommend for friends for this restaurant and will visit again for sure.
51,Tricia Ng,2 stars,"Food was very average and overpriced compared to other Peranakan/Nonya fare available in Singapore. We tried the dry laksa, Otah, bakwan kepeting soup and sambal kangkong. …"
52,Kelvin Koh,2 stars,"食物非常一般，不震中。但服务态度还可以！There are better Nonya restaurants around, food here is not authentic at all. Although thumbs up for great service. I would authenticity of food at 1 of 5 and service at 4 of 5. Babi pongteng is so black and meat is so dry..."
53,Chong Zhi Xin,5 stars,Food was fantastic. Bought my colleagues from S&amp;P Global here and they were very impressed with Nonya food and it was truly cultural learning for all of us!
54,Ardourkai,5 stars,One of the best Nonya food restaurant around CBD area with around 40 years+ of history. Visited this restaurant few days ago and the food is still one of the best! Food are served hot and the service is very good. Love their hospitality and …
55,Choseph Cho,5 stars,Aunty Nancy is one of the best waitresses I have in counter. Her recommendation of the lemongrass tea is definitely a must!
56,Ho Sara,4 stars,"Conveniently partitioned room for our group of 20, for a private event on 1st Dec 2023.  Great service and food was good 👍 …"
57,Pat Koh,1 star,"Good is bland,  small portion and overpriced. The famous nonya chap chye is cold and bland that even economical rice stall chap chye taste better.  Fish curry is like frozen fish and tasteless. Ngoh hiang is odd brown and bland. Kueh pie tee prawn are frozen prawns. Lemongrass tea is nice.  Will never go back again!!!"
58,Jo Tan,5 stars,Delicious authentic traditional Nonya Cuisine with secret home recipe. Michelin Award 2023.
59,Audz Chan,5 stars,Thank you Auntie Nancy for sharing with us about buak keluah! Great peranakan dishes.
60,Phongkan Akk,5 stars,Good chance for lunch this restuarant and food very nice and also good service too.
61,King KongTHANH,5 stars,"One of the must-eat places
to go in the centre."
62,Peh Kwee Nam,5 stars,Nice nonya food and friendly staff. Lady boss Linda is especially helpful with her team of good service staffs.
63,venkatesh s,5 stars,Authentic and delicious peranakan food. The curry fish head was especially delicious. So was the ayam buah keluak. The service was good👍👍👍 …
64,AGA,5 stars,"Nice place, nice food and nice people. All the staff are very attentive and polite. This post is specifically for the waitress from Myanmar (Excellent Service)."
65,K,5 stars,"Had a good dinner here with fish head curry, buah keluk, go heong and kueh. The service was good. There is good value 1 for 1 lunch promotion on going."
66,Wei Lien Tay,5 stars,Very popular with tour groups..but be warned..not handicapped-friendly..
67,Chris,5 stars,Ordered the sayur lodeh and otah otah along with the tapioca dessert. You will be welcomed by the kind team and walk away with a tummy full of comforting food. …
68,Kate Zheng,5 stars,This is my favourite Nonya restaurant!!! Have visited them several times with my friends and colleagues. Good quality food and good service from the team! Very nice lady boss and this other lady call Nancy too. And this outlet has great space to accommodate big groups too. Highly recommend this restaurant!!
69,Cherylyn W,5 stars,Auntie Nancy is the best! Great food and friendly staff. I love bringing my colleagues here.
70,Aaron Cheong,5 stars,"I work close by and always wanted to pop by to have a try. Decided to come by today with a few colleagues and we were not disappointed! The restaurant provides a very authentic, homely feel with nicely decorated peranakan displays. Coupled …"
71,Joey ling,3 stars,"our dinner experience here was really pleasant. attentive waitress and decent food. only downside would be that the fish head curry was $40+ and with no meat , that was a tad bit disappointing."
72,Sean Seah,4 stars,Taste awesome! Love the assam fish especially.
73,Joey Chin,5 stars,"The food taste great, service staff is excellent. I brought my Japanese client to try this restaurant and he love it. The service staff is also knowledgeable and she patiently explain the ingredients in the dish to us, going beyond the service."
74,Robert Chia,5 stars,"Straits Chinese Nonya Seafood Restuarant at 133 Cecil Street Keck Seng Tower.
Food is very delicious especially sayor lodeh and chendol. Aunty Nancy Chia is very polite an helpful. She also introduced many good food to me. She is polite and always smile to customers. I will go back again."
75,Weimin Ong,4 stars,Authentic nyonya fare. Food is generally good but the butterfly pea rice was so so - I prefer the drier fluffier type. Recommend the crispy ngoh hiang and lemongrass chicken.
76,Bryan Z,5 stars,Great and reasonably priced nonya food in the Central Business District! Aunty Nancy is always so nice to talk to and recommends the best dishes. 3rd time dining here already and the quality has been consistent and good. Highly recommended!
77,Mui Kwang Koh,5 stars,Authentic and delicious Peranakan food. The otah was especially delicious. So was the curry fish head. The service was good and Auntie Nancy was a gracious host.
78,W L,4 stars,"It is my first dine in meal when arriving at Singapore. Felt extremely welcomed by the staff. The food was great, way beyond my expectations. Ayam Buah Keluak is a must try dish, I know it looks very weird on the picture but the taste is one of a kind and hardly forgotten, as well as the blue colored rice."
79,Beatrice Maffeis,5 stars,"It's been a very pleasant surprise!! We really wanted to bring our friends to try peranakam and we nailed it! The Ayam Buah Keluak was creamy and yummy, the beef rendang was very tasty. We all appreciated the desserts as well! The staff is very kind and good value for money!"
80,Adrian J. Lee,3 stars,Nonya just not my taste..
81,Cheong Yong Hon,5 stars,"Authentic Peranakan food, but slightly on the high in terms of price. Good for event and gatherings."
82,Timothy Wimala,1 star,The dry laksa was rubbish. They said they've been doing it the same for 40 years. I can't believe it's always been this bad. Its not so much the quality of the food that shocked me as much as their sheer confidence that my judgement is misplaced when I gave my feedback. They were polite however.
83,Xiaolun Cheng,2 stars,Be aware that they will give you rice and crackers without asking and then charge you $8 for it even though you might have ordered other rice dishes.
84,Patel Meet,5 stars,Food was really nice and service staff they also very friendly. And I oder crab foo youg. Omelet. Dry laksa. And I am satisfied thank you
85,L,4 stars,"Really value for money dishes , hope they continue to maintain the food standards and keep prices affordable and competitive."
86,YL Chong,3 stars,"Good hearty meal. For diners who like stronger local flavours such as Peranakan food, this is a good choice. Reasonable value for the prices. This restaurant has been around for decades! Almost an institution in CBD."
87,Alexis Chua,5 stars,super good food! and aunty nancy was super nice and welcoming too :) she helped us with choosing our dishes and they were all excellent recommendations
88,zhifeng Lim,5 stars,"Super good chendol. A hidden gem since this restuarant is not very visible from the street. But the nonya food here is good! Definitely recommend the beef rending and otak otak. Should also try their lemongrass drink too. And definitely should try their chendol, one of the nicest I had."
89,R Q,5 stars,"They have a lunchtime buffet at $29.90 ++ per pax, which is super good value.

Our favourites were the kueh pai tee, babi pengang, ayam buah kelauk, meatball …"
90,Brian Ng,5 stars,Aunty Nancy recommended the sayur lodeh. It was very nice. She's very courteous and friendly.
91,XT Zh,5 stars,"Food and service was really good!! Special shoutout to Nancy, who introduced the dishes to my friends who dont know much about Nonya dishes! :)"
92,MJ Chua,5 stars,"Found a hidden gem. Was having a meeting nearby and did not know where to eat for lunch. The restaurant is located in the basement of the building and not easily visible from the outside. Spotting their sign, I went down to satisfy my …"
93,ni shein,5 stars,Delicious taste and good service as well. I will recommend and share with all my friend .
94,Keke S,5 stars,"Service is good , they are attentive and kind to play birthday song and gave a plate of kuek to my bday friend
Food taste is good.
Redo washroom area, is quite rundown"
95,Lewis Tan,5 stars,One of the best Nonya food I have ever tasted. This place sells authentic Nonya food and even get to interact with their Nonya chef. …
96,Piera Man,1 star,"Come for the food if you possibly wish.  Not the service, which from the moment we walked in we were coldly reminded they were closing in 90 mins and many items were totally unapologetically not on the menu.  Never again. A very unpleasant experience- should have left as soon as we walked in."
97,Yan Chan,2 stars,"the service is good, staff very friendly and attentive, however the foods overall not very good, taste so so only. pork meat not very tender, chicken meat also not nice, the kueh is nice, the dessert burbur chacha - yam inside is very hard and not nice. overall not very satisfying on foods."
98,Roger Lynnette Summers,1 star,Food poisoning after eating there.   At least 50% of my family got it from severe to moderate diarrhea. Don't go.   Not Michelin anymore.
99,carmella isabelle,5 stars,"Recommended*

Celebrated my sister birthday, we had the buffet, it was satisfying! …"
100,yati yatim,5 stars,This is the right branch - I know this restaurant for a very long time and the service is very good as I had recommended my Chinese friends and neighbor.  Very good feedback !!!The service is fantastic and food is superbly delicious as they …
101,Paing Nyan,5 stars,"Great food and friendly staff, will come again soon."
102,Ying Yuen,4 stars,"Big place, food is not bad. Although the lemongrass drink a tad expensive. The blue pea flower rice is good. The butter prawns is good but only a few pieces so a bit expensive. Chendol is same price as lemongrass drink but worth it as it is great!"
103,Joseph,5 stars,Secret corner of a office building- not easy to find. Lunch sets available at $12.99++ ( does not include drinks) are worth it especially if you don’t want to crowd with the large office lunch crowd outside!
104,P N,2 stars,"Brought my parents over for dinner celebrating New Year.My mum was a fan of Nonya food,so we were really looking forward to the meal.However the dishes taste so normal and the price is not cheap.The chicken Keluak is so tasteless and their …"
105,TheNocturne,3 stars,"Ordered via Oddle - had to make changes to date and time of delivery which was handled appropriately, no complaints there. The food however was a bit disappointing, growing up with Peranakan food from childhood, I was expecting something …"
106,Gladys Lim,5 stars,"Wonderful and attentive service from Auntie Nancy, the outlet at Cecil Street. Recommended well known dishes which are really tasty."
107,Andrew Chou,5 stars,I really like the durian pengat
108,Leonard Tan,5 stars,"Did not dine here, instead ordered delivery for my mom's birthday and catering for our private gatherings twice before. …"
109,Joselyn Chan,5 stars,First time tasting Nyonya cuisine and this restaurant did not disappoint. Loved the ayam buah keluak the most. The nyonya kuehs as dessert was delicious too. Service was amazing and price is pretty reasonable. Will visit again soon :)
110,Jason Ng,5 stars,A restaurant that serves truly authentic nonya food.
111,Anna Wong,5 stars,"Went there with a group of friends to celebrate Birthday. Cosy environment and staff Jack was really friendly. The food was nice , especially love their durian desert and duck soup, very appetising."
112,Zhi Cong Tam,5 stars,"Went with my family of 6 on a Sunday afternoon. Tables were widely spaced out.
We had Ayam Buah Keluak, Babi Pong Tay, Nonya Chap Chye, Kueh Pie Tee, and Nonya Mee. The food honestly tasted superb and delicious. Furthermore, service was …"
113,Joey Boo,5 stars,"Love the menu, was thinking if Nonya Restaurant do offer yusheng during cny and delighted to find this restaurant do offer. Price is very fair for the selection of food. Staff even brought out the dried fruit used in Ayam Buah Keluak to show us. Interesting meal!"
114,Jerry Aaron,4 stars,"nice nyonya restaurant in the middle of the CBD. food is worth a try, decor appears authentic . limited seating due to Covid restrictions. generous with the blue rice but sauces feel too little and have to ask for more. note that this restaurant is in the basement (entrance at street level, staircase). no lift, no handicap access"
115,Aliah Selamat,3 stars,"Lunch was massively crowded and they mixed up our drinks and also did not serve us one of the drinks. Food was predominantly alright, nothing outstanding amongst all the dishes ordered."
116,Zhiting Wu,2 stars,Not sure how this restaurant earns its 5 star reviews but I personally felt that the food was not good. Bought the fave coupon for Ala cart buffet and most of the food tasted bad except for the hainanese pork cutlet which was crispy and the …
117,Elmo Fast,1 star,Poor service mixed up orders and food is lousy not worth paying for
118,Angela Leong,5 stars,"Awesome food with great service! Was introduced to this restaurant by a friend and have been hooked since! Very authentic Peranakan food at reasonable prices. Babi Panggang, Buah Keluak, Ayam Pong Ta.... they have the full works! Great …"
119,Robert Lee,3 stars,"I was in a party of six when we visited the restaurant on 11/4/21 and we ordered those dishes recommended by your other reviewers. We had two pieces of otak2 and they were good - so were the Ayam buah keluak, ngo hiang, Assam fish, chendol …"
120,Darren Goh,5 stars,"Food was really surprisingly good! Service, especially with Nancy,  was excellent and very homy! Will come back again for group lunches. =D"
121,Hadianti Santiago,5 stars,"Very friendly and informative staff, food is great as well. Highly recommend the Keluak- we had vegetarian. The Rendang was great as well!"
122,HeeKok Chng,4 stars,"Right in the middle of the CBD, this restaurant serves authentic Nonya (Malay-Chinese) cuisine. Decor is simple reflecting the original straits chinese settings especially the marble tables. Food is good. but the coffee disappoints some. …"
123,Alison Sim,4 stars,"It was part of the Rediscover Voucher which offered peranakan lunch together with the local peranakan heritage tour along Joo Chiat. Tour group leader, Eunice, was informative n friendly. We also had tile painting at the restaurant. Great tour, no regrets 🙏😍👍 …"
124,Rafael Liang,5 stars,"Good food, immersive ambience, even better service. Waitress and team were cheerful and serviced well. Desserts are worth a try! …"
125,Ricky Seah,5 stars,First time here and we really love the food as every dishes are original prepare in nonya style and taste except the pork chop not so fantastic. Service excellent and the cook even come out to entertain us. The nonya kuehs and chendol terrific.
126,Joel Chew (Joelcaptures),5 stars,Very good food and amazing service from Aunty Nancy! She was really friendly and attentive! Love the dining experience here!!!
127,Justin Tan,3 stars,"Service is not that great, can't say its bad as they're really trying. Diet requests are met with confusion for instance. …"
128,yewhua,5 stars,"Nice food, good service, highly recommend."
129,Geraldine Soh,5 stars,"Nice place with authentic Peranakan decor. We were the last guests as we came around 8:30pm and they were closing at 9:30pm. Yet, the staff provided great service and constantly check in on us. This place needs more support from locals so …"
130,Jasmine,5 stars,Ambience was perfect for family dinners!! best durian sago in the island
131,Alf Hofstetter,4 stars,Straits Chinese Nonya Restaurant seems to be the oldest Nonya food in Singapore. It may explain the Cecil street location. It has a good selection of the classical Nonya foods but also some traditional Chinese dishes. Their cooking is good …
132,Sally Liang,5 stars,Amazing service and food. Auntie Nancy explained how the butterfly pea rice and buah keluak is prepared.
133,Yijun Chan,5 stars,Food was really good and authentic! Enjoyed the Sayur lodeh and babi pontay. Good place to bring visitors to 👍🏻 …
134,Jason Leow,5 stars,"A bit pricey given that it's in the business district. But the food is hearty and portions are generous. If you're a regular, the service staff are very friendly to you."
135,Louis Ching,4 stars,This is real Bonus food... Got grandma feel
136,Yuming,5 stars,Very delicious food and interesting and heartwarming anti.
137,Alvin Liow,3 stars,Food quality is okay and the portion of the dishes seem small for 4 paxs. The service standard need to improve further.
138,patel nilesh,5 stars,Food was really nice and carry chicken is very nice . Thank you straits chines restaurant for amazing food.
139,Lee Irynn,5 stars,"Authentic Nyonya food!
We had ala carte buffet and their serving were generous for two paxs. All dishes were nice too🤤. …"
140,Ying Xuan,5 stars,"Nice experience and great service by the staff, especially Aunty Nancy. The food was splendid :) thank you!!"
141,ZhanQing Koh (Kent),4 stars,"Quite pricy if u do ala cart. 4 pax ~$180, I think we might have ordered a little more …"
142,Pat,5 stars,Awesome place hidden in CBD area. The chap chye is a must try. The kuehs are also super nice!! Lady boss is super friendly as well
143,Edmund,2 stars,"Small portions for lunch set for the price. Do be careful of the additional 3 dollars charge for the prawn crackers, which they served without requesting."
144,david cheng,4 stars,Really love the curry chicken here.
145,E Chong,5 stars,"Chanced upon this gem two weeks ago. Authentic Peranakan food that sadly you cannot find in Singapore anymore (nearest maybe Malacca). The true test is the Ayam buah keluak which This restaurant passed with flying colours. When asked, it seems their secret is a chef in the kitchen that has been with them for decades."
146,Arnold Ho,1 star,"Dishonest  service.
TLDR; Ran out of main dish but forced us to pay for side dish that wasn't even served yet because she couldn't cancel the side dish in the system. Obviously a …"
147,CM Loh,5 stars,Nice nonya restaurant in the heart of CBD. Nice staff Nancy. Helpful in recommending cuisines for international guests.
148,rayna hon,5 stars,great food great atmosphere. would recommend for family gatherings for authentic nonya food
149,Sarah Ye,5 stars,"Great Nyonya dining experience! Ayam Buah Keluak was great, would visit here again :) Was also offered free dessert that was 10/10"
150,Diana Lim,5 stars,Seriously deserves 5 stars for its authentic Peranakan food. Restaurant takes pride in the food they serve. Family &amp; i hooked that we bring friends along on subsequent visits to taste the good food.
151,Owen Leong,5 stars,Tasty peranakan food but a bit pricey. Atmosphere was nice and staff are very welcoming! Should try the beef rendang too
152,LostOsiris,5 stars,Went for CNY lunch with colleagues.. food was nice and soup was good.. service was bad as the staff was clearly overwhelmed by the sheer volume of orders..
153,Sora Lim,5 stars,The restaurant ambience is very nice and retro. Food and desserts are best. Jack Teoh is very courteous and have good customer service. Worth to dine at this restaurant 😘👍 …
154,Samuel Goh,5 stars,The food here is authentic and nice.
155,ng alicia,5 stars,My first try in this restaurant and I believed I will be their regular. Food is fantastic with superb service and clean environment.  Highly  recommended!
156,Marcus Tan,1 star,Had Dry Laksa here for lunch. Prawns were translucent. Order took 25 mins to come. It tasted like Laksa I could get for $3 at the hawker but I had to pay $14 instead.
157,Glenn See Toh,4 stars,Went for a wedding dinner here. Things were pretty well organized by the staff from the wedding reception to the dinner course itself.
158,Chua Siang Poh,5 stars,"Great tasty food, and the chendol is so good. Staff is friendly too. Won’t hesitate to patronise again"
159,Jun Xiong,4 stars,Decent place to grab some Nonya food. Would definitely come here again.
160,yokiio Ji,4 stars,The food is good
161,"Juan Sim,",4 stars,"Ordered satay chicken, sambal kang kong, kai lan, seafood fried egg, otah, and asam fish. All the dishes tasted good except for the asam fish, worth visiting again! Great service."
162,Ck Fun,5 stars,Authentic or not I am not very sure as I am not the 1 to judge. But the food taste really good. The service is a top notch. Highly recommended to those working at Raffles place.
163,Tsung Ying Tsai,5 stars,"Food delicious, nice and friendly service."
164,Adrian Chua,5 stars,Very delicious Nonya food!!
165,Ka yan Chan,5 stars,Nice place tucked away in the middle of the CBD. the food was good and the service staff are super attentive.
166,Constance Tan,4 stars,The service is good and the food is nice !
167,Lim Jenny,4 stars,"Authentic Nonya Food! Recommend must try Ayam Buah Keluak, Otah Otah, Ngoh Hiang and Nonya Kueh. Nice ambience! Friendly staffs too"
168,A G,3 stars,Very good service. Fish head soup and signature chicken was good. Veggie was bland.
169,Thao Phan,5 stars,This is the best restaurant for Peranakan in Singapore that I’ve ever been so far. The services are great too! Highly recommended!
170,Zhiwei Fan,2 stars,"I think we can get much better food for the same price.

Nice location nice ambience good for a catch up with friends. Staff are nice."
171,Si Rong Low,5 stars,"Great food, warm and attentive service, and fantastic value all around. Linda and her team really made us feel welcome."
172,badz chamara,5 stars,"Best chinese foods in singapore 😻
Highly recommend place …"
173,Dar Li,5 stars,"Best food and very good services 👍👍👍
Highly recommend to enjoy 😊 …"
174,Kelvin Cheng,5 stars,Food is Delicious and service is excellent!
175,Eric Goh,3 stars,"This outlet serves tourists. Hence can get rather noisy. Food is good. Service is not as good as expected, probably because the staff are new."
176,Marvin Mok,5 stars,Yee wen has provided excellent services bravo 👍 …
177,Camelia Yap,5 stars,Good  service  and fantastic  food
178,Sandiago Yung,5 stars,Authentic local food✌️😊 …
179,Kevin Maguire,5 stars,Good spot to get quality Peranakan food without it being too crowded.
180,Andyhuaiyuan Tan,5 stars,Very delicious food with  reasonable price. Really value for money. Must try.
181,Paulo Rhee,5 stars,Food excellent and service even better !
182,Tossapol Boonlert-uthai,5 stars,Very good!
183,Grace Chua,5 stars,Food was fantastic and service was really good! Highly recommended !
184,Anne Dcruz,3 stars,"Authentic nyonya food. Old world feel.
Reasonable service standards."
185,Joanne Soh,5 stars,Always my favorite peranakan cuisine!
186,Thị Thanh Thuỷ Huỳnh,5 stars,Food is tasty. Staff have good service. They are all friendly.
187,Peh Sun Neo,5 stars,Good food and ambience. People are good as well. Worth it. Recommend to try.
188,arielle lim,5 stars,excellent service from aunty Nancy! chatty and sincere
189,Chee Keong Ng,3 stars,Food is so so. Not bad. But expensive.  Deserts are fine.
190,Alan Chan,1 star,"Didn't get a chance to eat here, tried walking in n the staff was so rude we walked out, seems full of tourists though"
191,Bernard Yu,4 stars,Good and cool atmosphere! Friendly service staff.
192,Jing Yan Quek,5 stars,"Bought frozen deals during circuit breaker and upon heating up, the food is just as good!"
193,keith goh,5 stars,Great food and service. Definitely a place to visit with friends
194,Nan Zar Chi Oo,5 stars,Good service and fantastic food
195,Spencer Hsu,5 stars,Authentic Peranakan food that's been at Tanjong Pagar area for the longest time.
196,Jeremy Chia,4 stars,Tucked away downstairs a nondescript cbd building. Great to get away from lunch crowds and tasty too.
197,Abel Sng,5 stars,The nonya buffet is value for money! Food is delicious!
198,Wai Keong Chan,4 stars,Food and service are good. Especially the ayam bekeluar
199,Yuan Yi Poh,5 stars,Food and service is good
200,Adi aung,5 stars,Good food and friendly services👍👍👍 …
201,Norman Ng,5 stars,Very friendly staff! Good stuff! Must try the Otah!
202,Ingrid Halim,5 stars,Very good peranakan food!
203,Harris Phalangees,5 stars,Great nyonya food that is afordably priced.
204,Matthew Lam,4 stars,Good foods good taste
205,mr.samadith,5 stars,Good service and fantastic  food
206,Hx S,5 stars,"Ate on CNY day 1

Great stuff!"
207,X’Vock Studio,5 stars,Nice food and good service!! Thumbs up 👍🏻 …
208,Richard Yap,4 stars,Nice good.. but walking down the stairs can be difficult for elders..
209,T AY,5 stars,"Amazing, authentic food, even better service!"
210,Yong Han,5 stars,Great dining place and amicable manager.
211,Iris Lee,4 stars,Missed the good food. Friendly staff
212,Joe Lee,3 stars,Normal Nonna food. Good for group
213,Rosie Kim,5 stars,Fantastic food
214,Sang 123,5 stars,Delicious food serve here..
215,林宇樺,4 stars,Delicious
216,Nathanael Raj,5 stars,Delicious and authentic nonya food!
217,Francis Woo,3 stars,Food is tasty but overpriced!
218,Hoang Ho Duy,4 stars,Nice plates to choose
219,Chun Fai,5 stars,Authentic nyonya food!
220,daph daph,1 star,Lousy food and service. Expensive as well.
221,David Tate,5 stars,Very nice
222,Samuel Lim,5 stars,Great food and great service!
223,An Nguyen,3 stars,Good but many oil food
224,Geoffrey See,3 stars,Quality has dropped alot
225,Lia S,4 stars,It is a cozy location with good food
226,Sid Daz,5 stars,Amazing food and great hospitality
227,BS Chong,5 stars,Great food and friendly service
228,Nam Nguyễn Hoài,3 stars,"Hygenic, friendly boss and staff"
229,Gia Linh,5 stars,The food of this restaurant tastes good
230,Huệ Dieu,5 stars,Ok
231,王连中,5 stars,Great food and service
232,ᄋᄉ ᄋ,1 star,Too greasy and inhospitable
233,Jing Wen Wong,5 stars,Great chendol!
234,Thanh Bình Nguyễn,5 stars,Delicious
235,Amnart S Joe,4 stars,Good
236,Wee Soon Ng,4 stars,Must try lor
237,Samuel L.,5 stars,VERY DELICIOUS
238,Dai Zixing,5 stars,Fantastic food
239,Khải Đức Nguyễn,4 stars,Well tasted
240,Lee Keng Chia,2 stars,Very expensive
241,Dama yanti,5 stars,I like the food
242,Bach Chon,5 stars,Ok
243,raj deva,4 stars,nice food.
244,Loo George,5 stars,Great food and service
245,이현희,2 stars,"This restaurant makes one wonder why it is included in the Michelin list every year.
The atmosphere is similar to that of a local Chinese restaurant, and I wouldn't …"
246,Libby Dawn,4 stars,"Nice Nyonya-style Makla chicken stew, five-spice aza, and Zhenluo's coconut sugar is fragrant.
It would be better if the butterfly pea rice is heated"
247,Zorro Hunter,5 stars,"The food was very delicious, especially the sister at the front desk who was very kind and even helped us take a group photo.
Especially, this sister has been working in this restaurant for 50 years."
248,yong woo Jeong,5 stars,It's very famous in Singapore. The food is also very delicious. I recommend it
249,Dejun Yu,5 stars,"The food is delicious, well presented and fragrant, and the service is also very good. Will come again next time."
250,PT Huang,5 stars,Aunt Nancy introduced the meals enthusiastically👍🏻👍🏻👍🏻 …
251,Peony Tam,5 stars,The food is delicious. The rice is light blue and contains butterfly pea flower juice. It is good for the body. The curry is very fragrant. It is worth eating.
252,Doanh Thương Nguyễn,4 stars,Michelin 3s Chinese Restaurant
253,骆建,5 stars,The food is good and the service is excellent. It is worth recommending and tasting.
254,pei pei,5 stars,"There are also glutinous rice balls during the winter solstice
So willing~"
255,Joshen Ong,5 stars,"The food is delicious
Service is good"
256,Nguyễn Huy (Figo),5 stars,"Delicious food, fast and enthusiastic staff"
257,까만볶음밥,1 star,It's really dirty and the hygiene is not good so I won't come back again.
258,정현진,1 star,"Everything was weird. I had an upset stomach after eating dinner.
why! I have no idea if it’s called Michelin."
259,Hiếu Trần Trung,4 stars,has fish sauce
260,Phuc Dang,4 stars,The taste is relatively pleasant and easy to eat compared to the local area here
261,Võ Nha,5 stars,I was hungry that day so the food was delicious! Hiii... I like eating in Singapore much more than in Malay!😁 …
262,Vu Pham,5 stars,"For me, the food is ok
Space is also good"
263,Gigi Wong,5 stars,delicious!
264,Chau Nguyen,5 stars,Mon an delicious. Just right. Malay floral taste
265,Jessie Sim,5 stars,"Friendly service, delicious food, desserts👍👍👍 …"
266,Chris Biggs,2 stars,Nuh ah
267,월드.,5 stars,I like course meals.
268,นายเกียรติศักดิ์ แก้วหล้า,4 stars,The place is a bit cramped. But the taste is okay.
269,최용준,3 stars,"Some foods are greasy and some are good, so be careful if you have a weak stomach."
270,Chakkaphan Kasemprakarn,5 stars,"Authentic traditional food, good taste"
271,qkr dydwn,2 stars,"There are a lot of groups, but the food lacks sincerity."
272,HUỲNH TRI TÚC,4 stars,Delicious stir-fried vegetables
273,Đội Đường 1,2 stars,"Expensive, poor service."
274,Fenly Gerungan,3 stars,The food is standard
275,kousuke katayama,5 stars,goood
276,chef크립토 (MR.Y),2 stars,Extremely needs improvement
277,李豐良,4 stars,Affordable
278,行家旅,5 stars,tasty food
279,soon siong chia,5 stars,Authentic Nyonya meal.
280,현석,3 stars,Soso
