,Name,Rating,Review
0,Shady Farshadfar,5 stars,The BEST dining experience I have ever had. Service is top notch h. Food was magical. Would definitely recommend. ♥️
1,Stefan Marusic,3 stars,"Had the lunch with 7 courses. First time experience in 3 star Michelin.

Service was excellent and the people working their really know their trait. …"
2,Clement Gayral,5 stars,"We went to Zén for a lunch for my wife's birthday, it was our first 3* so our expectations were high. …"
3,ajleeblog,4 stars,"Zen Restaurant in Singapore, nestled within a Michelin-starred hotel, is a culinary sanctuary where artistry meets gastronomy. The dining experience transcends mere sustenance, immersing patrons in a symphony of flavors meticulously crafted …"
4,Penny Lim,5 stars,"Superb dining experience! Every details were well taken care of the moment we step foot into Zen! All dishes were 10/10, can’t find any fault from canapé to main courses to dessert 👍🏻 …"
5,Eye2kay,5 stars,"My partner and associates were impressed with the impeccable dishes and service provided, the staffs are very accommodating and food was very wonderful. Will be coming back soon with my family."
6,Travis Lee,5 stars,"With 3 stars and top 100 restaurants as trophies, Zen doesn’t need more novice reviews on google. …"
7,Stamford,5 stars,Best dining experience for me. Now i know why it got 3 stars and costly. Love it so much that i would gladly return for another meal.
8,AADIE,5 stars,"I think this restaurant is number one for me. Slightly better than The Fat Duck which was number one for me. The staff are so friendly, service was perfect. And oh god the food. The food was 10/10. Every single bite."
9,Ondrej,5 stars,"Really worth the hype and the crazy price tag?

Absolutely yes! …"
10,Flo Yeow,5 stars,"This was honestly one of the most (good) ridiculous of dining experiences here in Singapore. Given their 3 Michelin star status, it's definitely a place that you'd want to visit at least once ever, to appreciate what a 3 star f&amp;b …"
11,suraj sondhi,4 stars,"From the perspective of strict vegetarians, I was little disappointed. The ambience and experience was great. The options are limited and serving very small. The rest of us who were non veg enjoyed shrimps and chicken"
12,Churong Chua,5 stars,"Dinner menu. Held over 3 levels with each level with their own meals. Food were definitely amazing, indeed worthy of 3 Michelin Stars ⭐️. But the amazing things were their staffs. Each &amp; everyone were all friendly, eager to interact with …"
13,Mel Reyes,5 stars,2nd time eating here and glad the menu has changed to the seasonal ingredients and had a wonderful suprise in each bite. The curation of flavours in each dish and the hospitality is truly worth the accolades. I love the vibe and music! The staff and service is 100% a reason on its own to come back again.
14,Avijeet Sen,5 stars,"Visited in Mar 2023

A fantastic dining experience with great food and exemplary service. You will be …"
15,Ben Chng,5 stars,Took me 3 months to book Zen for me and my wife. It was the most expensive meal we ever had and it was worth every dollar of it in this 3 Michelin star restaurant. …
16,Ajay Powar,5 stars,"An absolute worthwhile experience. Spent almost 6 hours here from lunch and left just before the dinner service started! Love the living room vibe and the moving between floors, it adds something different. The waiters all knew exactly what …"
17,Kit W,5 stars,"Dining at Zen was the most immersive experience out of all the fine dining restaurants we have had so far. This whole journey lasted a solid four hours and all I can say is - wow, time does fly ! …"
18,Alvin Choo,5 stars,Probably the best hospitality I have received at a restaurant. Zen is deserving of all it's accolades. …
19,Carol Tan,5 stars,"I had the pleasure of visiting in October 2021 and was thoroughly impressed with the exceptional quality of the food and services. Once again, congratulations on maintaining your prestigious Three MICHELIN Stars."
20,Alyssa Tran,5 stars,Do yourself a favour and book this place for a special occasion and unforgettable experience. Have dined here twice and each time has been unique and just as good as the first time. …
21,Ben Baller,5 stars,"Exceptional service by the staff complements the outstanding food. They are not just servers but narrators of a culinary story, ensuring a seamless and enjoyable dining experience. Their professionalism, knowledge, enthusiasm, and attention …"
22,piet de beer,5 stars,"A true 3-star meal with great service and in a wonderful location. Some of the dishes were true standouts.
A couple were a bit uneven to my taste: the tuna overpowered the caviar and I …"
23,Ian Wu,5 stars,"Wow. Zen was a joy to dine at from the moment I stepped thru their nondescript door, nestled amongst gentrified shophouses. The experience starts off on the ground floor with gin aperitifs from their impressive selection, and various …"
24,B V,4 stars,"Love the concept of the restaurant. Starters on level 1, then you climb up to level 2 for mains and end with desserts on level 3. The interior is minimal but elegant - Scandinavian simplicity I guess. The starters were all good especially …"
25,Zi-Xin Yan,5 stars,"The best dining experience ever!
Didn’t expect to visit and dine at all 3 floors! Service was top notch!
What I loved most were their snacks. It was so impressive I can still remember …"
26,VS Traveller,5 stars,"Great place, unique dishes, selective ingredients and interesting concept (Scandinavian + Japanese fusion). This place really offers a great dining experience. …"
27,Benjamin Wong,4 stars,"Pretty damn good food, somewhat interesting drink pairings too. Service is a bit of hit and miss depending on who you get. I was 10 mins late so they started us off on the 2nd floor and we missed the whole 1st floor snacks&gt; ingredient box …"
28,lingzhi_xo,1 star,"Hello there, I visited your restaurant on 15 December for lunch. During the introduction of the ingredients, I asked if I could hold one of the truffles to look at it and the taiwanese lady doing the introduction was very warm/ friendly and …"
29,wai lam,5 stars,"⭐️⭐️⭐️ the stars all aligned for Zen.

What an incredible experience. …"
30,Kenny Y,5 stars,"Fantastic experience, of a quality similar to its predecessor, Andre. Service was very attentive, (especially Lisa, Andrew, Sean) and each dish was really very wonderful on the tastebuds. You wouldn’t come here every day of course (the …"
31,slugontheface,5 stars,"You will start your journey from the kitchen (1st level) where you will be presented with a caviar chutoro blini (very good), kalix lojrom (a fried potato dish done very differently, also really really good), a lobster croustade …"
32,Travis Lum,5 stars,"We celebrated my partners birthday at Zen and the food and service was amazing. If we had to chose a top 3 savoury dishes it would have been, Mollusks, Onion Soup and Sakura Masu. The seafood in the mollusks were cooked well and the sauce …"
33,Claire Yang,5 stars,"Everything done to perfection is what Zen represents. From service to the interior design to the food elements hand picked from Norway, Spain, Japan… it’s a amazing experience for at least 3.5 hours that you’ll never forget. Truly exceptional. Thank you Zen, chef and all the amazingly friendly staff"
34,Teh ck,5 stars,"I do enjoyed the lunch with my wife in Zen! The most important is, Zhong, Shawn and bell makes us feel comfortable and relax when having the amazing foods here! …"
35,Agnes S,4 stars,"Honestly, I really enjoyed my meal experience at Zén! Was here a few years ago and fell in love with the food that we decided to go to Frantzén in Stockholm. …"
36,Wong Yi Ling,5 stars,Awesome dining experience. Be prepared to spend about 4 hours for the full experience. I took 5 hours as we were taking alot of photos. …
37,Vinu Natarajan,5 stars,This was truly the best 3 Michelin Star dining experience we've ever had. My wife and I came here to celebrate her birthday and my oh my what a celebration it was. …
38,Matthew Litchfield,5 stars,"Zén was the highlight of our honeymoon food tour in Singapore. In the nights prior, we had visited Les Amis, Labyrinth (highly recommend!), and Shoukouwa. Zén blew them all out of the water for us. Easily the best dining experience of our …"
39,multitasking CJ,3 stars,"Nestled in a quiet, tranquil corner of Bukit Pasoh, the flavour profiles, the ingredients at Zen certainly surprised and delighted. The attempts at service whilst commendable, however, left quite a bit to be desired. …"
40,Joe Yap,5 stars,"A truly immersive culinary journey, with sincere and thoughtful staff guiding you through this amazing food art that was delicious and an eye opener. Couldn’t help myself but to share some of the beautiful food art pieces. What a great place to spend the Xmas day! Can Michelin give this awesome place 4* pls?"
41,Raymond Qifeng Cheang,5 stars,"Absolutely one of the best restaurants in Singapore. The food, service and ambience at this place were top notch. Truly deserving of its 3 Michelin star rating."
42,JN Soon,3 stars,"I really wanted to like it for its strong credentials, but I'll really only recommend this for those with strong stomachs for acidic foods (i.e. if you drink undiluted apple cider vinegar on a daily basis) or those who don't mind a detox. …"
43,BENJAMIN YEO,5 stars,"Zén brings fine dining to the next level with stellar produce taking centre stage, flanked by the warm hospitality of their knowledgeable staff and cosy space. The ambience is akin to visiting a friend's home and guests are treated to an …"
44,francesca ann,5 stars,Hands down my favourite restaurant in Singapore. Opted for the wine pairing and everything was simply divine.
45,Wang Houze,5 stars,"Great Nordic food with top-notch service! The food is good and what you would expect from a 2 Michelin star restaurant, the usage of fermentation and in house aging truly speaks to the Nordic origin. What really stood out was the service, …"
46,Ivan Gerhard Tan,5 stars,"This was absolutely the best dining experience in my entire life. The price might have been a bit steep, but after the 5-hour journey, I would say it is well worth it. Definitely a good place to celebrate your milestones in life. Every dish …"
47,gad cotter,1 star,"Pretending to care
Once seated in Zen the many (many) waiters and managers will nonstop dot on you repeating many times questions about how do you like the food and are you in …"
48,KP Chen,5 stars,my friends and I had dinner at this 2* Michelin (who knows may be 3* in the future) restaurant on a Saturday evening. the 4-hour experience was special as we were brought through the 3 floors of the building that the restaurant occupies - …
49,Adrian Muljadi,4 stars,Food marathon. Lots of new and interesting flavors.
50,J C,5 stars,"I don’t know what else to say. This is the best restaurant. Food and service was impeccable. Every single item on the menu was masterfully planned, designed and executed. We had the wine pairing and the restaurant was really generous with the pouring."
51,Matt Yoshida,4 stars,"Appetizers were great, feel like those were the best. No push to buy bottles or alcohol though sommelier was so nice. Overall a good experience thigh will prob try for 2 other restaurants for the price of this dinner (food and alcohol at almost 900, SGD PP"
52,Eats More Fun,5 stars,"The Damage (no drinks): S$1100 for two

Elegant fine French dining with a lot of Japanese inspirations and ingredients …"
53,V,5 stars,"Pros:

1.  Zén's menu is a carefully curated symphony of flavors, expertly crafted by …"
54,Joy KC,5 stars,"Fantastic experience. Every course was outstanding, balanced flavours with lovely alcohol pairing. Youthful team providing warm and knowledgeable service."
55,Jiamin Ee,5 stars,"everything was wonderful, loved the onion soup, chawanmushi, scallops and desserts. top notch ingredients, service, presentation, etc etc - we had an outstanding experience. thank you for the beautiful meal!"
56,Katherine Martin,5 stars,"This was my first 3 star Michelin restaurant experience and it was something special. They offered a mixed pairing, alcohol and in-house juices, which made the meal all the better. Every person we interacted with was knowledgeable and …"
57,J.,5 stars,"The whole experience at Zén was so good! Not only was the food great, staff at this restaurant were so friendly and attentive. I liked that it was a non-stuffy environment as you get to know the team at Zén. Everything was well thought out …"
58,张宁,5 stars,"We had a dinner with our best friends at Zen right after our ROM.  It was an amazing experience!  Every dish was impressive, the texture, the taste, the portion, the look, the wine pairing, it was just perfect. …"
59,Dax,5 stars,This is a great dining experience. I really recommend this place - even over other fine dining establishments like Odette and definitely over labyrinth. …
60,Janice C,5 stars,Best service and unique dining experience where you go to a different room for different courses.
61,Michael Danker,5 stars,"Awesome experience. Staff were really attentive, and super knowledgeable about their history, food and wine (and they have a long list of ingredients and wines!). Always ready with answers to our questions. The food is great - without the …"
62,Jamie Wong,5 stars,"Beats IKEA meatballs. Food was stunning, visually &amp; taste wise. The whole experience and ambience was perfect, great fun. The biggest differentiator, against other places was the service - genuine and knowledgeable."
63,Johnny,5 stars,"Outstanding. Fresh ingredients, superb cuisine, great service and comfortable setting. With a comprehensive wine list to top it all."
64,Stephen Forshaw,5 stars,"The most spectacular meal service and complete experience I have had in Asia, and probably only eclipsed by the experience at Zen's mothership in Stockholm, Frantzen. Cannot recommend it more highly, perfect."
65,John Doyle,5 stars,Zen sets the bar for dining experience in Singapore. From the time you walk through the door you feel like you are in someone's home. There is a feeling that you are a on a journey through their lives and each turn is a new and delicious …
66,Robert Wood,5 stars,Epic meal. Our third time visiting. Still one of our favourite restaurants in the world.
67,Huang Andrew,5 stars,Very unforgettable experience... My super Mini tiny complain is lightning is not friendly for photo taking(I think partly bec of my skill)
68,Alexandre S,3 stars,"Overall disappointing.
- The food is amazing - definitely meets expectation for a 3*
- BUT, this place has been extremely ""optimized commercially"" and this shows in …"
69,joseph zheng,5 stars,"Go in with an open mind and and enjoy the experience. Fresh and tasty bites that is slightly acidic, service is stellar in a warm cosy setting."
70,Vipul Jain,5 stars,Incredible vegetarian food!! The staff members were accommodating and were able to modify our experience based on our schedule. The manager and hari were very helpful and took a lot of pride in every dish being brought out. This place is a must if your visiting singapore.
71,yokechin wong,5 stars,The best fine dining food I had at ZEN. Food quality good. Staff and the chefs are polite and friendly.
72,Sky Teh,5 stars,"Fantastic service, ambience and innovative twist on what fine dining means in Singapore. Hope you get them stars.."
73,Vin T,5 stars,"Great experience, particularly loved to be presented with all the amazing fresh products which would be used for the many dishes. The complexity and variety of the dishes were impressive and made easy on the palate which is really …"
74,Naz Majeed,5 stars,"Went for a 7pm Dinner seating with my fiancee, and was immediately met with a friendly greeter who was happy to seat me 20 minutes before our reservation. The restaurant had also been very diligent in communicating beforehand to ensure they …"
75,anthony tran,5 stars,"An incredible experience, highly recommend a visit here when travelling to Singapore."
76,Yuki,5 stars,We were highly impressed by our experience at Zén! The food is intricately prepared and absolutely scrumptious (and creative!). One other thing we really appreciated was that they have a non-alcoholic pairing option (more restaurants need …
77,Matt Bordas,5 stars,"Once in a lifetime experience. It's not a typical restaurant. In fact, it's hardly one at all. It's more like an alternative universe where time stops. You'll forget reality and become lost in food, art, and music. I don't want to spoil it so I won't say much more except just go! It's worth every penny."
78,John Scherrer,5 stars,The Ultimate Dining experience. Amazing night!
79,Joel Tan,5 stars,"The best meal I have had ever. A wonderful gastronomic experience spanning the 3 stories of the restaurant. Often at other fine dining and Michelin establishments, there would be hits and misses. However, I loved every single dish at this …"
80,Y YP,5 stars,"Great experience, perfect kitchen crew and superb food!!"
81,Surya Koordi,5 stars,Amazing experience dining at Zen! The food was sublime and the whole atmosphere made us feel comfortable unlikely many other fine dining establishments. Each dish was intricately thought through and maximized the flavors each ingredient. Definitely a must for foodies! Extra points as well for the great music playlist they have!
82,Vanessa Vincent,4 stars,"Enjoyable but for this price I expected more.  The overall experience is lovely and very different - as others have said, you move through the space for each of the courses.  Overall the food was good but it wasn't consistently excellent. …"
83,Hsu Pyei Kmita,5 stars,Our favourite date spot ❤️ just wished they had umeshu available next time 👀 …
84,Chilli Padi,1 star,I agree with the reviews this place is gimmicky. The canapés was good and it ended there. Seafood wasn’t fresh also… shellfish were terribly fishy (they were clearly unfresh as I’ve eaten a lot of these). They also replaced my unfresh fish …
85,Jui-Shin TU,5 stars,One of the best fine dining experience I’ve ever had.
86,Jess Y,2 stars,"Great canapés - two of them were amazing.

Decor was interesting. And the experience changes from first floor (canapés) to …"
87,Joanna O,4 stars,"The food is amazing. So is the service, performed by knowledgeable professionals. Presentation is beautiful and everyone gets to check out the kitchen. Every dish is excellent, every drink well curated. But it gets 4 stars instead of 5 …"
88,Dan Liu,5 stars,Easily one of the best meals ever!
89,Faraday Cool,1 star,"Zen's food is above average but gimmicky and not outstanding. Service was efficient but mechanical, insincere and cold. Yes of course restaurants do need to make their profits but unlike the other ultra high-end starred restaurants, Zen is …"
90,Francois Dubrulle,1 star,"Food is wonderful and service warm, kind and impeccable.

So what is wrong with Zen? The music. …"
91,C L Lim,5 stars,"An outstanding dining experience at a price. A journey, not just a meal.
The hospitality is beyond home.
Some items are a new dimension to your taste buds. …"
92,grace n,5 stars,i went to go complement the chef and he took me out the back and railed me 10/10 would go again. food was average. …
93,jerome sim,5 stars,"This was a really special experience. Food was mind blowing, service was personal, environment was perfect. Thank you all, Hari, Fiq, Shawn, Chivas, Lisa, the handsome American guy who recommended the white wine, and the rest of the staff; sorry if I can't recall your names, I hope to be reacquainted soon"
94,JNW,5 stars,"Arguably best dining experience in Singapore this year.

Food was spot on - interesting flavors and great ingredients, but more …"
95,Chester Chen,5 stars,"+
Unique dining experience.  Worth experiencing at least once.  Dining experience that moves you for the appetizers, main and desserts.  Nicely decorated and …"
96,Jason C. Lin,5 stars,"Amazing experience. From the start of the snacks on the ground floor, ingredient box and kitchen tour; to the second floor main dining room; to the top floor petit fours, the experience was remarkable. Lisa, Sanna, Dennis and co definitely …"
97,Mohan Veloo,5 stars,"Amazing experience and very friendly and welcoming staff. Needless to say the food was out of this world. We were regulars at Andre's before Zen moved in and were a little doubtful, as we were huge fans of Andres. But Zen far far exceeded out expectations and we will definitely be back! Congratulations to the team at Zen!"
98,Amanda T,5 stars,Am a fan and only wish my pockets were truly deep enough to make a rerun (one has to account nevertheless that this is one of the highest dining price point in town). Everything was phenomenal and you leave feeling like you've spent some …
99,Oscar Rehnberg,5 stars,"The bigger brother Frantzén with 3 stars is my favourite restaurant since some time ago and once I learnt about Zén I was curious to find out about this place and booked the flight. Needless to say, our expectations were very high at the …"
100,C B,5 stars,"Worthy successor of andre’s old space. Three stories concept of having appetisers on first floor, mains on second and desserts on third was well executed. Particularly pleased by their Instagram friendly ingredients box to start the meal. …"
101,MK FX,3 stars,Only 3 of the many dishes were actually noteworthy. Of all the 3-star michelin restaurants I’ve dined at this did not meet expectations for the price. Paid $1.5K for two for the basics.
102,Syahirah Halim,5 stars,"2nd visit so far. First visit was back in 2019. I can safely say they are on their way to 3 stars. After going to Frantzén in Stockholm, I’m so excited to be back in Zén! Amazing starters on the first floor, so damn good. And then the next …"
103,Chris Eldridge,5 stars,"A truly unique and wonderful experience
Staff are passionate and informed and well Manicured!! Awesome dishes and travel over 3 floors of gastronomical delights . Sommelier excellent too - local wines and champagne all must be tried"
104,Leon Siu,4 stars,Nice taste but over pricy.
105,Hermione Joye,1 star,If it was possible to give them no star or .5 of a stat I would. I have never encountered such an arrogant and aggressive staffing team. Who were not only completely unaccommodating when it came to my food allergy (gluten free) but also had …
106,Khloe Kim,2 stars,"Not worth for the price.
it's more likely an unique experience (expensive one), but nothing else; food was okay-standard. not recommend unless you don't care how much it will cost. …"
107,lisa ong,1 star,"We were suppose to dine tonight, but fell ill. We called to cancel dinner date, to reshedule another appropriate date. …"
108,Mayank Rao,5 stars,"Loved the experience overall. Excellent food and service, ambience was a little funky and relaxed not stuffy at all. Very unusual alcohol (not wine) pairing. $$$. Potatoes and bread for a month.
Will be back."
109,louis soon,5 stars,"Thoughtful, friendly and attentive staff (imo, service impresses more than Odette). Lovely food, a very enjoyable non-alcoholic pairing. Overall a very memorable and great experience with a thoughtful follow up email after the weekend. Thank you Zén."
110,Vivi Cheng,4 stars,"Very homely atmosphere with extensive dining experience, eating your way from the ground floor up to the third floor. Beautifully executed 👍🏻 …"
111,Rich Lingner,5 stars,"Man, if you love restaurant culture, and, as Ferris Bueller would say, if you have the means, go try Zén! The food is inventive, beautiful, and delicious. The staff is superb, gracious and engaging with just the right amount of reserve. This was all so fun. Hmm, when can I go again..."
112,Lyndsay Lyle,5 stars,Easily one of the best meals I’ve ever had. A true experience and innovative and exceptional food.
113,Jeremy Ong,5 stars,"Very homely atmosphere, service staff were all very well trained and extremely personable, food was amazing and the ambience was unusually fun and relaxed for a fine dining restaurant. Perfect evening and ideal location to celebrate the wife's 40th birthday!"
114,pol divina,5 stars,"Its pricey yes, but every moment and food served was soooo worth-it so save-up! :) …"
115,Deny Verianto,1 star,It's really shame when many guest are queuing in front desk and only 1 people handle. Definitely will not coming back again to this hotels. Extremely poor service
116,Sathita Amnuayskul,5 stars,Amazing.
117,Maya Lee,5 stars,One of the best dining experience from the first floor to third floor. Food was amazing and staffs are attentive. Must visit place in Singapore!
118,Leonard Ng,5 stars,"Top notch service, nice atmosphere and amazing food and drinks. As good as it gets in Singapore. When word gets out, I think a reservation will be hard to come by."
119,Joanna Hall,5 stars,"Simply unbelievable - one of the best meal experiences I’ve ever had. Pricey, but worth the price tag and made my boyfriend’s birthday unforgettable"
120,Antonia Foster,4 stars,"High quality food with beautiful ambiance.

Innovative cooking techniques were used but some flavours fell flat. Service was excellent."
121,Geoff MacLeod-Smith,5 stars,"""Zensational ""food ,service and ambiance.The team had the art of making us feel like we were the only ones in the restaurant.The small unexpected service touches are sublime On the list for every Singapore visit from now on."
122,Лина Харитонова,5 stars,"The best experience ever!
I’ve tried many restaurants around the world and this one is still the best.
Highly recommended"
123,Zechariah K.,5 stars,"Great food, service and ambience, the best Michelin 3 stars restaurant in Singapore IMO."
124,Priscilla Lee,5 stars,Beautifully executed. Hopefully to see you guys get your Michelin stars soon. Thank you for the wonderful experience.
125,Tina Leong,5 stars,Nice ambience. Worth trying
126,Tareq Muhmood,5 stars,"Wow.   Beautiful, authentic and as perfect as a wonderfully thought out dinner can be.  Save it for a special moment."
127,Woo Xian,1 star,Food is slightly too salty for our liking. Overpriced at 580++ per pax for dinner
128,Xia Lucy,5 stars,"Fantastic experience. If you are looking for a special place for a special occasion, this is the place to go."
129,Pebbly Ho,4 stars,"Beautiful space, Nordic food with some Japanese produce. Well executed. Very pricey"
130,Henry Hew,5 stars,"Great place to chill as the chef and all of the team will really introduce the ingredients, bring you to their kitchen, and will have a talk to you within the dining experience in this place"
131,T Singh,5 stars,Amazing.  Expensive but worth it.
132,Joe Yiu,5 stars,Casual with elegant food! Excellent environment with friendly and warm service.
133,I,5 stars,Excellent
134,Andrea Labelle,5 stars,The whole experience was so incredible from the food to the service.
135,julien imbert,5 stars,"incredible experience
one of my best meal ever"
136,Cherie Chuan,5 stars,Its not a meal its a whole experience💕 …
137,Fred,5 stars,"Really enjoyed the experience, service and change of settings for this meal."
138,Yves L,1 star,"All hype, no substance...definitely not worth your hard earned money."
139,Warren Estrop,5 stars,Amazing restaurant!
140,Kamrul Choudhury,5 stars,Great Japanese fusion with stellar service!
141,Keith Lam,5 stars,Imaginative and tasty dishes accompanied by impeccable and impeccably friendly service.
142,Sam Fraser,5 stars,One of the best (and most expensive) restaurants in Singapore.
143,Jeremy Hu,5 stars,👍 …
144,mike huang,4 stars,"Interactive service staff, sublime dishes"
145,Seck Guan Pua,5 stars,First class service.  Excellent food
146,Mishka,5 stars,Just stunning service and fabulous food.
147,MB,5 stars,Unique dishes. Would recommend!
148,Kevin Lim,5 stars,Best meal in Singapore by far!
149,ER CHONG YEN,3 stars,Es at z-
150,Yeo Suh Keong,5 stars,Excellent
151,Naniek Indraningsih,5 stars,the best food and the best Hospitality
152,Shahid Chowdhury,5 stars,I will return!!😊 …
153,Benjamin Liu,5 stars,Fantastic and expensive
154,Matsushi Shou,5 stars,Amazing night
155,Tib,1 star,Horrendous price
156,susan kwan,5 stars,Love everything
157,M M,5 stars,"The strong ones have reserved their spots online in the United States, and the first day they arrive in Singapore is the beginning of an elegant, romantic and sophisticated experience. …"
158,M S,5 stars,"If you can pay for the experience and new discoveries, please come!
The service is very thorough and explains each item one by one, and all the staff are very attentive. …"
159,Marisol Olmo,5 stars,"Yesterday I had a wonderful birthday. An extraordinary culinary experience that we have never experienced before. We ate in 3 different rooms. We started in the kitchen, where we were served 5 different aperitifs and had the opportunity to …"
160,Sun Rei,5 stars,"It's a wonderful meal, each dish is very carefully prepared. The staff service was perfect and we had a wonderful dinner. This time I chose pairing. I think there are individual differences in wine taste preferences, but if you're not an …"
161,泽锦和璐璐,5 stars,"A great August experience. Thank you for the considerate and thoughtful service provided. The selection of food features seasonal characteristics from around the world, as evidenced by the black truffles selected from Mount Dandenong in …"
162,ぴよばしjetsetter,4 stars,"Singapore's leading Nordic restaurant started as a branch of a famous Nordic restaurant. When I first arrived, it was Nordic-oriented, but now, for better or worse, it has been influenced too much by Japanese cuisine, and considering that it is the highest priced in Singapore, it is a bit strange for Japanese people."
163,Cleo W,2 stars,"Service is simply an industry textbook
Arrange audio and video interactions with guests in as many aspects as possible …"
164,MURIEL T.,5 stars,The taste buds are in ecstasy all evening. Everything is fine and delicate. Great dining experience.
165,Eva,5 stars,"Top. Everything was excellent. The food, drinks and service were impeccable."
