,Name,Rating,Review
0,мιѕѕувєlα2828,4 stars,A contemporary Italian restaurant located within the heart of Orchard. Made a reservation for our anniversary dinner on a weekday night and the restaurant was pleasantly quiet. …
1,Benjamin Zhan,4 stars,"I have some mixed feelings about what to rate this place, here is a break down.

Positives …"
2,Sue Sian Lee,5 stars,"A very highly recommended restaurant. You'll experience great service, great food, great wine and you're sure to have a full belly with immense satisfaction. I'd say Buona Terra has done really well in making the fine dining experience a …"
3,Bernard,5 stars,"Second experience here. Was given a private dining room as we had a party of 8. The dishes were very different; think the party size allowed for the chef to produce a different range of food like the salt baked turbot. Overall, delicious and balanced with an Italian family style vibe."
4,Avijeet Sen,5 stars,"Visited in Sep 2023

A fantastic dining experience. The dry-aged duck main course was absolutely …"
5,Tari Anggraini,5 stars,"Went here with my 9 years old for lunch. The place was easy to find. It shared a complex with 2 other restaurants, but the usher in the front of the complex will show you the way to the correct restaurant. …"
6,Daniele Francilia,5 stars,"Wonderful culinary experience from the start till the end. The location and ambiance is welcoming and cosy, the staff is friendly and took great care of us, the food is delicious, high attention to details and wonderful ingredients from all …"
7,Delia Tay,5 stars,We had a beautiful lunch here at Buona Terra. It was my 2nd visit and the dishes were all delicious and yummy.  Service was attentive and the staff were not pushy for patrons to order more wine or drinks. The white truffle supplement of …
8,Muzainy Shahiefisally,5 stars,"A sensational lunch which well exceeds its price point of $178++ per pax. The only criticism would be that the bread course was uninspiring, but who cares? It’s free anyway. Canapés started with their signature playful tomato soup. Using …"
9,Churong Chua,5 stars,1st time at their restaurant for dinner. Nice colonial place. Restaurant itself felt inviting. Staffs were all smiling when greeted &amp; warmed when serving food. …
10,Derek Koh,5 stars,Modern Italian restaurant serving interestingly innovative dishes especially the amuse bouches. Wine pairing was generous and well thought out - always a nice way to find new wines if a restaurant gets it right! Service was good. Small but well spaced and clean relaxed ambience.
11,Marc Woo,5 stars,Excellent contemporary Italian. Lots of standouts. Good flow to the palate. Very well balanced. Not a fan of paying for supplementary on top of the course meal price but the carabinieros and wagyu were top notch. Starters to petit fours and everything in between were excellent. Good job. Worthy of a Michelin star.
12,Mani,5 stars,Been meaning to visit this restaurant for a while as we have heard good things from our friends and finally went there for lunch and tried their 4 course lunch. …
13,CaloRIeS Chan,3 stars,"A bit disappointed. We ordered raspberry lychee mousse cake and dark chocolate tart (as can be seen from our receipt) but because we were in a rush, we only realised they put in the wrong order when we got home (can be seen from photo …"
14,Rachel Wong,3 stars,Food was not bad but not good enough as a Michelin restaurant and services is definitely not up to the standard. …
15,Ben Lin,5 stars,"We had a biz dinner in this restaurant where our friend visited very frequently, almost 3-4 times in a week as he told us, therefore it felt like his own kitchen at home as every staff knows him and all are very friendly. He even doesn't …"
16,C M,4 stars,"Ambiance - nice clean modern and nicely spaced table. We are not back-to-back to other tables. Good lighting, we get to see and identify what we are presented with. …"
17,Jutika Krongmongkolkul,5 stars,"food was clean and unique. the presentation was beautiful. staffs were very friendly and attentive. overall, i’ve enjoyed my meal very much"
18,Angel Huang,4 stars,"Standard dinner menu. Their snacks and bread are fantastic. With layers of taste exploded in the mouth. But main is just nice, without surprises. I opted for the Wagyu, also quite normal. So it was a meal started with great surprises and expectation and ended normal. Service is attentive."
19,Natalie Tay,5 stars,Would recommend to everyone. The interior is cosy and posh. I was ushered in to my table and the very kind lady waiting staff had made sure there was space for my bag. …
20,Shohini Sengupta,5 stars,"Every single dish, from the starters to the mains to the desserts was spectacular in its flavour, presentation and the sheer magic worked on your taste buds. Truly a lovely place to celebrate a special occasion. …"
21,John Wu,4 stars,"Will recommend this!

Likes: …"
22,Tiffany Tan,4 stars,Overall a great experience dining at Buona Terra. I love the scampi in anchovies sauce. The appetisers are delicate and delicious. Generous serving of truffles as topping for my spaghetti 👍 …
23,jx lim,4 stars,Delightful 9 course dinner that left our pallets satisfied and bellies very bloated. …
24,clara chan,5 stars,"Delighted &amp; enjoyable fine dining experience. Roger is very nice &amp; friendly in helping us to select the wine. His recommendation is awesome. We enjoyed Heletto very much. The food is decadent.Especially the yellowtail carpaccio, Mozambique …"
25,Jo T,3 stars,"This review is based on a visit on 4 Sept 2021.

I didn't think the food was terrible, but I didn't think the whole experience …"
26,Rovik Robert,4 stars,"Tucked away in a chateau on Scott’s Road, Buona Terra is a destination for celebrations and treats. Impeccable service throughout, my family had an enjoyable experience here. Their set menus don’t vary too much so unless you have special …"
27,Syahirah Halim,4 stars,"Amazing midweek lunch! Opted for 3 courses. Had canapés to start off, followed by a pasta with chanterelles and black truffles (still in season!), a selection of bread with butter and olive oil, perfectly cooked cod with sweet shrimps, …"
28,Kevin Hee,4 stars,"Solid venue / ambience and quality food and service. The private rooms are a great option for larger parties. Reasonably priced 4 course set lunch for what it is, and the add-ons (prawn to pasta, wagyu for main) are recommended. Worthy of One Michelin? Yes, maybe just, wouldn't say slam dunk..."
29,Peter Sasi,5 stars,"Amazing lunch menu and wines pairings, exciting presentation, flawless taste and texture. I have felt back in Italy already. Special mention to the lamb loin with eggplant: best I have ever had! 😋 My only complaint is that the espresso here was nothing like the espresso back in Europe. …"
30,Mike A,4 stars,Had a really great meal here in one of their private rooms. Attention to detail is superb and the food was mostly exceptional. 4 stars as nothing really stood out to the point where I would come back any time soon.
31,Michela Zanata,5 stars,"Michelin star Italian cuisine, run by Italians! The host is from Reggio Emilia and the chef is from Lago di Garda, so a strong northern Italian cuisine imprinting. Simpatici! The risotto is excellent and the pasta was cooked al dente to …"
32,Genevieve Wong,3 stars,"With only a handful of Michelin restaurants left to try in Sgp, I started reviewing all the restaurants to give a more accurate comparison and comment. …"
33,Shahie Jaffar,5 stars,"Another pleasurable dining experience, never fails to wow our palate senses. The only gripe though the waiter failed to ask the choice of dessert but instead just served my son and I the yoghurt, panna cotta, strawberry. Food wise was perfect! Will be back again for sure! Grazie Mille!"
34,Benjamin Chan,5 stars,One of my favourite Italian restaurants in Singapore. Some of my favourite dishes are their scampi risotto and all their pasta dishes. Not to mentioned they are also located at a very beautiful colonial building along scotts road. …
35,hexin xu,5 stars,"Had a lovely 4 course lunch on New Year’s eve! Service was impeccable and didn’t disappoint! I
couldn’t decide which was my favourite course as each of them was superb and put together perfectly. Thank you for the great experience! Would love to return soon :)"
36,Honvie,5 stars,"Ample parking spaces and well crafted dishes from appetizers to mains to desserts. Coupled with attentive and knowledgeable service staff, a delightful dining experience nevertheless. …"
37,Richard Lai,5 stars,"Food was excellent. Particularly liked the carbonara which is unlike any carbonara I have ever tasted. The lamb loin was also very good. Tender and fresh, I won't mind having a larger portion. We were served by Melissa and she was really helpful with the recommendations and her service was attentive."
38,Andre Tan,2 stars,"I had dinner at this restaurant with friends for the first time. We really liked the ambience and the tasteful interior decoration, as well as relatively distanced tables that provided some privacy. The food was also delicious with a …"
39,Vikas Bhandari,5 stars,"The place is situated in a landed property and has really different feel when you enter.
Restaurant itself has very pleasant setup, limited sitting not so crowded. …"
40,Anjana Supramaniam,5 stars,"My husband brought me here for my birthday and everything about this place was too good.  The service, the ambiance and of coz the food and they way it was presented."
41,Hamish OE,5 stars,"Gabriele and his team are consummate professionals. They are the most knowledgeable about, and provide the best service for, fine wine in Singapore. Food and especially pasta dishes all superb."
42,Andrew Goh,4 stars,"Been here 2nd time and even no a Michellin rated restaurant but the food and service is above the 1 star. THe fusion food is great especially the taste of local , Japanese and western. The ibereco pork is out of the world, the special cigar …"
43,Gavin Lim,5 stars,the 4 course lunch set menu was very good. portions were just about right; left without feeling too full. service is impeccable and they are very attentive and polite. a quiet and classy place.
44,T. Young,5 stars,"Exquisite, delicious, refined and luxurious, modern Italian fare, plus impeccable, attentive service from service team that just knows when you need something and when you prefer some privacy. Buona Terra truly lives up to its one Michelin Star. Bravissimo &amp; complimenti!"
45,Desmond Wong,5 stars,One of the best Italian food that i have eaten. We had the 4 course set lunch and it was nicely presented and taste fantastic. What impress me was the black squid ink pasta and the cigar dessert. The service was fantastic as well.
46,Pierre-Emmanuel BARBE,2 stars,"Sorry, we went there for a birthday and wanted to have a good time with fine Italian dinner. It's suppose to have a Michelin star, but we honestly think they don't deserve it. It was good but not great. Looks like fine dining but quality &amp; …"
47,C L Lim,5 stars,"Awesome. For the offerings, quality of service, price is very reasonable. However maybe because regulars get to BYOB and get to have chef's arrangement. Degustation menu also about the price we paid. But I think we get a few more goodies on …"
48,Sylvester Goh,5 stars,In my opinion they truly deserve the star. Food exceptionally good without being pretentious at all. Love the location and cost ambience as well! Great job!
49,Dorcas Leck,1 star,"Extremely tardy service and so so food. Definitely not worth the wait nor the price paid for it. Don't come unless you've three hours to burn and no appetite to kill. The mains came only two hours after the start of the meal, and by that …"
50,Shaun Buxani,5 stars,"It's a very intimate place for dining. I went as a vegan, very accommodating. Expensive, but you pay for what you get. I will also say that the parking and service is lovely."
51,Tokyo Trizzy,5 stars,"Every dish has me wondering, how was this made?! What’s inside? Is this even possible! Compressed melon made me chuckle a bit too haha. The food tasted delicious, friendly service and the dishes were each a unique piece of art! Thank u!"
52,Reiy Teo,2 stars,"This is more of a late post. Not impressed at all. Overrated for sure. There were ants on tables too despite having table linen on 😔
Not acceptable for such dining place. Food did not wow us. Average standard. I wonder what's the hype about this place. Won't come back for sure. So many better place out there. …"
53,David Whalley,4 stars,Attentive service and some nice dishes. Needs to up their creativity a bit though to be competitive with some of the places around the island. I would have loved to see a few more interesting pairings or unusual flavour choices to push it from a ‘meal’ to an ‘experience’.
54,slugontheface,3 stars,Not your traditional Italian restaurant. The food was good but not overly fantastic for a Michelin starred restaurant. The bread was very good though.
55,Leica G,5 stars,Very good service &amp; food! One of the few restaurant I give a 5-star rating for their combination of east-west (Italian-Japanese) cuisine that is nicely complementary.
56,D K,4 stars,Had their Chef’s Signature menu for takeaway during the CB and wasn’t disappointed! They even let me customize the meal due to my partner’s dietary restrictions. Hope to visit again in person to get the full experience
57,Angel Tan,5 stars,"Snaps of some dishes from lunch 🙂🙃 Food and service were good, and the set lunch was really value for money; it’s worthy of the one Michelin star. Recommend! …"
58,Melanie Tan,5 stars,Discrete service. General presentation was artistic. Quality of food was top notch. Good size portions for ladies/asians.The cigar dessert was creative and I enjoyed it!
59,Dan,5 stars,"Everything here is amazing!!
Have been twice ok once pre covid and another post and it's been both times a great experience.
Both service and food 💙 …"
60,SavindraSingh Shahoo,2 stars,"In short NOT WORTH IT. NO VALUE FOR MONEY.

In detail... …"
61,H N,4 stars,A cozy &amp; nice place for business dining &amp; celebrations. Food quality &amp; presentation was good. Service staff was attentive &amp; friendly. They have a good wine selection too.
62,AL BLAIS,5 stars,This restaurant is simply amazing. It has been on our list of restaurant to try for a while and we finally made a booking and the experience did not disappoint. …
63,S C,5 stars,Food really good n service staff very friendly n knowledgeable on wine list
64,Jan,4 stars,Nice ambience and good food. Had their lunch set and the price was really reasonable. Usually full so will require booking.
65,Jezicaa Whan,5 stars,Wonderful dinner with good food and good service and also with a wonderful wine list.
66,je an,4 stars,"Great food but no wine pairing option on the menu. Excellent service. Atmosphere wise, the restaurant is located inside a beautiful heritage black and white house. The restaurant interior design is ok. Felt the staff was a bit rushing …"
67,Jessica Jo,5 stars,I'm not sure why this restaurant isn't more popular. One of my favorites.
68,s quek,5 stars,Exquisite experience perfected by excellent service
69,Tim Conway,4 stars,"Why is it so hard in Singapore to enter a restaurant, be served an aperitif and given the wine list? Apparently, there’s a bar code on the a la carte menu, but if you’re not told that, how would you know?  That aside, the food is novel if …"
70,Emma Liam,5 stars,"Very reasonable lunch sets. Value for $$, I have been sea urchin for someone like you."
71,Alex Soo,4 stars,Good place nice atmosphere for private dinning. Food is good and service are excellent.
72,Ryan Bidgoli,5 stars,Excellent menu with creative food options highly recommended
73,Ben Wong,5 stars,"Exquisitely good tasting food. Everything was perfect in terms of presentation and taste, be it the scallops, pork, beef, fish and their, to die for, dessert called Exotic Cigar."
74,Hope Ang,5 stars,Bit pricey but good ambiance and interesting food. Great service.
75,Debdyuti Datta Gupta,5 stars,Amazing fine dining experience 🤩 …
76,Nicole C,5 stars,At last can dine out lovely
77,brunomilito milito,5 stars,"great food
super well presented and tasty
great service as well
keep going"
78,Ronald Wee,5 stars,Thanks for celebrating my birthday with me! Enjoyed the food!
79,Sandy S.,5 stars,"Perfect Ambience, food and service! Can’t wait to be back again!! Oh and no more pigeon for me 🤭 …"
80,cheng kee fong,5 stars,"Thank you for making our dinner with friends a wonderful and sumptuous experience. We appreciate the efforts of all including the kitchen to deal with a Aircon Breakdown before dinner time. All of us enjoyed the food, the service and the …"
81,Sun TA (DriftingSun),4 stars,Desserts was so pretty! But it didn’t suite my taste. Service was great.
82,Lee J Y,5 stars,"Had a very pleasant experience coming here for Lunch. Staff are well trained to serve with impeccable timing, allowing guests the time and privacy to experience the amazing food and calm quiet ambience. The A5 wagyu was excellent"
83,M R,5 stars,Fantastic italian restaurant with great food from a creative chef and outstanding wine list. Newly appointed Krug ambassade ! Love the place
84,Alex Cheong,4 stars,"Ambience was nice, food was decently quality but the service by our main waiter wasn't great... The lady that came into service us was excellent though! So maybe just a lack of training... …"
85,Leo Lee,3 stars,"I like to visit Michlin restaurants when I travel and enjoy seeing and tasting of creative beautiful food by passionate chefs.
I expected to have awesome Italian food. …"
86,Wei-tse Foo,2 stars,"Not sure how they got their 1*
- They confirmed my reservation 3 times. Two on the same day, 2 hours apart even after I told them it was confirmed. This should have rang alarm bells that they …"
87,Mighty Foodie,5 stars,"Attended an exclusive Olive Oil + Dinner tasting at&nbsp;Buona&nbsp;Terra recently. Organized by Olio Di Puglia &amp; Gambero Rosso, we had a chance to taste a variety of olive oil that offers a rich mouthful of flavours and aromas. We then moved on for some amazing food pairing crafted by Chef Denis Lucchi at&nbsp;Buona&nbsp;Terra."
88,YL Chong,4 stars,Wonderful dining experience. Food well executed. Service staff were good. The wine pairing for dinner was excellent! One of the better ones in town!
89,Joanna O,5 stars,"Great restaurant. If you are looking for a nice high-end experience, go here. The food and wines are amazing, as is the service. We got the four courses with wine pairing and the presentation of everything was fabulous. I am not a huge fan …"
90,Sudipto Guha,5 stars,excellent one star Michelin restaurant with great Italian food and a superb wine list. We got the four course dinner menu. First course was langoustine very fresh! That's followed by sea urchin pasta which is an unusual pairing but tasted great. Then came NZ lamb and we finished up with chocolate cigar with passion fruit cream!
91,Ivan Lew,3 stars,The service is less than ideal and could have made the experience perfect.
92,Voncile Yea,5 stars,This restaurant offers you more than just a place to eat – it's like an experience that everyone has to go through at least once in their lifetime. There are so many things on the menu here that you would have to come back every week to try …
93,douf koh,4 stars,"Good Amuse-bouche, perhaps too good hence the appetiser and main became below expectations- had the full course dinner, beef carpaccio was descent, fish was ok if you love brinny olive, pork and wagyu beef can be must better. Enjoyed the cigar desserts, dont take the petite four if you trust me"
94,C T,5 stars,"Was lucky enough to come across this place and also able to make last minute reservation for lunch. Staff were very accommodation, we got the 7 course.. Couldn't fault any dish. Fav was the scampi pasta. Better then other 1 michelin restaurants I've tried"
95,Richard Tan,5 stars,"Nice bread served with a unique and rather creamy butter.

My appetitzer was also unique and nice. I don't really know how to describe it. …"
96,SIEW HIANG EUNICE LIM,4 stars,"My first visit to Buona Terra  Italian restaurant  hidden in Scott's Road. I been to Italy for the past 20 yrs n only tried black ink squid pasta 3 times. Nothing I can recall so good about it. Here at Buona Terra, my first visit n I …"
97,Glen Francis,5 stars,"Amazing Italian cuisin
And a nice place"
98,Anthony Tan,1 star,"Food is decent for a One-Started Michelin Restaurant but I am disappointed with the fact that the main dining area is so small and packed with so many tables that I could hear the conversation of the table left, right and behind me. To make …"
99,Chiang Yin Wong,5 stars,Always satisfying. Well deserving of one star
100,Amy Yiu,4 stars,The A5 Wagyu beef was impressive!
101,Gregory Chua,5 stars,love the food and service here. Barolo the best.
102,Ken,4 stars,Very very authentic modern Italian. Very high quality.
103,Crystal Chai,5 stars,"Very good 1 michelin star restaurant. Food and service was very good. The Carabinero dish was an absolute stellar. You get what you pay for at the restaurant, no surprises. …"
104,Curtis Adams,5 stars,servíce and presentation was 5 star all the way . Our flight landed early and they accommodated us for early reservation and we loved the experience
105,Sonya Chen,5 stars,Very pleasant dining experience. Food is tasty and balance from canape to dessert. Price is reasonable and service is good.
106,Jay Kongsawat,5 stars,Course of Italian courtesy. No alacarte menu. Each menu serving with delicacy and beauty. It is very fancy to pairing wine with recommendation from staff there. My best experience ever!
107,Cher S,5 stars,"We first visited Buona Terra for our anniversary last year, and were extremely impressed. However, our return visit for my birthday might have been even more enjoyable. …"
108,Joris Dierckx,5 stars,"Refined Italian cuisine, attentive staff
Take your time to enjoy"
109,장지은,4 stars,"Not bad
Will be go again"
110,Vinod Shankar,5 stars,"I keep coming back to this restaurant just for the wonderful dinner experience, the wine and the awesome service. Highly recommended"
111,Preeti Gupta,5 stars,Had a fantastic lunch at Buons Terra. First time there and was very impressed. The food was flavorful and the staff was very pleasant.
112,Alina Ungureanu,5 stars,Spent a really enjoyable Friday evening in this restaurant. The service is great and the food is delish (ordered the 4 course menu). Lovely!
113,Spiderman Returns,4 stars,Good food
114,James K.H. Goh,5 stars,Excellent top-notch service. Delicious food. Friendly staff. Definitely deserving of Michelin stars.
115,richard “Dicky” tong,3 stars,Giving food 3 stars for value...almost 600 per head for dinner exc wines
116,A C,5 stars,The food here is excellent. Pastas are cooked to perfection and everything in general is done well. The service is very discrete.
117,Daniele M.,4 stars,As an italian I have to say that the menu is great with a wonderful wine selection. The staff is professional but friendly. Worth a visit!
118,Joanne Du,5 stars,"Great location and ambience is really great! Excellent food, taste so homely! Service? Excellent! I highly recommend this place."
119,D S,4 stars,"Consistently awesome food all these years!

However the pricing has gone up a lot"
120,David Vardanyan,5 stars,"Very friendly service and attentive staff.
Beautiful presentation"
121,Kian Wee Chong (William),5 stars,Superb food and service!
122,Clarence Lee,5 stars,"Every dish was superbly executed. The pasta just al dente, the fish cooked just right, the veal sauce just excellent."
123,robert kwok,4 stars,Always consistent Italian cooking.... Service is good... Easy to park... Never had a really bad meal here
124,Jimmy Minutella,5 stars,"Fine dining, what else!"
125,Ashlyn Yam,5 stars,Amazing dining experience! Great food &amp; service highly recommended :)
126,damian lee,5 stars,Excellent food and friendly staff. Perfect for a comfy and cozy lunch with loved one.
127,tal wilf,5 stars,Perfect food and service
128,Christophe Bourrie,5 stars,"Amazing place , service and food !! A must go place"
129,Karina W,4 stars,A bit overpriced. No wow factor for the food but overall ok.
130,Ng Tiow Seng,4 stars,"Nice food and excellent service, authentic setting and environment, but be prepared to pay $$ for it."
131,Mohit Sharma,5 stars,Overall good experience.
132,Valuer Varun,5 stars,Best experience i ever had thnkyou for this service
133,Dongbin Shin,5 stars,"Among many Michelin rated restaurants visited here, yet this place is the best."
134,Angie A,5 stars,"Well worth its Michelin star, food was delicious and innovative."
135,Elizabeth B,5 stars,Little Italian gem in a beautiful black and white old house. Execution and taste- great.
136,Edwin Khoo,5 stars,Nice Italian restaurant in a great place. No parking problem. A bit on the high side.
137,Steven Teng,5 stars,Nice place &amp; excellent food! workers are well trained &amp; know their staff.
138,Jeffrey Lim,4 stars,"had a dinner with my collage, everything was good and the service was great"
139,Mario Domeniconi,5 stars,Superlative real Italian restaurant. Amazing service and ambient.
140,Soo Max,5 stars,Creative blend of culinary materials with a pleasant ambience for get togethers
141,T Singh,4 stars,Good food but very overpriced wine and the bread basket was lacklustre
142,sankalp potbhare,5 stars,Great Experience
143,grace ling,5 stars,"Excellent food, wonderful Chef and service staff!"
144,Jerry Lee Ghim Huat,5 stars,Best dining place for lunch n dinners in the heart of orchard road
145,Brandon Ng,5 stars,Really love the ambience and the food! Worth the visit!
146,Mike Lim,5 stars,"nice ambiance, great food.. ask for Gabriel!"
147,Lennon Tan,5 stars,"Good ambience, good food, great service!"
148,Elgin Tan,3 stars,Went for the lunch course
149,Johnny,5 stars,Outstanding.
150,Sean Lim,5 stars,Great fusion Italian &amp; French &amp; Asian food
151,Tanktop Tiger,5 stars,Cosy little place with great food and great service.
152,Emily Ho,5 stars,Amazing experience here!
153,SanSan Chan,4 stars,Food and wine was good.
154,Jeremiah Ng,3 stars,Its alright and not worth the high price
155,Jim Choi,5 stars,MUST TRY place .. one of the best
156,Selina Tan-Lim,5 stars,Good food and ambience
157,Matthias MUELLER,5 stars,Fantastic
158,Michael Chiu,5 stars,The food is very good.
159,B,5 stars,Excellent food and service
160,Naeem khan,5 stars,Good
161,M L,4 stars,Food was excellent.
162,Anshuman Gupta,5 stars,Very talented chef
163,Benny Lee,5 stars,Amazing food and service
164,Bruno Liotta,5 stars,Gabriele and Dennis top
165,Lirui Ong,5 stars,Thought the food was excellent
166,Joos Wong,5 stars,Excellent service.
167,Sue Tunstall,3 stars,Disappointing for such a cost.
168,Neil Karkera,5 stars,Great Service
169,Giuseppe Noviello,5 stars,Italian fine dining
170,Sir Archie EatsAlot,5 stars,It was awesome!!!
171,Wilson Ko,5 stars,Good food !
172,Steve Koh,5 stars,Great food
173,Matteo Bonetto,5 stars,Fantastic!
174,Lee “Keretapi” Dave,4 stars,Authentic italian
175,fifi Huang,3 stars,"The food was beautiful and the service was good,
I chose the $179 set menu, but I didn’t understand some of the dishes."
176,Cleo W,4 stars,"The environment is good, there are only three tables for lunch, and it's quiet. The food was average, suitable for a business lunch."
177,Sharon Li,2 stars,"It used to be my favorite fine dining, but it didn’t work anymore after I got Michelin."
178,swaran pal,5 stars,high end festauran
179,Weng Kan Chan,5 stars,Italian food
