,Name,Rating,Review
0,Lynette Koh,4 stars,"Loved their signature cream puff. On the pricier side, but worth a try! Their iced matcha wasn’t sweet and was quite powdery, so I wasn’t a fan, but I’m sure other people prefer this type of matcha latte!"
1,Danny Fong,5 stars,"i found this wonderful place nestle in a section of OCBC bank in Wisma Atria. it’s quiet, comfortable and enclosed by beautiful, colourful books. …"
2,Ying khai Lee,5 stars,Love their puff ! Crispy outer layer and milky cream inside 👍👍. The pastas are quite standard. Service crew is nice and attentive. …
3,Zyin W,4 stars,"It was a lot of people during Saturday tea break time. Luckily, there was a small table just nice for 5 of us. I ordered the shaved ice as I already had a cup of coffee during lunch. No what I was expecting. Anyway, the new item strawberry …"
4,toofoodtomiss,5 stars,"Baristart is known for having one of the 𝗯𝗲𝘀𝘁 cream puffs and we came here for our tea break a while back to try their January seasonal special: 𝗠𝗮𝘁𝗰𝗵𝗮 𝗖𝗿𝗲𝗮𝗺 𝗣𝘂𝗳𝗳 (𝟭 𝗳𝗼𝗿 $𝟳, 𝟯 𝗳𝗼𝗿 $𝟭𝟵.𝟱𝟬). The moment we took our first bite, we instantly …"
5,Isaac,4 stars,Had a hot latte and Obihiro Butadon as recommended by service staff. The coffee was smooth with light caramel undertones. Loved it. The Butadon on the other hand was ordinary and a bit chewy. Not worth $19.80. The cafe wasn't crowded by the …
6,Lisa Chan,4 stars,It's quite a nice atmosphere given that it's a cafe that's surrounded by books. A little crowded and noisy on the weekends. Apparently the cream puff is very famous here but it was just OK. Service was OK. Everything was not great but just kinda OKKKKKKKKKK
7,Isa Charm,5 stars,"This is probably their best outlet as compared to the one at Tras Street, has a lady management trainee with super nasty attitude. …"
8,Isabelle Tay,4 stars,"Very nice cafe serving good latte. The tonkatsu sando was a little disappointing though as there was not much flavours, and could get a little dry after eating one. The fries was much better haha! …"
9,Devy Pribadi,5 stars,"Recently opened new outlet in Wisma Atria. We came on the weekend and quite long queue, there were time limitation of 1 hour. Tried the Coffee Cream Puff and ordered a Cappuccino. The Coffee Cream Puff was good, freshly baked and the puff …"
10,Seh leng hock Alex,4 stars,"i really love the environment. w a setting of a library and the clean lines and colour of a typical japanese cafe..i love this place. the service is also very good, manager is superb, service staff quick and the barista is very fast but yet …"
11,Gy L,4 stars,"Friendly staff, tried the brunch menu and it was good
The French toast was just right, baguette was slightly smooth and chewy on the outside and fluffy in the inside …"
12,The Wayfarer,5 stars,Cute latte art on my delicious latte. The barista was very thoughtful and kind to inform me that their dessert has alcohol in it when I wanted to buy it. Thank you!
13,Michelle Goro,5 stars,"Looking for a great coffee shop to wrap up our Singapore trip, I came upon this in a brief write-up. The location is unique- part bank, part, coffee shop, part bookstore- all your needs can be met easily. …"
14,Yi Xiang,3 stars,"The cafe is nice and cosy, with good books and local souvenirs. The coffee and cream puff however was alright. The ordinary flavor is better than the coffee, and it's better to share as it can get too much"
15,Kevin KW,4 stars,"The new baristart coffee at wisma , interesting place as it has a long bookshelf along with board games
Overall food was good, quite enjoyed the carbonara though it did show as “spicy” …"
16,Michelle Tan,5 stars,"Located in the OCBC branch at wisma atria. Went on a weekend and was very crowded. Staff were extremely nice and prompt, bringing us extra plates and cutlery when requested with the utmost politeness. Ordered their crabmeat and mentaiko …"
17,Alicia Hock,5 stars,"I love everything made with Hokkaido milk here. This cafe is more spacious compared to the one at Tras street. It’s surrounded by books. I was told by the staff that I can browse any book I want, just bring to the counter to have it …"
18,Pamela Lam,5 stars,"Have always loved their Hokkaido cream puffs and I’m glad they’re now in Wisma, Orchard! Cozy and conducive place located in the middle of the OCBC branch. Ordered my all time favourite cream puff &amp; the strawberry cookie jar and got 10% off when I used my OCBC 365 card👍🏻 …"
19,K,5 stars,Iced matcha latte (less sweet) was pretty good and authentic! Nice environment to chill in too. OCBC cardholders get 10% off here.
20,Sarah Constance,1 star,"The pasta is miserable and frankly dont understand why its so highly rated. For $20 all I get is 2 measly prawns, few strands of bacon and 1 piece of asparagus? Overall portion is j very small too. You'd get better pasta elsewhere at this …"
21,bounty bunny,5 stars,Uncle who served me was very polite and warm :) today’s cashier was also helpful to ask if I had ocbc card as there’s 10% for cardholders.
22,Waffles Xiao,3 stars,Decent food. a little too pricey for the standard with occasion disturbance from OCBC salesperson
23,melinda adhiwana,5 stars,"Good coffee, yummy choux!
Like havijg coffee in library"
24,LB,3 stars,The strawberry sando is a miss!  The bread is hard &amp; I won’t recommend it.  Coffee is up to scratch though
25,E T,5 stars,"Visited the pop up store on 1st April 2020. Shared venue with Rumours.
first sip of cappuccino was great! It was not acidic and the richness of the milk balanced the taste of the coffee. I also had the cream puff which was really …"
26,Jason Tan,5 stars,"Very friendly staff and excellent service, especially from Mr Wong. He was very polite and approachable. …"
27,Tan Jiekai,5 stars,Probably one of the best cream puffs in Singapore. Nice coffee and interesting ambience too.
28,D,4 stars,"Coffee was good and the kani sandwich was really appetising too, but this cafe is on the pricey side"
29,Junjie Ong,5 stars,Cream puff is a must buy. Best cream puff I've had in a long while.
30,Michelle A,1 star,Baristart claims to aim to provide the best customer experience but falls short with its poor table service and food quality standards and cooking. …
31,boo rice,1 star,"worst service ever, the guy part-timer that wore a stussy shirt (2nd February, 5.52pm)  gave us dirty looks when we walked in, and when my friend's card could not go through as the system did not accept her card, the same guy part-timer …"
32,Joanne Koh,5 stars,"Food and coffee is good, service is thumbs up, store manager extremely friendly and even offer free ice cream for my kids, which I am so grateful for (v rare for cafes to do this), and to top it up, the environment is superb! Do support them! Will go again!"
33,Serene Seet,4 stars,"Nice place to have a break.
Enjoyed having a cuppa among books."
34,Fia S.,5 stars,The Coffee Cream Puff is freshly baked!!  the cream filling inside was so fully loaded and the puff was crunchy outside :9
35,Hui Xian Tan,4 stars,Love this space so I would frequent it often to read a book or do a little bit of work (limited time). …
36,Elaine Low,5 stars,"Located within OCBC, the cafe is very spacious, and their Hokkaido Cream Puff was delicious as usual."
37,Denise Tham,2 stars,"There was limited seating so we had to ask for takeaway upon ordering because we could not find a seat. While waiting for our order to be prepared, we managed to find a seat. However, the staff said that we ordered takeaway so we cannot …"
38,Alexander koh,5 stars,"Really great coffee!

Got the iced latte, it’s very affordable for orchard. It was wonderful sugarcane …"
39,Ching T,5 stars,Coffee was good and hokkaido cream puff was great. At least twice the price of Kazo but puff was nice and crispy and the filling was luxurious and generous. Would be back. There's some discount with ocbc cards.
40,Samson Mak,1 star,"The wifi didn’t work, I asked the employee for help. The response I got was, everybody else’s appliances work, why doesn’t yours work. No help was given, I will never return to this shop."
41,Maxine Hugo,5 stars,"Had an enjoyable time at this cafe, I ordered the Carbonara Pasta and it was delicious! The staff are all very welcoming and friendly as well."
42,JO GUNAWAN tedja,5 stars,"Woww VERY DELICIOUS,MUST TRY."
43,Yy,2 stars,"Coffee was $7.96 (w/o ocbc card), which is definitely too expensive. If you're free, walk a little further to far east for cheaper specialty coffee instead."
44,Choon T,5 stars,Nice and cosy cafe in the middle of OCBC branch.
45,aLly fOo,5 stars,A cafe next to a book store. Ordered their ice cream. The portion is big and kids love it!
46,Natalia Moskaleva,5 stars,Amazing coffee space hidden in Orchard!
47,c l s,4 stars,staff very friendly
48,Zhenghao Phua,5 stars,Nice latte and unique environment.
49,Melissa Goh,5 stars,"Lovely cream puff and biei jersey milk drinks, had a wonderful tea time."
50,Daniel Sung,5 stars,Very amazing cafe. Coffee and cream puff were amazing and they have a great space to do some work! Would definitely come back again!
