,Name,Rating,Review
0,Xavier “Xavdreamerelo”,5 stars,"Great restaurant at a fair price. I was there for my wife's birthday and took the 5 courses ""omakase"". The food was really REALLY good, from the duck rillette to the lobster, the amazing lamb, the great pasta and dessert. Special mention to …"
1,Shella Sarmiento,5 stars,"Celebrated my husband birthday here and it went well. All the  foods  we ordered were delicious. Staff are very friendly especially Santos, who provides impeccable service. …"
2,xin wang,5 stars,"A true taste of France, combining authentic flavors, attentive service, and a charming ambiance. It’s a culinary gem for those seeking a refined and memorable dining experience. …"
3,Jack,4 stars,Came here for valentine's day dinner and 1st time trying out this restaurant. The 1st entree bread with duck rilettes was really good and we were expecting more great to follow. Trout tatare dish was refreshing. The scallop and foie gras …
4,Sherlly Chen,5 stars,"The best French restaurant I have experienced in Singapore so far. All the dishes are well cooked and yummy, had a good time together with friends, restaurant manager Jerriek is very attentive and helpful, we lover his service! Highly recommend"
5,Christina Pong,5 stars,"Food was impeccable, Santos was very attentive to our needs, cosy ambiance. Best Paris Brest that we’ve had. Great place for a date or a chill place to hang with your friends. Definitely highly recommended."
6,Stephanie Wong,5 stars,"Authentic French food with cosy and homey atmosphere. The meal was excellent, from the appetisers to the mains and desserts. Good selection of wines too."
7,Miko Lim,5 stars,"we had a pleasant dinner , one of the best mussel &amp; suckling pig we ever had

key highlights of the food is , mussel , lamb , suckling pig , mussel was …"
8,Jean-Claude Etter,5 stars,"Wonderfully Flavorful, gorgeous presentations, our appetizers were simply delicious. Mains were good, desert too. Tiny space, AC a bit too strong and drafty, but really worth a visit.
Prices are commensurate with food quality."
9,Carolyn Tan,1 star,"We had our bff birthday celebration last night after reading so many good reviews of this place. My friends and I totally don’t agree with all the good feedback, it doesn’t justify with the taste of food and service that we have had a lot …"
10,Thomas Tirant,5 stars,The omakase was amazing I had the ocean trout tartare seared snapper and traditional crème caramel food was incredible the service is some of the best service I have ever experienced as someone who works as a chef in hospitality places like …
11,Janice Lee,5 stars,"French cuisine served in omakase style definitely sounds attractive to me. Since I always love Japanese omakase, where there is anticipation and excitement on what the chef will serve. More often than not, I totally enjoyed these omakase …"
12,Melissa G,4 stars,"Had the 4-course omakase lunch with the following dishes:

1. Seafood bouillabaisse …"
13,YT Goh,5 stars,"We really enjoyed the food here - the braised beef cheeks and uni Sakura ebi angel hair pasta were stellar, and the desserts were also surprisingly good (as we aren't generally keen on desserts). The pastry of the Paris Brest is baked fresh …"
14,Jennifer Micheaux,5 stars,"Beautiful night spent here! Everything from the food, wine, set up was flawless. We only wish we had discovered this earlier. Service was attentive, thank you to every one here and the chef for making this unforgettable."
15,Jason Chua,5 stars,This was the best restaurant find in 2020. The food was exceptional. The charcuterie board was fantastic: the chicken liver pate was fresh and tasted great. The mussels were sweet and the stock was so aromatic. …
16,vernoxic v,5 stars,"Given the price point of the set lunch and the dishes we get, we would say that it’s a great and decent place to have a good lunch. …"
17,Michelle Yeo,5 stars,"Lovely cosy place with friendly staff.
The charcuterie board they made for us was amazing!! Loved the octopus starter. It came with little pasta balls. The white asparagus was really good too. The …"
18,Keira Herr,4 stars,A good unpretentious french restaurant with good food that is well priced. The service was good during my visit - the wait staff was attentive and nice! I was most impressed by the homemade charcuterie board - the foie pate was airy and …
19,hui hua wong,5 stars,"Delicious French cuisine . Great service !
Portion is filling."
20,Melody Tan,5 stars,"We ordered Christmas Eve dinner from here and everything was delicious, right down to the soup and sides. The beef Wellington was beautifully packaged, and still warm when it arrived. The beef was quite rare (which I liked) but the slices …"
21,MC SM,5 stars,"Visited during Restaurant Week 2021.

Bread came warm and toasted, great start to our meal! …"
22,Leong San Teoh,5 stars,One of my fav little cosy French restaurants around …. Excellent food excellent service … the only blemish is that they took their pure chocolate mousse (see last pic) off the menu…. I still remember the luscious thick chocolate in my mouth till this day ….
23,Jérôme Godard,4 stars,Had omakase set twice for lunch ($60 and $100). Enjoyed every dishes. Meats quality is very nice and preparation perfect. Wine list could be improved.
24,Pauline Yoong,5 stars,"Excellent food and service. We had mussels which is amazing, love the sauce that comes with it. Then I had lamb rack that’s cooked perfect. Also love the bread with nice balance of softness and crust. Would go back again"
25,r Wong,5 stars,"The food was delectable, we also had a charcuterie board with pate, foie gras… the chicken pate was a bit too strong for me personally but overall enjoyable. As for mains, the beef cheek with potatoes was most tender and delicious. Risotto …"
26,PalmsAngler Laurette,5 stars,"Updated: We had the $80 Omakase again and was really impressed by the volume and taste of all the dishes. As always, the team put up a really good course! To date I’ve tried the Mussels, Iberico Pork, duck rilette, yellowfin tuna &amp; beef …"
27,Loong,5 stars,Fantastic food. Chef is warm and welcoming. Service staff were very poorly trained - very cold and borderline rude. Would return for the food hopefully a different service team
28,Huyen Dam,3 stars,So it was my friend s birthday. I specified in the reservation i made. We went for the omakase dinner 120 each. Then somehow we got like no special dessert/candle for his birthday but got to watch the restaurant bring out dessert treat to …
29,Andrew Goh,3 stars,"Come to French restaurant, I would expect more on the experience and food. However, the ambience looks like a bistro setting. The service wasn’t so attentive being less crowded night on Wednesday. The wine list is limited surprise to me in …"
30,X S,4 stars,The lamb and vegetables are cooked to perfection. The sauce is consistent used on lamb and cooked vegetables. It starts to becoming boring dish after a few bites. I wish there is another ingredients to lift the taste so that not everything tasted the same.
31,Rita Silver,5 stars,"Wonderful evening and delicious dinner! Didn’t take photos of everything but the mussels and fois gras were wonderful. Cote de boeuf was delicious and desserts fantastic. Good service, good wine.  We love Bar-A-Thyme!"
32,Angel Tan,4 stars,"Great food, ambiance and service!

Came back again to try more items! Food was good, as expected. Also included a …"
33,arvi clamor,5 stars,best appetiser yellow pin tuna😋😋😋very nice all foods they served👏🏻👏🏻 …
34,Isobel Tan,5 stars,"Amazing food and service. We came here for dinner for the first time to celebrate a good friend’s birthday, and it was the best decision ever. The food was excellent, with every dish we ordered well-executed. I’ve always had a special …"
35,Angie,5 stars,It was a last min change of plan. Was lucky that we managed to have a table even without reservation yesterday. …
36,Emma Yang Mu,2 stars,"Very mediocre food and extremely over - priced . The 2 of us spent 258 dollar, ordered 2 oysters ( small and 8 dollar each), one glass of white , a few starters and one main, the portion wasn’t good, food is not good, my fav sweetbread dish …"
37,hellohellosquare,3 stars,"Found this place from google and decided to try out the seemingly popular omakase for my partner’s birthday. As im allergic to seafood, shared with the staff and waiter beforehand that  for one pax, we would like to opt out of any seafood …"
38,hexin xu,5 stars,"Really enjoyed ourselves at Bar-A-Thyme last evening. The food was delicious, and service was great. It was also my first time trying traditional bouillabaisse with rouille; totally surprised at how amazing it is!"
39,Poh Soh Lee,4 stars,"Blown away by the food quality. Even my French dinning companion finds the food exceptional. Everything we had that night was great! Started our night with cold cut board ($46, pricey), bread (first basket free, $7 per basket after) &amp; …"
40,teck leong yew,5 stars,"Wonderful set lunch with great service from Santos, bhuwan and joanna."
41,Fiona RQL,3 stars,"It was a hit-and-miss dining experience.

I start with what I like: the food overall is worth 5 stars. The complimentary …"
42,Carlos,4 stars,"Great restaurant located in Chinatown of Singapore, excellent frech food, french wines and delicious plates. Is small restaurant but you can feel confortable. Service is good and location very good, near other restaurants and bars and the life area of chinatown bars."
43,Alex Soo,5 stars,Always loves hands on restaurant owner. Francois the chef and owner always make sure the food and dinning experience is top notch. The lunch set menu is a steal. Loves the free flow fresh bake breads. And also fresh seasonal ingredients brought in from Europe.
44,Yeny Oh,5 stars,"Absolutely loved it!
I had the omakase, which you can taste variety of dishes adjusted to your likes / dislikes. …"
45,Raphael,5 stars,Always a winner! Honest French food with a touch of class. I don’t want Michelin Starts - I want honest food and this place delivers every time we come. Menu is perfect but don’t forget to ask for daily specials as chef gets what’s in season in France.
46,Sadira Yeong,5 stars,"Had a 3-course business lunch here. We went  for Ocean Trout Tartare with Avocado
Capers; Pan-seared Seabass and Profiteroles with Vanilla Ice Cream. Overall was great. Great atmosphere and service was good too! Good private space for business meetings."
47,Si Min Hong,4 stars,"The Octopus Ala Plancha was delicious, fresh and tastefully done. The Wagyu Bavette was up to expectations, juicy and tender. Would probably skip ask for the Béarnaise to be excluded when I order it again. Couldn't really appreciate …"
48,Karen C,5 stars,"Came for Restaurant Week lunch set. Food was well put together - appetiser of duck and fish tartare was yummy, chicken leg was a star as it as juicy with nice sear on skin."
49,TN Lam,4 stars,Had a great time eating at this place with friends.  The service was attentive and food was good. There a time slot for the table but the staff were nice enough to move us to a table outside in the back.
50,Mathieu Sneep,5 stars,"The takeaway dinner was an absolute delight. We got a three course set menu for $35 with a fresh tuna salad, delicious orecchiette pasta and a lovely dark chocolate cake. Highly recommended, we will definitely be back!"
51,Jiajun Koh,5 stars,Tired their Omakase menu. All the food was on point. The pork jowl is a winner. Soft and tasty. They have great wine to pair with the food as well. But the food took awhile to serve. Good for long lunches!!
52,John Teo,4 stars,Good French food and warm friendly service.
53,lala,5 stars,"$35+ Takeaway fine cuisine! - Entree: Onion Gratinee + croutons + onsen egg, Plat Principal: Seafood Risotto, dessert: Eton mess. The croutons for the soup were quite soggy, but other than that, thumbs up! Looking forward to eating in at the restaurant after restrictions are lifted."
54,Bev,5 stars,Have been eyeing to try this restaurant for ages and finally did. One thing: I thought I don't eat mussels so I am glad to be convinced to try their mussels - and it is amazing! Highly recommended! Will definitely be back. …
55,sonq Q,5 stars,Love the mussels and lamb - desert is good too. Service is great without getting stuffy and prices are quite reasonable for the quality.
56,Germin,5 stars,"Ambiance is perfect for family gathering, late night staff party and love birds dating.
Thou located in the small alley in the city, it is always crowded so remember to …"
57,lim wei ren,5 stars,Delicate authentic french fare that you will love. Start with their charcuterie and make space for dessert. Their mains are impeccable but prepare to be stuffed.
58,qimin y,5 stars,All the dishes were good. Garlic chicken with mashed potato was my favourite dish for the day. Will definitely return for more 😋 …
59,RCSC,5 stars,Came for their restaurant week 2021 menu. So delish. Especially the mussel dish. Chef was friendly too.
60,Aaron Tham,2 stars,Menu looks promising on first glance and food is plated nicely. Taste-wise flavours are hugely underwhelming. Octopus was not sufficiently tender across all dishes that included it. Lobster ravioli was a decent starter but no impact either …
61,Charis,5 stars,First discovered this place from restaurant week when I went for their restaurant week menu. The food was amazing and the service was so good! I love that little touch of giving us sanitizer spray and mask envelopes. Will definitely visit this place again!
62,Sun Rei,5 stars,"Everything was perfect!!
Great service and delicious food.
Definitely coming back!!"
63,Gary H,5 stars,Excellent drinks and food. It is hard to find a well served drink but this place knows how to do simple things well. …
64,QR Rui,5 stars,Lamb chops were mind-blowing! Loved the crabmeat salad as well. Restaurant can be quite noisy so book an early reservation if you want to have a quieter meal.
65,Kevin Huang,4 stars,"Had the set lunch. The appetiser and main was great. The dessert did not wow me though.
Service is fantastic!"
66,christina woon,5 stars,"Had an excellent time at Bar-A-Thym a few weeks back. We were hosting quite a big party of 25 people as a farewell do, and the team went above and beyond to make sure everything was perfect. Even had the menu cards tailored with a farewell message for my colleague! Thank you to Santos, Bhuwan, Prischel and Joanna for hosting us!"
67,Andrew Tan,5 stars,"The birthday celebrations continue and we had a blast at Bar-A-Thym!

#andrewtanatomisingapore #theatomiway"
68,Gracie G,4 stars,"Lunch menu was really good! Good variety of food to choose from e.g.fresh fruit, fish, meat or pasta. Would be back to try more dishes!"
69,Halcyon CPE 1,5 stars,A good friend sent a belated birthday meal to me to enjoy with my family. We were so wowed by the tenderness of the lamb rack. My daughter said it was the best lamb rack she had ever tasted and she lived overseas for 4 years. We like all …
70,Michelle N,5 stars,"Got the chance to try Bar A Thym out through restaurant week. Great ambience and food, particularly the Beef Ragu pasta here. Service was sincere and it was the small touches that left a great impression (eg providing envelopes for masks …"
71,Nancy Amelia,5 stars,"Had my dinner here last Saturday to celebrate the birthday of my friend. We had Duck confit,Beef Cheek.. and the Best is the Mussels. We rarely go french Restaurant but these place i can say is totally cozy and friendly staff. Thankyou to the waitress for creating a lovely birthday cake on that day! Will be back again."
72,Daniel Lim,5 stars,"This place is amazing, from the food, down to the service, and Francois himself is such a gentleman...poised and polite, with a hint of ruggedness. Must visit!"
73,Axel Lorsold,4 stars,"Good french food. Dishes are refined and delicious. Also, it feels great to get reminded time to time what a decent service feels like. We appreciated it. …"
74,Kelly W,5 stars,"Absolutely fantastic dinner last night at Bar-A-Thym! We did a la carte and can vouch for the foie gras, tomato Tarte Tatin with burrata, cassoulet, lamb chops and potato gratin (with Epoise omg!). The NZ lamb rack was the best I’ve had in …"
75,Charmaine Low,3 stars,"Our party dined on a Friday afternoon and had the business lunch set. Whilst my food: frog legs and pork, both suggested by the young man who took care of our table, was pretty good, this review is in response to the appalling service I …"
76,Gwen Chua,5 stars,Excellent service and food. Every dish from started to dessert was amazing.
77,P,4 stars,"This was a great meal, the chef is innovative a full of suprises.
Very nice place and the staff was great.
However I would suggest to offer a wider offer for wine by glass."
78,L W,4 stars,"Great food. They always change menu. If you don't know what to order, just ask the boss to recommend. Seabass and foie gras will never be wrong."
79,Edson Viveiros,5 stars,Joan and Prischel are awesome. Great service and experience. The food was amazing! Thanks to the French chef!
80,Mia Kan,4 stars,"Been 3 times. Very nice service. Food mostly great, but then some really miss plates too. Food only 3 starts. Desserts nothing special. Best dish so far: angel hair uni pasta."
81,Bernard Lim,1 star,Very very poor service. Food is super expensive and overly priced. Overall a rubbish restaurant. Avoid at all cost.
82,Kris,1 star,"My fourth time here, but today I got the worst experience.

Staff named Joanne was extremely rude upon arrival. No introduction, just stood …"
83,Benedict Chan,5 stars,Perfect. Service 🏆Ambient 🏆 The mains gold 🥇 🥇 🥇. Especially the Brevette first light steak. Just perfect. …
84,Dennis Leong,5 stars,Amazing food. Especially the mussels! Never disappoints. Go for the omakase. It's fantastic.
85,Th S,4 stars,"have been there for dinner. nice relaxing atmosphere, decent style, not too posh. However I was a bit irritated to see one waitress in torn jeans, just did not fit to the overall elegant atmosphere. Even the guests were dressed properly. …"
86,Alan Tan,5 stars,"Amazing food, excellent service and thanks to our govt for opening up"
87,Vernie,5 stars,"Had dinner with my friends here, food was amazing, as well as the service! We tried the mussels recommended by the Chef and we loved it. The pork jowl was good too.Thank so much to Joan who attended our table, we appreciate it :)"
88,Andrew Cheang,4 stars,Good food and great host. We love it.
89,Lim Kheng,1 star,"Bought the Beef Wellington for Christmas. What a disappointed and terrible experienced for an occasion. Followed as per instructions and after 50min, the middle part is still raw and cold with a big chunk of fats/veins and the bottom part …"
90,Rafizah Gaffoor,5 stars,We had the set lunch on weekday and the food was good. Service was attentive and prompt. I had the salad as the entree and it was the best dish in my opinion. The restaurant was also able to cater to my fellow diners' lactose intolerance …
91,Flo Yeow,5 stars,"Thoroughly enjoyed our time here with Chef Francois! We had an omakase lunch setup, as my friend was familiar with the owners and servers here at the restaurant. Ended up having such an enjoyable lunch with the beef steak, the desserts, and …"
92,Wendy Wendyyy,2 stars,"Ambience was poor for Christmas dinner.
Staff were poorly trained. Kept squeezing through seats to serve and collect plates. …"
93,Feng Tao,4 stars,"Food is good,  staff are nice,  but a little expensive."
94,Marilyn,2 stars,"My husband and I came here for his birthday. This is not the place for couples as it is not intimate at all due to the layout; it is better suited for gatherings. Food was ok, desserts were great and service was careless. It’s the little …"
95,Carolyn Chan,5 stars,"Love this place! Unpretentious and delicious French fare. Highlights for us - bouchot mussels (when they are in season), epoisses gratin, and the wagyu cote du boef (best beef is Singapore, hands down!) …"
96,Allan Lau,2 stars,"This review is specifically targeted at the restaurant week menu.

Starters: frog leg tempura; deep fried, fine but bit heavy on the dough, and low …"
97,Candice Aw,5 stars,"We had the best time! The bread arrived warm and the butter complemented it perfectly. We almost couldn't stop eating our bread especially since we also had the most delicious duck rillettes to go with them, but we had to stop because we …"
98,Li Yin Tan,5 stars,"Compliments to the Chef and Francois Mermilloid for the wonderful Omakase set dinner I had with my Husband..we thoroughly enjoyed every dish and the ambience..friendly, attentive waiters attending to our table. The star of the meal was the …"
99,Amith Rajan,5 stars,Chef Francois is always a safe choice for a nice dinner! Really loved raviolini and appetizers
100,Mark Lim,5 stars,Yummy French cuisine at affordable prices. Not too heavy as well.
101,Benedict Tan,2 stars,"Booked a Xmas dinner for 2 online a week ahead and wasn't aware that they were only serving a Xmas dinner set at 148++ - my bad for not anticipating this, but I did called in 2 days prior to enquire about their all so famous omakase, and …"
102,Mei Xia Woo,2 stars,"Ate the Omakase lunch with wine pairing which costed $148 per pax. To be honest, the 4 courses were so-so and petite sized, the only saving grace was the lobster bisque. But the wine pairing was very pathetic as they poured only 2 sips per …"
103,Draco Roblox,5 stars,Foods are delicious! Service are superb  and good recommendation of wine.. Well paired with the foods ! 🙏🏼🙏🏼🙏🏼We will visit again😊 …
104,Jean-christophe Tabourin,5 stars,"As a French, i felt like in a good restaurant in the countryside. Great food, great staff and talented &amp; friendly chef. Bravo"
105,Rei Tan,4 stars,"We came for dinner for restaurant week. Almost all the dishes were perfect, the tuna ceviche was fresh and tangy, the mussels were the best we have ever had, the beef flank was flavourful and juicy, and the lemon meringue tart was just the …"
106,Panda Vert,2 stars,"I didn't tried the food so I don't put one star as it seems the quality good... The two star is for very bad customer experience. We had reservation for my girlfriend and me, they accepted more guests than available seats and asked us if we …"
107,Bertrand Bidaud,5 stars,"Excellent. One of the most talented chef in Singapore. Michelin quality without the price or arrogance that comes with the 'stars'.
Highly recommended"
108,Chew Lay Ling,5 stars,Great hosts. Great service. Great food. Great dinner experience.
109,Lorraine Tiglao,5 stars,"Dined in here for our New Year’s eve dinner, and the food was beyond our expectations. They were all good, and worth every penny. The staff were also very attentive and the chef even checked on us after the dinner. Highly recommended!"
110,Daniel Dulitz,5 stars,"Delicious and creative meals -- try the omakase and you won't regret it! Very friendly staff, casual setting. Wines are well chosen for the food and very good value for money. Not accessible: one or two steps outside, two or three inside."
111,Shannie Lu,5 stars,"Ordered delivery on the first day of CNY. Turned out to be a real treat!

Food arrived promptly, with very detailed serving / storing instructions …"
112,Richard Skinner,5 stars,Had a great lunch Friday (the set lunch is a jolly good deal and excellent food).   Then had an even better dinner Saturday night. …
113,tze seng lim,4 stars,Great place to dine. Not over fancy yet tastful. The waiters are attentive.  Chefs very friendly.  A little pricey but a good place for dates and couples
114,Jonathan E. Chua,3 stars,"First, really good service. top notch. and the duck rillette was good. But the duck confit was sub-par. The skin was not crispy; and while the meat was tender, it was not fall-off-the-bone tender and had no flavor."
115,Chantel Lee,2 stars,The grand board was great! Service was okay but food serving was quite slow. Not all the mains were served together and sides were served only when we almost finished the mains. The Bouillabaisse was extremely disappointing which came with …
116,John Driscoll,5 stars,"Nice location, great ambience, accomodating staff and excellent food ... BUT my 5 star rating is really for providing great affordable fare.  This was my first time to visit and was the selection of my guest, who got to choose the place …"
117,Mercedes Nicolau-Blair,5 stars,"My husband and I Ioved the French feast at this restaurant, food was delicious - we could not fault anything. Impeccable service and phenomenal wine list. Enjoyed the interaction with François the owner who came say hi, and with the rest of the team. We’ll definitely be back."
118,ehs s.,4 stars,crabmeat salad was perfect
119,Cheryl Foo,5 stars,"A casual &amp; lively spot to dine at.
Various types of starters/ appetisers to choose from, with generous portions. …"
120,Momo,3 stars,"Nice service and atmosphere. However, I felt food were too pricy for the quality."
121,Meimein paris,1 star,"We had dinner here on 28 September. We were shown to a table for 2 beside an older couple. It was only once seated that we noticed the lady had a foot in a bandage and she had it propped on the sofa, right beside us. We went through the …"
122,Lilian Chu,5 stars,Our go-to French restaurant
123,song,5 stars,Truly enjoyed the night. Attentive service and wonderful taste!
124,BENJAMIN YEO,5 stars,"5th time in 2 years. Food and service is consistently top notch and never fails to live up to expectations. Be it an intimate gathering for 2 or a night out with friends, it's always a good choice. …"
125,Lik WONG,5 stars,We have the honour of Francois serving us as chef. The Omakase or Chef menu was fantastic. We enjoy almost all the dishes especially the pasta with uni and pork Jaws; the cold appetiser needs a bit of getting used to.
126,wmme johra,5 stars,"Very enjoyable experience! The staff makes sure to keep you informed as you progress and should there be any issue or delay, you can rest assured you will be notified. I recommend the Paris-Brest for dessert. It can be an incredibly difficult task to get it right but Bar-A-Thym nailed it - one of the best of its kinds"
127,Anna Ng,4 stars,So we went there couple times and l love the food so much. The chefs and most of the staff were so generous and accommodating with their menu. When things come to the reservation I was so disappointed. They never answer the phone even just …
128,Wil Tam,5 stars,"Always great food, excellent service, truly satisfied on every single visit experience. More than any words can description....looking forward to dining there again despite numerous visits....somehow their interesting menu keeps drawing us back. Thumbs and toes up."
129,Sue Wen,1 star,"Really, the worse experience ever. Waited almost 5 hours for food drink and dessert. No apology from the service staff. We sat at the back of the restaurant where there wasn’t any AC. …"
130,Glen Francis,5 stars,A great for dinner catch up
131,laura chiesa,5 stars,"Absolutely amaizing food and staff.
The waiter was awesome, he gave us a personalised and happy service.
The restaurant is located close to Club St and you can have a pleasant walk after dinner."
132,Cleo W,4 stars,"Update Apr 2021
Not as good as before.
Food taste feels very normal and the environment, service are not outstanding as …"
133,Colin Dailey,5 stars,"We enjoyed excellent service and a delicious, creative meal set.  Put yourself in the competent hands of the people at this restaurant and go for the Omakase Set.  You won’t regret it!"
134,Keith Lam,4 stars,"Overall decent standard, but nothing was really outstanding. The bread is crusty and tasty. Take note the omakase is only available for min 2 pax and for whole table only."
135,Steven Yang,5 stars,We came here for drinks and dessert. The manager told us it would be free if we didn't like it. I wanted to lie but the apple pie was too good. What a great chance find at the end of the night.
136,Camila DPW,5 stars,Very nice place with great service. The manager Moahan made our experience even better. The lunch set is fantastic and amazing value too. Highly recommend.
137,Pimmada Saetiew,4 stars,Food was tasty service is good recommended
138,Matthew Steffy,1 star,No value for the price. The fish and chips are indistinguishable from frozen store bought food but for 10x the price. Fois gras for $30 gets you what should cost $15. Seeing Wagyu for $170 gives me no confidence they would deliver value for that either.
139,张宁,3 stars,Food is not bad but the service can definitely be improved.  The guy serving our table wasn’t so helpful and shoved the cutleries to the side when serving the dish…
140,Rahsiame,5 stars,"Very good French restaurant run by a French chef. Friendly and relaxed, the amount of regular customers, many of them French, speaks to the standard of the food."
141,aurelien mery,5 stars,"Authentic French food, lovely atmosphere and a wonderful chef! I was sooo pleased with the food that I devoured it without taking a picture😋 …"
142,Graeme Bain,5 stars,"Food, wine, service and ambience was 5 Star.
Friendly owner chef suggestions were magnificent.
Try it, you wont regret."
143,C,5 stars,Nice food! Omakase was very filling… melt in ya mouth good
144,Kyle Lee,5 stars,"Had the tempura for starter, barramundi for main, and flan for dessert. Each was exquisitely done. Great set lunch."
145,Paul Moore,5 stars,Beautiful Mussels. Sublime desert.
146,Lim Geraldine,5 stars,Cosy ambience yet elegant french food... lunch sets are priced affordably; if wish to try the food at pocket friendly pricing. Brought my parents and family for lunch.
147,Kiran Veeramallu,5 stars,Nice ambience and good service. Not an expert with french cuisine but they made out of the way to make veggie guy happy
148,Ad K,5 stars,"Good is fantastic from the meats to the seafood too the pastries. Also, great service! Thoroughly enjoyed my time there!"
149,Ange Cheah,5 stars,"Awesome food. Excellent!!
Francois, the friendly Chef, had constantly exceeded quality on so many levels. Bravo!!"
150,Tib,2 stars,Clearly overpriced for the quantity and quality of food
151,Julia Brilliant,5 stars,Delightful restaurant - stellar service. Food was perfectly done and perfectly presented - tried the degustation and was very impressed with the quality and value.
152,Saravanan V,5 stars,"service and food excellent!
Will definitely come back again."
153,Luke G,2 stars,Great ambience. Nice corner. Unfortunately the food was salty and overly imagined. Ordered King Prawns and they give you tiny salty prawns. Food was a huge let down.
154,Alvin Cheng,4 stars,Uni pasta was very good
155,Mats Lingblad,4 stars,The duck platter with rilette is great. Have it with bread and wine. That's it. More bread if you're hungry
156,Alp Altun,5 stars,"Taste, service, ambiance, attention to detail and customer orientation are top.
Not often that I think 5 stars are warranted but here, it is an easy choice."
157,Vincent Da Costa,5 stars,"The fine cuisine is delicious as expected, but I noticed that waiters are excellently well trained"
158,Soo Kong,4 stars,"Good quality across the board, both food/drinks and service. But nothing stood out - honestly can’t remember what I ate there"
159,Suyun “Sunny” Ye,2 stars,"Visited for lunch during the restaurant week. salty fish, dry chicken, cold apple pie, didn't really meet my expectation."
160,Brandon Wong,5 stars,Food is delicious. Service even better!
161,DAVID MARCHIORI,5 stars,Amazing food and perfect service! Thank you chef!
162,Bambos Kaisharis,5 stars,Top-notch. So many dishes were excellent. Can't wait to go back!
163,Keith Lim,4 stars,Great food and desserts. Good selection of sharing plates and individual dishes
164,Wm Emery,5 stars,Delicious and very generous portions. Bread freshly baked reminds me of home.
165,Laurent Bertrand,5 stars,"Can't miss the great food, friendly and knowledgeable staff as well as the fantastic deserts. Love the place"
166,Jennifer Tay,1 star,"Booked for lunch, went there and its not opened. Should update google map right?"
167,Matt Cooper,5 stars,"I love this place. Thoughtfully prepared food, fun staff and great food in this chef driven restaurant."
168,Puneet Garg,5 stars,Nice cozy place for delicious food ..ambience is ok and always full of people ..advisable prebooking and it took a while for me to get a taxi back home
169,Rohit Jaggi,3 stars,"Underwhelming food, lacking strength in flavors and everything felt a tad dry or not perfectly cooked"
170,Maria Jimena Cardona,4 stars,Nice place...tasty pasta..not very good risotto and very nice dessert with caramel
171,Annie Goh,5 stars,"Great food, personalised and excellent service by chef and team."
172,michiko watanabe,5 stars,Amazing French restaurant! We can discover classic French menu.
173,Tham S.Kuan,5 stars,"Wonderful service, ambience, food &amp; drink with the family."
174,Karl Hansen,5 stars,Exquisite French cooking. Very friendly staff and nice interior.
175,T Singh,5 stars,Cosy bistro with quality chacuterie as well as high end dishes
176,Nigel Kaw,4 stars,Good bistro style French food at decent prices done with sustainable produce.
177,Sebestian Szeto,4 stars,"Good French food,  attentive &amp; frfly staff,  nice place for meals &amp; drinks to chill."
178,Anjana Prabhath (Aj Styles),5 stars,This place is so nice. The staff is olso werry good they can give you a new experience try it good luck Bar-A-Thym
179,Kryptonbond sir (Sam Mr),3 stars,Good place but avg food
180,Crssn Nkl,4 stars,"Had a dinner there, very good quality 👍 …"
181,MI Bénard,5 stars,"Great cuisine, Nice staff and chef is excellent"
182,Aaron Ling,4 stars,"Nice environment, tucked away in a place close enough to MRT but not over crowded"
183,Kian Wee Chong (William),5 stars,"Yummy food, casual and friendly vibes."
184,Sulaiman “Mann” Ismail,5 stars,Food is Delicious! Pricey but great
185,Laurent Antoine Gatignol,5 stars,Awesome food and service - as usual
186,Willem Nabarro,5 stars,"Excellent food, interesting wine list."
187,Anubis Anubis,5 stars,Wonderful food with wonderful people! Great fun and food!!!
188,Vignesa Moorthy,5 stars,Food here is the bomb. Especially their seafood.
189,Edward Lee,5 stars,Great service and food!  Highly recommended to try
190,Laurent Delarue,4 stars,Good French restaurant.
191,Volkan Caglayan,5 stars,One of the best French restaurants in town
192,ergonoma journal,5 stars,very Nice housse. menu and owner.
193,David chenkof,5 stars,Good bar and a restaurant. Excellent customer service.
194,Bhanuka Wickramasinghe,4 stars,SteakS and chops are really good..!
195,Rey Y,4 stars,Lamb good
196,Louis Ong,5 stars,"Great portions, great spreads"
197,Kazu Takiguchi,5 stars,Great bistro.
198,Pratik Ray Chowdhury,4 stars,Like the food. But the space is a bit cramped.
199,Anthony,5 stars,"Good service, moderately priced."
200,Allan T,4 stars,Nice but expensive for lunch
201,Lee Seah Li,5 stars,"Cozy, nice place, nice food, good service"
202,Bernice Tay,5 stars,Good lunch menu!
203,서헌덕,4 stars,great wagyu steak
204,KS Lee,4 stars,Good food and ambiance.
205,K A K,5 stars,Excellent service and meals
206,Maybelle Ng,2 stars,Friendly attentive staff
207,Michael Bayer,5 stars,outstanding Beef.😋😋 …
208,Fathiah Lim,4 stars,Excellent steak
209,Rusan Bicuri YAZICIOGLU,5 stars,Great French food
210,Craig Rawlings,5 stars,Outstanding food experience
211,Tash Stamatelos,4 stars,Great ambiance
212,Bee Ling Teoh,5 stars,Great place...
213,salahuddin muhammad,5 stars,Delicious steak
214,P S,5 stars,Love the food
215,Stteven Siow,4 stars,Friendly staff.
216,Jeremy LEMOINE,5 stars,Amazing food
217,Vasanthi Perumal,5 stars,great place
218,C Kowa,5 stars,"Really great restaurant serving excellent French food. Friendly service from all the staff, including Chef Francois! All the food was very good, the stand out dishes were the Iberico pork jowl and the wagyu beef cheeks cooked in red wine. I highly recommend this restaurant and will be back again."
219,林宜屏,5 stars,"The best and most seasonal ingredients from France, the chefs use no more than four kinds of seasonings, making the French dishes here different from the traditional thick and heavy, appearing light, but just enough to bring out the maximum …"
