,Name,Rating,Review
0,Petter,5 stars,"Amazing food, oysters were perfect and corn bread was some of the best we've had. Service was spot on and welcoming."
1,Zachary P,5 stars,If you’re not a steak person (I fall in this category) and expected to be blown away with the thought that their steak is amazing (because of the reviews and high price) prepare to be disappointed. This review is purely subjective as I am …
2,AP.,4 stars,Overall good food and love the portion. I will definitely be back! Only hope the clam chowder isn’t that water down and too much salt. Definitely recommend this place and reservation is highly recommend.
3,Janice Mok,5 stars,Amazing meal with great food and service. The corn bread at the start of the meal was served warm and it tastes really good! The oysters were fresh and plump but slightly too salty for my liking. The beef was really good and the restaurant …
4,D Payne,5 stars,"Absolutely loved this place. It's a nice intimate setting, and loved the 1930/40s music playing. The wait staff were attentive and the food was excellent. Would highly recommend if you want somewhere special to go"
5,Kaiherng Lim,4 stars,"Service was great. Attentive servers but  not intrusive. Food was generally good but not having most of the oyster options was a let down during the visit. Steak was cooked and seasoned exceptionally. Simple yet decadent. Really enjoyed the meal, drinks and atmosphere of the place. Feels like a cosy late 80s, 90s American dining joint."
6,Sel L,5 stars,"Been here many times and the food they serve is always so good.
My favourite sides are the Mac n cheese and cream spinach.
The service is always delightful and my dining experience is always so …"
7,Flower world Chong,5 stars,"Tuck in a quiet Gemmill lane, the food is very good, service staff is very attentive and atmosphere is just right. However small details can be improve, which like the roses at the entrance is not fresh."
8,Aaron Josh Yeo,5 stars,"Definitely try the lobster pot pie, oysters and cookies + stout shake. Mains are shareable. The quality of food and service was top notch. 10/10 would recommend"
9,Helena Faith Liu,4 stars,Definitely one of the best quality restaurant food I have had in Singapore for awhile. The food is superb and there’s no fault about it. Patted our big bellies as we leave. Will recommend to anyone to dine. It would have been 5 stars but 1 …
10,Anurag Srivastava,4 stars,Made reservations for weekday lunch for a friends birthday. They were sweet to bring out a really rich chocolate cake. The tuna tartare and deviled eggs were really good to begin with. Got a glass of italian pinot for 3 and the lunch menu …
11,Raymond Soh (GFWT GoodFoodWillTravel),5 stars,Luke’s is still my top choice for a good USDA prime steak. The black pepper crust goes so well as u put each slice of beef in your mouth. …
12,RCSC,5 stars,Looking back at the photos makes me salivate againnnn. Food and service were very good. Prices are on the high side but they do have a lunch menu even on weekends. Must order the crab cakes!!!!!!! …
13,Yasmine Claessens,5 stars,"Amazing meal! Fresh lobster with delicious sauces, and would definitely recommend the casino clams as well. The ribeye was perfectly grilled with a nice crust, great to share between two with some sides. Definitely go for the hash brown! Got a tasty birthday dessert, but glad I ordered the warm cookies too, so good!"
14,ordifolks,5 stars,"I can confidently say that this is one of the best steakhouses in Singapore! Ordered the $108 400g Prime Ribeye (Naked) it was so well seasoned with simply salt and pepper, love the very slight charred crust and perfectly-cooked steak, with …"
15,Agnes Ng,4 stars,"ambience on a friday night was rather bustling and filled with work chatters.

would prolly go to just celebrate occasions but won’t return as frequent as …"
16,Asheta Thurairajah,5 stars,Luke’s oyster bar was our choice for date night. It had a relaxed ambience and we were shown to a corner booth. It was perfectly private in a busy restaurant. The sliders and lamb chops are a must try. We were served by Nabil. He was very …
17,Hui Lim,4 stars,"Solid and delicious. Luke’s Oyster Bar provides what it says in the name with great execution. Fresh oysters, great thick pork bacon with fantastic burgers and lobster rolls. Can’t go wrong here."
18,Ying,5 stars,"The foods is good . Everybody loves the burger .
We got complementary corn bread and cookies which are delicious.
Good service good ambiance ."
19,Sarah S.,5 stars,"Still my go-to favourite restaurant for a yummy crab cake and shrimp cocktail. Sadly, I didn't quite like the clams during this visit - I remembered it to be less salty. Will probably focus my orders on the oysters, and my usual good ol' crab cake and shrimp cocktail in my next visit."
20,Matthew Nelson,5 stars,"I've been twice - each time ordering some different options.  The rib eye is  very well executed, tasty with perfect seasoning.  The asparagus was nice, but not the best I've had, but I suppose you can be at the mercy of available produce. …"
21,yingers11,4 stars,"Will definitely be back for the oysters and crab cake! We had the Barnstable, Powder Point, and Wellfleet — super fresh oysters that left us craving for more. Add just a squeeze of lemon and let the natural taste of the sea do the rest. The …"
22,Andrew Goh,4 stars,"Came for their fresh oyster from US daily and tasted their best burger too. The food quality was great .. beef, pork, crab cake etc. This is American style restaurant and located at Germilline lane. Fine dining but the food is expensive but …"
23,Wong Teck Jung,4 stars,"#2nd review (a year later)#

I was disappointed with the service tonight, hence I am downgrading from 5 stars …"
24,Royal Pears,5 stars,"Enjoyed the Maine steamed whole lobster (700-900g), which was fresh, easy of the shell, and chunky served with fresh dill weed. Also enjoyed the jumbo shrimp cocktail with its large, fresh, crunchy prawns and spicy cocktail sauce. The …"
25,Hazel Ang,1 star,"Used to be one of our favourites but fell through the ranks so badly. Key lime pie - rancid, Service - abysmal, Drinks - meh and what ever happened to the amazing team of servers who used to work there? …"
26,Tavin Tan,5 stars,The lobster chowder and steamed Maine lobsterwas the best we had ever had. We also ordered my wife's favourite rosti hash brown. The tenderloin was perfect with the Peccavi Shiraz. …
27,Papu De,5 stars,Busy but seats at the bar available. I'm still here and it's so good I'm giving it 5 stars and I haven't finished yet ! Visited the Orchard branch before it closed and it was superb. Same here. Exemplary service yet warm and friendly. …
28,John Tango,4 stars,"We had so many items ... pre-birthday celebration.

Ribeye steak 9/10 ⭐️ …"
29,Straits Body,5 stars,Favourite place in Singapore. Pricey but never goes wrong. Service is impeccable. Seafood always fresh. Had it during both pregnancies. Best tomato onion salad. Freshest oysters in town.
30,CP,5 stars,"This is one of those places fit for special occasion. The ambience, food and service is exceptional. It is definitely an upmarket place, so be prepared to fork out a little more to have that exquisite meal."
31,fjfgmail,5 stars,"Super tasty and good quality food, but comes with a price tag 😋All dishes were on point! Crab cakes, steak, Mac and cheese, lobster bisque, cookie! etc. …"
32,Jake Scott,5 stars,"The steak au poirve was so good, it reminded me more of the French version than that typically served in the US.. so not smothered in pepper sauce but instead the meat is coated in peppers, grilled and served dry with jus instead.  The …"
33,A C,5 stars,"Love the food here - highly recommend the ribeye steak, kale salad, lobster mac and cheese and Guinness stout milkshake. Service is good and wine list has a good variety. Nice ambience as well. Highly recommend a visit."
34,Lorenz Altenhoff,3 stars,"More expected; For the first time Oysters again after my wife's pregnancy we hoped to get a feast. While the menu offered six different - although all from the US - the restaurant had only two to choose tonight. While the taste was ok, they …"
35,Joanne Ho,5 stars,Fresh ingredients and superb service. Second time here for my birthday (:
36,kevin shanmugam,5 stars,The food is simply heavenly. The large shrimp cocktail is fresh and the sauce with a tinge of spice. My wife &amp; I ordered lamp chops and a burger to share and they graciously portioned it for us. This is probably one of the best burgers I have tasted!
37,Kenneth,5 stars,"My number one oyster place in Singapore, worth every penny for its price. If you’re a fan of oysters, give the raw clams a shot! This place serves good steak as well. …"
38,W Q,5 stars,Food was on point — highly recommend the steak and lobster Mac &amp; cheese. Exceptional service from the team too! They overheard that we were celebrating birthdays and sent us cake. Will definitely return again for the seafood
39,Marcus,5 stars,"Food was great! I'm not an oyster person, but this got me wanting more. Highly recommended, although a little on the pricy side. …"
40,Lance Ng,4 stars,"Went for a birthday dinner here. Read initially that service isn't fantastic for non-caucasian patrons but the staff who serviced us were fantastic, and we were the only Asian diners that night. Food is great, but I reserve 5 stars for only the truly breathtaking."
41,Zhan Wei Lee,5 stars,"Amazing. Went here for a special occasion. Food was spectacular, service was superb. One of the coolest looking places ever as well. Tuna tartare was the highlight of the day. Be sure to share mains because the portions are generous."
42,lisa,5 stars,"Cosy and elegant place albeit tables are pretty near.
2 of 3 different types of Oysters(48++). It's a thumbs up 5stars.
Korobuta pork (78++) was a little too lean therefore a tiny bit tough, however, …"
43,Kelly W,5 stars,"One of my fav steakhouses in Singapore and thankfully it’s still just as good as it’s ever been! The meat is top notch and it’s always cooked to perfection. Service is seamless, the team is knowledgeable and helpful and the cosy vibe makes …"
44,Alex Soo,5 stars,Dine here a few time and never disappoints. American steak house with American serving portion (huge). Only comes here if really hungry 😋 service is always perfect. …
45,Samuel Lipoff,5 stars,"Luke's is a sleek, elegant American steak and seafood restaurant, where the waiters are dressed in tuxedos, but the vibe is cool, not stuffy.  I've actually never had the delicious, but punishingly expensive steak or seafood main courses. …"
46,Roger Harrold,5 stars,This is one of my favorite restaurants in Singapore serving lunch and dinner in style. Small enough to have personal attention yet big enough to get surprised by excellence each time. They defy all restaurants in top service and food …
47,Phil,5 stars,"Singapores hidden gem. One of the best restaurants I’ve been too here (and I’ve been to many). The service was outstanding, the food was exceptional. I couldn’t rate it highly enough."
48,Phyu Phyu,3 stars,"food is good, service is good but not great or fantastic to pay for super expensive, very pricy, over priced food &amp; service 😔
Price vs Quality/Standard/Attentiveness is totally not worth at all, will not go …"
49,Kevin Hee,5 stars,Fantastic overall experience. Great food across the board consistently (I've been here twice this week). Good wine selections. The prime rib is excellent. Ambience is classy and great for entertaining to family dinners. Service is great. Hard to think of a better place for what it is. Book at least a few days in advance.
50,Kasey,4 stars,"Went there as a group - food was definitely pricey, the beef was really good although I asked for medium and it turned out medium rare. It’s a little on the salty side but I still enjoyed. Most of the sides were great, I was surprised by …"
51,Chester Tan,5 stars,"Great restaurant all around - ambience, decor, atmosphere, service and food quality.  Went here for a birthday and got a nice cosy booth for 2.  You have to order that seafood tower.  This is a great place for Surf and Turf where their meat …"
52,S F,2 stars,"The food was really bad, considered the price. The lamb chop was sent back for the wrong temperature and the second round came back very salty. The meat itself was not of great quality anyways. …"
53,Ken Lee,5 stars,"One of the best Franch restaurant in CBD area near club street. Cozy and comfortable. Staffs are kind and professional.
Will visit again."
54,Vicky Chen Tan Hui Ying,5 stars,"So great to be back at Lukes after so long.

Great set lunch menu and drinks and the best service ever ! Lunch main is …"
55,April H,5 stars,"Had one of the best meals at Luke’s! The service was on point, they’d go out of the way to make you feel welcome and special which is always lovely. We ordered: oysters, tuna tartare, scallops, lobster Mac &amp; cheese and ribeye steak. All …"
56,Joey Cxt,5 stars,Wanted to visit another steak place but the service was so bad so we left. Turned a corner and bumped into this place (with the help of Mr.Google). Not at all disappointed!!! 👍🏻 Parking was just outside the shop I didn’t even need to walk …
57,LT,4 stars,"Service was great, steaks were also excellent.  The lump crab cake wasn't any lumps of meat at all, was shredded and highly disappointing..."
58,Pari k,4 stars,"Everything was delicious, served with style n care, good fast n efficient service...make reservations they are always full.....pricey...best thing on the menu for us lobster chowder...yummmy"
59,Sasha Bao,4 stars,"The steak was only so-so. Lacked the flavour associated with a 40 dollar steak with fries. Was going to give 3 stars for the food, but on second thought, the decor and service deserves another additional star. Did not try the oysters …"
60,Chi Vu,5 stars,"We had an amazing dinner with really fresh oysters (probably among the freshest we've had in SG), steak and apple pie. Service was great and nice ambiance. Will come back!"
61,Eats More Fun,4 stars,"The Damage (no drinks): S$100-150 for two

Classy steakhouse vibes at this perennial CBD favorite also known for their …"
62,Maria Jimena Cardona,5 stars,Food is amazing. Corn bread is very tasty...best meat I’ve had in Singapore and lobster cream is a must! Good service
63,Mark Yeo,5 stars,Great food and service. We had a good meal and time with dear friends over dinner and birthday celebration.
64,ZY L,5 stars,"Super amazing service, super amazing food and super amazing ambience. I do recommend the ribeye (400g), it's very delicious. Service crew is super efficient and friendly."
65,K W,5 stars,Luke's always been quality - from their service to their food. I have been here over the years and the food remains consistently good. Seafood platter is fresh and decadent. Large is more than enough for two. …
66,Kris Trimoeljo,5 stars,"We like the atmosphere and of course, the delicious  food there. We ordered bone in tenderloin and lobster pie for main course.  They were so good."
67,Ferdian Gunawan,5 stars,"Great place for lunch! The staff are awesome the food is great. Had the steak and fries, very generous portion, steak is well cooked."
68,Jorge Bialade,5 stars,Great restaurant with very good quality food and service. While it is on the expensive side worth me money. You should definitely go for the tuna tartare as a starter and some oysters
69,Dirk-Jan Arts (DJ),4 stars,"Upscale Surf &amp; Turf Restaurant with Oysters, Steaks &amp; Fine Wines. Well trained staff. The seating is a little bit tight, but I suppose that’s because the land prices in Singapore are just that high !"
70,Ketchup Woore,5 stars,"Definitely try this place for sure it's so amazing. This is the best place to visit with your friends to have a nice time. They have a cool bar with pool tables. They also have a really nice place in the back which has a view of the canal, trees and also a beautiful sunset view in the evening to enjoy. You can also get some beverages."
71,Jesse Ong,5 stars,"Had an amazing experience at Luke's. Never heard of it prior to the visit but certainly will be back sooner rather than later. Ambience was nice and relaxed which has the 1980s vibe-ish decor. Food was excellent especially the corn bread, …"
72,fan “Rudey” shin,5 stars,"Beautiful Fresh Powder Point Oysters satisfied me on this day.
Friendly staff and delicious tip top meal!!!
A place i would recommend."
73,Ben Humphrey,5 stars,"Hands down the best restaurant in Singapore, especially if you are missing authentic western food. The sliders, Apple pie and steaks and to die for and the best quality."
74,Mia Kan,5 stars,"Oysters, year after year, best in town. Would be nice to have a different menu soon 😀 …"
75,Esther Lim,4 stars,"Delicious food, excellent service. It might have been the remnants of F1; the place was packed and bustling for a Monday evening. Suggest skipping the Lobster Sliders and go for the oysters, lamb chops, crab cakes, USDA prime rib eye …"
76,Ng Si Wen,4 stars,"Seafoods is my favorite especially the oysters and oh my ghaad, their oyster here is so good and fresh must try it. I really love this place, very recommended!"
77,Mandey J,2 stars,Steak had too much sauce on it. The crab made my fiancé sick. I really enjoyed their expresso martini but we won’t be returning.
78,P H,5 stars,"Lobster &amp; Corn Chowder ($34) is rich and MUST be shared. The Whole Steamed Lobster ($135) is possibly the freshest and hunkiest lobster around!! I have great faith in their seafood sourcing, and will definitely be back 🥹 …"
79,Shay Seng,5 stars,"I just went for drinks and snacks. Love the ambiance, great drinks and delicious snacks."
80,Jerrick Lim,5 stars,"Attentive service, coupled with great little touches that really make this a great place to eat. Our burger was being shared so they cut the accoutrements in half as well as the burger and served on two plates. Our glasses were never dry either. This is a fabulous venue to take a lover, or have a loud conversationa about business."
81,L N,1 star,"the worst place that calls themselves an oyster bar, and the servers have no idea where the oysters are from, or even just general knowledge of perhaps a general region of provenance. it's ok if they don't know but they're even rude about …"
82,Cheng Wei,5 stars,Vday Choice of 2023. Have to say this place exceeded expectations and is worth the good reviews of the place. …
83,Johanna Tay,4 stars,"I apologize for the missing star but it is only because I am a cheap date and much much prefer a mushy Little Bacon Cheese Burger with tomato, lettuce, relish, grilled mushrooms, green pepper wrapped in a greasy aluminium foil with a …"
84,lewin l (Lew7n),1 star,"First of all, I’m revealing a true review, not paid review. I won’t give 5 stars review like the others local guides. This restaurant has a STRICT and WEIRD policy where the guest can only bring 2 bottles wine over and the corkage is crazy …"
85,Jim Wagstaff,5 stars,"This is one of my go-to steak places. Fantastic oysters, sides, cocktails, steaks, wine, and desserts. Everything a classic chop house should be! 🥩 …"
86,Yohan Paek,3 stars,"The steak was just ok. For the price of all the food, I would have expect the food to be awesome. Clam chowder was also average. Not worth $35 for a cup size serving. I would not eat here again. Super expensive for average tasting food."
87,Dad ST Cirq,5 stars,"The gold standard for service in Singapore.   Unique New England seafood and classic chops, executed perfectly."
88,Lars Bastian,5 stars,Excellent food and service. One of the top culinary highlights in Singapore.
89,Priya Joseph,5 stars,"Amazing food and excellent service
Will come back"
90,GGCRAZE,1 star,Surprised to receive rude service during my first visit to Luke’s. Food was average but it wouldn’t have been that undesirable if not for the rude glare received from one of the service staff when i seek help to get the sauce out of a …
91,James Loh,5 stars,"Luau steak is rich and amazing, one of my favourite steaks ever. Service is excellent as expected."
92,Charmian Aw,5 stars,"Shout out to Gildo for exquisite service that is sorely missed since the good old pre-COVID days. Got treated like a VIP at a Tuesday night dinner, which really elevated my experience at Luke’s. What a memorable experience. Thank you!"
93,Steve Harbick,5 stars,"Even the seasoned taxi drivers may be confused by the address... But the food and service should not be lost on this little red dot of Singapore. Great oysters, Snake River chops, and daily catch are not to be missed"
94,Ian Hall,5 stars,Great place! It's a little pricey but sometimes you should splurge.
95,al vin,2 stars,"Very disappointed with this place. With the price point, I'd expect top notch service, and high quality food. …"
96,Tan Chun Hao,5 stars,Fresh seafood cooked to perfection. Make reservations in advance as this place gets pretty packed.
97,Philip Y,5 stars,"Went for lunch. Ordered a steak, a burger and a bottle of Balbo Signature Malbec. Food tasted superb and exceeded expectations, with nice, cosy American ambience to match. Service was also good. Recommended."
98,A Luchsinger,3 stars,"THe oysters were lovely and the wine list is respectable  and all a bit pricey.
Unfortunately I opted as main dish for a burger who was from a meat point of view on the very light side. The side dishes very large and I could not eat up …"
99,HL,4 stars,"Great nice place with good oysters, steak and sides.  Even though it's not the most competitively priced joint, it did not disappoint."
100,shohita choudhry,5 stars,"Went there last night to celebrate my husband's birthday and it was perfect!
Service- 10/10. They brought out a small cake at the end of our dinner which was a nice touch. …"
101,Jack Young,5 stars,"I enjoyed the meal. Followed what the rest recommended and went for the naked ribeye steak (medium) tastes fantastic, one of the best steaks i've ever had in singapore. Ordered the full dozen oysters, i felt the size were a little small. …"
102,Chris E,3 stars,"Fantastic service! Great wine, great food, great atmosphere and music. Crab cakes and lobster sliders are must-have starters. Oysters taste like the ocean, and the shrimp cocktail is a nice spicy chili flavor. …"
103,mimi Davis,5 stars,"I love this restaurant, service , food and desert and staff are professional."
104,Shell Randal,5 stars,"It was our first time here and we loved it! We commend the western style of this restaurant, not a big restaurant but cozy and comfortable seating. I had lamb chops, kale salad and french fries. Staff were knowledgeable and polite and they …"
105,Patrick Tang,4 stars,Prime Steak Tartare is a must try! 😋 …
106,LV Benchot,5 stars,We had a great time and enjoyed the oysters. Best customer service and as they are  accommodating. Good food and it’s worth your money.
107,Joanna O,5 stars,"This is a nice place, a bit tucked away. Very good seafood and decent drinks. The service was very good also. We liked the oysters, crab cake, clam chowder and lobster, as well as the tomato and onion salad. Definitely worth a trip if you like seafood. Prices are on the high side but typical for upscale Singapore restaurants."
108,Michael Johnson,5 stars,So amazing….now truly a Singapore Institution that keeps delivering day after day…..the Tuna Tartar/Avocado starter with perfect lightly toasted bread was flavorful as it was fresh. …
109,Leong Wilbert,5 stars,Food was exceptional but on the high side but it was well worth it. Would return for special occassions. Kudos to one of the staff Jay (Female Staff if i spelt her name correctly) who went through the extra mile to make sure my dinner was …
110,Desmond Tan,5 stars,Amazingly delicious food. Classy atmosphere.
111,Sebestian Soh,4 stars,"Surf &amp; turf place. Love their turbot, one of the best in town. Service is underwhelming and a little high-nosed. I've visited on 3 occassions with each bill consistently around $900 for 3 pax. Don't feel like the service attitude matches the price point. Cannot fault their food and wine menu tho. Will be back with lower expectations."
112,EJ Sokias,5 stars,"Worthy of the hype. Beautiful, up-market bistro."
113,Kokodal Hunter,2 stars,"Nice, cosy place with good ambience. Food however is really average. We ordered the bone-in tenderloin and rib eye (both medium rare).  The rib eye has a lot of gristle i can hardly swallow.. and the tenderloin is also very chewy. …"
114,henry ng,5 stars,Great taste with great ambience !! Love the oysters and steak.
115,Dexter Tay,2 stars,"Over-priced and under-quality food. The best item happened to be the lobster soup / chowder. The oysters were minuscule, and didn't taste fresh (ironic for being called an Oyster Bar). There was a mains that was supposed to be steak, but …"
116,N G,2 stars,"Really average. Unimaginative. 500 dollar meal for two which just wasn’t worth it for experience or food. Beef tartare lacked any creativity, the rib eye was tough and a poor cut of meat. The Cut at MBS is light years ahead. Oysters were decent so perhaps one should go there only for that. Immensely underwhelming evening."
117,Jason Wong,5 stars,Such an institution. Always enjoy my meal here or at orchard ( previously). Good food and service.
118,Cloelia,1 star,Went to Luke’s for lunch and had really good food but a very disappointing experience. I ordered the ice lemon tea and it was served but the manager (I assume? malay man in a white jacket) walked over at the bar where I was sitting and …
119,Dan Ventura,5 stars,The food here is outstanding and a meat lover's paradise. I had the filet - extremely tender and thick. Cooked to perfection. The lamb chops were also well prepared as were all the side dishes. The atmosphere was relaxing and not pretentious.  Highly recommended.
120,A S,5 stars,"Never fails to impress ! Great New York style ambience , tasty food , great service. Best part is the cookies and milkshake to end a hearty meal !"
121,Li Ya Hong,2 stars,Oyster is nice but this is a place where the servers are insanely focus on their task at hand that they can’t seems to catch customers’ desperate eyes or hand waves for help. …
122,N D,4 stars,We go here just for a drink. Private and sophisticated
123,Peter Jurgens,3 stars,"The meal started great but went downhill from there. I loved the tuna tartare. The clam chowder was OK but nothing exceptional. For desert I ordered the key lime ""pie"". This was a major disappointment. Perhaps my fault for not noticing the …"
124,John Nelson,4 stars,Great place for good oysters/ seafood and really well mixed drink classics like old fashioned and whiskey sour. Would have rated 5 stars except for the prices. As good as the place is the prices are a bit high. Even for Singapore.
125,Gabriel Ulmann,5 stars,"Pricey but great experience. Tasty cocktails, meat cooked to perfection, fresh oysters, not much more one could ask for."
126,Julien,4 stars,Food and services on point . Didn’t put 5 stars because it’s overpriced in my humble opinion
127,C,5 stars,"Lovely place with great food! The steak and mashed potatoes were amazing, service was impeccable as well."
128,JR Hickman,5 stars,Luke's new location which is right next door to their old one is posh and on point. With the brown leather booth and the wooden blinds this venue gives off the impression of being inviting and elegant at the same time. Service is great with …
129,Benjamin Chan,5 stars,Although it's called an oyster bar but their steaks are to die for. This may be a personal preference but their standard way of serving their tenderloin steak is to pour the gravy on the plate before placing the steak on top of it. Hence …
130,Jamin Tan,4 stars,"Great steak and sides with a brilliant wine menu. I've never had a bad meal here, though service can be a little slow when they're full (or on weekday lunches). …"
131,Journey With Steven,5 stars,Visited Luke's for my dinner with my companion. Really nice place and oyster were pretty decent. Nice wine. Ambience was great! The staff members were very friendly and professional. …
132,Andino Anguloar,5 stars,This place satisfy my food desires! They sell different kinds of dishes and drinks that I really love and get addicted too! Also the place was great and good place to stay. You can bring your family here because the prices of every dishes are at the lowest price. This restaurant will meet your expectations and hunger!
133,Sudipto Guha,4 stars,"A classic American restaurant that transports you to NYC of the early 20th century. Serves up classic American fare; think fresh oysters flown in daily from the east coast, clam chowder, steak, meat pies and so on  and so forth. Attentive …"
134,Md Aman,4 stars,Cosy diner ideal for intimate gatherings!
135,Olivia Lee,5 stars,Service was excellent and the steak was one of the best in I've had in a long time ! Their kale side dish was particularly good. Looking forward to going back again!
136,Vernon Vasu,5 stars,Excellent service and food. No qualms recommending a visit. Reservations a must.
137,M L,3 stars,Did not enjoy the Dover sole. Not worth paying 125+ for a piece of fish.
138,Ma Xianrong,4 stars,"Here for the oysters, happy hour prices from 5 to 7pm 50% off oysters of the day. Had 1 dozen and it was awesome. The steaks great but the fish was alright. Pricy establishment with good food and great service."
139,Mark Heap,4 stars,"The food is excellent and service good.  Try the warm smoked salmon which is fabulous. Downsides are that it is a very corporate environment so don't bring a date (Luke's other branch on Orchard has a much better ambience) and of course, it's very expensive."
140,Li wen H,5 stars,"The oysters are so fresh and tasty. We had the pork, scallops and lobster mac for dinner. Then apple pie for dessert. Apple pie was the best I have EVER eaten"
141,Eina Oji,3 stars,"Very fresh produces.
Great steaks, perfectly cooked.
That’s about it."
142,Cassie Radford,5 stars,"Outstanding: white glove service, food impeccable.

Waiters were prompt, detailed but unobtrusive. Simply a lovely dining experience, one of the best in Singapore."
143,Isaac Lee,5 stars,Food is excellent. Steak and Fries lunch set had a generous helping of fries and veg too. Medium rare steak was done just right.
144,Bryan Goh,5 stars,Great steaks. Nice place. Hope someone else is paying.
145,Milesthng,5 stars,"Great food, wine &amp; service. Everything was cooked perfectly."
146,Lau Meikuan,4 stars,"Great service and oyster is good here,  nice good western food overall"
147,Henry Hariyono,5 stars,"top-quality food. great people. the freshest produce and pitch-perfect techniques make for a memorable dining experience serving hearty, unfussy food at a top-league level. perenially full, reservations are nearly impossible to make on the same day. it is a venue one must plan to visit days in advance."
148,Richard Bradshaw,5 stars,"Lads boozy lunch with the boys, ‘Quarterly Review’ with the best mate, date night, special occasion dinner, birthday party….Luke’s has stood up to scrutiny on more than a few occasions and always delivers. Would be a slightly lower score …"
149,A Schon,1 star,Oh boy. . An over priced restaurant with mediocre food and sub standard service. French fries were drowned with oil and seems to be refried frozen (at $14 sing you would expect a bit better than McDonald style fries which would have been …
150,K L Ang,4 stars,Great food but a tad expensive. Very expat crowd
151,Rachel Ashe,4 stars,I went for lunch and the burger was great.. cooked as requested; everyone enjoyed their food but the service was very slow.  This really put a dampener on lunch as we had to eat quick to get out on time for work / appointments we had - food was great I’d recommend if you weren’t in a rush!
152,jenny di,2 stars,"Today we wanted to have a birthday lunch for my husband, we were excited about it but the experience was very bad.
The guy (front of the house) told us , we don’t have high chair and no strollers …"
153,Sharifah Fauziah Alsree,5 stars,"Excellent service and great tasting dishes , highly recommended"
154,Ian Criddle,4 stars,"The food very good and great wine selection, love the fitout … pricey and service not perfect with ambience a bit flat."
155,Diego Diaz de Cossio,1 star,"I had previously given 5 stars, but unfortunately this time I had a very bad experience. The reservation system does not work as it should I’ve waited 12 hrs only to find after I had to call and follow up that the place is fully booked and …"
156,charles goh,1 star,Disappointing episode. Had the ribeye steak which was tasteless and  probably stayed in the fridge for too long. The lobster chowder was good but the rest like crab cake spinach was average. Not deserving of a 400sgd price tag with a carafe of wine.
157,Eric Rogers,3 stars,Food great. Service staff very knowledgable... BUT.... After paying over 1000 dollars for a meal for 4... To be told you have to leave to get more customers in... Not good. A wonderful experience was substantially cheapened by the …
158,lynn chan,5 stars,"food is nice, just abit overpriced"
159,Vanessa Caitlin Jayne,5 stars,"One of my favourite restaurants in Singapore. They are consistently good, and provide excellent service. I recommend… basically anything on the menu."
160,wz ang,3 stars,Apple pie was the best.
161,Mollie T,1 star,"Would give zero if could. Website says there is a take out service. I went in to ask for take out, the guy at the door, dressing nicely in blue and black, treated me like a beggar and said no take out service. Doesn’t matter if there is a take out service, how about learn to respect people first? Wish they close soon."
162,Ling Ong,1 star,"Got food poisoning from the oysters. Other diners who did not eat the oysters were fine - evidently it’s the oysters causing the food poisoning. Never mind that the Oysters were not worth it - small and briny, $49 for 6 oysters; the food poisoning totally ruined my Christmas. Last time I’m going to Luke’s."
163,Sophie Guerin,3 stars,Online reservation system unfortunately isn’t great. What’s available online isn’t necessarily what’s actually available. Only discovered that our table wasn’t available when we showed up and the host informed us a text message had been …
164,Jess,5 stars,Went for lunch and it felt like great value for money. The ambience is terrific (love the old-school vibe) and service top-notch. Will definitely be back again.
165,miko chong,2 stars,"Oysters are small and 'skinny' for one dozen cost $96++, if u craving for oysters, pls go other place as overpriced here and not worth it.  Overall  the foods are just ok ,nothing's special but overpriced."
166,PersianKat,5 stars,Tuna tartare is the best I have ever eaten - have it every time we come here!
167,Kevin N.,5 stars,Nice find in Singapore. Classic food done extremely well. Great service.
168,Ak Mia,5 stars,One of my old favorites in Singapore
169,Berenice Low,3 stars,"Service and ambience were great but food (we got the tenderloin, scallops, clam chowder) was average and not really worth the hefty price tag."
170,Nalin Kariyawasam,5 stars,Lobster Mac &amp; Cheese was a winner! The scallops and the bone-in tenderloin were awesome. The fiancé's birthday brownie surprise was a nice touch and absolutely delish
171,Swen George,5 stars,"Great food including oysters, other seafood &amp; fish dishes (like the tuna tartare, scallops, salmon) and steaks. It is is pricey but I enjoyed the food experience there."
172,Andrew Yu,5 stars,Amazing food and ambience
173,Alvin Ong,3 stars,Perhaps we went there for the wrong reasons -- we were going there to gun for the much-raved raw oysters (and my benchmark were fresh from the ones I'd in France) …
174,Wanjiru Nduati,5 stars,A restaurant is all about food. Luke's delivers on flavour and top quality  ingredients. Service is professional  and accomodating without being intrusive. Quality comes at a premium and so does Luke's
175,John Ricardi,2 stars,Sous vide style cooking is not for beef lovers. All you taste is the sauce they put on.  The meat is tasteless and dry
176,Black Man,1 star,"Food are below average and over price. Waited for 45 mins and meat are chewy.
Not recommended."
177,Cookie Monster,4 stars,Good food but at a price
178,BC 22,5 stars,"Great food, ambience and attentive service."
179,Josh Morris,5 stars,Easily my favourite restaurant in Singapore with a great atmosphere and decently priced menu. Best shrimp cocktail bar none.
180,J. Loveless,5 stars,Customer service was very friendly and the hamburger was amazing. 10/10 would visit again with family and friends.
181,Soo Kong,4 stars,Good steak but nothing to write home about - seafood is much better. Very quiet atmosphere; think corporate card over birthday bash
182,Aishwarya Shivdasani,4 stars,Excellent fare especially the steaks and foie gras. Seafood equally good. And I loved the devilled boiled egg starters
183,Karen,5 stars,"The food, service, ambience, crowd, all impeccable. It's a match with its price and worth every dollar. Thank you for making my experience so memorable!"
184,Lego Land,5 stars,"delicious prime rib, wonderful set"
185,Kirubhananthan Subramoneyam,5 stars,Always a great time here.
186,MH Chew,5 stars,"Never fail , a place to always return for quality steak and chowder."
187,Victoria Zheng,2 stars,"Spent SGD 900 for a table of 4 persons - Bad service unless you are white.
Decent food, but not worth it."
188,Brittney Rader,5 stars,Delicious food and a great wine selection. Have tried both locations and prefer the Orchard location ambience more than the other.
189,Ralph Rambausek,5 stars,Fabulous every time!! THX!
190,Peter Oliver,5 stars,"Everyone has to visit this place if you love a cool vibe, great service and food"
191,Gary Smith,4 stars,"great little restaurant, love the simplicity. the food, american comfort food, nothing really ground-breaking but all are executed very very well."
192,Calista Lee,4 stars,Staff were super friendly and helpful! Happy hour price was really reasonable too.
193,Brenda Bence,5 stars,Fabulous! One of my new favorite restaurants in Singapore! Loved it.
194,Travis Lahay,5 stars,Fine dining Boston style in Singapore.  Fresh and delicious oysters.  Check out the happy hour!
195,Jude Kasijo,5 stars,"A great American oyster bar, steak &amp; lobster diner, top notch quality, jazz music and attentive service."
196,Andy Tan,4 stars,"Cozy place, nice steak. Will return."
197,T Singh,4 stars,No cornbread better.
198,euromensch,4 stars,Very good classic American fare with wide selection of shellfish and lobster dishes.
199,Julian Chang,5 stars,"Great seafood, steak, chops and dessert. Service was average, but amazing ambience and food!"
200,Ross Bennett,5 stars,Always awesome. Pricey but worth it for a romantic dinner or just a craving for tasty oysters.
201,Waang,5 stars,One of the best restaurants in Singapore. Must try the veal chop and hash brown potatoes. Excellent
202,Alexander Inacio,5 stars,Lovely food. Cool location. Great service. Not cheap.
203,Shankar Saikia,5 stars,"Visited over 5 years ago on Bastille Day (July 14th, 2016). Loved it !"
204,Ray D,4 stars,Start with the shrimp cocktail for sure...   cant go wrong with their steaks...  a good meal and service overall...
205,Ping Shuang Poh,5 stars,The oysters were fresh and lobster roll was amazing! The choicr of dessert was perfect!
206,Tonci Zdunic,5 stars,"Excellent food, professional service in nice atmosphere."
207,Kevin Shum,1 star,Guess what this is? Pork. And it's red. And it's after we told them to cook it for the second time. The manager said it's meant to be red. It's how they cook it. I haven't eaten pork this red before. Maybe it's just me.
208,tash loong,5 stars,Great and attentive service. Quality ingredients and value for money. Would definitely return for more!
209,Derek Chang,4 stars,"Good quality of food, especially steaks and oysters, but rather pricey."
210,Josh Lin,5 stars,Great steak!!
211,X Lin,5 stars,Had a lovely evening out with friends. Amazing “naked” steak with impeccable service!
212,Bill Rain,5 stars,Still the top oyster and steak
213,Gábor Bagyinszki,5 stars,Amazing!
214,whee Khoon Pua,2 stars,"All I taste in Lobster roll was salt.
Burger was not tasty
Crab cake was not fresh"
215,Timothy Seet,5 stars,"Expensive, but if you can afford it, ambience and food is great. Quiet and a good date place. Excellent service"
216,Ignacio Launa,5 stars,The place is like at an old New York restaurant and the steaks are really good!
217,Malcolm Lee,5 stars,"One of the best restaurants in Singapore, spectacular menu, wine list and service."
218,Imran Jivani,5 stars,Best lunchtime burger in Singapore and they have Kona Longboard on tap!
219,Peter G Sehested,5 stars,"Great atmosphere, service, food and wine"
220,Bambos Kaisharis,5 stars,Consistently great food. The tuna with avocado and the steak is a must-try
221,Joris Chevaux,4 stars,"Food is great, service pretty good for Singapore standards... Not cheap though."
222,Sab Castro,5 stars,Oysters and great steak.. What can go wrong. And lobster mac and cheese... Must order
223,360pro 1300360776,4 stars,. Highly recommended for a great night out or to bring first time visitors to Singapore to catch the spectacular view
224,D S,5 stars,Everything here is fantastic..food service and ambience...just go here
225,Jet,5 stars,Food is great but love  their Guinness milkshake &amp; cookie.
226,Julie Bainbridge,5 stars,"Luke's is one of my favorites. The food, wine, and service are wonderful!"
227,Renhui Lee,5 stars,Awesome food for the price you pay. Excellent for romantics.
228,Sherri Liew,4 stars,Lovely atmosphere but pricey steak. Frequented by expats.
229,Roy Nahum,4 stars,"Good steaks, mediocre side dishes. Over priced vs similar options"
230,nick wee,4 stars,The food and service was great as usual. It's my 4th visit.
231,danny cheung,4 stars,Good food and service.  No disappointment!
232,Rica Kartika Handayani,2 stars,The food was nice and the lunch set was huge. But the cleanliness is poor.
233,Lloyd Strecker,5 stars,"good food, highly recommended"
234,Dom Wee,5 stars,Really the best place in SG for sweetest oysters and Chablis
235,Marcus Sim,5 stars,Great food good ambience excellent service.
236,Chris Pickering,5 stars,So good. Hard to describe how tasty this place is!
237,Jep O,4 stars,Oyster was great.  Steak was tough!
238,Tan Chuanguan,5 stars,Excellent food and atmosphere.. Multiple visits there.
239,Dave,5 stars,A must for steak and meats. The bacon is a must
240,Neritan Dedja,5 stars,"good food, highly recommended"
241,Chris Jones,5 stars,"Great food, great service. Expensive but great value."
242,Simon,5 stars,Great service and the ribeye is very nicely done.
243,Gerard Lee,5 stars,Great produce and treatment.   Staff extremely professional.
244,Sami Ammous,5 stars,"Wonderful meal. Great food, drinks, and service."
245,Emily T,4 stars,Great food but service was slow
246,Phill Dunn,5 stars,Guaranteed good food and wine... And oysters
247,Andrew Ang,5 stars,"Friendly, great embience n huge succulent potion"
248,George Mikhail,1 star,I ordered there chicken burger from UberEATS and it left me with food poisoning.
249,주소형,5 stars,Food and service are excellent.
250,Ryan,5 stars,Pricey but would definitely come back!
251,Triple EFF Consulting,4 stars,"Consistent quality and service, a special occasion place"
252,Sara Taseershoaib,5 stars,Fabulous food   Must visit.
253,Mark Ridley,5 stars,The best oysters I've ever eaten!
254,Tze Qing Loh,4 stars,nice restaurant with good ambience and delicious steaks
255,Sangwook Suh,5 stars,steak would be an awesome choice for lunch
256,IAN CHAN,5 stars,Excellent as always.....consistency in service and quality.
257,Adam Nelson,4 stars,"Good, of eyewateringly expensive. One for those who still have expense accounts"
258,Tom Young,4 stars,"good set lunch, great oysters."
259,SH W,5 stars,Love the veal! So delish!
260,Christopher Dorai,5 stars,"Wonderful service, ambience and food."
261,David R,3 stars,Disappointed by the quality compared to the standard the restaurant aspires to
262,Gibson Wong,1 star,Bad service and overpriced.Not worth it.
263,Jae-Won Lee,5 stars,Too good. A little bit expensive though.
264,Chan Ka,5 stars,Excellent food. Try the burger!
265,Suhaila Shaikh-McCann,5 stars,Freshest oysters and great steak!
266,Vee Bee,5 stars,"Amazing dining experience, must try the veal"
267,Michael B. Stennicke,5 stars,Always great. Try their rocknrye!!
268,Tamin S,5 stars,Excellent Prime Rib and Excellent Service
269,Freda Chiu,5 stars,Nice environment and service is great.
270,Richard Skinner,5 stars,"Nice food, especially burgers at lunch"
271,Gerard Lai,5 stars,Can't find anything that's not good
272,Bryan Ong,5 stars,Great spread of refine American dishes
273,Karl Duffill,4 stars,Good place to go for steak and lobster.
274,Dom Rego,5 stars,"6star quality
Awesome VIP treatment"
275,Ian Mc,5 stars,Luke's! Fabulous
276,Keith Whitchurch,5 stars,Simply brilliant.  No more needs to be said
277,Sebnem,5 stars,Above expectations! 👍 …
278,Iggy yeo,5 stars,Excellent service- delicious food
279,Vincent Goh,5 stars,Nuff said. Superb. Going back again
280,David chenkof,5 stars,Good shop
281,Harry Lee,5 stars,A picture paints ...
282,Vadim Mytnik-Gonta,5 stars,One of best in singapore!
283,Chris Shayan,5 stars,Great steak and oysters
284,Joe Teh,4 stars,Very nice ambiance.
285,Singa Eats,5 stars,best steak in sg
286,Justin Yeoh,4 stars,Good food as always.
287,Chang Chia Yi,4 stars,Very good food.
288,Siong Ng,4 stars,"Great oyster, freshness"
289,Blur Toad,3 stars,Ok not good
290,Pierre Fel,5 stars,Best steak in town
291,Mike D,5 stars,Shmancy- but worth it.
292,Jeremiah Ng,5 stars,Lovely
293,Lavone Loh,5 stars,amazing steak!
294,Michael Coates,5 stars,"Cozy, upscale dinner place."
295,Sam Fraser,4 stars,Great burgers
296,anita khalil,1 star,terrible service.
297,Bob Maxwell,4 stars,Great steak
298,Paul Luthe,5 stars,Great food
299,JEREMIAH Sanngs,5 stars,Fantastic food
300,Alex Davies,5 stars,Excellent.
301,Lee Smith,5 stars,Favourite.
302,ken kroeger,5 stars,Great food
303,JERRY SHIN,4 stars,"Delicious.
The only downside is the price.
The oysters were delicious, but the volume was so small that they lacked full flavor. Full Dozen Oysters were added"
304,S Ishi,5 stars,"Seafood (especially oysters and shrimp) is top class in Singapore. Steak is also recommended, but basically anything you eat is delicious. website
The prices are listed on the menu, but they are quite expensive."
305,M K,5 stars,"I wanted to eat delicious raw oysters, so I went to this restaurant with good reviews for a weekday dinner. There is a bar counter on the right as soon as you enter, and today's oyster is written on the wall there. I ordered a full dozen …"
306,Kazu Takiguchi,5 stars,"A top-class seafood and steak restaurant in Singapore. The oyster and shrimp cocktails are exquisite. There are various cuts of steak, but the porterhouse is recommended."
307,Sun Rei,5 stars,"Whenever I want to eat delicious oysters, I always come here ✨👍 All the dishes are delicious! …"
308,Fei Xiao,5 stars,"The service is very good, the environment is elegant, and the food is great!"
309,yaz faz,2 stars,MRT Telok Yesterday DT 18
310,hiroshi sasaki,5 stars,Robust roll.
