,Name,Rating,Review
0,ordifolks,5 stars,"[Mar 2024] We might have found the best duck in town here at Forbidden Duck! The signature duck is tender, bursting with robust flavours. It’s perfect on its own, but you can also elevate it with the varied condiments that came with the …"
1,мιѕѕувєlα2828,5 stars,"Had a fantastic dinner at Forbidden Duck, a cantonese restaurant by famous ‘Demon Chef’ Alvin Leung. …"
2,Marc Wong,5 stars,"Belated review:
Booked dinner for 6, 21st October 2023 for my wife’s birthday with my 3 boys and daughter in law, other two daughter in laws were not able to attend due to work …"
3,MC SM,5 stars,"Spend $80 on ala carte dishes (drinks &amp; desserts not counted) to get 50% off on the duck (from $88 to $44)! This is the on going birthday perks, claimable during birthday month and you need to show your identification to the staff. Do make …"
4,RCSC,4 stars,The famed yuzu egg tart was interesting but somehow both flavours dont go well together for me.. maybe becauze the yuzu flavour overpowered the egg custard. …
5,Dominic Chong,4 stars,"Last minute walk in on National Day, lucky to have a table. Food is delicious and well cook.  Managed to try the special egg tarts too. …"
6,Su Cheng,5 stars,"I would go here to eat the Peking duck when there’s the birthday promo (50% off), the fresh prawn dish was good, sea cucumber was not bad, e fu noodles was mehhh but overall will come here again for the Peking duck …"
7,One of A Kind “OOAK 我们不一样”,5 stars,"Went on a PH lunch.
The paofan is super yummy. So is the carrot cake.
The signature yuzu tart must be preordered.
Overall, the food is good."
8,Melissa Aw,5 stars,A hidden location at Marina Bay Financial Centre with dim sum for lunch hour. Its fully booked during weekday lunch hour and I had to reserve a table in advance which is highly recommended to avoid disappointment. Had Dim Sum for lunch with …
9,Chia How Khee,5 stars,"Really surprised that we could get a last minute reservation on a Friday evening. I tried to make reservation over the phone listed on the website but it was wrong number, so that was strange.. …"
10,Black Raven,5 stars,"Highly recommend the egg tarts, which I heard can easily run out with high demand! The signature Peking Duck, which is their flagship dish, comes with crispy skin, soft meat, and the sauce of many spices added. With them wrapped in the …"
11,Iris Lim (Nomninjas),5 stars,"✨Birthday Month Special - 50% off Signature duck ($88) with min $80 ala carte item✨
… …"
12,Simon Tay,5 stars,"This place’s service is fantastic. Food quality is good. My dad is blind and wheelchair bound. The waiters waitresses and especially the Asst Manager was especially careful and attentive. Changing the cutlery, helping him in and out of wheelchair etc I’m terribly impressed and will come back."
13,David Tan,2 stars,"I was there for lunch on Sunday 23 July. It was an utter disappointment and I don't see what the hype is about. The skin of the Forbidden Duck was not crispy (compared to peking ducks at Imperial Treasure, Yan Ting or Crystal Jade) and the …"
14,TSY,5 stars,The duck meat was juicy and the skin was super crispy. The bun to eat with the duck is pretty interesting. It’s yuzu flavour and tasted pretty refreshing. The other dishes such as the fish and the pao fan were really good too. Will be back again to try other dishes.
15,Dr. Benjamin Tang,5 stars,"In the heart of the business district, not easy to find if it's your first time to dine there.
The restaurant positioning itself as an upmarket Chinese restaurant, unfortunately it is very very noisy as you can't even have a pleasant meal!"
16,L Chan,5 stars,A choice of lean or fatty cuts for the Iberico Pork Char Siu. Egg Tart bottom half has a layer of orange peel jelly. Pu’er tea seems to be infused with roasted barley  😋 …
17,Terry Wang,4 stars,"Classy Canto restaurant with their crispy duck being the star of the show. The uniqueness of the disk comes with the accompanying citrus bun, where the subtle hint of citrus bun complements nicely with the duck. Considered pricey for Cantonese food, but worth a try if you are a duck lover!"
18,Edel Lala,5 stars,"We had booked twice unsuccessfully because I think they have only one or two large tables. For the 3rd time, we booked 3 weeks earlier for a Saturday dinner. There were 11 of us. We ordered their signature slow roasted duck, char siew, …"
19,AA Ong,5 stars,Nice food with great service. Their signature duck is a must try!
20,Angela Chen,4 stars,"We had our Sunday dinner here by last minute booking from Google.
3 ⭐️ for the food + 1 ⭐️ for excellent service.
We order 3 dishes + 1 Egg Tart in total. …"
21,Aileen Chin,5 stars,"Service staff was polite. Appreciated that the staff called to confirm my reservations and asked if she should reserve some egg tarts for me.
We liked that the Peking duck skin and roast pork skin were crisp and not so …"
22,Candice,5 stars,"Visited this restaurant for my company's cny lunch.

Location is easy to locate. Seems like there's only one lift up. The lift can be …"
23,Chaos Foo,4 stars,"Enjoyed the duck and giant egg tart, which had to be reserved in advance. Pretty good service here, even though they almost forgot to bring out one of our dishes until we had to ask for it. Will come here again if I crave for their duck and egg tart again."
24,Eddie Lim,5 stars,"Great place to have quality Peking Duck in SG!
Crispy, juicy, oil-smooth (but not oily) and tender! Dour is right size not too thick or thin. …"
25,Angie Ling,4 stars,"Celebrated mum's birthday at Forbidden Duck. Ordered the peking duck but was quite surprise they didn't ask us if we wanna cook the meat with rice or noodles (like normal Chinese restaurants do). Overall, the food was quite tasty! Dimsum …"
26,Lola L,4 stars,"Forbidden duck meat was tender but not really similar to peking duck. Duck pao fan was quite hearty. Wasabi prawn mayo was huge. Yuzu egg tart was nothing special, can give it a pass. The salt and pepper calamari is a must order."
27,Rachel Kim,1 star,"Simply overrated, overpriced and overhyped. Not sure why you even have to reserve the egg tarts in advance, overpowering taste of yuzu and disastrous blend of ingredients for this dessert. As for the famed Peking duck, your neighborhood …"
28,Alan Lee,5 stars,"Casual dinner at Forbidden duck. Ordered Peking duck, Garlic glass noodle prawn, 2 serving of braised sea cucumber. Interestingly, the peking duck did not serve in the usual thin popiah skin, but yellowish foldable mantou. Quite a change …"
29,JW Y,4 stars,"Quite a small and cosy restaurant. Had a delicious and enjoyable meal. Highly recommend their roast duck (special sauce), caramel glazed prawn (crispy surface, bouncy meat and rich sauce coating), homemade tofu (highly detailed preparation) …"
30,Kevin KW,4 stars,Came here for dinner and it was fairly quiet with only half the tables full. The duck was okay but felt it was better the last time we came (last year). Also my favourite egg tart was sold out by the time we tried to order it. Sad. But overall this place is still fine.
31,John Lin,4 stars,A very nice and handy place for dinner. The BBQ pork is very nice. The fri rice is tasty. The highlight is the peaking duck which is excellent. The service is great and customer service is friendly. There is a lot of Chinese dish and taste …
32,MS C,3 stars,"Cozy place with friendly staff and nice view.
The dishes we ordered are all very tasty. Peking duck is juicy with crispy skin but we found all dishes are quite salty including the vegetables. Overall, compared to the price, may not consider to visit this place too frequently."
33,Patrick Poh,3 stars,The food was ok but probably it's a matter of expectations. Having been 15 Stamford...this seems like underwhelming. In terms of food and certainly the ambience. The highlight beside the duck would be the fried cod fish. The others were pretty average to be honest.
34,Ted Chen,5 stars,"Good atmosphere and super delicious food. Serving is speedy and waiters are professional. Definitely a top choice for people craving for Chinese food. Especially if you're a duck lover, you cannot not give this place a try. It is located in the heart of CBD so the location is convenient for working professionals. Highly recommended."
35,dEtRoiX 86,3 stars,"Went to this cantonese restaurant for dim sum.. small and cozy it is.. but with 3 star michelin chef creation my expectations were high...service is great but the dim sum can do better.. while they were generally well done, they aren't …"
36,Sky K,4 stars,"Service is above average as they keep on checking on you. For ambience wise, the place is quite small, so book early. But everyone dress up since it is located in Marina Bay Financial Centre. If you drive, check the parking rate as it cost …"
37,Denise Koh,1 star,"Food is of average and overrated. Pretty sure there are better restaurants out there at this price. Service is surprisingly poor, have to repeat several times to ensure order is taken, food and condiments served… We were seated near the …"
38,Jz L,4 stars,"One of the cosy Chinese diners around bay area, small space with innovative dishes. Peking duck, new tweak of sweet and sour prawn were good. KoLoYok was slight tough. Offered a good range with twists, of usual mains and dimsum. Staff are …"
39,Kendrick Wee,2 stars,"The restaurant does not seem big. Service staff was at best acceptable and probably sub standard. Or perhaps there was not sufficient manpower. Ordered half Forbidden Duck, Iberico pork with foie gras and yee mian. Duck meat and condiments …"
40,lim chin tat,4 stars,"Had lunch about 6 weeks ago. Food is good, above average - 4 stars. Prawn is good - 5 stars. Known for roast duck - 4 stars. Service and ambience are good - definite 5 stars."
41,Daniel Ong,5 stars,"Beautiful restaurant. Service was prompt and the staff were all very friendly and approachable. The food was really impressive. The signature slow roasted duck is a must-try. Other dishes we tried included foie gras with iberico pork, stir …"
42,Chris New,5 stars,Heard over radio and email for reservation as I couldn't find their number. I've added them here and listed their number as well. They are closed from 3 to 6pm so either call ahead or email. The cereal prawn according to class 95 DJ was …
43,Eryka Liu,4 stars,Ordered the signature roast duck. It's is succulent and yummy. It's not really peking duck because they do not carve it. I don't really mind since it's delicious regardless. …
44,Annie Che,5 stars,Very good service from the manager to ther service crew.  Food is above average.
45,Jenna Ch'ng,4 stars,"Nice environment, friendly service! We keep on forgetting the type of ducks we had, but the service staffs are very patient to explain to us again and again several times 😂 seafood rice with aromatic duck soup is nice (forget to take pic)! …"
46,Sel L,4 stars,"Based on their name, I thought duck was the specialty.. Duck meat and Peking duck were not the best but the other dishes from the dim sum menu was good, the char siew was good also. …"
47,Alvin Tan,5 stars,Our family loves this restaurant for its duck (both the signature slow roast duck and forbidden duck) and pao fan (seafood rice in aromatic duck soup). The caramel glazed prawns were exquisite too. Their giant egg tarts were unique and …
48,Gerald Tan,3 stars,"I'd think there is much to improve, especially since it's by the demon chef. Service staff were decent, but it does not exceed the expectations of fine dining experience. Service albeit consistent on things like changing of side plates &amp; …"
49,Cherry,4 stars,"Cereal prawn, duck in two ways, signature duck, egg tart is a must order here! Do indicate your seating arrangement by the window for MBS view"
50,Willennium 2k,4 stars,"If duck isn't in your diet plan, you still have good options. As in this visit, we didn't order any main duck dishes yet enjoyed our meal. Eh.. Well we did have the duck tougues appetiser. …"
51,Steven Wijaya,1 star,"I booked a reservation at 7.45pm, on the way to the restaurant they called us for confirmation but did not specify of ordering food. When we arrived at 8.15pm they told us that the last order was at 8pm and they inform that during the call …"
52,Gene,5 stars,Had a good dinner at 鸭大哥! Slow Roast Duck was excellently done. Fruit loops with prawns was an interesting touch. What stole the show was the very comforting Seafood Rice that sizzled in the Aromatic Duck Soup!
53,Jun Hong Kang,5 stars,"This must be the most tender duck I've ever eaten. Much much more tender than smoked duck. Even after taking away and kept in the fridge, it was still amazingly tender and juicy after microwaving. …"
54,GOH YI AN,4 stars,"Food tasted better the first time I visited a few months ago. Nothing to fault with the food, but missing that oomph factor for me.
Come if you feel like having a different Peking duck experience."
55,Hang Sheng Siow,4 stars,"This is definitely one of best Chinese restaurant in Singapore. The dishes are slightly different from traditional way of preparing such as the Peking duck which is not thinly sliced but thick and in generous servings, wrapped with Steamed …"
56,IVY MU,3 stars,"1st try this signature duck that was recommended by staff.
Meat is tender but nothing special...
The asparagus fried with cordycep flowers is good.. …"
57,Marissa Goh,5 stars,Had a lovely time at Forbidden Duck! Staff were attentive and food was really nice as well! Particularly enjoyed the Signature slow roasted duck and Seafood rice in aromatic duck soup (must order!). Come during your birthday month to enjoy 50% off the signature slow roasted duck :)
58,WQ Z,5 stars,"We were here for a birthday celebration. The food may not look too special on appearance but the taste was really good! The service was impeccable, very attentive to our needs, and very willing to help. The view looks out into the magnificent night sky of the marina bay. My family of 10 enjoyed ourselves very much."
59,One Random Person,4 stars,"Service and atmosphere are good.

Pekking duck is abit bland. …"
60,Yvontz Tan,4 stars,"Craving for Peking Duck🦆🦆.. Many restaurants only offer a whole duck. Luckily, this restaurant offer half only.. great for 2✌️. However, eventually we chose their Signature Roasted slow cooked duck instead of the normal one because... of their Calamansi Mantou.. 😲😯😮 Sour sour.. So appetising🤤#msgreedysis #greedybuddiez …"
61,Junjie Huang,4 stars,"Roasted duck, meat and char siew is good. Bao fan is better than a lot of other so-called specialized bao fan eateries. Service is ok, nothing to shout about. Will go back for roasted stuff esp the roasted duck when I am in the area."
62,R,3 stars,"The forbidden duck, while delicious, didn’t really taste superior to any other restaurant you’d visit. There were some interesting twists in flavour, especially with the calamansi buns, but nothing that really justified the price point. The …"
63,Leong Su San,5 stars,"Cantonese cooking at its finest. Example the “Ngau Lam” and white carrot was not a soup but a reduction and they place the beef on top of the white carrot so that we can eat both at the same time. Heavenly. The Peking duck, crisp outside …"
64,Chan Meaghan,1 star,"Worst service of my life. We were willing to wait for a table at dinner time but the female server in spectacles came up to us and raised her hand, glared at us and condescendingly said ""等 la 等 la"" basically asking us to get lost. Terrible service!"
65,YY,2 stars,This is not authentic Beijing duck at all. We ordered a whole duck but the portion was very small. Whole baby duck maybe? …
66,Rubber Ducky,1 star,"I dont normally write reviews, but I'll make an exception for this place because of how bad their signature dish (Signature Slow Roasted Duck) is. …"
67,Ace Ficor,1 star,"Was servered by the manager, small elderly lady whom is snarky and snappy in black framed glasses. Service is appalling poor despite her being the manager. Requests such as serving food, condiments and rice must be repeated and returned …"
68,Elodie,5 stars,Amazing food. Slow roast duck one of the best i ate and my other fav is ee fu noodles with wok hei (sadly didnt take pictures of) and the staff here is super super nice and attentive. …
69,Cher Wenxiang,1 star,"What regretful experience dining at Forbidden Duck…

Ordered their signature duck, spare ribs, longan prawn and one gourd dishes. …"
70,Florence Liu,4 stars,"The duck is very nice, crispy skin n tender meat. The giant egg tart and Yuzi lemon chicken are very tasty too."
71,Rachel,1 star,"Poor service and bad attitude from service crew. Service crew get impatient with you if you are noisy.
Not suitable for big group with children. …"
72,Godwin Yee,5 stars,"👍👍👍 Delicious!!
All hail to three stars michelin chef.!
Speechless!! JUST EAT!!! …"
73,Abdew62,4 stars,Nice and cozy restaurants with excellent service and delicious cuisine. They are famous for their Peking duck.
74,Kelyn Ngui,3 stars,Went on Sunday. Not sure if their crowd is for Weekdays. Staff attitude is okay. Most of the food are quite sweet. The duck is most delightful. For the roasted meat is not fragrance. Fried beehoon is on sweet side. The food is not exactly bad in taste but it has no wow factor for the price we’re paying
75,Caleb Charles,2 stars,"Visited the restaurant on 3/12, Saturday.

2-star rating for food; not worth mentioning the service or lack thereof.  Food …"
76,Wei Sheng Teo,1 star,Did not allow to use entertainer app despite clarifing dish is eligible and in scope for promotion. Food is decent however
77,Adrian Ea,5 stars,Very good Roast duck and Dim sum. The wife love the egg tart as well.
78,Esther Ling,5 stars,"Love the pao fan and the char siu. The duck is ok, expected something more.. But overall a good meal"
79,Stef Lim,5 stars,"We had the signature duck, tofu and egg tarts. Meat was tender served with warm buns, tofu was flavorful and egg tarts with yuzu was a refreshing variation. Worth the price paid and great service!"
80,Nicole Tong,5 stars,Good food and very very good service! Very pleasant and they did not chase us out even though we were the last table by far.
81,Trond Hon,4 stars,"The food is good. Signature duck only for the experience but noting fancy. Service was like an atas hk cha can tang, straight forward and blant. Their dishes seem to be cook to order so be  sure to have dinner early or some dishes might be unavailable. For the bill paid, would prefer other better options."
82,MJ Tan,5 stars,"Ordered the Forbidden duck, hands down the best duck I’ve eaten in Singapore so far, having tried all of the various popular restaurants. My family loved the pao fan as well as the homemade tofu too. Service staff tonight was great. attentive, knowledgeable and friendly."
83,La Madame NomNom,4 stars,"Great service, good food. Ideal restaurant for business lunch and dinner. Reservation highly recommended. Try it yourself !"
84,Wee Douglas,5 stars,Excellent service by the staff. Quality of food was unbeatable. Loved the crispy pork and bbq pork (cha shao) and the duck was so good! …
85,Rachel Lau,4 stars,"Foods are quite interesting, and nice.. will come back."
86,yx ang,1 star,"Given the amount that we have paid, it was one of the worst and most horrible dining experience I ever had. We were there for a birthday celebration and ended up being treated to a ‘dolby surround sound’ noisy marketplace experience …"
87,Deepabali Roy,4 stars,We really loved the food here. The Signature duck main course meal is a must have.
88,Sienna Xandem,3 stars,"The food is fairly decent - we had the Peking duck, the black pepper beef cubes and the soup. …"
89,Mike Blanding,5 stars,Beautiful view. Attentive staff. Great food. Creative twist on Cantonese classics. Although the “famous” yuzu egg tarts were not as good as the traditional ones from Tai Cheong Bakery.
90,Wai Fung Chong,4 stars,"The food and the service are good. Must try the roast duck, is juicy and tender."
91,engkien tan,1 star,Horrible.  Blacklisted.  Go Shang palace instead.  Ordered Chinese tea for all.  Needed a glass of water to take medicine.  Got charged $1 for a glass of water.  Would stop patronizing.  Appalling service - below standards and expectations. …
92,K,5 stars,"Service staffs were polite and helpful! All of the dishes ordered (duck fried rice, duck pancake, stir fry vegetables, chicken and corn soup) were good. Only complaint was that the toilet seemed a little too close to the dining room."
93,Poh Chuan Ng,5 stars,"Famous with their Peking Roast Duck. Service is always top notch and waiters are attentive to your request even when the restaurant is full house and busy.
The environment and ambient will transcend you to Hong Kong and personally enjoy the good food and wibe here."
94,Alireza Zolanvari,5 stars,"The staff were so nice and helpful, the quality of food was incredibly high, and the atmosphere was also amazing."
95,dazydaisies,5 stars,Loved the food and service! Their signature slow roasted duck was phenomenal and their charsiew was fatty but just how I like it 🤤 we ordered a few other dishes as well and all of them were sooo tasty 😆 …
96,Matt C,4 stars,"Nice place, comfortable and spacious, good service and nice tasting dishes. Good takeaway special offers"
97,Mings,5 stars,"CNY dinner here was really good, it really showcased the best of the restaurant’s dishes, especially when set menus for festive seasons are pretty lackadaisical. A+"
98,T T,5 stars,Having 3 Michelin stars- Located at #02-02 mbfc- Marina Bay link mall. Can order for takeaway/bento rice set at special price —4 bento for the price of 3! Was indeed a steal. 25% off ala-carte items with promo code “fd25”. Nv has a chance …
99,Chong Darren,5 stars,Friendly staffs. nice food.sweet n sour pork was especially good.
100,Matthew Hii,5 stars,Small restaurant with a nice view. All the signature dishes are nice. Had the slow roasted duck but heard a friend's feedback that the Beijing duck is nicer. The duck paofan was amazing. Not as expensive as expected.
101,Zhiwei Fan,5 stars,"Delicious. The duck pao fan leaves me craving to come back again, sadly I forgot to take a picture of it."
102,Matthias Tan,5 stars,"Good food overall. Everything we ordered was good, and reasonably priced for the quality."
103,Chris Choo,5 stars,The duck was roasted just nice to perfection which can be seen from the slight pinkish meat. It was juicy and tender. Better to order the duck in advance to avoid disappointment of sold out if you order at restaurant. Also the egg tarts need to order in advance.
104,Ilyâs Karkache,1 star,"This is in picture what you receive when you order a WHOLE ROASTED DUCK.... Barely 250 grams of meat there, feel violated that I had to pay almost 100 dollars when hawkers serve better in quantity and quality. Absolutely not recommend."
105,Raghu Anantharam,5 stars,"Excellent food, pricey yet reasonable, good choices in both vegetarian and non-vegetarian food and wine. Flexible to customise food to make it spicey as per our palate."
106,tak monmon,4 stars,"Healthy ingredients, good quality of foods, nice atmosphere."
107,L.J.,5 stars,My new favorite duck place! Food is really good and they offer 50% off their duck for birthday month. The staff were attentive and polite. They would offer to help distribute the portion which I really appreciate. There's also good window …
108,Jes Jassi,5 stars,Yummy duck better pre order egg tart if you want to try it.. with yummy yuzu on the base. It's huge that you can share after a delicious meal …
109,claire oh shu Fen,1 star,"Worst.. lousy and pls don’t visit this place.
I hardly leave review but this restaurant is really horrendous. Not just service but utterly disappointment on the foods. …"
110,Calistoga,4 stars,"Nice ambience and food, but price is on the high side."
111,S Wun,3 stars,Quite pricey. Tried and probably will not go again. Very good service as only 2 tables were  occupied.
112,MingWei Tan,1 star,"Was a fan of Forbidden Duck since 2019. Even supported during COVID period. However, a horrendous experience made during my 23 March 2023 visit. …"
113,Christina Lim,1 star,"Poor service, roast duck was the last to be served at the dinner, utensils had stains+ hair, service was so slow"
114,nong,5 stars,"Forbidden Duck is a Cantonese restaurant located in Marina Bay Financial Centre. It serves one of the Best Peking Ducks that I've tasted in Singapore! We decided to try their house specialty, the Signature Slow Roasted Duck, instead of …"
115,Amy,5 stars,"Excellent restaurant with nice food, cozy and quiet atmosphere for family dinner/ lunch!"
116,J.K. T,5 stars,"Superb food and unparalleled service, will definitely return again."
117,Huimin Tan,1 star,"We were upset that we went to the restaurant and there’s a company event. The dining experience is bad as the place is so noisy. We have to preorder the  yuzu egg tarts but they are disappointing, not nice at all. Not worth it!"
118,Andrew Barber,3 stars,"Good food but felt rushed. We booked at 8 30pm. We had preordered duck and ordered a feew more dishes. At 9, even before we had our food the server informed us it was last order and the kitchen was closing. Then by 9.30 the blinds were …"
119,Benjamin Lian,5 stars,"Came here for the amazing food, returned regularly for the amazing service. All the front of house staff are top notch. They make u feel at home. …"
120,Tanny Quek,5 stars,"Food was great, though u really have to book early...otherwise it seems to be always full house (that was last year) …"
121,M P,3 stars,It’s good quality food served at fancy Chinese restaurant setting. Most stuff are not bad. …
122,conny quek,5 stars,Food is always so good and so worth it with entertainer. When u are there be sure to order the eggplant and egg tart. For duck go for their signature slow roasted duck!! You may need to pre order the egg tart. …
123,Seb Zz,5 stars,"It is good. Just take note on the price, as it is located within the cbd area."
124,Philip Tse,3 stars,"Very so so food.  The duck is not bad but there are more tasty and crispy roasted duck in Singapore.  The most fatal problem is, the yellow wrap and the seafood sauce both are overkill with yuzi flavour.  The taste is over strong like …"
125,five ten,1 star,"Food &amp; service cannot match for the price that paid for. Order the whole duck and with 2 person cannot finish with the steam buns, ask waitress to packet it. When reached home then realise they packet the duck but never packet the steam buns."
126,Polina,5 stars,"Their Pecking duck is a must! I love how perfectly cooked it is, crispy and fatty at the same time. It comes with amazing buns, totally recommended! The place has a nice view if you are seated at the window."
127,Veron,5 stars,I like this place as service is great and efficient.  Duck soup is tasty and healthy on a day you are unwell especially. Most of the time it is full so please reserve in advance. The only complain can be they need to change toilet bowl …
128,Aung Ko Ko Tin,4 stars,"Tasty dishes besides the duck. Duck AND Egg tarts needs to be pre ordered during reservation. Egg tarts were not available to us because we did not pre order. Service staff English is poor. Oh.. just like a nightclub, to rush people out during closing, they turn up the AC. Found that strange.. All and all a good experience."
129,Kristin Annexstad,4 stars,"A combination of classic and modern Chinese dishes. Food is consistently good; the char siu is excellent. Not a traditional Peking duck place so be prepared for the dishes to come with a twist. Eg bao instead of pancakes, citrus sauce …"
130,Edward Chan,4 stars,"A great place. Nice environment,  good food coupled with quality services. One needs to book and reserve their Yuzu egg tarts in advance as this is the main attraction and usually sold out"
131,Misty,5 stars,"This is one of the best place I have eaten in Singapore. For a start, u should always have a reservation for their egg tarts. The egg tarts are fresh as they are baked at the restaurant, if there are problems with it like being cold, the waiter will gladly bring a hot new egg tart for you."
132,Vlasta Ng,5 stars,"Been there a few times &amp; definitely worthwhile everytime! Their highlight is none other than their Seafood rice with soup, fragrant and flavourful broth! Their yuzu egg tart is a must try too!"
133,Melina Xu,2 stars,"Food serving was slow, completed 1st dish and waited for sometime before 2nd dish came up. The duck and porridge were served after 1h30mins. Had to remind 4 times for the egg tarts to be served. It was a crowded night though. Food and service used to be better"
134,Visan S. (Khun),4 stars,Good taste. Quick service. Good for business lunch.
135,Andy Lucinda,4 stars,"Duck seafood porridge was ace.
Noise levels when packed can be a little loud.
Alvin’s take on duck pancake is worthy of trying …"
136,Benjamin Cheng Yong,2 stars,"Alway comes here for the slow roast duck and Pao Fan. But on this occasion, I am disturb by the music choice. EDM is not suitable for dining place like this where I seek relaxation while enjoying my lunch. Disappointing and hope the management can look into this."
137,BC 22,5 stars,Bit pricey with small portions but tastes really good!
138,jack lim,2 stars,"My family and i are followers of roast duck. And we think the roast duck in London,England is the best. There was F8ur Seasons duck in Spore which was good. Unfortunately we do not find Forbidden Duck to be particularly memorable."
139,ses049,1 star,The Forbidden Duck charged me $10 for a pot of tea (without disclosing the price up front) with one tea bag floating in a hot water. That should be Forbidden!
140,Ngom Cheng,4 stars,Food is good just on the high side.
141,Soki Tadashi,1 star,"We were dinning at Qi till closing when a Forbidden Duck staff shouted across the lift lobby ""Time to go home; the building management will be chasing soon!""
Same 'chasing' treatment when we last dine at FD. I suggest FD management to …"
142,ivan gee,5 stars,tasty duck with crispy skin. service was good and the staff was friendly. enjoy my meal there
143,A Lin,1 star,Bad attitude by reception when ordering take away
144,Angela Fok,5 stars,"Had the famous duck and it was super delicious, skin was scrip and meat was moist and tender. The whole duck was very well seasoned."
145,Casper Liew,5 stars,Good food  but pricey.
146,V Yao,3 stars,Good restaurant but the dishes already changed to local favour ...
147,Tony King,3 stars,"Hong Kong vase restaurant. Delicious dish. Serving speed is too fast and very quickly ended dinner, it may be better to adjust serving speed depend on customer’s situation."
148,Miak Siew,5 stars,Very good roasted duck and excellent dim sum. Very creative flavours too. Would highly recommend!
149,lay hwa chong,5 stars,Staff very considerate about food allergy. Made special questions to chef and accommodated our request with no fuss or extra charges.
150,Dom Wee,2 stars,Very innovative dishes like laksa duck but the star attraction forbidden duck was tough chewy was wrapped in a thick dough yuzu bread.
151,Andrew Tan,5 stars,Good food. Try the signature dishes. Preorder the roast duck and egg tarts
152,Francis Soh,5 stars,"They offer Chinese New Year set meals and Tim Sum during lunchtime.
Tasty 😋 …"
153,LC See,4 stars,One of the nicer restaurants in the area. Their signature puffed rice with duck is delicious but a bit salty for me.
154,Shermae Leong,5 stars,Yummy peking duck. Highly recommended: garlic prawns
155,Wileen Kristanto,5 stars,Good stuff. Dishes are huge though. Must have more people. Love the sweet pork &amp; the porridge.
156,misa fab,1 star,"I paid $40 for soup delivery but I didn't expect the soup portion is so small, only for one person"
157,Marcus Choy,4 stars,interesting fusion food. porridge was nice
158,Drew Suthipongchai,4 stars,Typical Chinese restaurant. Very interesting eggtart that mix yuzu in!
159,Tingting Wen,5 stars,Really good food.
160,nahnee lim,4 stars,"Good food. Price is fair, using the Entertainer app.Staff is quite helpful."
161,Kevin Hee,4 stars,"High quality food, service, ambience and reasonable price for what it is. Ample seating on weekends."
162,jeremy teng,5 stars,Duck with calamansi bun and truffle lobster was great
163,KYChingS Y,2 stars,Overall disappointing. Quite a few dishes were not available and standard seems to have dipped since it first opened.
164,Danny Chan,5 stars,Delicious food and friendly staffs! Definitely will come back again!
165,Jackson Loh,4 stars,It's a nice place to have dinner. The duck is nice and flavourful.
166,gwen tan,5 stars,"Excellent food, great warm service. Will be back very soon to try other dishes"
167,Damon Ma,4 stars,Good service and good food. Love the homemade tofu dish!
168,David Chng,5 stars,"Duck porridge is amazing, it's a must have for every meal here."
169,David Gee,4 stars,It’s all about the duck
170,Tenzin Quek,4 stars,Different from the typical Peking duck. Juicier and stronger taste.
171,Wilson T,5 stars,"The best advice I can give is to simply just have the duck. That, and the rice in broth (pao fan)"
172,Michael Rawlinson,4 stars,"Beautiful Dim Sum, full of flavour"
173,E Ng,5 stars,Super love their seafood duck pao fan!
174,Chwee Chua,4 stars,Paofan is excellent! So were the egg tarts
175,Shirley H,5 stars,Great duck!
176,Felicia,5 stars,Superb service and food! Highly recommended place to gather with family/friends :) thank you!
177,James M,5 stars,"very good food and ambiance
Unique take on classic dimsum
Highly recommend"
178,Bernard Leung,4 stars,"Excellent service, good food, a little bit on salty side."
179,Taufik Ju,5 stars,Best pecking duck in town
180,Aaron Chong,5 stars,Best duck I've ever had
181,Leong Man Qing,5 stars,Recommend the yuzu chicken!
182,Kalvin Low,2 stars,Very high price for ok ok food. Do not feel like it is worth it
183,Angelica Z,5 stars,the food is very delicious
184,Clarie Boo,1 star,Very poor service to the max and food is expensive and so-so.
185,Abhirup Saha,5 stars,"One of the best restaurants in Singapore, definitely in the Marina Bay area"
186,Rong Xing Yap,5 stars,High Quality food that is very tasty👍🏽 …
187,Angel Tan,5 stars,Great food!
188,shao chun shen,4 stars,Slow roast duck is yummy
189,shon lee,1 star,The dishes are heavily seasoned and good grief everything is so damn salty!!!!!
190,Kiddoliciouss,5 stars,Best ‘Pao Fan’ ever. Amazing service.
191,Andy Tan,1 star,Overrated. Just bad.
192,ZL Yong,5 stars,Wong Peck Cheng assistant manager was very helpful and professional
193,Lisa Chen,5 stars,Overall the food is ok.
194,Mandy Leong,3 stars,Nice food but service needs to be improved
195,Jonathan Seow,5 stars,Try their signature duck. It's good!
196,CORNELIUS LEE,5 stars,Good food and good view
197,Lee Kevin,5 stars,Excellent food and great service!
198,Jerry Lui,5 stars,"Must try: duck, rice broth, egg tart"
199,Mats Lingblad,4 stars,Great Cantonese food - but slipping
200,Yujie Tay,5 stars,"Decent food, affordable pricing"
201,Raymond Koh,5 stars,"Good Food, Great Ambience... :)"
202,Shadowfane,5 stars,Very good dim sum.
203,ElaineLim,5 stars,Awesome and authentic Asian food
204,Edwin Yeoh,5 stars,Food was absolutely delicious!
205,Luna Park,4 stars,Very moist and crispy duck
206,RamXia Channel,5 stars,Good taste and high class !
207,Ang Tzeng Huei,4 stars,"Roasted duck, pork, bbq pork"
208,Chaisia Tung,4 stars,"Nice food , good service"
209,Hee Kiang Foo,5 stars,Excellent service and food.
210,Jeff Lau,5 stars,Very delicious food.
211,Frances Billones,5 stars,The porridge is a must try!
212,Pck isaac,5 stars,Nice place and good food
213,Choon Leng Ong,5 stars,good
214,Michelle Kwek,5 stars,Fantastic duck soup
215,Kris Poh,4 stars,Surprisingly good!
216,Alex Wong,5 stars,Great food
217,Tan Zoe,1 star,"This is the only store I left with less than 5 stars.
The food is really okay, but the taste is average.
The signature roast duck feels like eating fried duck. Except for the steamed …"
218,Michael Wong,4 stars,"The food is very similar to Hong Kong food
Must eat sliced ​​duck
But don't call it a book. It's very hard.
Want to order steamed buns"
219,オレンジカシス,5 stars,"It was delicious and a great value. When I asked the staff for recommendations for the first time, I was given a thorough explanation."
220,damao chang,4 stars,The food is delicious
