,Name,Rating,Review
0,Shaun Tan,5 stars,Our experience at Braci was probably one of our most memorable meals and the food served was truly deserving of its Michelin star. Would highly recommend getting the seven course menu as there were so many more elements in our dinner …
1,Lionel Tan,4 stars,Cosy and intimate restaurant. The 7 course is quite heavy so best to just nibble on their bread. Some memorable dish was the wrapped pasta with shaved abalone core. Also the 100 years old vinegar. The chocolate dessert could be improved. …
2,Jay Cosner,4 stars,"While my visit to Braci left me slightly disappointed with the service, the redeeming factor was undeniably the delicious food. The flavors were exquisite, showcasing culinary expertise. Despite minor hiccups, the overall dining experience was a satisfying culinary journey that I would recommend for its delectable offerings."
3,Sienna Davis,5 stars,me and my husband had a lovely 7 course dinner at Braci :) the food is Italian and genuin with some international touches. Very well served and composted. Highly recommended this place.
4,Avijeet Sen,5 stars,"Visited in Sep 2023

Braci was on my list of restaurants to visit for over 4 years and I must say …"
5,Hao Sam,5 stars,"The overall experience is worthy of 1-star Michellin. The main course (duck) is well delivered. The meat is tender, slightly seasoned to go with beet root sauce and condition. I’m not particularly impressed with other dishes, perhaps due to …"
6,S Lim,5 stars,Had the degustation menu. Fantastic food with quality ingredients including the 100 years aged balsamic vinegar. Service was good and Chef was very engaging with his customers!
7,Janice Lee,5 stars,"After the wonderful and memorable lunch I had at Braci many years ago, I have been thinking of going back again. And the International Women’s Day Special at Braci gave me the exact motivation to push aside all my commitments, prior plans …"
8,Chee Ming Tan,4 stars,"A birthday treat from my wife @ Braci. We had the 7 courses degustation menu.

The service by the server and sommelier was attentive and impeccable 👌 The …"
9,Abdulla Taha,4 stars,"Location was not to my liking.
Great staff very welcoming and accomodating to our strict dietary restrictions.
They had to make a menu from scratch for us which gives them bonus points. …"
10,Kaelyn Trinh,4 stars,I love Italian food. Travelled to Italy twice. Swear by the authentic pasta and the dry-aged Fiorentina steak. Somehow I couldn't find this zest at Braci. …
11,Guan Yong Tan,4 stars,nice food nice atmosphere. i tot the service could be more positive. but i still enjoy the experience especially on a chill night in the rooftop. overall quite an expensive experience but they were very nice to add an additional anniversary dessert for us:)
12,Zachary Toh,3 stars,Other than the desserts and A5 miyazaki wagyu the rest is just average. Burnt A5 miyazaki wagyu comes with bitter taste. Would still recommend diners to top up and try the wagyu beef. If not you might get the duck which is just average. …
13,Lynne Chua,5 stars,Amazing time at Braci for a birthday celebration for my husband. The Italian food was superb with beautiful floral aesthetic to each dishes. Staff is polite and friendly too! Special thanks to Chef Matteo who is very engaging and make the …
14,EarthlingA,5 stars,"Braci caught us by surprised with it's impressive dessert and mains. The pasta and beef was well prepared with sufficient flavours without feeling too heavy for lunch. The dessert was mind-blowing, especially the last finish with the tiramisu tart and good smokey coffee. Brings fireworks to the taste bud for sure!"
15,Jonathan Quay,5 stars,"This is a 2 Michelin star dining experience. While it is definitely a pricey meal, some of the best fine dining I’ve had was here. …"
16,Becky,5 stars,We set at the rooftop and thankfully it didn’t rain. Service was impeccable and everything we ate was explained to us. Food was really delicious and creative. The chef definitely likes to pair Japanese flavours with Italian creating a …
17,Sel L,4 stars,"Wow, just wow.
One of the best meals I’ve had in a long time and really appreciate all the thought put into each course. …"
18,Janice Mok,4 stars,"Food was good - above average and there were clear Italian influences such as the olive oil with bread and ending off with the aged balsamic vinegar. Overall a good meal, but I sat indoors in the open kitchen concept and the ambience was …"
19,Helen Li,5 stars,Very happy to try the cuisine from the young talented Italian chef Matteo Ponti. Relaxing atmosphere facing open kitchen . Chef is very open and sharing about of cooking . We loved all the dishes. …
20,Chris,5 stars,"Went to Braci for anniversary set lunch. Food was lovely and yummy especially the venison and pasta, open kitchen, staff took time to explain the food served to us. Great service. Small cozy place. My husband was seated with his back near …"
21,Li Lin,5 stars,The building is taller than most other shops in the area so you get a nicer view. …
22,yenny tan,5 stars,"All photos shown below are uneditted photos, it just reflects on the true beauty and art of the Chef’s skills. …"
23,Chi Khang Siau,4 stars,"Environment - Braci got 2 level. The 4th level is their kitchen and few tables which can directly watch the chefs prepare the food. The 5th level is the open area balcony which can have a perfect view. Unfortunately, the space quite …"
24,Benedict Lee,5 stars,We tried the lunch degustation menu and it was a fantastic experience! The smoked venison was the highlight for my ang moh friend and me. There was no hint of gaminess and it melted like butter. …
25,Chu Wee Wong,5 stars,"This place has been on my list for the longest time, but someone never got to it.  My wife and I dad a wonderful weekday afternoon celebrating her birthday there - one of the best fine dining lunches I’ve had, ever!  This is one of the very …"
26,TK K,4 stars,"Pricing: 8 course degustation menu cost 258$++ which is in line with most fine dining, Michelin star restaurants. …"
27,Donnie Goh,5 stars,"I like the service provided by Sugan and team for my friend's birthday lunch!

He is very attentive to my dining requirements and explains every dishes clearly …"
28,大聲唱歌Dashing Music,3 stars,Food and service was slightly above  average . Is fine for a normal lunch but not recommended for a special rendezvous
29,Gabriel Lek,5 stars,This was a magical experience. I love the concept of the open kitchen where I can smell all the wonderful flavors coming from the charcoal oven and grill. All the dishes look so pretty! …
30,esther,5 stars,Had a lovely dining experience at Braci. Sugan and his team were welcoming &amp; attentive. The dishes were explained well and the culinary team at Braci is meticulous in choosing fresh and seasonal ingredients for the menu. The flavours were …
31,Marc Woo,5 stars,"A delightful meal served via an unorthodox Italian methodology.

I don't recall a time when I was not stuffed after patronising a great Italian …"
32,YY,5 stars,"Had the executive lunch here, was full house on a Tues lunch so booking ahead would be good. Food was wonderful, especially the wagyu. The menu does not include appetisers, and I was quite full afterwards, so if I ever came for dinner I would take the 5 course. Would love to return again."
33,Joshua Mei,3 stars,"Honestly was a little underwhelming going in with a one star Michelin expectation. Each dish was good but there wasn’t any one that was exceptional that made me go ‘wow’. Notable mention was the ibérico pork which was quite tender, …"
34,Lee XY,5 stars,"First fine dining experience! So I don’t really have a comparison of services, but it was a pleasant experience :) the staff there are very friendly, hold nice conversations and the ambience of the restaurant uses warm light. Cozy and chill …"
35,Dong Joo Lee,5 stars,Everything about Braci was top-notch. Huge credit to the chef and their service team. We ordered the 5-course dinner sets. The food and presentation were exceptional from start to finish. Not a single dish to fault. Should get their second star.
36,Andrew Goh,4 stars,Beautiful roof top to enjoy this scrumptious meal compare to sit indoor! Rated one as one Michelin star and I would think I would demand more . The ambience kind of more casual than typical Michelin star restaurant at the price of $208 with …
37,Isaac Ho,3 stars,Had the full degustation menu and fantastic lighting from both the interior and  afternoon sun by the window. Small area with a team working behind the cooking counter at the main hall. …
38,Caitlin Barrett,5 stars,What an incredible experience. Chef Mirko welcomed us in as if it were his own home and we instantly became family. His skills in the kitchen are wizardry and his knowledge of the produce added so much to our experience. …
39,Julia,1 star,"I was extremely disappointed with the food at Braci. I had visited in 2021 and had a great experience, but when I returned in January 2023, the menu had been drastically altered by a new chef. …"
40,LeAnne Chan (leannechannie),5 stars,"Had a wonderful Italian omakase experience at Braci, an interesting combination of Japanese and Italian flavors. They served their certified bread with olive oil from their homegrown olives. Especially enjoyed the smoked mackerel and the …"
41,Xialing Chen,4 stars,"A 3.5-star experience.
The chef was nice and warm, came and introduced the dishes and ingredients twice. However, the food did not match the $150+ price, at least nothing special that …"
42,Mona Lisa Turla,5 stars,"It was really a good story behind each dishes, feel the vibe of Italian cuisine x Japanese infusion, took a 7 course to enjoy the night good ambiance service was spectacular the food was amazing it was an experience to try for, Chef Matheo delivered not only a Michelin Star Restaurant but through home Italian food."
43,Joy KC,5 stars,"Blown away by a wonderful dinner at Braci. Amuse bouche  was delightful, followed by lovely earthy sourdough with olive oil. Foie gras semifreddo deserves its place as recurring standout signature. Enjoyed the zucchini flower, as well as …"
44,El Viva,5 stars,Italian fine dining.  Overall food taste is good. Salmon and pasta taste a bit bland. Love their dessert. Great presentation with all the trendy flowers deco.
45,KP Chen,4 stars,was here for dinner on a weekend with friends after a recommendation from another friend who was here for à la carte lunch months ago and found the mains delicious. with it being a 1 Michelin star restaurant our expectations were quite high …
46,Weijie Zheng,5 stars,Came to Braci for a birthday celebration and we were served by Sugan and his team (Teeban and Das). We went for the 5 course degustation with the supplement for the foie gras semi fredo and uni pasta. …
47,Aaron Nair,5 stars,"Despite a slight kerfuffle about dress code at the beginning of our meal, service and food was top-notch - kudos to Sugan for being a rockstar, very affable and cool guy. …"
48,Charis,5 stars,I really enjoyed the tasting menu. Very interesting and the chef will explain to you the origin of ingredient in each dish. One of the more affordable tasting menus at $138++ for 4 courses. A place great for celebration! Will definitely visit again!
49,yan kit chan,4 stars,"Had our New Year’s Eve celebration here and had the 7 course dinner menu , timing was perfect ended at around 11 pm fireworks time
Food was good , some dishes felt like many expensive ingredients put together …"
50,Han Lim Chong,5 stars,"Very enjoyable lunch on a Saturday. Every dish was visually creative. More importantly, they tasted wonderful. Will definitely go back for special occasions."
51,Alvin Pang,5 stars,"My third visit and first dinner at Braci. It was an enjoyable, hearty meal leaning heritage-Italian, given a modern spin with artisanal-Japanese ingredients. The amuse bouce, lamb and dessert were my highlights this time round, with the …"
52,samuel li,3 stars,"Overall feeling is so so. Food met our expectation on quality (just met, nothing exceed), but not on quantity, hard to imagine that all of us felt more or less hungry after 5 courses dinner. The portion size of most courses are way too …"
53,Alex Ngiam,5 stars,"Visited Braci on 7 December 2018, it was an early Christmas lunch from a business partner - meaning to say my colleagues and I did not pay anything, so price wise I don't have any comment. This review is purely based on service, food and …"
54,Jonathan Lim,5 stars,"My first visit to Braci, and it definitely will not be my last. Chef Matteo and his team whip up an ingenious and impeccably well-thought through meal. Working with the limitations of space and the open-kitchen concept (nothing unsightly …"
55,Ray D,3 stars,"First off.      The team was amazing and just the right level of engagement.

Presentation of each course was notable. …"
56,V H,5 stars,"Amazing experience, second time visiting this time few years later after lockdowns, food is still amazing, just felt the mains were on the smaller side especially for pasta as that doesn't cost much to produce and the add on steak, but overall food is on point."
57,Eunice,5 stars,"An unforgettable 7- course degustation! Wish I could plonk my entire experience of flavors, aromas and textures here but alas, just these pictures and my words will have to do. Here’s what we got: …"
58,Cookie Monster,4 stars,"Tried the set lunch priced at $55.  Pasta was tasty and beef was done nicely. Came with warm bread , dessert and tea. …"
59,Shina Chetti,5 stars,"Braci was spectacular , comparable in quality to the likes of New York's 11 Madison Park. Rather tucked away,  this open churns out goods which will transport you to a reimagined Puglia. The ingredients are fresh and married in innovative, …"
60,Jared P,5 stars,"We came here on National Day to catch the Singapore River fireworks and enjoyed ourselves thoroughly. The food was excellent. Loved the simplicity and fantastic ingredients. Bread (warm, toasty, full of flavour) was superb, and the dessert showed finesse. Excellent service! We will be back to try their usual menu. Grazie chef."
61,Desmond Wong,5 stars,"A Cozy French Michelin star restaurant. We went there for lunch and had a 3 course set lunch four our wedding anniversary. The food was fantastic, service was good and the service crew and chef was friendly. Will be back again for special occasions."
62,S,5 stars,"Very warm and welcoming service team! Lunch menu is not overly complicated but still manages to surprise. Warm bread from the oven was quite lovely. First and second course were excellent, especially tortellini! Amuse-bouche was the only …"
63,Robin Chee,5 stars,We had lunch at Braci on Sunday 1 Oct 2023.  We had the 5 course degustation menu.  Excellent and delicious worthy of its Michelin star status.  Service was impeccable with our dishes and cutlery changed for each dish.  Each dish was …
64,Joseph Zamora,5 stars,We dined here on valentines day and the food did not disappoint. Everything was beautifully presented and the everyone was nice. Wife especially liked the dessert while i the mains. Price is well worth the quality. Don't miss the chance to eat here.  You will not regret it.
65,Genevieve Wong,3 stars,Decided to have lunch at Braci in November. Some dishes were amazing like their pasta and cheese starter but the guinea fowl was a disappointment as it was way overcooked. Overall it was good if we keep to their pasta which was amazing.
66,Fredrik Wolffelt,5 stars,"Me and my wife had a lovely 5 course dinner at Braci last night. It is located in a rather noisy area with a lot of pubs and night clubs. But this hidden pearl (pretty hard to find, and the cabs can’t drop you of right outside) is located …"
67,Hilary Callaghan,5 stars,"Braci has amazingly talented chef, and great staff. In addition to this they have a fantastic cocktail bar and one of the best views of Singapore and Boat Quay. If you're looking for a relaxed vibe for a drink or two, the roof bar is …"
68,Jie Xi Tan,5 stars,"Great service, and food was decent. Scampi and uni pasta were my favorite. Do take note to bring an umbrella on rainy days, way to the restaurant isn't sheltered."
69,Debsubhra Chakraborty,5 stars,"This little Italian restaurant on bustling Boat Quay definitely packs a powerful punch - it is Michelin starred after all. It is one of the top-rated Michelin star restaurants in Singapore, considering the price, location and food. We went …"
70,Martin Verdejo,5 stars,Amazing experience. Lucky to come during lunch when it was not so busy. Sommelier Stephan was very accommodating and made our wine pairing really fun with a blind guessing game.
71,Lee Yen Ter,5 stars,The food was very interesting and delicious. Attentive service and nice view as well. …
72,Sandrine Dreeny,5 stars,We tried the 4 courses degustation lunch and it was amazing. Quality produce originally crafted. The 4 flight wine pairing that goes along is a great deal too featuring quality and rare wines. Mauro the sommelier is very knowledgeable and friendly.
73,Kuen.Chris Chee,3 stars,"I cannot fault the impeccable service. However the dinning room was a bit warm. Although it improved after the service staff made some fine tuning, this could be avoided if the restaurant took into consideration the heat from the oven …"
74,Khee Yeo,5 stars,This is what a Michelin 1 star restaurant should be. Great display of culinary skills and ingenuity coupled with excellent customer service. The foie gras semifreddo was to die for. …
75,Zhang Zhitang,5 stars,An extremely lovely anniversary experience for my wife and I at Braci. We got the rooftop seating on level 6 on a cool day so the experience couldn’t get any better. Food was fantastic and also had a 2012 Marques de Murrieta to go along. …
76,Sarah Yong,5 stars,I had a wonderful dining experience at Braci. Sugan was attentive to all our needs which made the dinner service really enjoyable. His suggestions for drinks pairing elevated the exquisite omakase curated by Mattheo. The squid with smoked …
77,Estelle Tai,5 stars,"Excellent food and service at Braci. The italian manager (unfortunately, I didn’t catch his name) and sous chef Samuel were both really friendly and welcoming, and did an excellent job at introducing all the courses."
78,Venus Chan,5 stars,"Excellent service and presentation! We took advantage of the executive lunch during weekdays. It offers more than the courses in the menu, pretty full and satisfying."
79,Wendy S,5 stars,"Visited on a Saturday for lunch. It was quiet, only another table occupied at L5. Perhaps due to covid, but would still recommend to book as it’s a small place. …"
80,Hafidz Zdifah,5 stars,"One of my favourite places in Singapore to go for ""omakase"".  Huge respect for the Chef and seasonal menu which leaves me in awe every time dishes are served. Foie Gras Semifreddo is easily a winner!! Ambience is warm and cozy, will …"
81,Lauren,5 stars,"I can only speak for Braci at home, which was absolutely brilliant.

Had a great time preparing my meal with each box so carefully thought out! …"
82,Sky Tan,5 stars,"Fantastic date night at Braci! Overall experience was nothing short of amazing.

Warm welcome and hospitality throughout by Sugan. He was really knowledgeable …"
83,Suwendi Hirawan,3 stars,"Food is always great, but the place is simply too warm for a fine dining restaurant. Have been there a few times and the temperature of the room is always above normal. The Captain said that they are working to fix the A/C?? But we were …"
84,Kristin Annexstad,5 stars,"We had the omakase menu and went for the “Gourmet” option. This consisted of two amuses-bouche, two starters, one pasta, one main, one dessert and petit fours. Everything was tasty and innovative, which the exception of one of the starters …"
85,Joanna O,5 stars,"Very nice food, and it was great for a business lunch - they got us in and out in the time frame I needed and it was sensible portions, enough to feel full but not so much I eould go into a food coma. Seems like a more extended meal here woukd be great too. Service was excellent. Will be back for dinner sometime."
86,Abhimanyu Agrawal,4 stars,Went here for my wife's birthday. Great food and wine complemented by great views on the terrace. While we were full and satisfied after the dinner the wallet was significantly lighter :)
87,Glen Francis,5 stars,"Fabulous food , presentation and service
The salmon was so pink and nicely cooked
The bread is amazing, imported from Italy on a regular basis. Follows a strict standard for its crust"
88,Selina,5 stars,"Like this place and will recommend to all my friends.
Pasta and scallop is amazing , the best pasta tried this year.
Top roof view is wonderful as well!"
89,Cintia Tavella,4 stars,"Special Italian fine cuisine with the traditional twist... The surprise degustation menu is delicious, 5-course and really filing. For a fair price! Loved the open-kitchen experience!"
90,Eats More Fun,5 stars,"The Damage (no drinks): S$180-240 for two

Exquisite modern Italian eatery on the 5th floor of a shophouse along Boat Quay. …"
91,Nihal Mirpuri,4 stars,"Gorgeous views from this place, with modern internal decor (albeit slightly dark) and excellent service! …"
92,Jude Kasijo,5 stars,"Excellent modern Italian place, tastefully designed. SGD100 for a degustation menu is great value for the quality and experience. The chef walks over from the open plan kitchen to talk you through each dish, all of which are excellently executed. Go upstairs for an aperitif or nightcap, where the rooftop lounge is sure to charm."
93,Daniel Ang,5 stars,Food. The food prepared by a team of young and talented chefs were full of depth and flavour. We love how interesting every dish was. …
94,Michael Chirico,3 stars,"**first things first -- rating is _relative to price/expectations**

let there be no doubt that I was satisfied with my meal. the seafood risotto in …"
95,Fergus Evans,5 stars,"Yet another great meal at Braci, a perennial favourite of mine. Was a nice night so sat on the roof terrace and enjoyed the fantastic views as well as the great food and warm and attentive service.  They also do a very reasonable lunch, which I have taken a number of people to."
96,Iris Lim (Nomninjas),3 stars,"📍 @braci.sg
⭐️One Michelin restaurant by @beppedevito and @iammirkofebbrile ✨
💰~ $188 weekend degustation lunch 5-course menu ( before 30% off using …"
97,KT B,4 stars,Great service and nice roof top area to chill out in the evening. Went there for lunch. Food was good but not great; not worth the price in my opinion.
98,Waew K.,4 stars,Very cosy very cute but the open air kitchen can be very hot. Recommend to do a la carte to share with friends so you are able to try more dishes.
99,Dana Zusmanovich,5 stars,"Wow! Great place , food,wine, service.
Everything was perfect .
Good for a romantic dinner! …"
100,Shu Zhen Ang (Zanne),5 stars,"Had an awesome lunch at Braci the last weekend! Such tantalising dishes with great service, it’s an experience to behold. Will be back again!"
101,Syahirah Halim,4 stars,"Second time here for lunch again! Really good value and the food is amazing; had scallops, beef, pasta, dessert. Would come back ✌️"
102,Cheng Wei Chua,3 stars,Fine dining with ingredients imported from Italy. Good view of Singapore river. Reservation is required.
103,Haceletkitovia mirai,5 stars,"2nd visit, 1st in 2018. The food just got better.. however serving relatives micro. But nonetheless, talented chefs"
104,jetsiao,5 stars,Chef Matteo really took care of us. The food was truly a gastronomic extravaganza. We did the 7 course meal and had our minds blown.
105,sankalp potbhare,5 stars,Great experience.....quite an elegant presentation and superb service.
106,Cynthia Wei,5 stars,Small intimate venue and delicious (beautiful) dishes. Wide selection of drinks and amazing rooftop bar view.
107,Lucas Ng,4 stars,"As expected, service and atmosphere was great. Food was even better. First time eating Italian fine cuisine and I was blown away by the flavours"
108,Sebnem,4 stars,If you would like to experience Italian fine dining with great view--actually it is not exactly  FineDine but could not find the correct word to define-  you should go there; sure you will enjoy.
109,Lilian Sim,5 stars,"Always an excellent experience at Braci! Lovely food, service! Thank you guys and keep going!"
110,Jeffrey C,4 stars,Food was a little below expectation. Only thing I remember is the 100 year old balsamic vinegar (which was good).
111,Sean Tan,5 stars,"Excellent food and service.

Restaurant does not have sheltered access or road access, be prepared during rainy weather."
112,Venkat Chandramoleshwar,4 stars,"Good views from the terrace. Cocktails were carefully mixed and served. Wide selection. We had some small dishes, quite nice."
113,WEI HUANG,4 stars,"It was a very beautiful dinner, everything came with good quality. Service was very professional that we were well attended and still got good private room."
114,Arlene Noodleman,5 stars,We had an AMAZING meal at Braci!  The food was outstanding as was the service.  Wish I lived in Singapore so I could come again.
115,Jenny Lim,5 stars,Very nice place. Colleague brought me here for Farewell. Dishes are served like fine dining and explained individually on what they are.
116,Ben Luk,5 stars,Very good modern Italian. The uni pasta and the foie gras covered in white chocolate are both excellent.
117,Chi Nguyễn Tuấn,5 stars,The most delicious foods ever created. Good wine. Relax with rooftop bar and cool city view.
118,LWL (lwl9888),2 stars,Downgraded from 4 stars for the recent dinner as air-con is not working. Can imagine how warm it was with the cooking nearby too..
119,Brenton GriGuol (KMS),1 star,"Overpriced garbage at best, degustation menu started poorly and ended with the waygu upgrade to being a disaster, lamb had the flavour sensation of timber soaked in water.  Avoid at all costs, huge rip off."
120,candy goh,5 stars,"An enjoyable first experience at the Braci. Had their set lunch which was delicious, especially the dessert. We were delighted to have Sugan extend his professional service to us with a smile throughout our meal.. his recommendation of …"
121,Suri Balu,5 stars,"Braci is one of the restaurants best restaurants in Singapore that I have been too. Their 7 course degustation what incredible. First they come with pre course snacks then the first,second, and third dishes. And I especially loved the A5 …"
122,P H,5 stars,Amazing experience. Every dish was a delight and beautifully presented.
123,Michael Puhaindran,5 stars,Excellent Italian with strong Japanese influence.
124,Yi-Chern Lee,4 stars,"We went for the first time as a group of two for a birthday celebration.

We thought the atmosphere and service was excellent. The staff were fun friendly …"
125,Amanda L.,5 stars,"Their signature Foie Gras semifreddo and 32 eggyolks tagliolini (with sea urchin and caviar) are absolute delicious! A must try! Good service, friendly staff."
126,Sudipto Shome,5 stars,"Great experience!
We had the 5 course tasting menu for dinner. …"
127,Joel Tan,4 stars,Nice food in a cosy setting. The star is the grill which is utilised to prep many of the dishes
128,M F,3 stars,Did the 7 course with add-ons. The food was ok. The service was friendly and great overall.
129,Ivan Ng,4 stars,The food was very good and the wine selection decent. The only thing that spoilt the experience was the place was a little warm. A slightly lower temperature would have made it better.
130,Giuseppe Noviello,4 stars,"Innovative Italian cooking with Japanese influence. Great view, excellent wine list. Service can be improved"
131,Jaime Ortiz,5 stars,The dinner was superb.  Highly recommend the 5 course dinner with wine pairing.
132,Mich Lay,5 stars,"I had a delightful and excellent tasting experience at Braci. Chef Matteo was at the helm and because it's an intimate space, we had a lot of interaction with the chef. Food was fantastic and you really get so much ingredients prepared in a clever and creative manner. Service was also personal and sincere. Well done to the team!"
133,Ander Orcasitas,5 stars,Open kitchen with Italian chefs cooking highest quality food + rooftop bar with their own cocktail creations. A must try.
134,Janine,5 stars,First visit - had the 4 course lunch degustation menu.
135,alex dc,4 stars,The Italian chef brings kindness and knowledge to the courses. He is fully aware of the intimate setting he built for the degustation lunch menu. …
136,john K,5 stars,"Awesome experience and great customer service. I would definitely go back. However, be ready to break the bank because it's very expensive."
137,Peter Pan,5 stars,Excellent dining experience for Italian cuisine. The staffs are friendly and great explanation for each course meal. Will get to try their dinner degustation course at rooftop for next time!
138,Shermain Kwong,1 star,Food was mediocre using ingredients definitely not of fine quality to be called fine dining. Menu is not ready for diners with dietary restrictions. Do not recommend for any lunch or dinner dates.
139,i Pris,5 stars,Authentic Italian food. Well deserved Michelin star
140,Ron Cooke,5 stars,A food experience to say the least when you order the  4 course meal. Definitely something to try in Singapore.
141,Brian Mak,1 star,We made a reservation and when we arrived the staff were quite rude and unhelpful in terms of policies that were not explicitly stated and we were asked to leave after we were seated.  The staff there ended up arguing with us on what was …
142,Lirui Ong,3 stars,Food was alright but thought at that price expectations were that it could have been better.
143,Sam Palmer,5 stars,"This is my third visit to Braci and I’ve been equally impressed each time. Some exquisite dishes, and the chef is always very willing to cater to each diners preferences if there is something they don’t like/eat -  the replacement …"
144,Susan Calderón,5 stars,"Great food and nice experience. You not only get your order , you get many more freebies 😊 …"
145,Jane Ella,5 stars,Tired their 7-courses dinner menu. Cocktail was amazing
146,Shohini Sengupta,5 stars,My husband and I celebrated a special day here in April last year. We tried the tasting menu with wine pairing. I don't have enough words to express how much we enjoyed the food and the attentive service that we received throughout the …
147,Byron Larkins,5 stars,I’ve been to Braci twice and they do not disappoint.  Every part of the tasting menu is well crafted and thoughtful.  Amazing wine selection and Sugan is very attentive to the guest making sure they are having a great experience.  Also great views when you sit outside!
148,Natasha,5 stars,I go to a lot of Michelin restaurants and I was very impressed with Baci. The staff are smooth and charming. They were very flexible about our dietary requirements. The food was delicious and very fresh. The outside roof top area tables …
149,Ame P,5 stars,"I brought my parents here to celebrate a special occasion, and we were blown away by the food and service! Lovely atmosphere on the roof as well. We got the four course dinner tasting menu and one wine pairing - the food here is inventive, …"
150,Kenneth Kong,5 stars,Food is fantastic - delicious and beautiful to Look at.  Had a good view of how the food was prepared and seeing how the chefs work under pressure was good.
151,Matt Foley,5 stars,"Excellent!  Matteo and his team were awesome, and the food was better than expected.  I highly rate the set menu, which was very satisfying and delicious.  Don't miss this gem in Boat Quay!"
152,Michael Barrett,5 stars,My Wife and I had one of the best anniversary meals here. The staff were fantastic and really cared about their customers dinning experience. The Chef was very down to earth and having him explain where the produce came for every dish …
153,Feng Tao,4 stars,"The main course and desert are very good,  but starter is average."
154,catarina nobre,4 stars,"Great restaurant and an amazing view from the rooftop. The service is great and the food was excellent. The menu is not adapt to your needs, I'm pregnant and thr chef changed some dishes to ensure that I will have a pleasant experience. I highly recommend this restaurant."
155,Guo chun yu,3 stars,"Food-wise, definitely deserves Michelin 1 star.  We took the chef 7-course degustation menu. The combination of ingredients in the plate was great and the flavors were balanced. Food was well executed too. …"
156,WahJiam Tan,5 stars,"Intimate dining experience with a great view of the river. The service was excellent, attentive without being cloying, and the chef personally introduced each dish to us (we had the surprise menu, which is basically a degustation menu). The …"
157,Cheng Hui Qin,5 stars,"Celebrating my first wedding anniversary here and we're very well hosted by Sugan.
The food here is amazing and the service by Sugan is at the top notch!!! …"
158,Jeremy Hzy,2 stars,"Took the 7 course Degustation( 258 per person) together with 4 replacement dishes of Foie Gras Tart (22), 32 Egg yolk tagliolini (42), Tajarin Truffle pasta ( 98) and A5 Miyazaki Wagyu(60). Add up per person will be SGD 382 and SGD 438. …"
159,Mmighty mouse,5 stars,"We had a mini celebration at Braci for my wife's birthday and never regretted anything. Food was awesome (we cleaned the plate everytime!), ambience was great and superb service especially from Sugan. We will definitely be back!"
160,Andrew,5 stars,"Braci came highly recommended and the entire experience definitely exceeded expectations - the food presentation and flavours were exquisite, the service, attention to detail and informative knowledge of each dish by Sugan was top notch, …"
161,Ville Nordström,5 stars,"Delightful! Dishes are delicious and show a nice mix of tradition and inventiveness, and a re flawlessly executed, service is attentive and polite, the open kitchen is intimate but not intrusive. Good range of wines, with good value options …"
162,Keith Tong,5 stars,"Went for the Christmas Eve Dinner. Really cosy outdoor seats, friendly service staff and fantastic food. My favourite dish was the signature Tagliolini with Uni and Caviar."
163,Lynne,4 stars,We had a surprise 4 course lunch. First course was Hokkaido Scallop which was perfectly cooked. Second course was pasta (Crabmeat pasta for the rest and Ravioli for me) which was alright. Third course was Duck Meat which was good in my …
164,Gavin Heng,5 stars,Thanks Sugan and his team for the warm hospitality. An amazing gastronomic experience which wows your taste buds. Me and my wife had the full degustation menu with addons of Uni etc. Every course is an adventure for our taste buds. The …
165,Anubhuti Agarwal,5 stars,Favourite restaurant in Singapore! One can choose from a list of really exquisite seasonal ingredients. The chef will then prepare bespoke dishes for each course with a fusion of Asian and European cuisines. One can experience unique …
166,John Young,5 stars,Wife and I came for our wedding anniversary - we arrived exhausted and moody - and left energised and uplifted by this amazing gastro experience. The Foie gras and the uni pasta is world class and the aged fish was spectacular too! Highly highly recommend has a must try in Singapore
167,Stefano Valentini,5 stars,"Great food, went there on our first date and have been going back ever since. Amazing good food. Awesome romantic atmosphere, I would rate it six stars if I could. We go back every couple months and it’s a treat every time. Highly recommended!!!"
168,Christoph Uloth,5 stars,"Fantastic to sit on the rooftop with a cool breeze and sample 7 fantastic unique dishes whilst being served by 1st class, knowledgeable staff.  Not cheap but great food. I thought the soft drinks (which we didn't have) were ridiculously priced"
169,Janice Lim,1 star,"DO NOT VISIT! We're honestly not sure which part of the meal was Michelin worthy. I typically do not leave reviews but this was unacceptable. Anyway, We were told there was no menu, it was like ""omakase"", still carrying some excitement …"
170,Sophian Abdul Rahman,3 stars,Service and surroundings are great! Food however was 'meh'. Good location to impress your date or future mother-in-law. Very expensive.
171,Jun Er,4 stars,Fancy - maybe a bit more so. Prefer less fancy Italian food
172,Sabrina Lai,5 stars,Excellent food and excellent service! Amazing attention to detail from start to end.
173,Susanne Galler,2 stars,A friend recommended this restaurant to me as it has a dedicated gluten free menu. I was extremely excited about this restaurant as it is a rare occurrence in Singapore to find both gluten free and highly delicious food on a menu. …
174,Ellen,3 stars,"Another restaurant that has style over substance.
The positive is it's a unique and intimate setting with an open kitchen and the chef will serve you at your table. …"
175,Tomaž,4 stars,"Delicious food, while served wine they didnt give us to try it before and after we didnt like it we saw the eyes of unhappy waiter. They didnt offer us 4 course menu what other tables had. Only 6 and 8 course meni was offered to us."
176,Melanie Tan,5 stars,"Excellent food, great service and amazing view of the Singapore River."
177,Mike Borsetti,5 stars,"Now under the helm of a new chef, Massimo Ponti, I am happy to report that it's still a delight to eat here. Everything was well executed, but the white asparagus, the spaghettoni and the pork neck stood out.  Bravo!"
178,Yaw Chang HONG,5 stars,"I’ve been here a couple of times over the past few years, from the time when they were preceded by their luminous accolades. The staff were patient and attentive throughout. The evening was helmed by Braci’s Chef de cuisine Mirko Febbrile. …"
179,Christian Flynn-Day,5 stars,"A delightfully adventurous and theatrical meal. Japanese-inspired Italian dishes using mostly Italian ingredients and techniques. Beautifully presented with a story for each course. Omakase all the way, for sure."
180,Brigette Then,5 stars,"Service is immaculate with one minor exception - one of the floor staff who likes to remove our plates without asking before we're done eating. Chef Mirko presented all our dishes with clear explanation, enthusiasm &amp; with a smile, too. …"
181,Rajiv Vijendran,4 stars,"Pretty good
We had the surprise 4 course menu which wasnt cheap at $100 per person.
The amuse bouche wasnt particularly nice except for the sun dried tomatoe one. …"
182,Tianyu Zhao,5 stars,"Brilliant Italian food at affordable prices. The view at the terrace bar is hard to beat too. Service was warm and friendly, and the food was delicious. I'd recommend trying the ala carte menu, 3 appetizers and 2 mains should be enough for two as the appetizers are pretty big in portions."
183,Supawat R,5 stars,"The service, the atmosphere and the food were just right. The staff were friendly and knowledgeable. I went for a surprise lunch menu, 3 dishes plus dessert, all were excellent. Definitely will go again to try other menu."
184,K Schultz,1 star,Ambience was rather poor. Was seated near the stove and I actually felt hot. Did not like the rather cold and curt Indian waitstaff who attended to us. Food was just average compared to other similarly starred restaurants
185,Cleo W,5 stars,"Cocktail not so good, but balcony feel quiet and relax. Beef tarte and uni spaghetti are fantastic, the rest is ok. In total not very expensive, is a nice place for a casual chill dinner."
186,fabrice Tayot,5 stars,"Fine dining with a awesome view (if you are seating on the roof top) ! Food was original and very tasty, staff very helpful and friendly, and their barman even knows how to prepare a wicked absinthe cocktail. What more could you ask ?"
187,Wen,5 stars,Perfect meal - the wagyu was to die for!!!
188,Giuseppe Marazzotta,5 stars,A dinner at Braci is always a nice experience. The combination of Italian cuisine and japanese ingredients is their peculiar signature and definitely deserves a visit (or more)
189,Audrey Quay,5 stars,"Incredible, delectable food and attentive service."
190,Krisa Qiu,5 stars,Exquisite meal! Especially love the dessert surprise at the end. We thoroughly enjoyed our wedding anniversary meal.
191,Valentine Sophie,1 star,"As an italian here....
I have tried many upscale places in Singapore
in almost 8 years I live in this island... …"
192,Rain S,5 stars,"Had a wonderful dining experience and birthday celebration for my boyfriend. The food was amazing, especially the foie gras semi freddo! And great service and accommodation by the staff, thanks Sugan and Kai! We will definitely be back"
193,Joanna Yeoh,5 stars,Took a break from local hawker fare to entertain 2 Australian friends who found Braci online. I’m completely blown away by the total package this Michelin star gem presents. Every dish from the bread &amp; olive oil to the foie gras semi freddo …
194,Chingwei Goh,5 stars,"Great ambience and view with a outdoor dining! Really enjoyed our dinner and would totally visit again. Food was really amazing, probably one of the best I’ve had! And great customer service from Sugan! Would definitely recommend and it was worth every buck!"
195,William Chooi,5 stars,"Awesome! Amazing! One of a kind Italian restaurant. Food is terrific, wonderful service from staff and chef."
196,Z.H Cho,5 stars,Very cosy restaurant with great service. Chef always ensures a personal touch by explaining the dishes to the customers and seeking feedback. Had the 4 course surprise course and it was great! The duck has really nice sauce!
197,Marcus Tang,5 stars,Michelin star.  The best quality ingredients paired together to bring about unique flavours. Great service and very knowledgeable staff about the dishes they have served!
198,Nicholas Alchin,5 stars,"We had the set lunch (three courses) and it was outstanding.  Great service, an unhurried approach to finishing and terrific wine recommendations.  Will come again."
199,Robert Martin,5 stars,Italian Omakase @Braci. Tantalizing food accompanied with exceptional service. Would like to shout out to Belle &amp; Mauro for such fantastic service. Head chef Matteo also took the time to introduce the dishes and I appreciated that. Overall 10/10 would come again.
200,Anne Hankel,5 stars,"Great restaurant, with amazing food and rooftop terrace! We enjoyed ew years fireworks from here :)"
201,Ng Siew Choon,4 stars,Service is impeccable. Very cozy but a little difficult to locate the place as the shop front is a Japanese restaurant. You have to take an elevator to 5th level.
202,Julia Boettcher,5 stars,"Hidden little gem with lovely roof top overlooking the river. Service was excellent!! Authentic Italian cuisine and the presentation if food is super. Try the Foi gras and Duck, yum!"
203,Heather Anderson,5 stars,"Reservations for weekday seatings were very easy via their website which I believe uses Quandoo. We simply made a 7:30 res and took an Uber to the restaurant where we walked into a giant kitchen with only 6-8 tables in the entire dining room. At the time there was only one other seated party of 2, later there was a party of 4."
204,Wenjin Leong,5 stars,"Had a wonderful evening at Braci. Food was great, and service was immaculate. A special thanks to Sugan for making our dinner one to remember."
205,Eileen Chua,4 stars,"Xmas set lunch, ex menu but gd experience"
206,CP Loo,5 stars,Came for our wedding anniversary. Food was good and service we excellent. Special mention to Sugan who made the celebration memorable!
207,Khloe Kim,4 stars,"Every dish (bread, starter, main course) was excellent except dessert part.
Dessert was quite average or even worse. They need improve on dessert for sure."
208,Christian Arredondo,5 stars,One of the best global dining experiences I've had.
209,Tan Clara,5 stars,Really really really enjoyed our dinner here. Food was just sublime. Service from Sugan was amazing. And the rooftop dining area was just perfect. Definitely coming back again.
210,Gonzalo Fuentes,1 star,"Clearly not worth the money. Food not very tasty. Service very average. When I pay 200-250  a head for dinner I expect a lot more. Trust me, there are many places in Singapore well above this one."
211,JT Lum,5 stars,"Innovative and delicious cuisine using the best of Italian and Asian ingredients. Creative, passionate and friendly chef. Will be revisiting"
212,Duane Wrobel,5 stars,"One of the best Italian I've ever had, and I've been to Italy, Michelin Italian in Tokyo and US. This is one of my favorites by far!"
213,Divya Panicker,5 stars,Great Service and very accommodative of vegetarianism. Highly recommended.
214,jessica bizzoni,5 stars,2nd time here and I was craving for it the next day. The best Italian fine dining food in singapore 🤤 …
215,ben zhang,5 stars,"First dating with my girl at here, such romamtic for the view…"
216,E,5 stars,Nice and quaint place serving quality Italian fine dining food in the heart of boat quay …
217,Nicholas See,5 stars,Sugan was an awesome host. Great knowledge on food and excellent table service. Enjoyed my meal here.
218,Jef Pinxteren,5 stars,"Delicious food served by fantastic people in a great setting, an unforgettable experience!"
219,Magdeline Hong,5 stars,"Nice view, Excellent service and good quality of food. Amaze by the chef's innovative and creative. Will definitely go back to the restaurant again."
220,Sultan Ahmad Khan,5 stars,Great ambiance with really great food. Staff service is awesome. Makes the entire dinner experience extraordinary! Keep it Braci!
221,Bing Chen Lee,5 stars,"Service was very good, waiter was very attentive to customers' needs and chef also came to our table to explain our dish."
222,Alex Boucher,5 stars,"Absolutely amazing dining experience.  The staff is immensely attentive and knowledgeable, and the food is incredible.  I highly recommend."
223,Trina Martirez,5 stars,Sugen gave us the best experience possible. Worth the trip to make to have the best dining experience in Singapore.
224,M. C.,5 stars,$55++ for a 4 course meal. Both food &amp; service are beyond expectation. Certainly deserving of its michellin star status. Highly recommended!
225,Krizia Mae Mamburao,5 stars,"Long overdue review, thanks a bunch Belle and team for the amazing dinner. Definitely not the last!"
226,Sze Hong Khoo,5 stars,The food was really good. Absolutely love the charcoal grilled langoustine with pasta. The service was impeccable too!
227,Simon Choe,5 stars,Beautiful delicious food and stellar service.
228,Manu Gambino,5 stars,"The dinner was out of this world. Everything was impecable. We even stay late talking the Mirko, the chef, and the manager. Recommend a 100%."
229,Wen Ning,5 stars,Loved the experience at the rooftop bar. The bartender was really sweet &amp; service-orientated as well. Will definitely pop by again! 😊 …
230,Ivan Tan,5 stars,Exquisite quality and extremely friendly chef who kept us very well informed of what we were consuming. The service is certainly worth the money that you pay
231,Daniel Lee,5 stars,"Sugan is one of the greatest and friendliest waiter here,
Very prompt and super helpful during dinner service :)"
232,Ilya Gutlin,5 stars,"Sheer pleasure, the variety of tastes, the different flavours, the service, the wine, the location, everything was top notch by all accounts.  5+"
233,Ray Phay,5 stars,Loved the gastronomical experience and mindblowing thoughts that go into a single dish.. imagine... 51 ingredients for a dessert!!?
234,Gallit Bareket-Tamir,1 star,"lost the chef ,lost the thread
Very disappointing, food pretentious lacks, direction, uninspiring and frankly the tastes just don't combine well, sadly a regretful experience."
235,S S (Señor Travellér),5 stars,"Amazing. Chef is a genius! For a special occasion, Braci is an easy recommendation!"
236,陈杰德,5 stars,Good food and a very nice view.
237,Frank Sorgiovanni,5 stars,Excellent food and service to match. Fantastic rooftop bar. Good value all round well done all!
238,Johannes Wurm,5 stars,"Great service and would highly recommend.

It was raining very hard and two of the staff came down and  gave us an umbrella to save us from waiting. Thankyou !!!"
239,Kim,4 stars,Tiramisu cocktail is worth the try.
240,Cher Leong,5 stars,Fantastic food and exceptional service by belle makes me wanna go back here again and again. Thank you for the wonderful night ♥️
241,Charles Ong,4 stars,Food was absolutely delicious! Just that the lighting was too harsh so couldn't take a nice photo of the food.
242,Richard Lee,5 stars,Sophistication and adventurous fare resulting from the marriage of Italian and Japanese influences
243,candice c,5 stars,"Wonderful food, love the open kitchen. Great chef who respect their ingredients."
244,Joe Carson,5 stars,Excellent food and service. Rooftop bar with amazing view of downtown Singapore.
245,Meir Smilovitz,5 stars,Very unique experience the food and the service is above any I have before .
246,Benjamin Connal,5 stars,Beautiful food. Exceptional service. Lovely views. Very keen to come back
247,Nona,5 stars,Small and exclusive with a fantastic view. Very romantic and amazing tiny tiny portioned food
248,Patrícia Busquí,3 stars,"The food was nice and the service was attentive. I specially liked the bread, it was delicious!"
249,Richard Skinner,5 stars,"Amazing food, service and location.  Don't normally like boat quay but this place is lovely"
250,Adrián García,5 stars,"Great food, views and overall experience"
251,Jet Choy,1 star,Terrible service. Doesn't even serve butter with their bread. Refuses to accept that not everyone likes olive oil and vinegar with their bread.
252,Phil,2 stars,"Food was nothing special, we said that we couldn't eat chocolate and 3 dishes out of 5 were served with chocolate... Very arrogant service"
253,Martin Hauske,5 stars,"Simply stunning food. Very creative, delicious little treasures"
254,Kevin Tan,5 stars,Gd good gd ambience....
255,Gabriel Tse,5 stars,Quite a quaint little restaurant in the rush of boat quay. Great food and fantastic service!
256,Randy,5 stars,"Best Italian Restaurant in Singapore, should try the uni pasta!"
257,Lydia Huang,1 star,The service sucks. The food is very underwhelming. The waitress is very unprofessional. Nothing special
258,Elizabeth,5 stars,good food
259,Paul Welsh,5 stars,"🍽️ Delicious and attentive, if slightly fussy. Great view from terrace. …"
260,Khameel Sanglay,4 stars,Chill. Good food. Excellent service.
261,C.K THEN,4 stars,Had the surprise lunch set (I think that's what they call it). Refreshing flavours.
262,Yee Choong Chin,3 stars,Small and cosy though they could reduce the  noise echo which impedes conversation
263,Anshuman Gupta,5 stars,Great food and ambience. Had a good time. I recommend this place
264,Peter Moore,5 stars,"Amazing food, open kitchen, almost like private dining"
265,Alex Yim,4 stars,Nice food. Hidden gem. But price... hmmm
266,soowei chew,5 stars,AN ABSOLUTE TREAT! CHEF MIRKO'S FOOD JUST KEEPS GETTING PRETTIER AND TASTIER &lt;3
267,Sami Ammous,5 stars,"Wonderful Italian food, attentive service and intimate space."
268,Rayladas Dhy,5 stars,Amazing experience! Loved the uni pasta!
269,Melissa Chia,5 stars,"Intimate setting, amazing food and a brilliant chef"
270,Calvin Zhang,4 stars,Great Italian restaurant in Boat Quay with a Michelin Star to boot
271,Kian Chung Ong,5 stars,We had the degustation menu.
272,Jeanette Mok,1 star,If I could give 0 stars I would. Don’t go.
273,Jane 서현 Park,3 stars,Pricey for what it is
274,Eiko Wrobel,5 stars,The food  and service were fantastic!
275,Emil Teo,5 stars,Great. Sit back relax and let the team take care of everything.
276,Huy NGUYEN QUANG,3 stars,Worth the experience ! Consider the high price !
277,Sammy Subramanian,5 stars,😏 …
278,Lakshmi Narasimhan,5 stars,Excellent food and spectacular service. :)
279,Thaisseril Prakash Veena,5 stars,Good food
280,林達廷,5 stars,Excellent
281,Tom Mulders,4 stars,"Nice rooftop, but the Quay is horrible"
282,Sam Reeves,5 stars,"Great food, great service,  great environment"
283,Zhang Andy (Andy),5 stars,Nice foods &amp;　nice people.   enjoyed !
284,Volkan Caglayan,4 stars,Great but not the best
285,niteesh joshi,5 stars,Loved the food and the brilliant service
286,Pebbly Ho,5 stars,Fine young chef with a fine touch
287,Willy Lim,5 stars,Wonderful
288,Benjamin CZW,5 stars,Nice authentic experience with passionate staff
289,QQ Wee,4 stars,Not bad modern European!
290,Jean Wong,3 stars,Casual fine dinner.
291,Frans L,4 stars,good service and friendly staff
292,Kris Trimoeljo,5 stars,It's a Michelin Star ..
293,Jason Lim,5 stars,Impressive
294,Junwei Tan,4 stars,Cozy place. Premium and atas
295,Marc T,5 stars,Excellent
296,GaYoung Baek,5 stars,Wonderful experience
297,Than Zaw,4 stars,Foods good.
298,Torrey Ah-Tye,4 stars,Great experience
299,Benjamin Soh,5 stars,Amazing food
300,Zizhen Wang,4 stars,"One Michelin star in Singapore in 2022, Italian meal, lunch on November 10, 2022, set menu, because of the truffle season, the white truffle pasta was upgraded, and A5 Wagyu beef was added. …"
301,Antonio Naitana,5 stars,"Fantastic!
We had dinner at Braci on New Year's Day and we couldn't have asked for anything better! The place is very welcoming, with a magnificent terrace on the upper …"
302,N K,5 stars,"Amazing!!!
Although you might think it's high-class, it has a homely and well-established personality that stands out. …"
303,I Song,5 stars,It's really delicious. But they ask for that much price. There is also a large wine list.
304,Auktionshaus Bad Homburg,5 stars,"aubaho.de
Thank you for the lovely time in your restaurant.
grace"
305,Jarkko Ojala,4 stars,Nice little Italy Singapore! You should try!
