,Name,Rating,Review
0,Ella Hodgins,5 stars,"Delicious chilli crab! Great service. And a fun experience, they rang a bell as they brought out than! The flying noodles were very impressive, much taller than I expected!"
1,Oliver Bruce,5 stars,"Stunning view in this place, the food just made me go mmmmmmm.
Super happy with this restaurant.
I will definitely be coming back soon!"
2,Tanjunyuu,1 star,"I recently dined at Tian Tian Fisherman’s Pier, also known as Forum Restaurant, and unfortunately, my experience was far from satisfactory. The restaurant, which had a nice area, fell short in several key areas. …"
3,Sean and sara Plays,5 stars,"Very nice restaurant by the Singapore river. View was fantastic! The food took quite a while to be served but when it came, it was worth the wait. Every dish was delicious and they even gave us a free platter of fruits at the end of the meal. Will definitely come back here again"
4,sy,1 star,"Waiter did not specify the types of beer eligible for happy hour rates when customer asked, when comes to billing time we trying to clarify why the beer that we ordered during happy hour is charged at normal rate but the defensive …"
5,Lovelle Cengiya,5 stars,"Initially I was skeptical when I saw the bad reviews on google. However the crowd seem decent, and the food served to their customers seem good. Hence we decided to walk in. To my surprised, it was nothing like what the reviews mentioned. …"
6,n b,1 star,"Worst food I've ever had in Singapore and hugely overpriced. Didn't check reviews before going to this place and now I see why they're rated so low. $15 for 6 chicken satay is a total rip off, they were tiny and not the freshest. $28 for a …"
7,Dee B,1 star,"I deeply regret not reading reviews before dining at this restaurant. The experience was nothing short of disappointing. The portion sizes were shockingly small, leaving us hungry despite the hefty price tags. Speaking of prices, they were …"
8,Yong Smerff,5 stars,Food was amazing. The signature flying chopsticks crab was really delicious. Service was abit slow maybe due to shortage of staff but the amazing food more than made up for it. We chose an Alfresco table outside by the river and the view …
9,Shravan Udaya,1 star,"Worst Restaurant In Singapore!!! Both Forum Seafood Village and Tian Tian Fisherman Pier are the same!!!
Without looking at the reviews in Google, fell for their beautiful banner …"
10,Gaber One,1 star,"The service is simply awful. They say the tables near the water are taken, but if you show up in a suit, suddenly, there's a spot just for you. Don't have a suit? Then, it seems like you're invisible to them. Sit wherever you find space. …"
11,Devir Where,1 star,"The food is rubbish and the waiter couldn't be bothered to bring us our bill. We had to get up and pay at the counter after wasting our time waiting. The two good things about this place is the view and the cheap drinks during happy hours, …"
12,Winston Lee,3 stars,Did not read the terrible reviews when I went to Forum seafood restaurant for lunch. The Filipino waitress was quite persuasive so I thought I would give the restaurant a try especially when riverside seating was available and happy hour …
13,Sava Ljujic,5 stars,This restaurant has great food and a great ambience for a good price ! Be sure to come over when you can. We had a great time
14,Ei Phyu,1 star,"Waiting so long but the taste is not as expected.We ordered pineapple fried rice, tom yum sea food, seafood omellete,kang kong spicy. Well all of them we ordered,only spicy kang kong is acceptable. I never feel the taste of horrible …"
15,Sean Yushi,5 stars,Very good food. Reasonable price. Very good view. Fast service. Friendly staff.
16,Derrick Lin,1 star,"Avoid eating food at this restaurant at all costs, just go for their happy hour beer. Don’t be fooled by their Michelin awards."
17,Minjae Kim,5 stars,"The staff were nice and friendly. They try and entice you to come in on the street, but that made me feel some sort of way, so that’s okay. The duck indeed had a strange grey water, but that’s okay because we all need a little bit of …"
18,Cookiefn,1 star,Wah this place sucks sia got one damn smelly dead hairy rat in my fish then the waiter try slap me in the face for no reason. When I ask him what he wan he tell me to get out. Afterwards I found out I was charged 7 times the actual cost of …
19,Dan Bogo,1 star,In a country full of great things to eat I chose what is probably the worst. Greasy spring rolls with a terrible sauce.  Fried rice that was void of flavor.  Over cooked shrimp.  Do better.
20,Megan Ng,1 star,"Was so hungry late night and was invited with insistence by a staff from the restaurant.
Food and service are horrible. …"
21,mattdsmithfilms,3 stars,Surprised to find the rating quite so low. The food I had was fresh and the staff took care in seating and serving me. …
22,Dharma Chandru,5 stars,Good Place for Seafood but quite expensive. Theres over 100 restaurants on Clarks Quay which has all live seafood to Choose from. I tried the signature Singapore Chilli Crab with Bun. It was expensive (300$). Do be there if you want to have …
23,Jaslin Lee,5 stars,Went for a bday celebration. Food wasnt that bad as the review. Service was great. Thank you for accommodating to all my request !  Will def. come back again 😁 …
24,Giulia Monaco,5 stars,"The staff is very nice and helpful.
The prices are a little high, but the view on the canal makes it worth it"
25,Ben John Ruiz,5 stars,Good service . Food is nice. Drinks are affordable.
26,Kaye Siscar,5 stars,"Service is good specially Leni, food and drinks are affordable. Probably will come back again. Recommended restaurant! ☺️"
27,Aswin Ruijter,1 star,"Don’t take the Fried Rice “seafood”$30. This was just standard rice with minimum seafood. Maybe 2 small pieces of shrimp. This would be a free side in any hawker center. Actually, don't order anything at all here. Avoid this place at all costs!. Absolutely ridiculous. Definitely can’t recommend this place"
28,LUCAS GARCES,5 stars,"First time in Boat Quay and we had a great experience at the restaurant, amazing food and great service"
29,María Angeles Molina Ramos,5 stars,"We went there as a family and hada a great experience, great food and service"
30,Lee Raymond Turner,5 stars,"Great cocktails, with wonderful service and a beautiful view of the harbour."
31,Jan Batiuk,1 star,"IF I could give 0 stars I would, awful tasteless food. Only beer was fine. Would not recommend"
32,Sandra,5 stars,Good place for have dinner and enjoy the views of the city! Good experiencie!
33,Koh Tong Chuan,5 stars,I recently visted Forum Seafood Village Restaurant and had a superb experience. The food and service was excellent. …
34,David Martin,1 star,ABSOLUTELY DISGUSTING Blinged it by adding nuts. They gave refund said everyone complains
35,Tufan,2 stars,Sweet sour chicken doesn't have chicken in it and the portion was ridiculously small. The price was high. Dumplings were better and the beer had a fair price
36,blanca ramos,5 stars,"They are lovely and the food was very tasty, would recommend"
37,Sam Travis,5 stars,"Everything was amazing, staff were welcoming and the atmosphere was fantastic!"
38,Shaun Lee,5 stars,Uncle was very nice. Love the view and the food!
39,Niall & Manesha Cullens,1 star,The worst restaurant in Singapore!! Food was horrendous and the tofu never arrived as they conveniently forgot it and when asked the lady (who’s very rude and acts like the boss) rudely replied “I forgot so what” didn’t even apologize! Basically you can’t ask for anything in that place. We felt as we were tricked to go in!!
40,Justin Ewalt,3 stars,"Many good food options, but a bit on the expensive side. Honestly for its location, the food prices are fair, but my rating mostly is regarding the bathrooms. They were not clean, no lights, and no soap to wash your hands with. …"
41,Ethan Zhu,1 star,"The atmosphere is good but the food is ridiculously expensive and in such a tiny portion, how am I supposed to get full?  I felt like screaming after seeing the recipe. I wasted 80 dollars on my meal and still didn't get full. I can use 5 …"
42,Ghib Ojisan,3 stars,"Friendly staffs, great view &amp; cheap beers! Kanpai!! Don’t come for the food😬 …"
43,Susana Moreno,1 star,"Tourists place! We felt like they cheated us, we were charged 80 EUR for two people and we were even hungry. We definitely never recommend to anyone and we won’t be back! They were mistaken with the bill, after we paid, we realised that …"
44,Miguel Nicolau,1 star,"SCAM ALERT! STAY AWAY!!!

The trick is: the (low) price of happy hour beer is shown outside the …"
45,Sasha Bao,4 stars,"There is a SGD 10.80 lunchtime promo every day which we go for often. It's at least 2pax and the bill comes to around SGD 25. It includes one soup, one fish (it's only one slice but well, please keep in mind the price), one dish (shared …"
46,k,1 star,"was a terrible experience, staff was rude and food tasted bad. crab was undercooked and sauce was not special"
47,rita lim,5 stars,"Nice atmosphere to have dinner.
Price slightly on the high side. But quality is there"
48,Jarno Ruotsalainen,5 stars,Nice place. Food was good and service was friendly.
49,Rich,1 star,"Steer clear.  Poor experience.  Drinks measures are short.  They don't have half of what is on the menu and then push you to buy the cheapest proteins, like chicken.  As soon as they said they had no beef we should have walked out but we were starving after just arriving. Would never visit again."
50,ky h,1 star,"The portion that we are getting is pathetic and the service is the worst we ever experienced. Take forever for the dishes to arrive and after asking the waiter for 5 times, thw owner had the audacity to come back to us and tell us that they have yet to prepare."
51,Ola HillaryTravelblog,1 star,Very Very high price! The staff cant explain the price of the several menus! Let it be! Go home!
52,Ian Smith,2 stars,Didn’t eat here (thank goodness). Just had happy hour drinks. But the manager just stands around pointing to his staff to do things and doesn’t do much to help the customers from what I could see. Very pushy to get you in to the restaurant …
53,Silvia Di Stasio,1 star,If i only had read the reviews before. Their concept of small plate is ridiculous. Taste even worst than the disappointment of the price I had to pay.
54,Matt Creswick,5 stars,Speedy service and friendly staff. Recommended!
55,Wolfgang Mueller,4 stars,"the food is very delicious and has received Michelin recognition in the past. unfortunately, the price level is not everyone's budget abilities but the drinks during happy hour are highly recommended with a great view at MBS and the Singapore river"
56,D S,1 star,The portion of food is very small compared to other restaurants food and their price? Expensive af for a tiny portion of unedible food. Tourist scam totally will not recommend
57,Dominic Silva,1 star,"Awful food kicking myself for seeing the Michelin guide signs and not checking reviews on here first... should have gone to mcdonalds. The prawns taste like cooked in really old oil, and its not the dish as advertised in the pictures.  A good learning
Experience"
58,Evita Hadiz,4 stars,"Good sead food, spicy food, overlooking the river. Nice night life with friends or family"
59,Steven Hudig,1 star,"Hate this Place... Two small dishes of chicken fried rice.... One small can of tea and a bottle of water.... $60 BILL. Steer clear of the seafood menu, extremely tricky pricing and gouging. Pressures customers into restaurant"
60,Justin S,1 star,Ridiculously overpriced! Stay away. My $11 oysters were partially frozen. I cancelled the rest of my order before they had a chance to rip me off any further.
61,Anand Sonar,5 stars,"Variety of seafood options, the crab was really nice approx. 130sgd for 1.8kg cooked well"
62,Björn Klein,1 star,"Outrageously overpriced food!
Hang on, I need to repeat that, because it really cannot be stated often enough: The food here is extremely expensive! …"
63,Tristan Lim,5 stars,Love the food! The service was great too :)
64,Gordon Quek,5 stars,Nice ambience nice food and good service...definitely will drop by again
65,SPX SG01,1 star,"This is the most expensive oyster I've tried in my life $12 each and the taste is garbage! I know how oyster fresh taste like, but this restaurant really sucks!! I ordered 3pcs and I regret it!!!!"
66,Nyiznhh Nyi,1 star,Food is really bad. Stuffs are so rude. Avoid this restaurant at all cost.
67,Traveller,3 stars,It’s not as bad as what the other reviews implied. The food is not bad but nothing exceptional. Service is fine although I heard that it is supposed to be terrible. My only complaint is that the price is pretty high. Probably because this place is a tourist trap.
68,Antonio Sanchez,5 stars,Very good food for an affordable price
69,Karan _,1 star,"This restaurant was rude and disrespectful. When we informed them that the food portions were unacceptably small and tasted like they were reheated food cooked yesterday, the old man gave us a dirty look and was not hospitable at all. …"
70,Trina Lim,5 stars,"good service &amp; great seafood, will visit again!"
71,Bignuub lol,1 star,"This place is fine with the food, just way too expensive. The waiters are overall nice but one wasn't very patient with our table. The seafood are ridiculously priced and thank god I didn't get them. The food was overall really 'meh' and pricey as well. Do go treat yourself with a nice but cheaper meal than this!"
72,Julia Chandra,1 star,"Despite the negative reviews, I still ate here. Every food item is absurdly pricey. I had a terrible experience."
73,Romney Manese,5 stars,Great service by Lenni and food
74,Matthieu HAVÉ,5 stars,"This place is really cool, I recommend"
75,Anna Skies,5 stars,Great service and view of the city.
76,Kenny Goh,1 star,"This is a very successful restaurant. Bad reviews, lousy food, bad service. Yet it has managed to survive for so long. They know they need not improve as ignorant dinners are abundant."
77,dark,1 star,"Terrible restaurant; the tables were dirty, there was soup on the floor and the staff were so slow! When I ordered ""Seafood Rice"", I was expecting a decent meal. It was so expensive and it took over an hour to be served! My order composed …"
78,Alex Kok,5 stars,Great food and good service. Will be back
79,Adam Fletcher,1 star,Total ripoff! Seafood fried rice consists of rice with a couple of chopped prawns. Tom yam soup is served in a cup. Service is awful. Food arrives at very different times from order. Typical boat quay restaurant looking to prey on tourists. Avoid.
80,Carlos Rodriguez Vara,5 stars,Best beer &amp; food ever
81,Adeissohappy Hehe,1 star,"If I can give a lower score than 1/5, I will. Horrible! Too expensive, hot and the food is really subpar. Mixed rice better than this. The waitress took so long to serve our plain rice, and we had to remind her many times. The food took at least 40 mins to get served. Not worth! Worst experience with any restaurant"
82,Jose Quan,2 stars,"Decent AC, a bit over priced, and the chili crab was bland."
83,Wong Vernon,5 stars,"A must to go place in singapore,  and the food is nice."
84,Georgina Brown,3 stars,"We eat here as it was late and both myself and my husband were very hungry. We avoided the suspiciously priced seafood and had some very nice sweet and sour chicken, with rice. Overall the food was good, they gave us free drinks but they …"
85,Terry Tng,5 stars,Food is good and service is acceptable and of very good standard
86,K D,1 star,"If I have to say one word - BEWARE

4 May 22 had a lunch at this place. 4 people. Low quality food with very high …"
87,Todd S,1 star,Complete scam and rip off.  Don't eat here!!!  Pricing is for 100g.  BTW I got food poisoning after eating here.  Sharp stomach pains and the works.  I was out of commission (as in bedridden) for 2 days.  After getting ripped off I spent a …
88,Samantha Cronin,1 star,We knew it was overpriced and we ONLY went here because we saw a sign for a cheap happy hour.  They offered us 50% off all rice/noodle dishes and one free beer/wine so we took them up on it.  Short story:  not worth it.  Run away. …
89,Chris Currie,5 stars,"Good food, good view"
90,Shihua Li,1 star,One dish included in the set meal that I ordered was not served despite multiple reminders and an hour of waiting. Vegetables were not hot. Dessert was simply few cubes of almond jelly and rock melon plus plain water. Demanded to see manager or supervisor but he simply avoided us. Will not eat there again.
91,Chan En Jie,1 star,"Horrible service. One of the male staff (waiter/cook?) carried our food out in the rain without any umbrella. We told one of the female staff, she went to talk to the male staff and the male staff shouted back at the female staff. Very unprofessional"
92,Simone Posh,1 star,"I ate at this place after I was referred by the concierge at my hotel to visit Boat Quay. I ordered a king crab, vegetable fried rice and a Hennessy and coke. The price on the menu is per 100g, but when the bill comes, it's over $450 for a …"
93,Erica Graf,1 star,"SCAM!!! Me and my boyfriend ate here last night and will be disputing the charges on our credit card. They told us a really cheap price for the chili crab on the street, and then were charged a ridiculous amount on our bill. DO NOT EAT HERE. This place needs to be shut down!"
94,Sanchit Mathur,1 star,Such a rude restaurant waitress / manager. She was a late 50s lady who denied our order of mango sticky rice. She asked us to get out as we had ordered only 1 dish. The restaurant was empty. Recommend you this stay away from this establishment.
95,Karan Puri,1 star,"I just had one of the worst meals I've ever had in Singapore at this restaurant, and was completely ripped off. 3 bowls of rice cost $9. The food was tasteless. Together with one veg, one meat and one curry the entire meal came up to just under $75 after a ""30% discount"". Never coming here again. Avoid."
96,Jessica Magnusson,1 star,"I would not recommend this place to anyone. The food was bland and tasteless, even the beef which was supposed to be spicy, and the food and drink are terribly overpriced. The waiter got our order wrong and the bill was incorrect. However, …"
97,Evan Leybourn,2 stars,"Good food, but incredibly expensive.

We had family visit us in Singapore so we thought we'd take them to dinner at …"
98,Gidiyap,1 star,"Many years ago, I was told this by a veteran CID investigator, who said that if u come across an eatery where the food is unbelievably awful, service is so bad that u suspect whether they prefer u don't patronise n continue to operate …"
99,Aice Raquiza,5 stars,"Great dinner by the river. We order The black pepper crab, and it was so good. Steamed fish sure difinetly worthy. And of course Hongkong Kaila with garlic to complete our meal.  Food was great.  Worthy of the price we're paying for!"
100,Carrie Sim,1 star,Expensive restaurant with bad food. The food was either tasteless or too salty. Definitely not worth the price. They charged a good $110 for cereal prawn which is not on the menu and it definitely does not taste like its worth $110 for that small portion. Advised to stay far away from this place.
101,Ted Doraisamy,1 star,"Do NOT patronise this restaurant.  The food is average but their prices are seriously outrageous.  They will promise you big discounts to entice you to eat there, then not reflect them on the bill.  You have to insist before they do …"
102,jeremy tay,1 star,Had the set lunch. Ordered the steamed cod but was shocked to see that it was literally the size of a fish slice one would find in a dish of sliced fish horfun. One of the saddest portions a person can find anywhere. The rest of the dishes were also poorly executed. Can find a much more fulfilling meal at an economical rice store
103,Annie,1 star,"Complete rip off . Do not listen about give you 30% off . You end up 300% more than what you expected. We ordered a lobster , supposed to be 1.4 kg in weight . There is no meat and no taste at all.  It costed over S$ 280 just for that …"
104,JX L,1 star,"So expensive, so bad, but still around for so long. Struggling to think whether Singapore Tourism Board should try to close them down for ripping off tourists or National Heritage Board should archive them for being the longest standing most classic example of Singapore's tourist scams."
105,Bernhard Schaffer,1 star,I normally do not give feedback on restaurants but I had to share this experience. Worst curry I ever ate.. they also charge for the nuts which weren't ordered and the worst part is that they even charge for the tissues on the table. I would give them zero stars if it was possible!!!
106,Tenille Williams,1 star,"RUN. If you're sitting at the table and feel it's too late, don't make the same mistake we did by staying. These people are scammers preying on tourists and the food is greasy and leaves you feeling sick."
107,Paula Fremeijer,1 star,"Excellent location, food is really ok but what stands out is extremely bad and rude service, with slightly better or at least normal service it would have been 4 stars but it’s amazing how staff can ruin the experience. Just wondering if the owner or manager reads any reviews because this is really easy, just get better staff!"
108,Mike Betts,4 stars,"After reading some of the reviews wondered what we had stumbled on. Was given an offer of Singapore Chilli Crab including complimentary glass of wine or beer for $75. Restaurant complied with the offer and we were very satisfied with our meal, cost was a reasonable S$140 for two entrees, crab, extra beers."
109,bada Choi,4 stars,"not only food but also view.
it is very important. The view."
110,Susan aabbcc,1 star,"ROBBERS.The biggest rip off of my life. Well travelled, around Europe, Americea and Asia and never have been so ripped off in my life.$500 dollars for half a chilli crab. Had tried to insist that we should take a whole crab. Tasted like the …"
111,Sitty Saad,1 star,"HORRIBLY OVERPRICED

Like seriously, OVERPRICED. Tourist, please there is a far much better place for …"
112,박진영,1 star,"It is terrible resturant.
We tried chilli crab, just before.
It was not cooked well, so couldn't eat. …"
113,Dave North,5 stars,"I cannot comment on the food as I don't tend to eat here.
But this place is great for an afternoon beer. Jugs of draft beer for around $15. Pretty good to me 🍻👍👍 …"
114,sijo pappachan,1 star,"Horrible location. Worst customer service. Lures you in with happy hour and all varieties of beer and wine, but won't let you just have beer. Must have seafood. We left as they were pretty rude and seemed like running a scam."
115,Simo Mal,2 stars,"We ended up in this place randomly but when I checked Tripadvisor it was too late, we were already sitting with a drink in our hands, silly us. …"
116,Sakurazaki Naoki,1 star,"If you are a Local, or have been staying in Singapore for over 3 months, you will know you can find better food with cheaper price elsewhere. Even if you want a good view along that stretch, the other restaurants are better and with prices. …"
117,Liam Whelan,1 star,"would give no stars if possible. $58 for a small beef dish, literally had 6 pieces in it. definitely stay away, so many better and more reasonably priced restaurants in the area"
118,Jiazhan Chen,4 stars,"We had dinner here last night. Because it is Public Holiday, so a lot of people, very lively, we chose here.
The scenery here is very good, sitting by the river is simply a pleasure to eat. …"
119,Jiayi Chua,1 star,"Colleagues fell sick (diarrhea, nausea and tummy upset) after eating at the seafood restaurant. Called the seafood restaurant up the next day giving feedback and the mgr replied that people fall sick for many reasons and my colleagues …"
120,gilles cruanes,1 star,"terrible food, dirty set up, price very expensive. We went there as 2 families of 7 and got really disappointed by this so called thai restaurant.
dry pine apple fried rice, green curry tasting chemicals, terrible pad thai, beer served with no glass...."
121,cool cat,1 star,Close this place down!! They are scammers! This place should close down before it affects Singapore tourism image! Food is crazily lousy and tiny in size and price on menu is to scam anyone that walks in. The STB singapore tourism board …
122,Anqi Qiu,1 star,Do not go to this restaurant. The waiters will quickly recommend dishes and note down without giving any thinking time. The bill comes with 1000 per dish.
123,BlainetheMono,1 star,"Worst experience of my life! Got charged over 600SD for ""half"" a snow crab, which tasted terrible, and had virtually no meat. Only reason I didn't create a scene was I had to go back to the airport. Like the others said..run!!"
124,Chez Schwarz,1 star,EXTORTION!   This place gives you a bill for $500 USD for only a $80 meal and you must pay.  This is a SCAM and should be intervened by police and government!  The Singapore government won't let you chew gum but it allows restaurants to Scam tourists out of thousands of dollars.
125,Su,1 star,"Expensive like hell. The waitress said 30% off but when we pay the bill they said the listed price is already discounted. Don’t be tempted. 5 people for $700, so over priced!"
126,S Fry,1 star,"Rip-off, stay away! Food was slow to arrive after ordering and very oily/greasy. Food for 5 people came to more than 600SGD! Not good value."
127,Emily,1 star,"We were tired and came here for the view- there are other places with a good view, chose one of them..."
128,Kenny Cheng,5 stars,"Five stars for the Tiger beer $15 a jug! great riverside view. No comment on food. As a local, i don‘t eat here"
129,Ankur Sharma,1 star,"Worst fried rice i had in years. I even got it changed once. I had tom yam soup, fried veges and fried rice.
Not worth the expensive menu. Totally worthless. Feels like wasted 72$"
130,Kalai Vani,1 star,"Terrible foods with highly priced.The Philipines staff with sweet talking will attract you to go and dine in,they will said all the foods available as we ordered,but the food we ordered not in the menu.They food takes around 15 minutes to …"
131,M. AB,1 star,"The food taste is average but prices unbelievably expensive. I had lobster for the dinner for one person and the price was 450 SGD!!!!
The waiter told me it was alive lobster from Australia !!!!"
132,Олег Бондаренко,1 star,Never try to stay at this place! These people are scammers. They will full you and rip you off! We tried some kind of seafood there and got bill over 400 $. These people are shameless and forgot God and goodness.
133,Richard Price,1 star,"Definitely picked the wrong restaurant on Boat Quay. Rice was ok,  Gai Lan was ok. Everything else was inedible. Singapore is full of great food. Avoid this at all costs."
134,Allan Chung,5 stars,Good food
135,Aldwin Oh,5 stars,Nice place. Nice food.
136,kelvin ng,4 stars,"3 stars for beer. Although it cost $50 for a tower of beer, you may try to ask for $45. A beer bargain in Singapore. …"
137,Maxime Reding,5 stars,Very recommendable bar! Staff is always friendly and happy hour prices cannot be contended. Absolutely lovely place!
138,택주임,1 star,Bad service! Bad price!
139,Daddy Panda,1 star,"JUST DOING IT FOR THE MONEY WORST REVIEWED RESTAURANT IN SINGAPORE. Food here is overpriced, unfriendly customer service and food sucks."
140,Amit Shinde,1 star,"All -ve reviews here are accurate. Suspiciously overpriced, not so great service, worst of all food was sub par to any hawker center quality and presentation and taste,"
141,S Y,1 star,"Scam, I regret not reading the review before coming here. 128 SGD for a tiny steamed fish. Total tourist trap. Don’t ever think that one’s safe from places like this just because ones in Singapore."
142,Jon Ander Ochoa,5 stars,Great food!!! :)
143,Gauthier Benoist,1 star,"Do not go.
The prices are confusing. We paid 150 dollars for a small fish.
Who pays 150 dollars for a fish?
Avoid at all cost."
144,joe ng,1 star,Worst dinner experience! A shameless scaming restaurant... serve me right for not seeing the reviews beforehand... my experience is so bad that i do not want to relive it and pen it down....
145,Wales Yeger,1 star,"Food tasted bland, food was overpriced, this was obviously intended to be a tourist trap."
146,Nishant Nair,3 stars,Nice location with a good view of Boat Quay. The cuttlefish and dumplings were quite nice but the place was pricy.
147,Sebastian Ho,5 stars,Amazing flying noodles
148,hyorim nam,1 star,Don’t even think about going here. They are the top fraudsters.
149,Roxanne Bornman,1 star,"RUN AWAY! People are rude and food and drinks ridiculously overpriced.
Never again, don’t waste your time here."
150,Alexander Walsh,1 star,"Single handedly the most DISGUSTING food I've eaten in the whole of Asia, and I've lived her for over ten years. A complete tourist trap. RUN, RUN, RUN."
151,Mehdi Battache,1 star,"The huge SCAM i have ever had !!! Avoid this restaurant
I pay 190 $ for really nothing and not tasty at all"
152,Cyril T,1 star,Bad bad bad …. So sad. Check reviews before going
153,Nadia-_-,1 star,The crab not fresh
154,John Chan,1 star,Overpriced. Food is average and on the salty side.
155,xa. vie,1 star,trash
156,Arul Gk,1 star,I wish I could give this negative stars. Would rather starve to death than eating at this place. Don’t know how this place hasn’t been closed yet.
157,Nico Hartono,1 star,Very expensinve..almost 50 per person for normal thai food..no expensive seafood was ordered..
158,Beteja Magjuni,1 star,"Food is not tasty at all.
No good vegetarian options, EVERYTHING is pork.
Way too expensive."
159,lutivity,5 stars,"THIS EXPERIENCE WAS AMAZING! GOOD FOOD, GOOD SERVICE AND GOOD LOOKING WAITERS"
160,beewee k,1 star,Really bad! The food was very salty!
161,L2HfT,1 star,"Very slow service, overpriced food and small portions. Never again for me."
162,Amer Sharaf,1 star,Very bad experience... slow service and expensive for nothing. I should be paid for the agony
163,Radu,1 star,Absolutely disgraceful...food is 5 times overpriced...and it tastes like plastic...terrible...absolutely stay away!
164,Sahil Patel,1 star,Do NOT go here. They are scammers with a misleading menu and super over priced seafood.
165,Kelvin Lim,5 stars,Nice place and nice food
166,zurgaa 11,1 star,"Don't go to this restaurant! Really bad reviews and overcharged! Prices should be lowered, hope it closes!"
167,Arthur,1 star,Please do not go there. Follow everyone advice.
168,rasha taha,1 star,זבל של מקום....pls don't go to this place it's very very bad food
169,Rajeesh Kumar,1 star,"Horrible service, food not worth the price"
170,KJ C,1 star,the food portion is ridiculously small
171,Vanilla,1 star,Overpriced and horrible tasting food.
172,Stanley Cheong,1 star,"Overpriced, bad service, no price on board. STAY AWAY!"
173,Steve Low,5 stars,Nice food 🍻 …
174,Yukie,1 star,Don't choose this restaurant. Pricing is tricky and waiters are the worst ever
175,Karl Moessinger,1 star,That's what I get for not checking reviews 😂 …
176,Samir Das,1 star,Hate this place as much as you can. Totally demeaning hospitality in Singapore.
177,Alexander Pestana,1 star,"Tourist trap. Bad food, very expensive. Avoid at all costs."
178,Robloxian._. Gamer,1 star,The staff was rude and I wouldn't even give a star for this restaurant
179,Sherry Sanchez,1 star,Worst experience!
180,Martin Reindl,1 star,"Good location but greasy, bad food for crazy expensive prices."
181,Bai Han Lee,1 star,Mango sticky rice is disgusting and stuff is overpriced
182,Wancelak 89,1 star,This place needed to be SHUT DOWN!
183,Seb Shord,1 star,Just awful. Way way way overpriced and misleading. Stay away.
184,Gaïdig SÉCHER,1 star,Way too expensive ! 150$ for an overcooked fish.
185,Vanessa Landry-Claverie,1 star,Tourist trap stay away. Food ok.
186,Amir Ghane,1 star,"STING OPERATION: super expensive for bad service, cheating and poor quality of food
Total scam artist"
187,Sorrel,1 star,"Stay away , I repeat , stay away ! Nothing but a bunch of scammers"
188,ZY NoNo,1 star,Expensive and very small portion!
189,Thierry Janaudy,1 star,"Poor service, food not great, to avoid"
190,Mikko Kallio,3 stars,Touristy. Too expensive for the quality and size of portions.
191,Malcolm Westwood,5 stars,Just great
192,Edwin Fong,1 star,When you find waitresses approaching you -&gt; run away
193,Staurogyne Repens,1 star,Came to see the worst rated restaurant
194,Duncan Chua,1 star,Huge scam
195,Wei Hao Lim,1 star,Awful food. Disgusting.
196,Shannon Gan,1 star,Horribly overpriced food and lousy drinks
197,Marc Brugaliere,1 star,Rip off place for tourists. Avoid!
198,Miyu,1 star,worst restaurant ever
199,Niko “Wäinämöinen” Holm,2 stars,Be wary. The bill will be more than you think.
200,Abel Babel,1 star,The food is horrible.
201,stewart kong,2 stars,do not go ther is a black restaurant
202,Jonathan Chua,4 stars,Good food good beer
203,Jiantao Niu,4 stars,Cheap and quality lunch set
204,Sebastian Botero,1 star,Super expensive and bland fish
205,John Petrie,5 stars,Great black pepper crab
206,T R,1 star,The service is terrible.
207,Eldad Askof,1 star,Don't go there
208,Alexander Benesch,4 stars,Nice food at the river
209,Joseph Howe,5 stars,Cheap and good
210,zulkifli adnan,1 star,The cheating restaurant in singapore
211,Long Xiangyu,1 star,Rip-off definitely.
212,Kevin Lem,1 star,Nsm
213,Nyan Zhe Chen,1 star,Crazily overpriced.
214,Tanja Regez,5 stars,"We had the thai curry and the sweet and sour plus dumplings, everything was very good, the service was fast and the staff is friendly."
215,Silvia B.,3 stars,".. we came here spontaneously. The service was very bad from the start, so much so that we almost left. The food wasn't that bad. The ambience is simple and old. Next time I would read reviews beforehand and probably go somewhere else."
216,Coii,1 star,"DO NOT GO

Held evil …"
217,이미리,1 star,"Hancook people Dom Hwang Cha!!
If you take a look at this lip-hue, you'll be out of luck!
What the hell is wrong with alcohol. It's so delicious.
Gunyang jeonview and byeolryuyeyeop"
218,Vinnypuh 1978,5 stars,"The food is delicious and the price is reasonable (on the menu the price is per 100 grams, tourists be careful) + 3 large glasses of beer at the expense of the establishment. The service is good. We were left full and satisfied!"
219,Markus R,1 star,"Service not particularly friendly, food just not good but very overpriced.
The only positive thing is the location right on the water, otherwise the restaurant is not recommended."
220,Cookie,5 stars,"The scenery is beautiful, the drinks and cheap food are delicious."
221,Raimund Block,1 star,I've been coming to Singapore for many years and enjoy eating well (!!!) at Boat Quay! …
222,atsushi g.,2 stars,"Basically, you should not enter the shops along the Singapore River by yourself.
It's better to negotiate with someone before entering. …"
223,Gloria Oliva,3 stars,"I can't say much because we only ordered a crab and some noddels with fish. It was to share and both dishes were brought at the same time. We had to ask for the noddels to be reheated. The barbecued crab was good. Expensive, 6 beers, crab and noddels for change €200"
224,정한나,1 star,"Ah ㅜㅜ I should have gone after reading the reviews. It was raining and there was a long line at the place I wanted to go, so I came because I heard there was a Michelin mark. …"
225,응원해,1 star,"Really the worst of the worst👍
First of all, fried rice large costs S$56, but it's the same as a bowl of rice, the crab yield is the worst, and Morning Glory costs S$30.
Really, really, don’t go ㅠㅠ …"
226,Jimin Seo,1 star,"The dog next door to this store is the worst. sling? Soso. Even if you make the rest of the cocktails seriously, they would be better than this. It's like drinking a margarita and pouring alcohol on Long Island. When they pass on the basic …"
227,S. F.,4 stars,Drank a cocktail at happy hour. It was delicious and the view is enchanting 😍 …
228,X,3 stars,"We had a pitcher of beer for $9, which when paying was $10.6, but when we saw the menu we left..."
229,张奕韬,4 stars,"The seafood in this place tastes good and the price is reasonable. You can enjoy delicious food along the coast. You can see museums, opera houses, government buildings and other buildings. It is very comfortable to order a beer and enjoy the sea breeze."
230,Katja Ottowitz,1 star,"Unfortunately I only read the reviews after eating and I can only agree: Worst “restaurant” I’ve ever been to! We ordered 2x small fried rice (1x veggie, 1x with chicken), both dishes were tasteless and not freshly prepared. The waitress …"
231,Jan Otto,1 star,Caution! The worst and most expensive meal during my 14 day stay in Singapore. We ordered three dishes in size S. These cost around 30 SGD each. The “curry chicken” tasted like it had been reheated from the day before. The meat was …
232,Lauretta Costa,1 star,"To be avoided. Non-existent service, we had to call the waiter several times to get clean cutlery and plates. Decent food but one chilly crab claw was spoiled and inedible. We pointed this out to the restaurant manager. On the bill we paid for the wipes to clean our hands!!!! Sandwiches, ten, for $27. Not to be repeated."
233,Jorge Pérez Blecua,4 stars,Delicious Chilli crab with Sri Lankan crab
234,May,5 stars,"Beautiful view, cheap, and delicious! !"
235,Stefan Zimmermann,3 stars,"Great location, friendly staff, average lunch"
236,Habda Malacon,1 star,"When we arrived they did not want to sit us at the table we asked for for no apparent reason, they gave us 3 different menus but they all had the same food, confusing, the prices are excessively high for the value of the food. Small plates, nothing special. I dindt like it at all."
237,櫻井真里子,5 stars,delicious!
238,Lars Janzon,1 star,"Dear Singapore holidaymakers,

After 3 weeks of vacation on Phuket and four stays in Singapore, I can only say …"
239,Maurice Longchamps,1 star,"These are tourist traps we let ourselves be taken in
The cleanliness of the menus and many small details. The food is ordinary but the prices are excessive, we even charge for paper napkins.
Sorry because the site is magnificent"
240,Melis Is,1 star,"This waiter actually wanted to sell me a fish (800g sea bass per 100g 11.20SPD = 89.60SPD) without any side dishes or anything else.
Of course everything was well said 😒 …"
241,Moritz Becker,1 star,"Rarely have I seen less motivated service than in this store. The waitress is more interested in finding new customers on the street than in serving those already seated. In addition, the glasses are dirty and the floor is full of debris."
242,Vincero,1 star,"Ah...I'm going to report it. One fried rice costs $16, but there are no side dishes, no eggs, and it tastes terrible. Even if it was made with real feet, it would be better than this."
243,마성태,1 star,"Wow, I was hungry so I ate.
Don't be fooled by touts and don't be fooled by discounts.
Paying this money to eat something in life is no different from saying I'm a …"
244,Minky,5 stars,"First of all, Zerg is very cheap.
A great place to sit and have a beer"
245,じゅん坊（会長）,3 stars,"I went in to eat. While looking at the menu, I keep recommending expensive items (shrimp and crab). If you are in a tourist mood and do what the staff tells you, you will end up with a very expensive meal, so be careful."
246,민현태,1 star,It's good to come here for those who like to eat food.. After drinking the Crab Jaw and Sikijit... What I poured was just fine~#^
247,Dung Trương,5 stars,Great
248,Charles VG,1 star,"Flee, poor fools! Our crab was empty!!! Don't be fooled by the falsely tempting ""offers""."
249,syupyi,1 star,"Just enjoy the riverside view and a drink.
After eating this day, I started feeling uncomfortable."
250,R F,1 star,Do not under any circumstances eat at this restaurant. You will definitely be deceived!!!
251,Mona Schneider,1 star,High prices and very low quality! Not recommendable!
252,MOHAMMED !!,1 star,"Very bad experience
Delay in order and bad food
Bad behavior of the staff..."
253,Vanessa Mathé,1 star,Expensive restaurant for poor quality of dishes. Not coming
254,MC K,1 star,The worst restaurant that scams. It's expensive.
255,Laura Garcia Lozano,1 star,VERY EXPENSIVE AND LITTLE AND BAD FOOD
256,Antonio Umbert,5 stars,Well
