,Name,Rating,Review
0,Hartono Harjono,5 stars,"The restaurant on the 5th floor of OCBC Centre is a hidden gem! Enter through the main entrance, then take the lift at the rear of the building. Be aware that the restaurant entrance isn't covered, so bring an umbrella if it's raining. …"
1,muffin Sweet,5 stars,"Our extended family of 14 had a great dinner together seated at one table. Staff were considerate to give us a cosy corner which was comfortable for the elder members without cold drafts. Food was of good quality, good portions and …"
2,Yuchen L,4 stars,"I had an excellent yam nest and oyster omelette. Im usually not a fan of oyster omelettes but this one was particularly unique, with a thin crunchy omelette and a mild taste for the oysters. Roasted chicken is decent. …"
3,Van Lim,5 stars,"This is one of my favourite restaurants for Hokkien fare. I highly recommend their prawn rolls, mee sua and roast chicken. Prices and portions were reasonable.Their service was prompt and it’s evident that their service staff were experienced and passionate about their job."
4,Sze Ling,5 stars,"It's a place where you will find traditional holkien dishes.

Highly recommend the duck salad and hokkien mee. …"
5,Barnali Roy,5 stars,"Visit Date 1 Dec 2023
I think a decade ago, a close friend introduced us to this restaurant and we visit it at least twice every year. …"
6,Chris,5 stars,1st time trying this place. Having hard time to find and just realised it’s on the 5th floor of OCBC centre. You can take a lift up from the side entrance next to the carpark. …
7,Lauren GCY,5 stars,"An absolute gem! A legacy Hokkien restaurant serving old style Hokkien dishes at an amazing price, given the atmosphere and service. We had 4 dishes and 1 dessert for 5 pax for $130+ only. …"
8,Jackyfromfl,4 stars,"Food is decent, CNY set lunch is $100 per person. Dessert is too sweet."
9,William Win,5 stars,A highly patronized Hokien Restaurant at CBD area. Delicious foods are served at comparable prices to the contemporary restaurants.
10,Danny Lien,5 stars,"Excellent traditional Hokkien cuisine. Good friendly staff, especially John."
11,Lee Shiuh Liang JasOn,5 stars,Traditional restaurant which never fails to impress with the tasty food and friendly atmosphere. Not cheap but the food is incomparable as you cannot find them easily elsewhere.
12,Hannah,5 stars,Food was solidly 5 stars. Difficult to find a place that delivers old hokkien food at such a high standard! Every dish was pretty great - the fried prawn balls/ spring rolls exceeded expectations. Hokkien mee was fantastic. Only negative …
13,Jo Lee,5 stars,Amazing food and service! Entire fam enjoyed the set and staff were super attentive. Every dish was a hit and the servings were so big that we took the lotus chicken home. Looking forward to the next visit!
14,Can Seng Ooi,5 stars,"This is a Hokkien restaurant, situated on top of the OCBC carpark. The service was prompt and forthcoming. The food was delicious.  We ordered corn soup with crab meat, braised pork buns, Yam nest, oyster (mussels) omelette, prawn rolls and …"
15,Shark Sharkey,4 stars,It's for all Chinese food ! Great for Chinese New Year gatherings due to big tables.
16,Alex Chin,5 stars,One of those well established old school Hokkien restaurant that you should not miss. Absolutely authentic Hokkien cuisine that is becoming more and more difficult to find in Singapore. …
17,Whisky Dev,5 stars,"The 2023 Lunar New Year meals have begun!

First up this year was lunch at Beng Thin.  An old school Hokkien restaurant in …"
18,S. Fischer,5 stars,"Located on the 5th floor of the OSBC car park, this is not the most common location for a restaurant. …"
19,WS,5 stars,"We had our CNY Reunion Dinner last weekend.

The food and service were excellent.  We were able to change the dishes from the …"
20,Kevin KW,4 stars,"Hokkien restaurant kind of secluded on top of ocbc building car park. You have to know it’s here to come here . But it certainly has its fans, very popular and definitely have to book …"
21,Patricia Gaik Kin Lim,4 stars,Great place for traditional Hokkien style food with family.
22,AL,4 stars,"Went for lunch here yesterday with my colleagues. It’s a great place to host business clients and families as well. Food as always is great, my favourite being the crispy oyster eggs which is so well fried and crispy. The other must try is their duck salad , which feels similar to that of a yusheng:) will definitely come back again!"
23,Ashley Tan,5 stars,"Didn’t managed to take all the food photo reason was the food was too good and we can’t wait to taste every dish!!
One of the oldest restaurants with over 70 years in operations!!! Well hidden …"
24,Neil Nicholas,5 stars,"Do make a call to reserve a table for your dining preference as they are full mostly. We decided to just go there on a Sunday for lunch, as there weren’t any booking links for reservations. They were full to the brim! …"
25,Wu Chunhui,3 stars,A bit hard to find. Very old fashion chinese restaurant. Price is really good just the food to me is slightly on the bland side. Service is good and fast. Now also using robot to up the service.
26,Tang James,4 stars,"This is a legendary restaurant serving authentic Chinese food. Food quality has been consistent hence the long awaited queue and advance reservation. However, the service needs to be improved. Shortage of manpower and attitude issues. Atmosphere is a tad outdated."
27,kate lim,5 stars,"Food here is really the best, especially the fish head soup, fish maw soup, ngoh hiang and prawn rolls, fried rice, hokkien mee, prawn omelette! My family has been patronising this place for the past 10 years and the standard has never dropped:) Highly recommended"
28,Dan Ho,5 stars,One of the best Hokkien restaurants in Singapore. Reservations highly recommended during peak hours you might be limited to only 1.5hrs dining time. Famous for their braised meat bun and fried oysters omelette.(orh luak)Very classy restaurant tucked away at level 5 carpark of OCBC bank building.
29,Jamie W,4 stars,Great restaurant that exceeded my expectations. Odd entrance in front of an open carpark - Be prepared to be puzzled but food was worth it. Never thought much of YuSheng but this place had the best one I’ve had so far. Fried Cod Fish was amazing and most dishes looked underwhelming but were great. Will definitely be back for more.
30,Raymond Soh (GFWT GoodFoodWillTravel),5 stars,Went to this classic Hokkien restaurant for family birthday celebrations. The dishes were outstanding… ordered all the famous dishes. …
31,Leslie,3 stars,"Highly recommend the 1)crispy oyster egg and 2)duck with Rock melon salad.

Nor Hiang is passable. …"
32,Win Tai,5 stars,Always have this place during Chinese new year. Great hokkien food. Very nice take away too. The quality of food is well maintained over the years. Long history of cooking. Not too salty good flavors and taste. Consistently great. We always order from here every year during Chinese new year. Pretty good decent.
33,dorisyong,3 stars,This is probably the restaurant my family frequent most. It’s really convenient for the old folks - the main door is right in front of the open air carpark on top of OCBC Building. You can drop off the elderly and wheelchair right in front …
34,Andrew Goh,5 stars,"Great service, comfortable ambience in this Fujian restaurant.

Delicious food that's not too salty nor oily and portion Vs price is totally …"
35,purple taste,5 stars,Restaurant serving Fujian cuisine. We went to try during lunch time after we had checked out from our staycay nearby. …
36,Anna-Maria Agnello,5 stars,"Wonderful service, delicious food, family friendly- highly recommend!"
37,david chong,4 stars,"This place has been at the fore when it comes to Hokkien cuisine. Their mastery in the prawn rolls and spring rolls are second to none. The best I feel around.
Maybe that’s the reason why they have managed to navigate through the rough …"
38,R C,4 stars,"The restaurant entrance is on the 5th floor of the ocbc centre carpark.
Ordered the duck salad, fujian fried noodles (hokkien mee) and ngoh hiang, hei zhou. Total came up to $60 for 2 pax …"
39,Yiting Chan,5 stars,"Food was great, atmosphere is good too. Despite how busy the restaurant is, the staff is pretty cool headed and serve up the food nicely and professionally. Had lunch here on ren ri (人日), restaurant was packed but we actually didn't have to wait long for our dishes"
40,Leonard,4 stars,"Stuck in the rain and ended up lunching in this restaurant. Been a while since i was here. Pretty packed for lunch. Prob due to the weather. Food was good and price point is comparable for these kind of makan place. Surprisingly, i enjoyed this lunch. Simple 😊 …"
41,Kenny,5 stars,"Food was really exquisite! Traditional, good quality, unpretentious and generous servings. Every dish was a real treat. Excellent and looking forward to a return visit."
42,Kyle Lee,5 stars,"Excellent hokkien cuisine at very reasonable prices. A few must-try dishes include the orh-lua, fish maw soup, hokkien mee, pork buns and the list goes on. Pleasantly surprised with a low $10 corkage if you bring your own booze. Great place to celebrate parents or grandparents’ birthdays, anniversaries and what not."
43,Stanley Pang,4 stars,"Duck salad with mango was refreshing, oyster omelette was crispy and had great texture, popiah/prawn ball/ngoh hiang were must order staples and stir fry eggs with sharkfins and braised pork belly were all great. …"
44,Calvin Puah,4 stars,Iconic restaurant with lots of history and still going strong. Authentic flavours and reasonable prices. A must visit if you're in the neighbourhood.
45,Rayant Yeo,4 stars,Managed to secure a table to celebrate Lunar New Year 2023. Authentic Fujian Cuisine at affordable $$. 👍🏼 …
46,SIEW LIAN LIM,5 stars,"The place serves authentiic Hokkien cuisine. This is my 2nd time eating at this place, food standard is generally consistent, their staff are helpful n attentive. Their cold dish is impressive, the Hokkien style fried crispy popiah (must …"
47,K. W.,4 stars,"Came here to lou hei and ordered cny set lunch for 4. Foods were awesome and traditional, service was good and friendly. All still great even though serving was abit slow and even served some dishes wrong."
48,Andrew Tan,5 stars,"The Orh Jian was delicious while the other food ordered like pork ribs, prawn &amp; cabbage dish, orh-née, duck salad etc. The food is indeed reasonably priced. Highly recommended."
49,One Bear,5 stars,This is a restaurant that was so love by 1 of the OCBC’s Chairman and invited them to start their restaurant business at the OCBC BUILDING. Uniquely next to the carpark. …
50,KL Pow,5 stars,My 2nd time here. Love their food. Authentic old school taste. Especially the crispy chicken.
51,DXG,5 stars,A secluded restaurant on level of a carpark behind the OCBC bank that serves Hokkien cuisine. I ordered a set menu along with the signature carrot cake with chilled oysters. One word - sumptuous! …
52,Yee Chen Lim,4 stars,The chinese cuisine food are of high quality and staff are extremely helpful. But the decision of not providing an ala carte menu during mother's day period are puzzling. How are we suppose to choose and order our food?
53,Joel Tan,3 stars,Nostalgic restaurant but food standards have sadly dropped drastically since its golden years
54,Chi Hong Hwang,4 stars,"Pleasantly surprised by the lovely renovated interior. Very clean and modern feel. The food was just as good - the duck salad, the Kong bak pow, the ngoh hiang and hei zor, Hokkien noodles, crab meat in scarmbled eggs - were all well done …"
55,Robin AGPC,4 stars,"Food is quite nice, Hokkien style. Staff is polite."
56,Vtigaa Vtigaa,3 stars,"Old school authentic Hokkien restaurant. Fried oyster egg is one of the best around. ""It's a place to bring elders for a meal. You can drop them off right in front  of the restaurant &amp; park nearby."
57,Lawrence Leo,5 stars,"Delicious hokkien mee, fish was bland, appetisers was good, very affordable dishes!"
58,Jes Jassi,5 stars,"Food delicious..
The usual choices of food order to be made!!
Hokkien mee. Braised pork bun etc etc"
59,Brian,5 stars,Our go to place for all celebrations. Good food at a reasonable price!
60,Bryan Chu,5 stars,"Excellent traditional Chinese (Hokkien) food and superb service too.
Service was great, attentive but not intrusive. A far cry from many places in Singapore nowadays where you either have to try hard to get their attention or …"
61,lisa,3 stars,"Food is above average. However, service is absent.
We were the second seating for mothers day dinner. We reached on time but was seated only after 30 min wait because they were severely shorthanded. …"
62,Wolfgang Mueller,5 stars,"very delicious Chinese food presented with an attentive service. the atmosphere was rather loud to my impression, which might be the reason of a large group being seated next to us with communication across tables"
63,Florence Tan,4 stars,Ambience and service are good. Staff helpful. Food is delicious.  Price also quite reasonable.
64,Greg Lee,5 stars,Food was great especially the Kong Bak Pau. The braised pork belly was savory and tender. Overall would recommend all to head over and dine in! 😋👍 …
65,colin mow,2 stars,Noodles too starchy. Buns tasted funny. Overall food taste has dropped. They even charge you for the plastic containers for takeaways.
66,Samuel Swee,4 stars,"Visited this restaurant as I read that they are known for their Hokkien cuisine. Ordered the hei zhou and ngor hiong platter. The waitress noticed there were 9 of us, but the platter only has 8 hei zhou and ngor hiong, so she offered to add …"
67,Suryana Chow,1 star,"It's frustrating; we reserved a table, but they're blaming us, insisting they never received the reservation despite us showing proof of our call in our phone records. no recommend at all."
68,Jenny Loh,4 stars,"Very old Hokkian signature restaurant. All menu are very authentic, can try. But if you want to take pictures of the food, better ask before they stir it up. Server will not show you as only ask can serve."
69,jay see,5 stars,Amazing Hokkien Mee! Other dishes were great too and the portions are just nice.  Nice ambience and great service. Have been here a few times already and will be back for more :)))
70,Wei Liang Sim,4 stars,"Was hungry, so not many photos but overall find the standard had dropped somewhat vs pre-COVID. Still a good restaurant, just manage your expectations. …"
71,Anngela Wan,5 stars,Scrumptious Hokkien Cuisine! Staff are attentive. Generous portion for 2 pax.
72,Priscilla Tan,5 stars,"Food was excellent, every dish is a hit! Duck salad, prawn ball and ngo hiang is delicious. Must try the oyster omelette which is so crispy and not like the ones you’ll normally find outside. The crispy roast chicken is good too! …"
73,Huang Zhihao,5 stars,First time try this restaurant every food we order it was delicious especially the stir fry broccoli it looks simple but so good
74,Lee tang,1 star,"Been to this restaurant many times, went there yesterday for birthday celebration, the seafood fried rice was wet 不香 we didn't like it at all so different from last time n the sea treasure claypot not as good as before, many other foods we …"
75,eric tham,5 stars,Great traditional Hokkien Food.
76,James Wang,4 stars,Not bad. Was here for lunch. The oyster omelette is good and crispy. Maybe it would be better if there are some pork lard in it. Hokkien noodle is good though a bit soggy
77,Vincent Liu,5 stars,"The service very good,every dish change new plate for us.and the food taste nice"
78,wrinklefreebrain,5 stars,"Excellent hokkien food. Must try the fried chicken, yam paste, hokkien mee, fried fish, sharksfin and ngoh hiang"
79,Yi Jue Xu,3 stars,"The food quality is between 3star to 4. There are some tasty dishes, but mostly so so.
The plain water quality has some issue, it has some particles in the water even …"
80,Me看天下,5 stars,Food is very nice. Will definitely visit again. Highly recommended . 👍🏼👍🏼👍🏼 …
81,Debra T,5 stars,Food here never disappoints. I've been here with both family and friends – everyone always agrees that we've got to come back for more. Authentic food and at a great price point. Cool location earns extra points as well. …
82,Ling Yuan Wong,5 stars,One of the oldest Hokkien restaurants that survived the test of time and taste of the people.
83,Andrew Seck,4 stars,"Very good traditional Chinese food,Hokkien Mee must try."
84,Esther Ling,5 stars,"Great restaurant. Great food, good and friendly waiters and waitresses. Nice place for catch up with old friends."
85,Poh Wah Lee,2 stars,"This restaurant has been around for decades! I have visited since the 1980s and the last visit was 2016. Always my favourite for hokkien dishes but not anymore. The favourites of duck salad, fish maw soup and yam dessert seem to have a huge …"
86,BC Chew,5 stars,This is the best crispy oyster omelette in my life. It’s probably the best oyster omelette in singapore. Everyone should try this dish
87,Zhiwei Lee,5 stars,"The duck salad is a MUST ORDER. So tasty and refreshing. Oyster omelette is another dish I love. Not your usual oyster omelette – I love beng thin’s version more!! We also had the prawn rolls/ngor hiang, they are GOOD!!! Please order them. …"
88,km,5 stars,Awesome traditional hokkien food that brings back memories :)_
89,SY,5 stars,"Visited the restaurant with friends 2 days ago. We were a little surprised by the environment as it is very clean, tastefully decorated and not noisy during lunch hours. We ordered fried mee suan, oyster omelette, ngor hiang and a veggie. …"
90,Amos Lim,4 stars,Came her for CNY. Great food. Best dish was the fried oyster. Portion was quite little for the Kong ba pau.
91,Molly Fox,3 stars,"Went on Sunday for a Birthday lunch. I wonder how often the cooks change the oil after a few deep fried dishes.  We could easily smell the rancid oil. The fried egg oysters was also quite a disappointment. The dish really came out cold, so …"
92,Justin Chong,5 stars,not bad ba. should be cheaper than peavh garden
93,Douglas Sim,5 stars,"Had the opportunity to visit Beng Thin on Good Friday after hearing multiple good reviews, and we were not disappointed. We were a group of 10 and some of the dishes we had were the duck salad, fish maw soup, roasted chicken, Kai lan, …"
94,nathan toh,5 stars,"Lives up to its reputation and history, Beng Thin is a notch above your average Chinese restaurant. Chef wok skill was evident in a simple stir fried kai lan with garlic. Service standard was equally good. Already looking forward to my next …"
95,Yun Foong Chong,4 stars,One of the chinese restaurant in singapore that has been around for a long time.  Staff were polite and helpful.  Food was good as well.  Ample parking lots available.
96,Golden Bluewave,1 star,"Beng Thin @OCBC Chulia Street had been around for more than 7 decades. Hokkien clan will normally pick this restaurant as is the only renowned.
But only visited here less than a handful of times with parents and had been …"
97,Eunice Tan,1 star,"Totally disappointed in their Hokkien food. The signature Hokkien mee was so bad, no ""wok hei"", bland noodles ( tasted more like bland mee pok). The little bit of pork lard in the noodle was chewy and tasted more like soaked up …"
98,Sebastian Tng,4 stars,Food standard has fallen a fair bit. Don't expect much from service staffs compared to other restaurants of similar price range.
99,Roy Lim,5 stars,"All-time Hokkien classic with its famous crispy orh jian (starchy oyster omelette). We just had a massive 27-pax Lunar New Year gathering at Beng Thin and utterly enjoyed ourselves with the kids running about in the spacious dining hall, while the adults relished the food and drinks."
100,单打猩Amazing SoloMonKey,5 stars,All dishes carries unique tastes &amp; the appearance of the dishes shows that the chef took the extra mile to prepare it. I would highly recommend people to visit. Thank
101,Yen Seow,3 stars,"Restaurant set up is clean, food portion is decent, service prompt to change plates.. But I think food is salty, not ideal for health conscious people."
102,Brian Lee,3 stars,Great place for Authentic Hokkien dishes
103,Lilin NAT,1 star,"Had a disappointing meal at the resturant, shortage of staff and waited 30mins for the dish to serve. 20 tables plus private room, seem to be only 6 staffs working. Get prepared when seated no one will tell you that dish will be serve …"
104,Camillus Chia,5 stars,"Duck salad was sick, a MUST order. The oyster omelette, ngoh hiang, roasted chicken, fish maw soup was all fantastic too! Definitely a go to place for chinese cuisine."
105,Benedict Lim,5 stars,"This restaurant deserves to be Michelin recommended.
It is the BEST Hokkien food served in Singapore. All the dishes are amazingly cook to perfection!! …"
106,Awen lim,5 stars,"The best duck salad! Portions were huge. Service was lacking though, asked for chili padi twice and the lady never came back with it."
107,Shareen Teo,4 stars,Nice hokkien cuisines. Price is reasonable for location and serving size. Good to bring parents to this restaurant.
108,Dennis ES Tan,5 stars,Service is so so. Atmosphere is not as great vs elsewhere but who cares? It's the delicious food that brings people back again and again. Don't lose your chef!
109,Nathanael Tan,1 star,"Placed us beside a leaking aircon for father’s day.

Why did you even set up a table beside a leaking aircon? Didnt you have ample …"
110,Jake Lee,5 stars,"Excellent meal with excellent service. The staff were extremely attentive and portioned the food out and served us. The meal itself was extremely satisfactory. The duck salad is a masterpiece, the soup was very generous with the portions …"
111,Dave Evad,5 stars,"Good quality Singaporean Hokkien dishes. Lotus Chicken, Oysters omelette, Yam Ring, Braised Meat Buns were outstanding. Friendly services despite very busy business."
112,soo ching luk,4 stars,"Seating is very comfortable as more spacious due to the pandemic. Now the restaurant uses robots to send dishes so it's more hygienic. Staff is friendly.
Food is worth money, taste light(not so salty, more healthy)."
113,Natalie Tan,4 stars,Good service and authentic Hokkien food. Love their crispy chicken and prawns yam ring.
114,Ng Chung Keat,2 stars,"Doubling down on my review - came back for a revisit with folks.

Impolite staff, and they had the audacity to bring out 芋泥 that was barely …"
115,Lance C,4 stars,Old school restaurant. Access via car park lift in ocbc centre or direct access from 5th floor of car park. Long wait for lift during dining time. Food was good but may not return due to its location.
116,Alan Tay,4 stars,Nice food but service very slow.
117,R T,4 stars,Early family CNY reunion. Food was OK. Felt the dishes were a tad salty. Service was a bit of a hit and miss although it was pleasant enough. The servers just looked overworked.
118,Janine Teo,5 stars,Have been patronising Beng Thing since 2016 and it never fails to delight. Delicious food and excellent service at a great price point. Must definitely order their famous crispy oyster omelette - it’s mind-blowing
119,Elizabeth Fong,5 stars,"The service here was great, as the waitresses were alert and cleared the plates whenever they noticed that we were done with a particular dish. Food wise, the food servings were well portioned. We ordered the duck salad, oyster with …"
120,Chew S N,4 stars,"Most Authentic Fujian cuisine, must order includes fish maw soup, prawn fritters n spring roll, claypot stewed duck with sea cucumber,fried oyster, braised pork bun, restaurant speciality - Fujian Noodles OR Vermicelli"
121,Dr Xander C,4 stars,Quintessentially Hokkien - value for money meal
122,CS Ng,1 star,I have not patronised Beng Thin before this incident. Beng Thin came highly recommended by my colleagues when i asked for recommendation for my dad's 80th birthday. Called up on 14th Jan but staff told me Manager had already left for the …
123,yeesengyeo,5 stars,"I last had my meal here 3 years ago, this time I feel the food has improved tremendously!
I recommend you try the steam fish, fujian tried noodles, oyster omelette, ngo …"
124,Tom S,5 stars,Great old school Hokkien Restaurant. Be sure to make a reservation as this place is always crowded. Service can be improved as they seem understaffed but trying their best to cope
125,Daphne Ong,5 stars,We came 2nd time for the Oyster Omelette &amp; Duck Salad! I’m not an oyster person but their Oyster Omelette is so good! Love the crispy omelette and not fishy oysters. 😋Duck salad is a good appetiser 👍🏻 …
126,MoMo Lim,4 stars,"Good traditional Hokkien food. Go for this dishes like, Duck/rock melon salad, kong-ba pao, hokkien mee, hae-zhor, oh-wa-jian (fry oyster cake), etc. Of course they also serve those expensive stuff like shark fin, fish, sea cucumber, seafood, etc....good ambience as well. Service, not too bad, quite attentive."
127,Henry Eng,4 stars,Great authentic traditional hokkien cuisine. Place was crowded but the attention from the service crew was great.
128,Andrew Lim,5 stars,"Great Hokkien food in a nice environment, and very reasonably priced to boot.  The staff are what make this place stand out from the myriad of other restaurants, friendly and ever ready to help. Don't miss the Kong Bak Bao, the Ngo Huang, and the oyster omelette.  They are to die for.  5 stars!"
129,Sk See Tow,1 star,One of the worse experience I had...we were booked for early reunion dinner and understand the need to leave by 8pm. We arrived at 6 and shortly after they started the service....what we did not expect is the rush....dishes comes in a …
130,Jaron Chua,1 star,Past 2 weeks I tried calling multiple attempts to book cny reunion dinner and they told me not yet open. Today I was informed fully booked. Totally unacceptable service! If your staff can't communicate please dont answer phone
131,Eugene Heng,2 stars,For some reason the standard of food has dropped tremendously and drastically. Visited this place at least 5 times so far and this was by far the worst experience. …
132,Go Shaman,5 stars,they serve a style of Hokkien food that my dad and grandparent(s) like.  i find the staff friendly. they provide fridge service when i brought along bday cake.  the restaurant will help celebrate your bday by playing a song. cleam toilets.  preferably you drive to the restaurant.
133,Zhi Ting,4 stars,"Just had dinner of 2.

Restaurant is nonetheless quiet at 6.30pm but as we dined till close to 8pm, …"
134,chEng,1 star,"*Sad sad $$ grab during CNY period*
CNY $ grab 1 - we arrived for lunch reservation to be notified that ala carte is not available (ie oyster omelette / duck salad etc) and we can only order the …"
135,sj yang,4 stars,Great!
136,Edward Su,5 stars,enjoyed every minute!
137,Dai Zixing,5 stars,"Fantastic food, suitable for family"
138,Han Nguyen,4 stars,"Casual Hokkien restaurant.

We came here for a lunar new year reunion and they were only serving packages …"
139,Han Boon Lim,5 stars,I was transported to a time and place bygone with a visit to this fantastic restaurant kept in a time capsule planted in the middle of down town Singapore. Who would think to find a facade like this perched atop a multi-storey carpark …
140,Kok Ping Teo,1 star,"Very Very bad service. Going to stay away next time.

Waitress cleared my food away even when I told them I am not done. …"
141,Marlinda D,1 star,Didn't get the chance to try the dish because the waitress got the order wrong. She won't ask the kitchen to redo it and insisted I was wrong. Tea was all I paid for with no apology from the waitress but the cashier. Kudos to overrated TV show rating.
142,kris to,1 star,"Service so lousy and rude! Telling us by 8pm have to leave because there are other pple coming but till 815pm dessert haven't come out. Asked them to bring out our cake first but no one bother. When dessert out, one of the lady come to chase us away while we just started our dessert. Will never come back again."
143,Mark Ong,5 stars,It's the very few Hokkien restaurant left in Singapore. Most people does not know its existence as it is at the 5th level of OCBC car park. Average diner age will be around 45 as most youngsters may not have been to here. It's a real jem. …
144,TK P,5 stars,Always good and reasonably price. The hokkien mee and tang hoon never fail to satisfy. Duck salad healthy and unique. Have been eating there since 1978.
145,Pei Ni L.,2 stars,"Food is so-so, standard dropping. VERY cramped place.
Lady boss could still accuse us of not informing we had a pram with us when we did inform while making reservation.
Only good thing is the friendly waiter who served us."
146,KokLeong Tham,5 stars,Excellent food in an old school style restaurant.
147,CY T,5 stars,"Fabulous Hokkien/Fujian Food, one of the best in Singapore.  The crabmeat scrambled with lettuce and their Fujian fried noodles are my two top picks.  Their crabmeat fishmaw soup, oyster omelette and ngo hiang/springrolls are also good."
148,Yi-Ching Chu,5 stars,Really good food at reasonable prices. Great place to celebrate Grandma's birthday!
149,Henry Ong,5 stars,I went to eat lunch with friends and the food is fantastic. The price is very affordable and the atmosphere is very cosy. The servers are fast and efficient. The restaurant is a great place for families and guests.
150,Jay Chronite,5 stars,Cozy place serving great food and even more helpful service staff. Their food is a really must try. Their atmosphere is also really conducive and you can feel the coziness in the restaurant.
151,aloysius liow,4 stars,Good food
152,Calvin OnEarth,5 stars,"Located at level 5 of OCBC Center, right beside the carpark so it is very convenient for those that drive. Use the car park lift to access. Food and service is good. They have huge tabl~s that an accommodate group size 12 - 14."
153,Nicole Tong,4 stars,Pretty good food!
154,Mary Tan,5 stars,Good service. Authentic hokkien food. Must book ahead. Very full when we were there on a Friday evening.
155,Jonathan T,5 stars,"LOVE Beng Thin. A traditional Chinese restaurant with the BEST oyster omelette. Duck salad, fish maw soup, giant prawns are also very yummy"
156,Matthew Tan,4 stars,Wow.  Blown off by the great service and attitude of waitress Irene! 70 plus and she's so humble and nice.. Oh..forgot. Great food too..
157,MK Yoon,4 stars,"Posh feeling. The entrance is right infront of the multistorey carpark.

Maybe because it was during covid and we came during evening, not many tables …"
158,Jerold Tan,4 stars,Still good yummy hokkien food. Haven't been for 10 years but taste as good as I remembered. Portions might be considered a little small though. Special mention to the kong bak pau.
159,Shane Goh,5 stars,Best traditional Hokkien cuisine! Oyster omelette was the best!
160,manüel,5 stars,Very Good. I went here for dinner and the food was very delicious. The staff are also very friendly andWand they also gave us a free desert. Definitely will come back again! (◍•ᴗ•◍)
161,Cookie Monster,3 stars,Oyster omelette classic. Crispy egg like biscuit
162,Teow Anthony,5 stars,"We ordered for Mother's Day celebration, delivered on the dot, food are well preserved in cooler bags and is still warm."
163,Guang,4 stars,"Relatively quiet on a weekend lunch. Various couples an small tables. Food was relatively nice and affordable, usual restaurant prices of 20-30 per person."
164,Shing Kwan,5 stars,"Grew up eating the food here, and the food here will only bring back fond memories from childhood. My only hope is that this place is kept running for many years to come. It may be tucked away in a corner but you will find yourself pleasantly surprised with the food you find here."
165,Daniel Leong,5 stars,Love it. Old school Teochew restaurant. Has an old world charm in the middle of CBD.
166,Julie Yuan,4 stars,Nice Chinese restaurant with great food but noisy
167,Roger Tan,4 stars,Last visit 12months ago. Due to covid19 limited seating capacity. Recommend to make to reservation. Start serving at 6pm for dinner and 2nd intake at 730pm
168,Henry Lim,1 star,"Ordered 8 dishes . Other than the Kong Bak pau, the rest of the foods ordered including their specialty foods are a disappointment. Unlikely to patronise the place again, &amp; will not recommend it to my friends."
169,Kien Teong Tan,5 stars,"Highly recommended, especially their popular dishes: Mango Duck Salad; Crispy Chicken; Cantonese steamed Garoupa; Oyster Omelette; Crabmeat Fatt Choy Pottage; Hokkien Noodles"
170,Liz Seet,4 stars,"Love the Oyster omelette, fried Hokkien noodles and many more. Staffs are polite n service good."
171,Francis Soh,5 stars,Crowded. Food is delicious.
172,Snor Lax,4 stars,Great hokkien food. Gets crowded and hence service was slightly underwhelming
173,Soar link,4 stars,Food portions had shrunk such that 4 pax need to order medium as small is insufficent. Quality didnt change much though.
174,Marsha Peters,4 stars,Heard a  CEO  loves d food here i went w my relatives to hv dinner was really delicious havin using OCBC card every $100 spent get 20% of best deal in town ?!😀 …
175,Mak Geng Yuan,5 stars,"Good old school Hokkien Chinese food, not expensive, and you can park your right up at the restaurant entrance. Great for bringing persons on wheelchair or the elders"
176,Kah Bin Lim,5 stars,"Authentic Hokkien cuisine. Price is reasonable, around $40 per person for a full dinner."
177,saint bert,5 stars,"Food are delicious, especially: Fish Maw soup, Roasted Chicken and Mee Hoon.
Services are excellent."
178,Avril Atkeg,4 stars,"One of the smaller Chinese restaurants, but service is good. Food quality is ok, with a mix of good &amp; average dishes"
179,Tammie Seah,5 stars,Great service &amp; friendly staff. Food was awesome &amp; we enjoyed it. Place was well kept &amp; clean
180,Merv,1 star,"No pride and heart in cooking unlike past years. Definitely shows in the taste of the food.
Last time ever going there."
181,kwee mee,3 stars,Foods is nice n price are reasonable.  Is a nice place to have lunch.👍👍👍 …
182,Chin Seng Yue,5 stars,"Excellent hokkien food, particularly the oyster omelette and kong bah pau."
183,Lim ImChoo,4 stars,"Its hokkien cuisine. The food is yummy.
Must try the crispy oyster omelette, Fish
Maw soup etc."
184,Zen Lam,5 stars,Their fried chicken and mango salad duck is a must to try. Reasonable price and good service.
185,Denise Tan,4 stars,Braised pork bun and ngoh hiang are good. Quality of hokkien noodles seem to vary.
186,Theodore Teo,5 stars,"This old classic Hokkien restaurant serves authentic Hokkien dishes, don't miss the oarluak, claypot duck stew, ngoh heong!!"
187,Stephen Chow,4 stars,"Dishes are served with enough to satisfy your appetite ,hence, less wastage.Service  is above norm n staff is very alert to your needs."
188,Lau Judy,3 stars,"Food nothing special! Popular for Hokkien Mee, but quite tasteless.  But service ok."
189,Keith Lam,5 stars,"Great food. The oyster omelette is super crispy, still the best in SG for me."
190,Zachary Lim,4 stars,"Great food, good service. I don't really have any complaints, the 4 star is because nothing's perfect"
191,Daniel Tan,5 stars,Didn't expect it to be full house on a Sunday afternoon. Tasty food
192,Li Yong Chua,4 stars,"Been coming here last 30+ yrs, always enjoy their hokkien cuisine."
193,Daryl Lim,5 stars,"A nice Chinese restaurant for big groups. Hokkien dishes, recommend to try"
194,Harry Gay,5 stars,Food superb. Price reasonable. Space small about less than ten tables of ten.
195,XE Neo,5 stars,Nice place to celebrate events
196,Rudi Carlsen,5 stars,"A very nice place and one of Singapore ""hidden"" places. Excellent food and very SG/CH local. A nice place to meet business partners for food."
197,Ho Hian Teck,4 stars,One of my favorite hokkien restaurant.. service is tops.. food is excellent..
198,Janet See,5 stars,Set meals are so worthwhile!  Must try their chilli crayfish dish!
199,Alvin Tan,4 stars,The oyster omelette was smashing..v chrispy and flavoursome..oysters were plum
200,William Lee,5 stars,The food were nice and delicious. Very packed as COVID 19 restrictions was uplifted.
201,Yong Cheng Tan,4 stars,"Some dishes were really good, others too salty and or oily. Service was only okay-ish."
202,Hector Niam,4 stars,Nice place tucked within the CBD area. Food is pretty decent.
203,Gordon Lai,4 stars,Good traditional Hokkien food.
204,Russell Chan,5 stars,One of the best if not the nest teochew restaurant in Singapore. Amazing vermicelli noodles!!
205,Wee-Cheng Tan,5 stars,"Very good Hokkien food, especially the noodles and fish maw soup."
206,yy woo,3 stars,"Oddly located chinese restaurant, service is excellent only if you're a regular.. -_- won't go back anymore"
207,Harry Wee,5 stars,"Have been going to this restaurant for many years already, and the food standard remains excellent."
208,Ee Jhun Wong,5 stars,Excellent Hokkien food. Must try the hokkien mee and fried oyster omelette
209,JQ,5 stars,Came here many times with in laws. Good food and service!
210,Chan Siew Wei,3 stars,Nice simple restaurant in the business district.  Staffs are friendly  foods are reasonable
211,Cel H,4 stars,Food not too bad and just that service is so so only.
212,Yew Fong Cheong,4 stars,Good food. Lots of parking lots. Ideal place for family n friends.
213,thomas s,5 stars,Family restaurant ❤️
214,Lawrence Tan,4 stars,Duck salad still great.. one of the better Hokkien restaurants around...
215,Maycia Hong,3 stars,Good old days.
216,malteselover81 twinkle,5 stars,Friendly and helpful staffs. Food is good. Nice environment!
217,Chua Yuan Shan,5 stars,"Traditonal local favourite. A must go, please try their duck with sea cucumbers😋😋 …"
218,Edwin Tan,5 stars,The best hokkien restaurant in town. The hokkien Mee is definitely one of the best in SG
219,Titus Phoon,4 stars,"Would recommend the fish maw soup, the various ngoh hiang, oyster omelette, and fried mee sua."
220,Yong David,5 stars,Excellent food. Very friendly waiter and waitress(staff).
221,TY Y,5 stars,"Traditional hokkien dishes a must, higher seafood menu not tested yet"
222,Hieh ing Tan,5 stars,"Must give a try. Really value for money, gd food n sve. Ample parking lots"
223,Breton Chan,5 stars,A taste of traditional Fujian cuisine.
224,Chris Wong,5 stars,Good and authentic Hokkien restaurant. Very high quality.
225,Chok Wai Lee,4 stars,Delicious and fairly priced. Recommended and will come again.
226,Gary Ng,5 stars,Old restaurant. Nice service staff. Food so so only
227,Michael Cheng,3 stars,An old restaurant unique for its entrance inside a multi-story car park. I find the food just so-so.
228,Gabriel Gandi Goesantoso,5 stars,"Delicious food! Especially, the soup and the oyster omelette."
229,mocino L,4 stars,good service... food ok
230,CH Wong,5 stars,Nice food and good service
231,Josephine Lee,4 stars,FOOD is good but the increase in price has gone up extensively
232,CK Tan,5 stars,Very famous hokkien mee. Must eat!
233,Willie Tan,3 stars,Decent food. Conveniently located at level 5 carpark of ocbc centre
234,Weixiong Nga,5 stars,"Overall food is very nice, except that the service is not very top notch."
235,Thomas Lew,3 stars,The food is generally Ok except the Kong Ba Bau which is good.
236,Ching Bob C S,4 stars,A very established and renow Hokkien cuisine restaurant.
237,J C,5 stars,Traditional food. Elderly will like this place. Hard to find though
238,Gabriel Lee,5 stars,Great quality authentic hokkien food
239,JA Huang,4 stars,Great food and friendly atmosphere.. Definitely recommend!
240,Lii Ngee,5 stars,"Try their signature dishes,  good value."
241,Kelvin Chow,4 stars,Wholesome hokkien food. Sea cucumber duck = must try
242,NG CHEE KEONG,3 stars,Food is ok...but abit too pricey
243,A Name,4 stars,"Nice food, bit pricey, but staff was a little rude"
244,Adrian Li,5 stars,Food was great. Ambience is very old school.
245,David Ng,5 stars,Very real hokkien food. Loved it since young.
246,T Y,3 stars,"Went for Chinese New Year dinner, food was not as good as the typical fare"
247,S Choy,5 stars,Price is reasonable for the quality of the food.
248,Robin Lo,3 stars,"If a speedy lunch is required, not too bad and not too pricey."
249,Dan Chong,3 stars,Food is good but on the pricey side
250,George Mikhail,1 star,"One of the worst restaurants I have ever visited, the service was disgraceful!"
251,HJ Woo,4 stars,everything from food to service is slightly above average.
252,Ter Chyi Loy,4 stars,Good traditional chinese food!! Nice
253,Teo Soilip,5 stars,"Still tbe good old ambien,service,hockkian mee,haycho"
254,Cze Low,4 stars,"Great Hokkein cuisine, been around for decades"
255,Nick Jee,2 stars,Not nice
256,Chuanjie Fu,5 stars,Best yam paste dessert and oyster omlette
257,Marcus Tio,5 stars,The service was good and the meal was scrumptious.
258,Teo Liang Hock,4 stars,Food is good. Price is reasonable
259,Edmund Toh,3 stars,"Exclusive car park
Nice internal ambience
Reasonable price"
260,Frederick Tham,5 stars,Great tasting food and service.
261,Zheng Wen,4 stars,"Not bad, traditional chinese food"
262,Kun Xiang Chia (Charles),5 stars,"Food is great, nice ambience, great company!"
263,Willy Wihardja,2 stars,Overpriced menu and average quality food
264,Julius Yap,4 stars,Nice food and service was fast. Will come again.
265,Ivan Hoe,5 stars,My favourite restaurant for Hokkien noodle 👍👍👍 …
266,robayet khandoker,5 stars,"Good place, everything is perfect"
267,ek Teo,4 stars,Good traditional hokkien food.
268,Chee Keong Ang,4 stars,Good service. Traditional chinese food.
269,Jeremy Loh,5 stars,Great food. Awesome experience
270,Zoe J,5 stars,One of my favourite restaurants!
271,Larry Jaswan,5 stars,You gotta try their Hokkien Mee.
272,Shirley Goh,4 stars,Food is thumbs up!
273,Hengxin Wu,5 stars,Food was great and affordable
274,Bryan Tan,5 stars,Classic fare although not so can crowded these days
275,Lim BL,4 stars,Quality of food still very good
276,Raymond Kum,4 stars,Service good and food is nice.
277,Jemmy Wijaya,4 stars,Ok lah but great service
278,Doreen Wong,5 stars,Perfect food n excellent service
279,Bie Tin Ng,1 star,Standard dropped so much. Too oily
280,ASD Specialist (Sin Yee),5 stars,"Generous portion, home cooked feel"
281,Qingxiang Li,3 stars,"Place a bit hard to find, food is okay."
282,Ratna Lim,4 stars,Good authentic Hockkien foods.
283,Meng Hui Koh,5 stars,Good hokkien restaurant
284,Gary Chua,4 stars,Still good hokkien fare
285,Eric Tan,3 stars,Hokien style food served.
286,Boon K Kuah,5 stars,Good solid old school cuisine
287,kong p s,5 stars,Good  Hokkien food
288,mozen chuan,5 stars,Very nice
289,suhaw koh,4 stars,Good traditional Chinese cuisine
290,Steven Chong,5 stars,"Good food, good restaurant."
291,Chiang Yin Wong,4 stars,Traditional Hokkien Fare
292,YB Chang,4 stars,Great Hokkien noodles
293,ien ching,4 stars,Chinese cuisine of good quality
294,Waikong Chia,5 stars,Food quality has improved
295,Shan Vino,4 stars,Best Chinese cuisine restaurant.........
296,Green Ogre,5 stars,Good food and service.
297,DS,3 stars,Decent Hokkidn food .
298,Daniel Lum,4 stars,Good value for money.
299,K T Lim,4 stars,Hokkien Fine Dining. 👍 …
300,Leng Siong Pua,5 stars,Local Chinese restaurant at level 5.
301,Lim Tek Hoi,5 stars,A great place with friends.
302,HK Chan,4 stars,Good hokkien food
303,Janus Kiong,4 stars,Delicious expensive Chinese food
304,Daniel Ling,4 stars,Great hokkien food
305,Christy Tang,4 stars,Wonderful food!
306,SH TAN,4 stars,Chinese fine dining
307,kok beng owe,4 stars,Great hokkien delicacy
308,Darryl Teo,4 stars,Authentic hokkien food
309,CY Lim,4 stars,Nice and nostalgic
310,Jaston Tan,5 stars,Yummy food as always
311,Chee Seng Leng,4 stars,Traditional comfort food
312,poh soon NG,4 stars,Good
313,Jasmine Ong,5 stars,The food is delicious...
314,Nicholas Neo,5 stars,Delicious teochew food
315,Colin Low,5 stars,Great for lunch
316,Harapan Ong,4 stars,Good Chinese food.
317,Lirui Ong,4 stars,Old school Chinese restaurant
318,Jilly Koh,5 stars,Very good...
319,chye hin ng,5 stars,👍👍👍👍 …
320,Sumit Kapoor,5 stars,Awesome food
321,IAN CHAN,4 stars,love the food
322,Loi Boon Toon,4 stars,Good service
323,Beaver Chua,5 stars,My canteen...
324,edy cuihok,5 stars,Good restaurant
325,Grand Lawee,5 stars,Fantastic.
326,Akai JY,1 star,Poor service
327,Handy Chen,3 stars,Average food
328,Joseph Howe,5 stars,Hokkien restaurant
329,Mike Ang,5 stars,Great Hokkien food
330,Time Traveler,4 stars,I understand why it is famous as a good restaurant.. but the location is strange.. …
331,Ny Q,5 stars,"The entrance to the store is on the top floor of a multi-storey parking lot, so it may be difficult to find at first.
A Fujian cuisine restaurant with an authentic Chinese restaurant atmosphere that …"
332,knots,4 stars,"Beng Thin Hoon Kee Ming Zhen Fen Kee Restaurant
A traditional Chinese restaurant located above OCBC Multistorey carpark. …"
333,Yingzi Zeng,5 stars,Delicious Fujian food in a unique location
334,Keng Hoe Ang,4 stars,"Moderate seasoning, Fujian taste, good! It's a pity that there is no dessert (red/mung bean soup or ginger tea) after the meal."
335,Kim San Lim,1 star,My eldest sister's...birthday party...went to eat for eight men and women. One seat...ten dishes...la. 0K! Delicious...very delicious...la.
336,AA冰冰,5 stars,"👍🍅Famous Kung Fu dishes at banquets👍
👍🍜 Famous banquet dishes.
🍜🍛 Banquet celebre platform riches and superbes. 👍👍💖 …"
337,レオンコーギー（せせせのさささのせせ）,4 stars,The price was reasonable and it was delicious. The location is a little difficult to find
338,jackson kong,3 stars,"Fujian cuisine, good quality, reasonably priced"
339,Yan N,4 stars,"A place that is difficult to understand, like a secret place.
It's local Chinese food, and it's very delicious."
340,Ang Peng Chiang,1 star,The food quality has dropped a lot and the charges are too high.
341,Shigeo Nomura,4 stars,It's been a long time since I've enjoyed a relaxing Chinese meal.
342,Cg Dy,5 stars,The food is good. The service is great! Will definitely come again
343,Tamin S,4 stars,"Hokkiein Noodles, Oysters, Ngoh Hiang...👍👍 …"
344,Grace Ng,3 stars,Tasty but too noisy
345,Hui Ping Foo,4 stars,"Chinese
Very delicious 😋 …"
346,Siu Mou Hie,4 stars,Full of color and fragrance.
347,seng aw,1 star,Menu not found
348,DeepDarkANiKi,5 stars,Local Chinese food!
