,Name,Rating,Review
0,Derek Teo,4 stars,We had their set menu here for my birthday. All the food was very good. Taste was on point. Serving portion slightly on the smaller side but usual. Food freshness and quality good. A lot of design has gone into their food presentation. …
1,Dr Jade Kua,5 stars,Was treated to lunch here at the OUE Bayfront by a good friend and what a superb experience it was. There’s a dedicated reception at the lobby where you’re ushered towards a private lift. The lift opens to a beautiful reception with an …
2,M. S. Lau,5 stars,"View of Vue is breath taking. Perfect for a romantic date. Celebrate the hub bday here. We order a A5 Black wagyu that melt in your mouth but was serve a little too cold for my liking, we top with a foie gras which taste great on the sweet …"
3,K Woh Loh,5 stars,This place has a wow factor. The 19th floor view of Marina Bay Sands and its surroundings are astounding. Service was impeccable. …
4,Peter T,5 stars,"Good location, good food, good service. Celebrate my wife birthday. Went for lunch today, they are very kind to provide birthday dessert and also birthday card. …"
5,Fabio Raso,5 stars,"Food was delicious, service was great. Ambience very good with a superb view of MBS.
Highly recommended."
6,MC 12,5 stars,"My second visit. My last visit was during the pandemic.

Today’s lunch was very satisfactory. Food was improved than last time. It is not …"
7,Patricia Goh,5 stars,"It was a wonderful fine dining experience with awesome service!

The wine was smooth and nice too! …"
8,Evangeline Neo (Evacomics),5 stars,"Came here for my lunch birthday meal with a friend and we took the 3 course set. We enjoyed all of them and our favorite was the appetizer: grilled octopus, followed by the main:  swordfish belly. They also gave us complimentary birthday …"
9,Cindy Cin,5 stars,"Vue place is nice, romantic, and the views are amazing

We  came here to celebrate a friend’s Birthday …"
10,Foodie and Travel,5 stars,"Went for the 3 course set lunch on Friday! Food is really good! Every single dish that we ordered is unique and nice! For the appetiser, the octopus is a must try! Service is great and we also love the ambience, privacy and the view of this place. Highly recommended fine dining if you are looking for one in Singapore!"
11,Saida Abeldinova,5 stars,it is definitely the best place in Singapore yesterday I celebrated my birthday in Vue restaurant and it was amazing I did absolutely right choice the stuff of restaurant is super adorable very attractive very lovely so kind so smart no …
12,Eve Martin,5 stars,"We had our office dinner here with a group of 15 people. The VUE team is an absolute joy to work with and very accommodating in terms of dietary requirements and meeting our needs to have a pleasant night. Special kudos and love to Diana, …"
13,JATHL,5 stars,"Absolute flavour bombs! The food is so good that it raised the expectation to the point where the one course which was good under normal circumstances, seemed a bit ordinary. …"
14,Kay J,4 stars,"Had lunch here. The views were spectacular, despite a cloudy day. A great venue to bring out of town visitors for the wow factor. The executive set lunch was reasonably priced. The octopus was amazing. The duck was a little fatty and I had …"
15,Melissa Widjaja,4 stars,"Came for a business lunch and had the executive set menu. The food is quite exquisite, service was slightly slow between appetizers and mains though. One of the highlights is definitely the view on Marina Bay Sands and the entire bay. Good selection of desserts as well."
16,Tammy Morgan,5 stars,"Spectacular dining experience.  Food was fantastic, the quality of the dishes as well as the presentation was spot on.  The view cannot be beat, overlooking the bay and Marina Bay Sands.  Perfect view for the evening light and fountain show.  Highly recommend when in Singapore."
17,Trina C,5 stars,Absolute amazing time spent at Vue. The 4 course chef tasting meal was amazing. All dishes were flavourful and well presented. …
18,Calvin Lim,5 stars,"Vue, perched atop Singapore's skyline, offers a breathtaking dining experience that is truly unmatched. From the stunning views of Marina Bay to the exquisitely crafted dishes, each bite is a revelation. The service is impeccable, ensuring a memorable visit. Highly recommended for those seeking culinary excellence with a view."
19,Zi-Xin Yan,3 stars,"The environment was great - great view, especially during sunset and the interior was very picture worthy. Lovely and attentive staff as well.
But the food…. Unfortunately wasn’t to my liking. And worst of all, the portion …"
20,Mel Mak,4 stars,"We came to have the 3 course set lunch and to celebrate a birthday. It was a wonderful experience and our kudos to the associates' fantastic service!
The sauce of the oven roasted guinea fowl was a little to the saltier side for our liking but when we dipped it with the breaded breast of lamb, it tasted good!"
21,Cesare Dal Bon,5 stars,Great wines list. Food are excellent and the service is really professional. Stunning view to the See
22,Gwina Baek,5 stars,"First of all, the service was very good.
All people in the restaurant made me feel very welcomed. …"
23,gaurav kumar sinha,5 stars,"Reception and service staff were very helpful and cordial. Our private dining room had a balcony and a great view and sunset magnificent. Had a terrific dinner last night at VUE with good food, wonderful service. Highly recommended for …"
24,GOH YI AN,5 stars,"Had a lovely four course dinner. Ambience was specially romantic with the view and high ceiling. Service was attentive, yet still allowing for privacy.
Dishes were quite creative and flavours were well balanced. The cocktails were …"
25,Jelita Jaya Mamat,5 stars,"My second time visited VUE and I’m giving my most frank opinion from my first and second visits. First visit took my co worker for farewell lunch and yeah the lunch set is really good deal for money. Well presented, taste very good. End my …"
26,Freddie Chan,5 stars,"The wait and service staff were all very friendly, polite and more importantly professional and very attentive to customers. Small gestures like helping with our chair and belongings show attentiveness and always offering service just when …"
27,Kevin M,5 stars,"Maybe one of the best ""Vue""s of the Marina Bay Sands in Singapore. Cool rooftop bar on the 19th floor across the bay from MBS. Looks like a nice restaurant, but I just went for drinks. Cocktails were good and creative. Service was quick and friendly. Would definitely go back again!"
28,Xavier Woon,5 stars,"The dining experience at the Vue was definitely unforgettable, both the food and service is highly commendable. The staff are really patient and polite, combined with the lovely ambience of the whole restaurant, it made the choice to celebrate my second wedding anniversary there a really excellent one! Will definitely be back!"
29,Hungry Eater,4 stars,"A Vue to die for. Blessed with a magnificent view of the Marina Bay Sands, Vue serves up a delightful and refreshing epicurean adventure. …"
30,Wanlin Ong,5 stars,"Excellent service and attention to detail. Food is awesome too - we thought all the elements complemented each other very well. Would like to specially mention a few dishes - the foie gras, beef sirloin, pork loin and uni risotto. Must try! …"
31,LIVVA TT,5 stars,"I was there to celebrate my husband's birthday in advance and was pleasantly surprised that the restaurant offered a complimentary mini-dessert dish for the exact number of guests.  The ambiance, the fast service and excellent food makes everything perfect!  The efforts are very much appreciated."
32,Shin Lim,5 stars,"Service is impeccable, ambience is good. Most importantly, the food is excellent! I absolutely enjoyed the fillet mignon, out of this world. The Guinea Fowl is also super tender and the ginger sauce gave it a very nice subtle flavor. …"
33,Aaron Lim,5 stars,"Fancy a fine dining you’ll never forget? This is the place to be. Pampered with great service from the team, incredible food prepared with perfection for us during a special occasion by Asst. Sous-Chef Jack Peh.  All in all, definitely a …"
34,Aaron Ho,5 stars,"Wonderful dinner menu, excellent service and great ambience to gather with friends, celebration of anniversaries or even meetings.
Ian, served our table and we understand clearly what we are about to experience …"
35,J E,5 stars,"We went for the 4 course Chef’s Tasting Menu (winter)

Food was amazing, service was great (staffs were observant and quick to attend …"
36,Johnathan Lee,5 stars,Celebrated my birthday here and overall it was a great experience! Food was good - we topped up on the chef’s tasting 4-course meal and got the wagyu (which was really fatty-rich) and the uni risotto and lobster tail (which were both really …
37,Dr. David Miller,4 stars,Both the restaurant and the bar live up to the name! The views of Marina Bay and MBS are spectacular! The waitstaff are friendly and attentive and our needs and wants were seen to quickly but unobtrusively. The presentation of the “chefs …
38,Teck Boon,5 stars,View is pretty amazing from almost any table in the restaurant. We ordered the Sunday set lunch and also the aged butter coated A5 wagyu. Easily one of the best beef I’ve had. The 24hr slow cooked brisket and pork rack was good too. So was …
39,Bhavini Vekaria,5 stars,Stunning views and immaculate service. Not alot of vegetarian options even though we were told they have a veg menu during the weekday. What we ate was nice but would have preferred options. Amazing cocktails and really nice wind down. Go for sunset but not necessary to stay for food.
40,Kenny Yap,4 stars,I had booked the 4 course spring tasting menu on a Saturday evening for a birthday meal. There’s a deposit required but aside from that the booking experience was pleasant and responsive. …
41,Peng Fai Chow,5 stars,Had the tasting menu. The chef is generous with truffles that appeared in many of the dishes. I love the beef (crispy crust) n tender in the middle. The fish risotto with dashi soup is well done. Truly enjoy the experience. 2nd time here
42,Patricia Yeo,5 stars,We were here a year ago and we are back again this year. We are glad that the quality of service and food are still the same. …
43,Derek Mathieson,5 stars,A place you take your significant other for a special occasion. This is quite a fancy place but the indoors were a bit too stuffy. We got a table outside and it was just perfect. Nice view of Marina Bay and the Sands building. The service …
44,J C,5 stars,"Excellent customer service by the team, especially Jillian. Made our special occasion much more memorable &amp; enjoyable. Food was incredibly amazing (staff explained each dish so kindly and respected our conversations at the same time) and …"
45,Joanne S,5 stars,Magnificient view by dining at VUE. We had the 4 course sunset dinner whereby we had to vacate our seats by 7.30pm. It was priced at $118++ per pax which we found it value for money for the ambience. Service was excellent and attentive. We …
46,Alina Hertslet,4 stars,We booked the Weekend Surf and Turf Lunch set for a birthday celebration and had the most wonderful time! Spectacular view of the bay (one of the best views compared to many other similar rooftop restaurants ard the area) and loved the …
47,Jonathan Seetoh,4 stars,"Tried the Chef’s Tasting menu and every dish was superb. The combination of ingredients, flavours and textures just compliment each other so well so creating a great dining experience. View and ambience was great and Service was fantastic …"
48,AW,1 star,"Dinner I had was definitely not worthy to pay  $500 per person.
My main was beef and the beef want nice at all… What I couldn’t understand is my dessert was a slice of melon from Japan but it was not up to Japanese standard …"
49,Samitta Chowdhury,5 stars,"Celebrated my birthday here &amp; the service was impeccable! Everything was perfect from the moment we entered it was set up beautifully, and the greetings were personalised and even the dishes were explained thoroughly with excellent …"
50,S L,5 stars,"Both ambience and view were amazing.
We had a really good seat (thanks Iain!) that directly overlooks MBS. …"
51,Andrea Choh,5 stars,Went for the sunset chef tasting menu for dinner. The view was amazing and u can see how the view changed from bright day to night. Cosy atmosphere and the service was great. Very attentive and they make u feel comfortable. The food is …
52,C Huang,5 stars,"Beautiful restaurant, beautiful view, well made and substantial portions of food, with excellent service. Easy parking. Definite winner in SG for a special night out."
53,Ansh Gupta,5 stars,"This review is for the VUE bar, not the restaurant. Bar is just next to the restaurant. …"
54,Fel Ong,4 stars,"The view is undisputedly the first reason to dine here, it's a pity the sun sets on the other side. Alfresco is definitely better as the indoors can get a tad noisy. Unfortunately, the seats aren't the most comfortable. Some hits and misses …"
55,Charlie Thang,5 stars,"Came here to celebrate my fiancées birthday. The entire experience from start to finish was near perfection. Ambience was great from the moment we stepped out of the lift, service was friendly and refined, and the tasting menu was diverse. …"
56,Mao Heng Sun,4 stars,"Only here for cocktail, came at 10:40, leave at 11:30. Drink is good, will come back again next time, drink’s minimum spend is $50/pax"
57,Sophia Zhang,5 stars,"We came here for birthday celebration and had chef's tasting menu (autumn) for dinner in the dining hall. All the food items including the bread were tasty. We had another drink at the terrace, with the perfect view of marina bay. For …"
58,JunJie Tan,5 stars,Special compliments to Ming and Diana for being a great host for our birthday celebration. They made our time there warm and welcoming. The food and ambience was great too!
59,Yu Kee Lim,5 stars,"One of the best restaurants I've been.

A big shout out to Johanna who served our table with immaculate service. …"
60,Chia How Khee,5 stars,"We celebrated our wedding anniversary just before the Phase2  lockdown happened again!
I must say that we had a wonderful time here at the Vue. The staff were patient, …"
61,Alvin F,5 stars,"We ordered the crab toast, A5 Japanese beef wagyu (tenderloin &amp; sirloin) coupled with tempura onion and mushroom as sides. All the food were amazing including the spritz cocktail (rare find in SG), and even the complimentary bread that’s …"
62,flutura kalaci,1 star,This place was very cold we were even freezing and the food was not that good because we told them we don't like mushrooms and they added mushrooms to my food and they even made use wait 1 exact whole hour for the taxi and when we went back …
63,Andrew Tang,4 stars,"Nice place with a great view, has a very loft like vibe. Very expensive.

Some might say it reminds them of a railway station. Food and drink visually appealing, taste was a bit better than average."
64,Tania Tania,1 star,"It had overpriced food for its basic quality. Since we firstly came we had questions about how they functioned, courses, ect, and they werent transparent at all on how it worked. Super overpriced and it wasnt unique at all. The only good …"
65,Beverly -,5 stars,"The newly revamped restaurant is clearly at the top of its game. Everything thing from the lighting to the ambience, to the furniture and of course to the food has been done with impeccable fineness! The service staff were knowledgeable and …"
66,Belle Lim,5 stars,We went to Vue for a celebratory dinner and enjoyed ourselves thoroughly. The ambience was classy and view was beautiful. …
67,Mark R.,5 stars,"Fantastic meal. We had the Surf and Turf lunch set. Really exceeded my expectations. Great venue, I love the corridor from the elevators to the restaurant. Decor is nice and of course one of the best views of the bay. …"
68,Shinta aniel,5 stars,The view from VUE was amazing. The food is crazy. The team chefs working behind the scenes are talented and passionate. The service team are GOLD.
69,Jaysen Pang,5 stars,"Went on 1 Jan for celebration! Servers are thoughtful and their service is impeccable. Served us a plate of sweets with candle and writings on it. Nice!
Ordered the festive menu and we enjoyed it very much. Food is fresh, well balanced tantalising your taste buds experience is what you will get!"
70,Paedric Chiang,5 stars,"Had a wonderful time celebrating my wife’s 30th birthday here, delectable food, great view, with impeccable service. …"
71,Isabella Grandic,5 stars,Beautiful. Desserts and cocktails were spectacular. Try to catch the Apple Duo they normally sell out. $50 min spend. Worth it for the views
72,Preeti K,1 star,Had al a carte main course and a cocktail. Husband has a risotto and I had steak American style. I had a really upset stomach after I returned home. And threw up once. It's the morning after now and my stomach still hurts. This was the most …
73,sarah hiew,5 stars,"Awesome Dinning Experience, my oversea guests are overwhelmed by the excellent food, amazing view as well as great service rendered to us last night. Appreciate Chef Sam for food recommendation as well as going through the ingredients used. One of my guest is having her birthday, she really enjoys herself first time in Singapore."
74,Charis,3 stars,"Restaurant atmosphere and staff service were 5 stars. Amazing view facing mbs and the staff was very attentive. However, food was 2.5 stars. I ordered the tasting menu - the mains were disappointing. Both the wagyu sirloin and pork. The …"
75,Wendy Tan,5 stars,"Had an exquisite dining experience at Vue. Enjoyed a special seasonal 4-course menu with a seafood platter, foie gras, their signature wagyu beef steak, and an strawberry rhubarb dessert, alongside wine pairing. …"
76,J Stasia,5 stars,"Absolutely in love with this place. 5 stars for everything ranging from the service, food and to the ambience. The view from the bar area is breathtaking. Food is definitely on the pricey side. Drinks however are reasonably priced, as you …"
77,BABY GERM,4 stars,"CHEF'S TASTING MENU (SUMMER)
4 course prix fixe SGD 158 …"
78,Benjamin Lim,4 stars,"Friendly and attentive service, beautiful location and view. Each course on the summer tasting menu we had was individually excellent. However, do avoid having foie gras and wagyu sirloin in the same sitting as both are very rich. The staff seem to have forgotten that we were celebrating a birthday though."
79,Eric Oei,5 stars,Out of the world Ambience! Almost impossible to find a place in Singapore that caters to outdoor chill out session with a wow view- This is the right place for sure! …
80,Evadne Ang,5 stars,"Celebrated my husband’s birthday at VUE last evening for a surprise dinner. From the point of reservation with Cherisse, it was super speedy and seamless. She took note of my personal requests and even prepare a customised printed menu for …"
81,wei jie kow,5 stars,"5 star service. The service staff was very attentive and took pains to explain our food to us. Also, I appreciate the effort by the Vue team who made us a small dessert plate to celebrate our anniversary! Thank you :) …"
82,see,5 stars,"good view, good food, good service!

came for lunch, pictured is the crab on toast and the Spanish octopus. staff …"
83,F F,3 stars,A beautiful venue and lovely attentive service. The food looks very nice as you’d expect in a fine dine establishment however the taste wasn’t much to write about. Most dishes were sweet and some edging towards bland. Overall a nice experience but I won’t be returning in a rush for the food.
84,Joshua Mei,4 stars,"My recommended tasting menu choices: crab cake, foie gras, barramundi and chocolate tart. …"
85,Chris Lai,5 stars,"We went to VUE for my birthday celebration. It was for weekend lunch. We had a wonderful view of MBS.
Service: The staff attending to us was very attentive, friendly and made great …"
86,Victoria Teo,5 stars,"The evening views were spectacular. The service was great, every dish was explained to us. However, we had early seating and several staff members kept emphasising to us that we need to leave by 7.30pm, which was slightly annoying. The food …"
87,D L,5 stars,Had my birthday lunch here a few months back. The presentation of the food is stunning and every bite leaves you wanting for more. Don’t forget to take some photos outside as the view is really awesome.
88,XY,5 stars,"Great food, greater view, and the greatest service. Thanks for the perfect dining experience which made our day."
89,Benson Lee,5 stars,"Thanks to Mikk for the excellent service provided! Food tasted amazing, expensive but well worth it! The views went very well with the food and booze!"
90,Tas,5 stars,Absolutely fantastic views. The bar staff were incredibly friendly and they make your feel really welcome. Really enjoyed celebrating my birthday there with hubby. Finger food was great and plenty of drinks to chose from. Tip:  Ask one of …
91,S Sivarajan,5 stars,"Our 2nd visit to VUE &amp; it was better than the first. Service was great. They gave us plenty of attention, without hovering. We went for the Chef's Prestige Menu, which isn't cheap, but was worth it. We will definitely be celebrating more occasions at VUE."
92,suki gemok,5 stars,Thank you Vue Rest the food is great n delicious from 19flr the view is beautiful service staff very friendly and attentive well done keep it up lastly special thanks to Farhanah and the team who have given us the best ever service witj a …
93,C,3 stars,"Visited after reading all the good reviews about the place, but it was underwhelming. I'd say this place values, and makes you pay for, the ambience and service more than the quality of the food. Though, service was still not top notch and …"
94,Venus Wang,3 stars,"The ambience, decor &amp; service of Vue are excellent, what’s more, it’s with a full bay view.
I do appreciate they prepared a lovely birthday sweets for my husband. …"
95,Sandy Ong,5 stars,"Service was impeccable, awesome view and tastefully designed interior which gives us a luxurious experience. Ordered the foie gras signature risotto and Angus beef, both were on point. Would definitely recommend the restaurant for a date night or special occasion."
96,Edwin Saw,5 stars,"Overall it is definitely a nice place to enjoy the romantic atmosphere, especially their indoor lighting set up and outdoor breathtaking MBS sea view.
Their table service is a surprise to me (maybe I’m not a atas people 😂). Below …"
97,David Yu,4 stars,"Great place for a business lunch with an iconic view of Singapore.

The set course lunch was decent but not memorable. …"
98,Atiqah Azhari,5 stars,"We had the most amazing evening at VUE! I ordered the six-course Omakase dinner and booked the private dining room to celebrate my husband’s 30th birthday. The ambience of the private dining room was fantastic, and the view of the bayfront …"
99,Adeline Hokulani Oestang,5 stars,"Beautiful view of MBS and the straits .
Good ambience and very knowledgeable friendly staff . If you don’t know what to order the staff can recommend you the dishes ! …"
100,Rebecca Henson,5 stars,The best restaurant experience my husband and I have had in Singapore. I booked here for his birthday and they made a fuss of him. The food was out of this world and the service was amazing. Will definitely recommend.
101,Manli Y,5 stars,Nice ambience with Singapore skyline view. Pre-drinks at the bar was the highlight of the experience. Happy hour options available and we had Gin &amp; Tonic. Dinner was great and birthday cake was being pre-arrange before the dinner. …
102,Nic G,2 stars,Our experience at VUE didn’t match any of the reviews unfortunately. The best part about dinner was the view and dessert . …
103,Sok Eng Ng,5 stars,"Awesome view of Marina Bay Sands, excellent food, impeccable service."
104,Justin Su,5 stars,6-stars if I could. The service and food were both extraordinary. Food came at an even pace which gave us plenty of time to enjoy the ambiance of the restaurant itself. Mark took great care of us and was always attentive whenever we needed …
105,Evonne Ng,5 stars,"Can’t believe that I’ve worked in this area for the past 4 years and missed out on this gem. This place boasts beautiful views of the Marina Bay Area both in the day and at night - great for brunch, and also a romantic dinner date ;) …"
106,Rachella Renzie,5 stars,Came here for lunch for our wedding anniversary. The lunch menu set is delicious! The view is a plus. Have to call for reservations. Ambiance is good. The food portion is great for a pax.
107,Jonathan Lee,5 stars,"Had an amazing meal at VUE. Although it was only their soft opening menu, what was on show didn't disappoint one bit. Service was impeccable as well. …"
108,Gabriel Koh,5 stars,Had a wonderful time today celebrating wife’s birthday with Omakase at VUE. Definitely a worthwhile experience and looking forward to go back for more delicious treat!
109,Whiskey Tea,4 stars,"Had opportunity to dine at Vue for a 1-1 meal under Citibank .
Presentation was nice .
Most stand out was the rice dish , delightful broth topped with seafood ."
110,Wayne C,5 stars,Was here with my wife for her pre-birthday dinner. Every dish was top notch and it starts right from the complimentary foccacia infused with wagyu butter till desserts. The hands down winning item for me is the emperor wagyu - immediately …
111,CS T,4 stars,Literally came here for the View. Visited for a birthday dinner coinciding with ndp rehearsals and it was truly an experience to be had. Food wasnt great though. …
112,Daria Zlobinskaya,4 stars,"Had the opportunity to celebrate new years here. Definitely best seats for the fireworks, especially if you’re sitting in the balcony. If you’re cold, there are pashminas available (it gets a little breezy out there!) …"
113,Jason Wong,5 stars,"Gotta give it to 'em. The view was awesome, the food was great, and the service was impeccable.  And what a range of wines too, will review again once I've tried em all (it may take awhile, I hear it's about 1000 bottles). Really a lovely setting."
114,Kean Choong,5 stars,"Nice ambience, friendly and knowledgeable staff. Great view, fantastic food 9/10, reasonable price!! Enjoy thier promotional period Sunset dining 530 to 730 while it is still available!!"
115,Cherry,4 stars,"Came for lunch celebration - food was ordinary, drinks could do with more booze. Service and the view was great. Recommend booking in advance (at least 2 weeks) and coming in the evening for the sunset view."
116,Stacey-Ann Pearson,5 stars,"Fiq took care of us at the VUE Bar and he was just fantastic!! He made the experience so much better, thanks Fiq! The views are amazing and the drinks are delicious. Will definitely be back to visit :)"
117,KwangHui Hang,5 stars,"Amazing amazing amazing A5 emperor ""kakuou"" black wagyu. The marbling in the cuts is simply beyond anything. Some may argue the price to high, but you're also paying for the view and ambience. …"
118,Elvin Ngo,5 stars,"Delicious and well plated food combined with impeccable service! Ideal for  private dinners, corporate events or even a nice place to hang out with bar food that comes with a priceless view. Highly recommended. The lobster bisque is a must-try!"
119,J Michael Daniel,5 stars,"Excellent restaurant with really great views of the city.  The service was very attentive without being intrusive. I went to the restaurant with a group, so the menu was fixed ahead of time. I enjoyed the duck as an entree. Note that the portions are normal sized, not American sized."
120,Beatriz Botero,5 stars,"We have a memorable wedding celebration! Food, wine, view and most importantly the service was top noch! Thanks to all the staf from the host to the chef for making this night the best! We will come back again! BIG thanks"
121,clara chan,4 stars,Extraordinary experience. Impeccable service. Its rare in Singapore. Thoroughly delighted by all the 4 courses. The fine quality of ingredients brings out the exquisite flavor of each creation. The amazing views adds to the overall fine dining experience.
122,reneekhor,5 stars,"Ordered twice. Delivered on time despite raining. Food still warm when receive and nicely packed. It even comes with heating instructions, good packaging and cutlery. Excellent service and they kindly change my dessert  to a salad since I …"
123,Tiny T,4 stars,"Ambience: its name sounds like the view for a reason.
Food: really good food.
Service: professional. …"
124,Jocelyn Yeo,5 stars,We've ordered the Japanese sirloin and ribeye steaks and I've to say that they are definitely one of the best steaks I've ever had in my life! We took our time to savor each and every bite - the steaks were so tender and coupled with the …
125,linnil347g,5 stars,"The ambience is amazing with a direct view of Mbs. Food is delicious, much better than average fine dining restaurants. The presentation of food is unique. …"
126,Steffan Heerdt,5 stars,Had a beautiful and great tasting product tasting event (True South Seafood) at VUE! Well prepared dishes by Chef Sam Chin!
127,ZH Yan,2 stars,While the atmosphere and some dishes were plated really nicely.. The menu was really underwhelming for the price point.. It felt at most like a 98++ kind of 4 course meal.. …
128,Natalie Liu,5 stars,"Gorgeous restaurant that reminds me of the New York Grand Central Station and offers an amazing view of the bay. The food and drinks were divine, and the risotto dish is to die for! Service was impeccable from beginning to end - the staff …"
129,Jenna Yap,5 stars,"Was there last night with my spouse at Vue Alfresso Bar. The view was magnificent, overlooking Marina Bay. Food was decent, staffs were friendly and attentive, we even had some casual talk with a couple of staff. And big thanks to Vue for …"
130,David Ludwig,5 stars,"Food very good, oysters very fresh and good quality.

Cocktails are also excellent and the view amazing. …"
131,Bralee Pichaiya,3 stars,"Great view &amp; good food, but portions for Chritmas menu are way too little

I've never been to Vue prior to this Christmas, but disappointed in Christmas 4 …"
132,Sze Wee Tan,4 stars,"Was hosted here for business. Fantastic views and ambience. There is a great wine list and good  menu. Very enjoyable experience, worth a return visit."
133,Claudia Chua,5 stars,"Restaurant was beautifully furnished, view was awesome.  Best to have a drink over the bar or seats overlooking MBS and absorb the pink dusking evening before commencing to dinner. Their drink list is to impress with their big collection of wine, cocktails, spritz, etc."
134,Rafe,5 stars,"Not just an amazing panoramic view, but the food was truly delicious. This restaurant is definitely not an empty vessel. Price was also very reasonable. We had a 4-course tasting menu at SGD108. The bar was also outstanding, my favourite …"
135,Mark Stoop,5 stars,"Really great experience, getting the four courses menu. High quality, and the wagyu beef is fantastic! I really enjoyed the Tataki as well. Friendly staff, very engaging, taking their time to chat. Bit sharp on the price, but definitely worth it!"
136,Ann,5 stars,"Don't even know where to start on how spectacular this place was. The food was amazing (as you can see from photos attached) and it definitely complemented the VUE overlooking MBS, Flyer etc. Highly recommended for special occasions to make your partner feel exceptionally special ;)"
137,LT T,5 stars,"Excellent dining experience,  exquisite food, attentive service, and a superb view of the Marina. The perfect place for anniversary, birthdays or any celebration."
138,Ang Koon Hian,5 stars,Wonderful experience! People there are extremely friendly and would patiently explain the ingredients professionally! Food was fantastic as well.
139,priscilla cheong,5 stars,"Love this place. View is awesome, food is amazing, ambience is super, and the staff service is excellent. Highly recommend this place especially if you’re looking out for a romantic date night with a great view. We went during the new year countdown, and it was very memorable. will definitely come back!"
140,Sean Tan,5 stars,"Beautiful restaurant with an amazing view overlooking the marina, one of the best spots to catch the Sunset. …"
141,Direk Wangudomsuk,5 stars,Very good food and great view!
142,Jamie W,4 stars,"Spectacular decor and design, one would be awestruck the moment you step out from the lift. Impressive ceiling, I’m sure substantial financial resources contributed to making that happen. I was here for a business lunch, which was obviously …"
143,Chloeingelical Peh,5 stars,Thanks to the staffs and the chefs for a wonderful night. The food is awesome and thanks for the celebrations 🥰. We totally love it &amp; we will definitely come back again! 😊 Greatly appreciated. …
144,Wei Lin Leong,5 stars,"Literally everything about the dining experience was superb - from the setting (prized views of Marina Bay), the balanced and well executed food and the stellar service. Would really want to return to try other things on their menu and …"
145,John Tan,5 stars,Great quality food and value for money. Really glad to be able to taste such great food even during such times at the comfort of our home. …
146,Elizabeth Xie,5 stars,Very good food and atmosphere here.
147,Cayden Pang,5 stars,"Excellent service, view, and food! One advice I would give is to go for their lunch or ala carte,  if you are a big eater. Looking forward to having drinks with friends at their outdoor patio next time. Sun set and night views are superb."
148,Vendula Long,5 stars,"Absolutely divine experience from the moment I reserved a table for 3 with Ben, till we left VUE. Safe Entry checks by a pleasant VUE concierge lady at the lifts before being lifted up to Level 19, the door opened to a dimmed classy …"
149,Ellie Yee,5 stars,"Here to celebrate birthday, and enjoyed the most fantastic service from the staffs. Special thanks to Edwin for the amazing service, enthusiastic delivery and excellent product knowledge."
150,Kai Ling Low,5 stars,Had the 4 course prix fixe and the food was amazing. The pan seared foie gras and lobster tail was SO GOOD. Service was great. And the entire place was so pretty! We started our dinner at 8pm and it was close to 1015pm by the time we ended; …
151,Red Barker,5 stars,"Incredible views, great drinks menu - both spirits/wine and their cocktails &amp; mocktails. …"
152,Michelle Lam Wing Yan,5 stars,"Had a fantastic time &amp; meal at VUE! Service is great, splendid meal with a beautiful view! Had the Chef Tasting Menu (Summer). Do take a look at the photos of the amazing food. Will definitely recommend and cannot wait to be back! 😊 …"
153,Rahsiame,5 stars,"Had a fantastic lunch at Vue, the surf and turf menu was enjoyed by all and service was as good as the food. This is a lovely venue and I would highly recommend it to those that appreciate good food, good service and a good environment. The …"
154,joseph moh,5 stars,Special thanks to Jillian and Derrick for the great hospitality and going an extra mile for their customers. The food is also exceptionally good.
155,Benjamin Heng,5 stars,"Attended Don Melchor wine dinner and boy was it pure decadence! Excellent food, wines, views, service! Love the interior decor too! Highly recommended! #DontSayBojio"
156,michael laine,5 stars,"Oh my god... for sure the best experience in Singapore! All is perfect: staff, food, view, atmosphere. The vegetarian selection is to die for and the wine pairing is accurate. A big WOW!"
157,Joseph,5 stars,"View: 5/5
Drinks 5/5
Ambience: 5/5 …"
158,Chan Wai Chyuan,5 stars,With great ingredients make great food. Excellent service and amazing view to match. Good food Good service Good staff Great atmosphere and a awesome view. Quiet environment for good gathering. Food was fabulous and service is wonderful.
159,Teo Wyman,5 stars,"Very nice atmosphere ( overall darker then usual surroundings maybe so we could admire the view outside), very attentive waiter and waitresses.  Overall very satisfied with food and experience here."
160,Jaimes Tan,5 stars,Great customer service and great food! Made the order through Whatsapp and the service staff took their time to explain to me which dish was nicer and what the dish was made of. Felt exactly like if I was ordering in the restaurant! And to …
161,Shi Wei Liew,5 stars,"Amazing view and amazing food!!! And can I add, the service was really good too:) Definitely a great addition to the CBD area. Looking forward to them serving lunch too!!!"
162,Vinchel Budihardjo,5 stars,"I've been here 3 times. The things I like about this restaurant are: (1) delicious food, and more importantly, (2) the service. Beautiful high-ceiling place with a gorgeous view too. We had French oysters, Norwegian King Crab Salad, and then 180g A5 Black Wagyu Tenderloin. Thanks Edwin for the wonderful service. Will return"
163,Ralph Cochrane,4 stars,Spectacular setting with good service but the food just didn’t quite pull it off for me. You are paying for the view which is lovely but this isn’t 5* despite the prices
164,Kazuhiko Nishimura,5 stars,Enjoyed night show at Marina Bay Sands.
165,summer Zhang,5 stars,"Taste and Service: It is proportional to the price.  Let’s talk about the service first. The waiters are very nice, and after serving each dish, they will introduce the dishes and explain them in great detail …"
166,Sofia M Nasir,5 stars,"Ambience, service and food were top notch. Our servers were extremely professional and amiable. Went there to celebrate my birthday and they surprised us with a birthday dessert!"
167,Ky Teo,5 stars,Wonderful experience! Nice food! They even prepare something since is our annivesary!
168,Mihwa Lee,5 stars,Fine dining restaurant on the top floor of OUE bayfront. Japanese western fusion. Food was excellent. Service very attentive. And the view of the MBS marina area at night was very good.
169,Leonardo Ramirez,3 stars,"The price is to high and the food is bad, the lamb was cold and a lot of fat.

The toilet is always dirty and this is disgusting. …"
170,Jaclyn Chan,5 stars,"Great service from one of the service staff Edwin. Friendly and very patient in explaining the food and drinks to us. Great food, ribeye wagyu was fabulous. Will come back here again! Thanks for the great experience."
171,Samuel Ravi Choudhury,5 stars,"Came here for a lunch!
Excellent food and excellent service and excellent vue (haha) …"
172,shabe manapat,5 stars,a very memorable venue with tastefully curated details. the best setting to experience the city high life of singapore. the food is exquisite and the staff service is top level.
173,FreshfromKenneth,5 stars,didn't know VUE had an alternative lighting condition! thought it was dark setting all these while. what a surprise!
174,Vikas Bhandari,5 stars,"Awesome!
Place is just elegant,  amazing view from almost every seat.
Good for corporate or personal dinning. Food was very good,  prompt service and …"
175,Raynor,5 stars,Had a lovely experience here. Special thanks to Yang Yao for his stellar service that made my anniversary meal much more enjoyable on top of the great food.
176,Alexander K. Redhead,1 star,Shocked to see that a man who works at Vue and claims to be the manager just went into the women's stall and climbed the door and looked at a woman. …
177,Cherish Happiness,5 stars,Came for birthday celebration. Food and service was excellent. Special mention to server YY for his dedicated service.
178,Jabin Siddiqui,4 stars,"A high end restaurant with great views, service and good for a romantic birthday celebrations. The food was highly average though."
179,Mitch Pon,5 stars,"We celebrated Christmas Eve and it was fantastic and unforgetabble experience!
Got a nice view of MBS, superb festive menu specially the Main course A5 wagyu. It really melts in the mouth! …"
180,Patty Woo,5 stars,A group of us ordered the Chef Premium set meal (2 pax) to be delivered to a dear friend during this circuit breaker period and he enjoyed his birthday dinner treat very much! Especially the wagyu! Many thanks to the Vue team for delivering this special birthday surprise!
181,The Daily Meelee,5 stars,"WILL REMEMBER YOU

First of all I have to say that I'm not one who normally goes after a fine …"
182,Koh Roy,5 stars,"Nice place. Nice food.
The whole ambience is just great.
Not forget the service , two thumb up"
183,Johnathan Cheah,5 stars,"Went there for an event, the food and drinks were fantastic. Love the ambiance of the restaurant, and I truly enjoyed the view of marina bay sands. The light display was amazing."
184,ehs s.,2 stars,absolutely beautiful venue with mbs view plus wonderful service but unfortunately over priced at $108++ for the sandy seafood which is probably not fresh and the brisket is a little dryer than expected for a wagyu
185,Sierra,5 stars,Service is always amazing! Staff is very professional and can recommend great drinks off the top of their head. Have been 4 + times and view is always worth it ♡.
186,Maria Germasheva,4 stars,"Went for a weekend lunch. Lovely view over the harbor &amp; MBS, good food presentation, modern luxury interior, nice service."
187,Jacquelyn Oh,5 stars,"Awesome focaccia served warm, done properly like those good peeps who love their breads. …"
188,Michelle Schulz,5 stars,"Thoroughly enjoyed our lunch here today. Staff were friendly and knowledgeable, the food was great and of course the view was impressive. A real treat. I had the Argentinian shrimp salad and the Barramundi followed by the acacia honey cake."
189,Ronnie Yeo,5 stars,"Beautiful fine dining restaurant with a magnificent city view. Great place to have business meetings over the executive lunch sets in the day and the waiters are efficient and well-mannered. The food is of course, delicious and worth the visit."
190,C L (CL),5 stars,"Review re: circuit breaker period takeaway
Family and I tried Vue Restaurant takeaway on 3 May 2020 during circuit breaker period …"
191,Phuang Siew Buay,5 stars,"Kudos to Mikk!! We are a family of 5 celebrating my hubby birthday on 2 August. I would like to thank Mikk for the great hospitality provided.  We had a memorable birthday celebration. The food and cocktails are good, the ambience is super and the complimentary dessert is great!! Do try out this place..it is really a nice:)"
192,chiztine23,4 stars,My husband and I spent our wedding anniversary at the al fresco bar. Just chilling with a lovely view and nice weather. The crew were very accomodating.
193,Samuel Lo,4 stars,"Great ambience, great service, food is 7/10, above average but can be improved"
194,Nico Gomez,5 stars,The foie gras risotto and A5 Wagyu were amazing. Drinks were good too! Can’t wait to come back!
195,Efi,1 star,"This restaurant is way over-priced. I paid 88 sgd for just a salad with greens, 5 shrimps and a sauce. And 12 sgd for a bottle of water. The view did not meet my expectations as you can’t really see much of the marina bay from inside the …"
196,Woo Nicholas,5 stars,Had an omakase dinner with a bottle red wine. A fine dining style of omakase unforgettable dinner.
197,Jun Xian,5 stars,Food and service is extraordinary! Was served by the waiter Mark Cheng. He was very patient in recommending and explaining the dishes. Best customer service i have ever experienced. Would give 6 star if possible! They take note of every …
198,tbceleeiren SG,5 stars,"Jillian from @vuesingapore was extremely helpful in ensuring the order, fulfilling special requests and even made pre-delivery updates on this special birthday gift to a friend. Despite the circuit breaker lockdown, the Vue Singapore team …"
199,Belt Truth,5 stars,The place is gorgeous especially after dark. The food is great and the waiter and waitress are very attentive and polite.
200,April,5 stars,"Incredible services and great cocktails , one of the best bar in sg ! 10/10! Recommend this place all service are really nice make us felt really welcomed !"
201,Melvyn Chan,5 stars,"Amazing food, impeccable service!
Thank you Jillian and team for the spectacular dinner arrangement!"
202,Irene Lim,5 stars,Always a good time at vue bar. Service is top notch their bar manager ticks all the right boxes and ensures you're both well taken care of and also gives you space.
203,Chih Fei Lee,3 stars,"Ambience 5 stars,
Service 5 stars,
Appetisers: Crab Toast &amp; Tuna Tartare 4 stars …"
204,Leann Koh,5 stars,"Romantic ambience with nice view, friendly servers and yummy food! 👍🏻 …"
205,Cheryl Tan,5 stars,Beautiful setting with great food and service! Ceviche and lobster bisque were heavenly! Definitely going back again.
206,Michael Botros,1 star,Editing my review to respond to the most moronic reply I’ve seen from a business: …
207,Tatjana Heikkilä,3 stars,"View is good, food is mediocre, dessert was good. Vibe was dead, no music and hardly any people. Maybe because of a Sunday though?"
208,Pete Barrell,5 stars,"Great view, great service, and affordable set lunch. Food was delicious: salmon and barramundi were highlights. Highly recommend and will be back."
209,Kostya S,4 stars,"food is good, service not that great, view is awesome but tables could be parallel to the window"
210,Jinky Crevillo,5 stars,We had a great night! I loved the vibes here. Very attentive &amp; friendly staffs. Perfect drinks. Best cheeses. :heart:
211,H H,5 stars,"Wonderful view needless to say
Pricy wine of course but good quality."
212,Se Ling,5 stars,Great experience birthday celebration in Vue. Love the ambience and fantastic view. Staff very friendly and the food and cocktails was outstanding.
213,Yoshiaki Uno,5 stars,Very nice place to have a drink with friends and colleagues. We were there for farewell of our friend. The view from the bar is absolutely gorgeous. Staff are friendly and servicing us well including taking nice and memorable photo for us.
214,steve ewens,5 stars,"excellent location, high end and very classy establishment. the view is incredible and amazing food. everyone is looking after you."
215,Vanessa Low,5 stars,"Best view of the Marina Bay Sands from the restaurant and bar. Food was extremely good, full of flavour and service staff were great. Drinks variety was very extensive. Blue fin tuna tartare was great! Would love to dine there again! Must try their Wagyu fat focaccia bread! Best you’ll ever have!"
216,Lina Lai,5 stars,"I had a wonderful evening with my BFF at VUE, celebrating our birthdays. The cocktails we ordered, “last Samurai and Sen’nohana” were beautifully served. Excellent services and perfect night scenery! We have a memorable evening, a place I would recommend and would revisit."
217,Anvita,5 stars,"We had a lovely dining experience at VUE. Right from making the reservation (with a special request accommodated), our experience was great. Staff was attentive to the right degree. Ambience was stellar. Food was quite good as well. I would love to come back. Thank you!!"
218,Benjamin Tan,5 stars,Thanks for the splendid dinner experience to celebrate my wife’s birthday. The staff were very patient and friendly. Food was tasty and flavoursome. We will also shown the. magnificent view of Singapore from the balcony Will definitely go back to VUE again. Amazing!
219,AA Ong,5 stars,Great ambience with good food and excellent service. 5 stars!
220,Judy,1 star,"Discriminate against disabled people. My friend came in a wheelchair and wore shorts, as she cannot get changed easily. The restaurant was empty in evenings but the waitress turned us away because my disabled friend didn’t meet the dress …"
221,Tan Mary,5 stars,"The food is exquisite in look &amp; yummilious 😋 in taste.
It's a great place to celebrate special events with your loved ones. …"
222,Neil Stephens,3 stars,Amazing food but the customer service needs improving starting from the communication over WhatsApp beforehand and then not having any acknowledgment or welcome when we arrived. The bar staff and waitresses were friendly and great though. Super place to go for a special occasion with a fantastic view!
223,Kenny Seah,5 stars,Celebrated my wedding anniversary and it was a great place. The service from the team was commendable and the food was delicious and tasty. The ambience was really nice ! Will definitely visit again
224,Andrea Lim,5 stars,"Food quality, checked. Service, checked. Ambience checked. Exquisite and tasteful decor, checked. Satisfaction, indescribable. It is vue-licious!"
225,chanel chanel,4 stars,"Food: average but with generous serving potion for Singapore standard
Service: good"
226,Patricia Lim,4 stars,Pretty place with attentive service.  Food is good
227,Jordan Reinhardt,5 stars,"The food was fantastic, the views unmatched, but what really pleasantly surprised me was the service. It was stellar from beginning to end. We were handled by many members of the staff, always checking in on us and never allowing too much …"
228,Kenneth Zhang,5 stars,Nice place and food. Great experience designed by Leon. Kudos to the chef team and staffs. Prices are reasonable too.
229,Елена Владимировна Логвина,3 stars,"Nice view, oysters are really good. But risotto  ruined everything - I got something felt like sand on teeth and my friend as well. Top expensive for such quality"
230,Travel Starts from SG,4 stars,"Great services on the floor, but I should rate the food only 2.5-3 stars.
Reasonable price."
231,Richa Rawal,5 stars,"We loved Vue! Fantastic food- which frankly, we had expected, attentive yet non intrusive service and a gorgeous view of the city! Every course was delicious and I cannot find fault with anything . I do have one tiny bit of criticism …"
232,Nancy Kurniawan,5 stars,Great restaurant with delicious foods n amazing views across the  marina bay area.
233,Grace Liew,5 stars,"Had an amazing birthday dinner here- the staff were friendly, the view was breathtaking and the food was amazing-  Especially the Kumamoto A5 Wagyu!"
234,Edora E,5 stars,Perfect ambience! I enjoy everything here. Service was great. Had a great dinner experience for my birthday and anniversary...
235,CM Loh,5 stars,Fine dining restaurant with great view of Marina Bay. Awesome food and staff.
236,Gerard Agimatagi,5 stars,"The perfect place to celebrate a special occasion.

The views are amazing, the food is delicious, and the service is top quality. …"
237,Kay Lee Chua,5 stars,"Quality of food is first class, service is impeccable and what you would expect of a top place.  Will be back again,"
238,Sharon Chan,5 stars,"Nice food, good service with nice view. Perfect place for special occasion."
239,Paul Core,5 stars,Had superb dinner at VUE.  The Crab Cakes and Pork Ribs are to die for!!  Service was excellent as well.  And just look at the view....  Jaw dropping....
240,Terrence Tan,5 stars,Spent a wonderful anniversary here. Thank you for the caring service
241,Cer N,5 stars,Went for a Sunday lunch to celebrate my fiancé's birthday. Had the surf and turf lunch set. Food and ambience was good. Was even considering if we could hold our ROM here. …
242,Marcus P,4 stars,…really enjoyable! food was wonderful that was beautifully presented subtle yet complex flavours. loved the decor - subway esk in a cool way! spectacular chocolate tart
243,Teng Ren,5 stars,"I had a high expectation for this restaurant given all the good reviews, and it still exceeded my expectations."
244,Brenda Lim,5 stars,"Very nice place with good food, drinks and excellent service. Only downside was that it rained on that day and we weren’t able to enjoy a nice view and dine outside."
245,Hiroko Chng,5 stars,"Fine ambience, immaculate service, and the executive 3 course lunch set was delicious."
246,Ferisha Abbas,5 stars,"My guests and I were there for the National Day celebrations and we had the loveliest time. This was my third visit there and their high standards remain consistent. The service was impeccable, food and drinks were amazing, and of course, …"
247,Robin Vos,5 stars,"This is one of the best restaurants in Singapore. The view is unbeatable at this place. The food, service and wine are just fantastic. The plates look like a work of art and it also tastes like it. Reservations are recommended. A night at Vue is an unforgettable experience."
248,Rini Kartini,5 stars,Good place to wind down.. outdoors is nice if it’s not a humid day. Great view of MBS.. good food selection..
249,Pearlinnie Ng,5 stars,"Service is top notch, food selection is limited but is definitely one of the best in terms of food and scenery. We had the mushroom risotto, ribeye and pasta!! All is superb! The view is very good and they give us flexibility to walk around …"
250,Dane Fernandez,5 stars,"This restaurant is expensive, and you know what?  It's worth every cent.

You walk out of the elevator and immediately begin an unforgettable experience. …"
251,A 51,3 stars,Food was very average. Sad as the view was fantastic. Will not be back.:(
252,Irene Faber,5 stars,Food was a bit confusing. To many different tastes on one plate. For the quality of the food  it was really overpriced
253,Kim,5 stars,Had a relaxed night here with friends after work. The view is stunning. Service is great
254,Alex Neylan,5 stars,"I've only been here for Christmas Eve dinner, and it has been fantastic every year. We really like the sunset deal, it is the same menu but cheaper. Also we mostly enjoy it because you get to enjoy the sunset (not direct) of marina bay."
255,Laila Mazlan,5 stars,"VUE has exceptional service which is why it deserves 5 stars rating. The service within the team is so consistent and I truly enjoyed chatting with everyone. Special mention to Ben, Derrick and Ian. They really gave us an experience to …"
256,Rachelle Chocolat,5 stars,"Service, cocktails and food is excellent 😍 and everything was awesome!

One of the kind waiters tripped over the fan cables and his fall looked painful. …"
257,Christina,5 stars,"Love the decor, love the view, love the service and love the food. I will definitely come back because I am in love with Vue."
258,Daniel Manap,5 stars,"Had a great time at Vue. Celebrated a birthday there and the staff surprised us with their birthday treat. Overall, love the ambience and the ""Vue"". Great services as well by the floor staff and thank you so much to Cherisse for rescheduling our reservation. Would definitely recommend the post to others."
259,Tristan Torlach,5 stars,A great new opening. View is amazing. Perfect food and super professional staff. To enjoy the full experience start and end the night with a drink at the outside bar!
260,Ernest Sim,5 stars,Had the pleasure of having my proposal dinner hosted at VUE. After restrictions have been lifted we were one of the first few to head back to dine in. …
261,Shermyn Ow Yong,5 stars,"Service was fantastic: everyone of them was warm and friendly, attending to our questions patiently. The view was definitely great (window seat dining). The menu was designed in a way that allows us to experience the range of their fare: …"
262,Jun O'Haron,5 stars,Service was excellent! You can tell making the customers happy is their main priority. My guests were very happy and felt comfortable throughout. Vue has left the best impressions! The ambiance is very welcoming and charming. Hospitable …
263,Huimin L,5 stars,Thanks Joanna for serving us! You are so attentive &amp; patient with us 😄 …
264,yen fong Lee,5 stars,"We were celebrating our 7th anniversary and the experience was perfect. We had a warm welcome from the receptionist at lobby and the hall. Their services were detail and definitely you will not been missed out. Ambient is amazing, I was …"
265,Jaya Dass,5 stars,It’s always a great experience returning to Vue. Food is exceptional and good to the last morsel across every course and consistently delicious with great quality no matter what you order each and every time you return.  Service is …
266,Zubin Dastur,5 stars,"Took clients for a dinner and thought it was spectacular. The setting is stunning, the food was extremely good and the service was top notch. An extremely well run restaurant and can’t wait to come back and try the full tasting menu. We ended up doing starters and steaks and everything was exceptional."
267,Emclaytang,5 stars,10/10 amazing!
268,IzSu,5 stars,VUE has an undeniably incredible view. We had drinks and bites at the alfresco bar area and it was fantastic. All of the staff gave great service but i would like to particularly give my thanks to one of the staff who was serving us through …
269,Shelby Doshi,2 stars,"Very disappointing experience at Vue as we came expecting a Happy Hour promotion which was plastered at the billboard and tv screen at the link bridge outside.
We were then told that it was a 2 year old …"
270,Chris Humphries,5 stars,"Loved it. Thanks for putting on a wonderful Christmas lunch. The food was delicious, visually appealing and well matched with the wines."
271,Pam Kong,4 stars,Stellar service by Edwin. The food was mediocre but experience the atmosphere and the impressive view.
272,Wee Hong Lee,4 stars,"5 stars for the view - View is splendid. Get to see a good wide view of Singapore’s Marina Bay coupled with a vast view of the sea. A lovely sight especially during the sunset, …"
273,Jeremy Chan,5 stars,"A very beautiful restaurant with a breathtaking skyline view. The chef's menu was top notch; you had to pause to appreciate every bite. On top of that, the staff were very accommodating to our photo requests. I loved my time there and will definitely visit the restaurant again. It cannot get any better than this!"
274,Prahlad Agarwal,5 stars,"Absolutely a great dining experience. This place is so well done, food is a craft and drinks/desserts memorable. The view is one of the best!! I'd surely recommend this as one of the top rooftop places in Singapore, and it will be an expensive affair."
275,yee mei Chua,5 stars,Excellent and impeccable service and ambience. Celebrated my husband’s birthday however I didn’t indicate it’s his birthday during reservation. Was pleasantly surprised when the staff presented a complimentary birthday dessert for my …
276,Dylan Soo,5 stars,Had the vegetarian menu and we appreciate that the chefs went out of their way to create special vegetarian food for us. …
