,Name,Rating,Review
0,Kai Wen Yoke,5 stars,"Dimsum was fantastic,
The longish spring roll was super tasty and unique.
The truffle veg dumpling was also a crowd favourite amongst colleagues. …"
1,Fam M Y,5 stars,"A nice cosy place for a birthday lunch. The food was served quite promptly after we placed the order, even though the place was full. Staff members were polite and efficient. …"
2,Bylur Xu,4 stars,"Visited their Maxwell branch again, for the second time now, for annual Reunion gathering and food was of decent spread. …"
3,Tan Sean,4 stars,Got the set for 10 pax. Really like the fried fish. the batter was so light and crispy it was like asian fish and chips cantonese style. the fried carrot cake was so tasty.
4,Chia Hau Lee,5 stars,"Celebrated dad’s birthday there and ordered their 7 course dinner plus additional seafood claypot toufu. All the dishes were delicious, and portion is generous. Very valued for money. Will visit again to try their dim sum which is only for lunch time. Only downside is restaurant is a bit old. But overall fantastic dinning experience."
5,C Crumbs,3 stars,"Had our CNY dinner on Day 2 here with a family of 10 and enjoyed the food (except the glutinous rice which was rather mushy and flavourless). Service was noticeably not great, only the Filipino server was attentive and caring but the other staff seemed overwhelmed and grumpy!"
6,cava lulu,4 stars,"Chinese traditional place for local dishes that doesn’t disappoint.

We had some dim sum, the Siew Mai is great. The prawn is succulent and crunchy …"
7,JY,5 stars,This old school restaurant was a childhood haunt and it has maintained its high standards over the years. The baked custard liu sha bao is the best in sg in my opinion - way better than Tim How Wan. The banana prawn snack is hard to find …
8,Tricia Quek,3 stars,1st time ordering the 5Pax package online for takeaway reunion dinner. Ordering is easy. But food taste is just so so and the tangyuan red bean is pretty sweet. The portion for 5 pax is slightly little too. Not really worth the price.
9,Royal Pears,5 stars,"Roasted duck noodle ($11.80) - Tender, juicy meat with crisp skin. Good noodles and sauce.
Shrimp wontons in soup ($9.80) - Good. …"
10,Jupiter Baylon,4 stars,"We enjoyed our birthday dinner served with affordable chinese cuisine.

The serving of dish is acceptable and the service is remarkable. …"
11,WS,4 stars,"We recommend the following TimSum ordered : Egg Tart, Steamed Charsiew Pau, Har Gao, Siew Mai, Deep Fried Bean curd, Truffle Crystal Dumpling and Deep Fried Bananna Prawn Roll. Egg Tart is a must try as it is bite sized, with a flaky crust …"
12,N the Ninja,5 stars,"Service was really good! The staff was very friendly and accommodating. We've eaten in a lot of Chinese fine dining restaurants back home, but the Peking duck here set a new standard for delicious Chinese / Cantonese cuisine. We also had …"
13,Joseph Lum,5 stars,"First time try. We enjoyed the food, service and ambience. Price was also reasonable. The photos show two of the dishes that we liked. The other dishes were delicious too such as the Peking Duck and the Scallion Sakura Chicken."
14,Chris T,5 stars,Epic Yum Cha … easily some of the best I’ve ever had and such incredible value for money. The taste and the freshness of the food was what stood out - especially the quality of the dumplings. I’ll be back every time I’m in Singapore!
15,Kelly Loke,2 stars,"Unlike the Mourh Restaurant originally at Chinatown Point. Food standard is below average. Peking duck skin is not crispy, steam prawns(extememy small in size) is disappointing. Service requires alot of improvement, seems like most of them …"
16,Wife Bunny,3 stars,"Food was alright and portions are huge. Price reasonable since the portions are so huge. Not so sure why mothers day quite a lot of food on the menu are not available. There was no peking duck, no dimsum etc. You can make reservations."
17,Hong Da Koh,3 stars,We had our reunion lunch here. Roast duck is really good. The remaining dishes were however too starchy. And the Xiao Long Bao could be better.
18,Tony Ho,4 stars,"Decided to walk in on a Sunday lunch. We were lucky to get a table but do expect to queue. Service was good, non pushy. Food in general was very tasty, though you may feel thirsty later in the day. Portioning is adequate. Pricing was fair. Decor is a little on the old side. Parking can be a slight challenge but manageable."
19,Denise L,4 stars,"Came for CNY lunch.
The lou hei here is very different. It is fully of orange carrots, no radish or other traditional ingredients. …"
20,M,4 stars,Came here twice. Once for weekend lunch dimsum with family and the other with friends at night. …
21,Jlor,4 stars,"Nice Chinese restaurant, walking distance from tanjung pagar MRT, Exit A.

We had our lunch here and its very crowded almost full ( we make reservations 1 …"
22,Behnam Nikouei,4 stars,"Food is delicious
Portion is reasonable for 2 peoples
I recommend it"
23,Bree Yek,4 stars,Took my mom and a few other family members for their dim sum tea on a Sunday afternoon. …
24,Kaye G,2 stars,"Had the CNY set meal for 2 pax, must say that we were pretty disappointed with the food quality. Fish was not fresh, other dishes were mediocre or too salty. Dessert supposed to be birds nest but didn’t see any birds nest and it’s overly sweet."
25,Li Lin,5 stars,"Delicious, authentic, hearty Hong Kong style dish and dim sum, a rare gem in the city. …"
26,Cat T,4 stars,Haven't been to Mouth Restaurant for many years... scored the 7 course Boston Lobster set meal for 5pax at $148nett. So a group of 7 of us went. The portion is big enough for 6 actually. All the dishes were very flavourful. …
27,Thomas Lew,4 stars,The place is convenient located at street level. There is a big open carpark which is only about 100m away. They served dim sum lunch. The place is not very big so need prior reservation to avoid disappointment. There are various types of …
28,FFROSTYY,4 stars,"Wow this is better than red star dim sum! The service standards is above par level. Very polite and attentive to your table, and restaurant isn’t too big so the staff coverage per table is adequate. The salted egg yolk bun is to die for. I …"
29,K C LIM,5 stars,"Some people claim that Hong Kong serves better dim sum 点心 but I personally think Singapore has the best dim sum in some restaurants!
We have not visited Mouth Restaurant 地茂馆 for a few years now and decided to go …"
