,Name,Rating,Review
0,Yier Gong,3 stars,"I spent my birthday at Mimi, but didn't receive any special greetings or attention. The signature crab meat and lychee balls we wanted are no longer available. We were very disappointed when a young waitress impatiently informed us that all …"
1,Tiffany Ho,2 stars,"At first when we entered the building, the unit seems to be very unkempt like there was renovation happening, and there was no one on the first level to attend to us. Found someone who came out from the kitchen &amp; told us to go up to level …"
2,Jason Tanuwijaya,5 stars,"I had a very pleasant dining experience at Mimi's restaurant when celebrating birthday dinner and we're very particular about Chinese cuisine. We agreed and highly praised the Treasure of the Sea and Chicken on Fire, which she mentioned …"
3,C’estLaVie,3 stars,"This is my second visit to MiMi, prompted by my friend's desire for flavorful Chinese food before heading outstation for supervision. During the first visit, the food was exquisite, and the presentation was meticulous. However, on this …"
4,Kopi O Kosong,4 stars,"Chicken on Fire-Interesting, but the meat is dry, hope can be improved…
Wasabi Prawn-can be improved too.. …"
5,Shaun Chen,4 stars,"Dishes served ranged from downright tasty to average. The duck was extremely tender and the skin was crispy, perfect for Beijing wrap. The chicken served was on fire literally before being chopped and served, and also extremely tender and …"
6,Jiaren,5 stars,"My go to restaurant for any special occasion with my significant other. I always enjoy the food and their service never disappoints.
Special mention to the server, Philip, always taking care of his guest and serving with a smile on his face."
7,Sewfuntastic 2015,4 stars,"Saw someone sharing this interesting Chinese restaurant. So I booked a table of 5 to celebrate my daughter’s bday. The place is super cold, do put on more if you cannot stand the temperature. It’s located on the 2nd floor. Initially when we …"
8,Kent Leong,5 stars,"Had a fantastic meal here - was looking for some chinese food, but with a bit of modern twist - exactly what I was looking for! Really liked the fire chicken, the smoked peking duck and the yin tang crab! Delicious."
9,мιѕѕувєlα2828,5 stars,Came across this restaurant on IG and made a reservation for a dinner gathering. …
10,Mervin Ng,5 stars,"Best part is the ambience, you're able to talk within your table without raising your voice unlike most places. There's even live music on the first floor. Food is divine too, nice Asian fusion cuisine that blends surprisingly well. Service …"
11,Quennie Badilla,5 stars,Mimi is a great place to enjoy a delicious meal in a relaxed and inviting atmosphere. The restaurant's unique cuisine and friendly staff make it a great choice for a night out with friends…
12,Khing Khing Tan,5 stars,"Comfortable environment, love the jazz music in the background. The food is rather average, the portions are not very big, though on the bright side it meant that I could order many different dishes to try! The crispy “lychee” mochi was an …"
13,Sunny M,2 stars,"Date of visit: Thurs 12 Oct 2023
Time : 7.30 pm …"
14,Charis,4 stars,"Went there for dinner with my family, it had pretty good chinese food. I like the fire chicken 火焰鸡 and clams herbal miso soup the most. The food was a tad salty though. They allowed us to bring a cake which was nice. The overall ambience …"
15,xmeex,5 stars,"The flaming chicken is definitely the star of the night, tender and tasty, not dry at all. The fried char siew bao is also a must order. It was so good! The chilli crab is quite spicy so beware for those who can’t take spicy! Recommend this place if you want to take a break from the usual Chinese restaurants 😀 …"
16,Jiak Papa,5 stars,"This is not the typical kind of chinese restaurant here, but the food served here is good and beautifully presented. It is generally safe to opt for their signature dish, which is tagged by the Mimi logo. Quantity is small relatively small so can order a number of dishes for sharing. The pictures presented were for a total of 3 pax."
17,Angie,5 stars,"Really enjoyed the 8-course menu. Food and service was extremely good. Though they forgot to serve the birthday pastries bun which was supposedly arranged on the call with them. Overall, a great dining experience."
18,Amy Goh,4 stars,"A charming place with lovely food, service n ambience.

Enjoyed our dining experience at this restaurant. …"
19,JH Lee,2 stars,Overall the environment is pretty nice and cozy. But the food taste very normal or below average. The duck meat is dry and hard. …
20,Janet Tan,5 stars,"Menu has very interesting dishes.

Food was tasty and delicious. Lychee scallop was not so nice as the scallop was …"
21,Monica’s Taste,5 stars,Excellent food and services but a bit hard to find the place. Overall experience was amazing. The cocktail was also good. Please add directions to your restaurant. Some other customers and I took time to find the place.
22,Serena Chen,5 stars,Celebrated my husband’s birthday at Mimi and It was such a wonderful dining experience! Food was great and definitely left me craving for more. Service was also super thoughtful - Darren was constantly checking if we needed anything else and made sure that we were well taken care of. Will definitely wana visit this place again!!
23,Cello Febrian,2 stars,"Was curious to find out about this Mimi restaurant few months ago, but always fully booked. …"
24,Evelyn Chye,3 stars,"This is a decent modern chinese restaurant. However, i am not excited when i see the menu. I did not find any food item that particular interest me. The food is decent but no surprises. The claypot rice is a disappointment because it is …"
25,Josiah,4 stars,"Visited on a Tuesday night.
Having read the reviews, I expected the place to be bustling with people but the entire restaurant was surprisingly empty. …"
26,Angel Ho,3 stars,"Pleasant ambience, prompt service, well presented dishes!
Tbh, for the price tag, we expected better tasting food.
Here’s some of the dishes we ordered: …"
27,M WW,2 stars,"Nice ambience , mostly are deep fried foods on the menu, and small portion. Suitable for those who like fried foods. …"
28,Samantha,3 stars,"Visited Mimi yesterday evening. The staff were wonderfully friendly, informative and attentive. Especially the Chinese female and male staff who attended to us (we were seated directly across from the cashier counter). The dishes and drinks …"
29,Daniel Tan,4 stars,"Unique dishes like the yin yang crabmeat is highly recommended. Ordered the Peking duck but had gamey taste so we didn’t finish it, the manager offered complimentary desserts as recovery. …"
30,Herbert Lee,5 stars,"Nice ambience with delicious dishes! Kudos to the chef! From the plating to the taste itself, really wow me and my family. Awesome cocktail too not to mention. Definitely will patronage again!"
31,Angela Tan,4 stars,"Food is generally interesting n personally I like the truffle mein, duck confit, purple potato cheesecake. It's unique n appealing to the eyes. …"
32,Juliet Lok,4 stars,"Recommend the soup, black pepper tenderloin, cod fish, chicken on fire and hor fun.
Personally I thought the crispy kurobuta Char Siew Pao is oily so not to my …"
33,Clement Wong,5 stars,"I recommend
Chicken on Fire
Camphor Tea Smoked Duck
Sweet Potato Yam Paste"
34,Patrick Poh,5 stars,"Loved the unagi glutinous rice, chili crab, dangui pulled meat and lychee scallops. Food is generally good and the ambience is excellent. Will be back again."
35,Caroline,1 star,"It was quite disappointing，the service was terrible. I valued this gathering immensely, so I made a reservation three days in advance and repeatedly emphasized the specific seats I needed. Upon arrival, their manager switched my seat to a …"
36,Jamie Chong,4 stars,"A few dishes stand out more than others. We particularly enjoyed the lychee scallops, the Peking duck and its 2nd dish, that cooked with truffle the most. Lala and the egglant was not too bad. The rest were alright. The pork buns are …"
37,Zenos Jake,5 stars,Mimi is perfect for date nights or private dinner with friends. We’ve been here several times and it always impresses with the right atmosphere for great conversations. …
38,JYS,3 stars,came here for dinner.  the service and the food were ok.  i wish the dishes can be served warmer (no issue with the soup).  maybe the dishes were served too soon when the previous dish was not yet fully consumed. …
39,Glen Ho,4 stars,Mimi's great for their modern Asian cuisine. The ambience is pretty great. Only wished they would clean up the decor more since there's dust on the walls. …
40,Zoey Chen,2 stars,Had high expectations after reading several reviews but we left feeling disappointed. They seem to be short of manpower as theres only 3 staff serving. We ordered: …
41,Fel Ong,4 stars,There was no one at the second floor reception and we stood around for a couple of minutes before a staff came over to show us to our seats. The acoustics sans music made conversations uncomfortable though no fault to the restaurant as it's …
42,YB,2 stars,"Mimi has a promising concept on paper: a contemporary take on fusion Chinese food. Afterall, what better place in the world than Singapore, the modern world’s amalgam of East meets West, to attempt something like this? Unfortunately the …"
43,CHuang Huei Deng,4 stars,This place was one of my very few fine dining experience here in Singapore. The foods here are great and the atmosphere is definitely added up to its experience. …
44,David Tan,4 stars,"More hits than misses, and I will definitely be back. The food is very very good - we had the lychee scallop, chilli crab (presented in yin-yang style), pork ribs with red wine honey plum sauce, typhoon shelter style duck leg confit. The …"
45,Junzies Lee,5 stars,"Celebrated Chinese New year here and we were seated in a private room. Great prosecco that I had 3 glasses. Food was scrumptious, my favourite and best Chinese restaurant I have been to. Each dish is traditional and yet done in a fresh way. …"
46,Mary Chan,5 stars,"Enjoyed our intimate dining experience at this restaurant. It's located on level 2 of the River house ，a grand mansion ! Interior is v oriental with old world charms. Food is scrumptious Chinese fusion , tasty n delectable. …"
47,G Lim,5 stars,Surprise find on chope! The dishes seem innovative and intriguing. The taste is decently good. …
48,Lilian Tan,5 stars,"Celebrated my birthday at MIMI last Sunday. Love the charsiew, beancurd rolls, lychee scallops, saucy crab and egg affair, truffle mein and of course the delicious desserts. A very BIG thank you to Chef Jesse for creating such a beautiful …"
49,TheFitnessTheory,4 stars,"We went there for Christmas - some of the dishes were very nice, including the prawn noodles with truffle sauce and the ""chili crab"". The dim sum platter though was below average. The service wants to do well but often forgets the basics - …"
50,Stephanie Faye,5 stars,"Hidden gem with great food! Everything was delicious and the highlight for me was the char Siew that was perfectly charred yet juicy that was finished before I could take a photo. Also had the XO seafood fried rice, saucy crab with mantou, …"
51,LL MAH,4 stars,"The name of the restaurant 'Mimi Restaurant' (秘密, 'secret' directly translated) is reflected in the location of entrance. You may miss the entrance if you are not observant enough 🤭 Truffle lovers coul try their 'truffle dishes'! Very …"
52,Bee Bee Tan,5 stars,We had a really great meal at Mimi! Bill was relatively cheap too in our opinion for quite a few dishes that we’ve ordered. Most of the dishes were really tasty and we’re actually looking forward to go back again next time!
53,Zhi LianG,3 stars,"Old menu mostly replaced, was told by the waitress the previous chef left the company hence menu changed. Disappointed not able to try those good reviewed dish yesterday. …"
54,Aerith,4 stars,Celebrated CNY here with their ala crate menu. The food was really good but portion was small~ mentaiko fried rice and the noodles were underwhelming for its price.
55,Zermatt Neo,4 stars,"Got almost half of their entire menu, most of the dishes were pretty good, but the charsiew &amp; most of their duck dishes really stood out for me."
56,Eugene Lee,5 stars,"Dining experience was very good, staffs are friendly and kind. Wagyu Chao Fan was very delicious and Not your ordinary Sichuan Mala Chicken was one of the highlight dishes of the restaurant. Would recommend to come with friends if you are looking for a place to chill and enjoy your dinner together."
57,William THC,5 stars,"It was alright, the food was decent. Honestly, the ambience could improve in terms of the lighting and the cleanliness."
58,Vanessa Tan,5 stars,Excellent food and splendid service! The food were so good that we have forgotten to take photos of some of them. Definitely come back again soon!
59,Jacelyn Yap,4 stars,"Great place for a date, chic and lovely decor. Enjoyed the four seasons tofu (especially the black sesame tofu, recommend this dish), the mentaiko fried rice and the claypot chicken rice (with foie gras and truffle, which the staff shaved at our table). Had 1-for-1 mains (under Chope) so it was good value."
60,Zhanrong Liang,4 stars,"Good place for gathering and having dinner. The food was served quite fast. Staff were helpful, and the food was tasty."
61,sham goh,5 stars,Very interesting Chinese restaurant! Never had a bad dish! Very good portion.. Would recommend anyone interested in an upmarket Chinese food! Clam soup is super shiok to drink haha! Eoll try their Peking duck the next time im there!
62,C M,5 stars,"My kid loves the pork ribs so much
The service and food 👍👍👍 …"
63,Cedric Choo,4 stars,A very interesting restaurant concept. Food was amazingly great! Great service from the staff. Modern Chinese cuisine with a twist. Very interesting decor and they play dance music while you have dinner..... Will definitely visit again! Prices are in the high side though.
64,Kel Bin,4 stars,This place is slightly under rated and deserve more people. Some of the dishes are nice while some tasted average. …
65,LUXURYASIA,5 stars,This place recently open for lunch and serving good value for money set lunch at around $16plus. We tried the CNY menu with a group and every dish is delicious. The YuSheng is not dry like other place and not too sweet too. The Roast Duck …
66,May Tan,5 stars,"Food was great, very tasty, loved every dish we ordered. Nice place too! Forgot to take photo of the crab and bun, which was yummy too!"
67,Tan Xuanhui,5 stars,"Had a great dining experience at Mimi. The ambience is very welcoming and charming. Amazing food and service. The staff Darren was very helpful and friendly, thanks for the great recommendations too! :) Highly recommended! 👍🏻👍🏻 …"
68,Grace Tan,4 stars,"Good food although prices are a bit pricey. Chinese tapas is a good idea cos you get to try out more dishes. Especially enjoyed the chilli crab mantou (altho more mantous will ve gd) and black garlic chicken (really special, standout dish). Service is good and it's in a beautiful conservation building."
69,Yeow Margaret,5 stars,Poached Garoupa soup served in Claypot is heartwarmingly reminiscent of good old days. Entrance was really a secret passage to the restaurant on the second floor. Loved the skylight in the centre.
70,Grace L.,3 stars,Deco looks not bad in the photos but you don’t feel you’re at a ‘fine’ dining restaurant because the live band downstairs is way too loud. Food is good. Especially the 东坡肉. It’s really 肥而不腻. Crab meat with mantou is worth a try too. But I will think twice before coming back because I really did not enjoy myself with the loud music.
71,Xin Hao,5 stars,Came here for CNY lou hei in their private dining room. Dedicated service staff with all-round attentiveness to your needs. Offered my friend a scarf as well as she was feeling slightly cold under the air-conditioner. …
72,Selina,5 stars,"As it’s name suggest, this is really a secret gem hidden in plain sight. The variety of choices on the menu made for hard decisions. Thoroughly enjoyed all the dishes we ordered (a party of 8). Every fusion dish was really tasty, so well …"
73,TW Tan,4 stars,Nice ambiance and the fusion cooking style is refreshing for a change. Thoroughly enjoyed the meal here and will return for sure!
74,Mk Tan,3 stars,Despite confirming and putting deposit (with staff Kay) for their main Pte dining hall for our co cny lunch.. We were utterly shocked that they actually did a double booking and we end up not having a Pte room! It was only after much …
75,Martin Ammon,2 stars,"Unfortunately, it did not meet our expectations. Our appetizers arrived at the table with significant time gaps in between. Similarly, the side dishes came well before the main course, causing them to become cold. For the main course, we …"
76,agnes ng,5 stars,"Very descent dinning environment, fusion concept Chinese cuisine. Not overwhelming with seasoning, chef cooking skill just right. Excellent. Highly recommend and definitely will visit again"
77,C Chin,4 stars,Fried rice and the char siew were really good. Black stout pork ribs was interesting and I liked it too. Price is a bit on the higher end though
78,Carolina Lee,5 stars,"Been to this little hidden gem twice in 2 weeks!  We loved the food so much that we made another reservation on the spot for another! From the website, restaurant looks really chic and classy.  I would expect the price to be in the higher …"
79,Wendy,5 stars,"Loved the chicken on fire. Meat was moist and tender, skin crackly. Waiters kept trying to clear our food before we were done with our dishes. 🫠 I appreciate their enthusiasm but some situation awareness would have been good. Bill came up to $138 for 3 pax, which I guess was ok as it was a special occasion. The ceiling is beautiful. …"
80,Lionel Low,5 stars,The mala chicken and truffle noodles were really nice. I would even say the best i've eaten so far in Singapore. Music and ambience is a bit wierd for chinese food though. Would come again and bring friends
81,Tony Chan,5 stars,"Food, price, service, and experience was great! I'll be back 👍👍

Food: …"
82,itmustbemy,5 stars,"Got these bento sets at a superb value, especially after a pickup discount. Generous portions as well with 3 huge fillet pieces for the sweet and sour fish and lots of shrimp and mini scallops in the ee fu noodles. The kurobuta charsiew was …"
83,Mei Hwan Sia PropNex,5 stars,Ordered CNY set meal with Yusheng for CNY LOHEI… nice quality food… 8 dishes represented auspicious huat 8…
84,kunzzy,5 stars,"Great ambience, food and wine! Love the new private event space. We all had a great time. Many thanks to the manager Jenzen preparing everything for the perfect evening."
85,Zanthrea,5 stars,This restaurant is so under-rated. The food here was exceptional. Loving the mod-Chinese decor of black and red. It would probably best if they put some signage in front as this restaurant’s entrance is pretty hidden. Highly recommend this place for a quiet date or business meeting. More reviews on my IG @zanthrea
86,Tan Ah Choon,5 stars,"Celebrated my mother's and sister's birthday today. The food was amazing but what was even better was the extra-mile service provided by the staff here, especially Keith, who was super attentive to my family and kept checking in with us."
87,Moses Lim,5 stars,Food is sensational and Peking duck is to die for. Highly recommended and will definitely be back.
88,Julian Chow,4 stars,"Very nice environment and a wide variety of dishes on menu.

Food seems to be on the pricier end but I felt happy with the overall experience."
89,Yu Kee Lim,5 stars,"Food was great. Highly recommend the crab with mantou, the truffle noodles and the bandit chicken. Signature cocktails were delicious too."
90,Oh Chyi Haur,4 stars,Fantastic Chinese restaurant in Clarke Quay. Food was great and so was the ambience! Staff was super attentive and courteous.
91,sakura group,5 stars,"Cool place for a meal. Food is mainly Szechuan style.

Good and friendly service. …"
92,Dawn Lim,5 stars,Fantastic and flavourful dishes in a culturally rich shophouse. Covers of classic oldies played in the background. The service was attentive and prompt.
93,Raymond Soh (GFWT GoodFoodWillTravel),4 stars,They have some interesting dishes. Quality of the food is good. Service can be slow at times.
94,Joy Q. Wang,5 stars,"Really underrated place with amazing food, picked every plate clean! Go for the char siu and the truffle mein. It’s connected to a bar/club so the food can be easily overlooked. Opt to sit outside so that you don’t get the loud bar music inside."
95,Diana R,5 stars,"I had chili crab, pork robs, beef cubes, french beans &amp; truffle mein and were very yummy &amp; delicious! But the portion is really tiny so the price is actually quite expensive/person."
96,Sylwia Nanana,5 stars,"Very nice ambiance for lunch or a dinner. The service was great, the waiters were very attentive. Delicious food, big portions."
97,She Chan,4 stars,Very private space with good food. Attended a farewell party for a colleague
98,Musho Pea,5 stars,"Delicious:
❤️ crab egg white with mantou
❤️ Lychee fritters with coconut ice cream …"
99,Jiamin Goh,1 star,"Waited 15minutes to order, waited more than 30minutes and my order did not even go through at all. One restaurant staff look inexperienced. Tables were cleared quicker than our food when it wasn’t even very crowded. We sat there like fools. …"
100,Tiffany Sinyi,5 stars,"I went here to celebrate my friend's birthday. The food portions were decent, with good presentation and, of course, they tasted great! The service was fast and good as well. I would like to go again with my family next time."
101,Barlee Teangon,5 stars,"Love all dishes we ordered today.

Dessert was great too."
102,Vinchel Budihardjo,5 stars,Good spot for modern Chinese/Cantonese food. Love the ambience. Service was good too.
103,CZ L,4 stars,"Went on a weekend lunch. Very quiet and low footfall as Clarke quay is currently under renovation. Prices are on the high side, at least $50 or more per person. Food is decent. Tried the peking duck, not up to standard. Dim sum and other dishes are okay."
104,Hui Qi Ng,3 stars,"Nice atmosphere.  The saucy crab &amp; egg affair was nice, mantou was on point!"
105,shufang zhuo,5 stars,"Awesome service from the team! Shout out to Darren, Daryl, Sky &amp; Ivy for the patience &amp; good service from introducing the food &amp; taking care all the small little details.  The food was nice too 😊 but I was so sad cause they remove the mentaiko fried rice from the menu 😢 …"
106,Andreas Rosenau,2 stars,Totally overpriced and small servings. Left the place hungry. Taste is good but nothing special at all. Will not come back back for sure. Can not recommend at all.
107,Sara Van Houten,5 stars,"First visit at this restaurant. Service was very friendly and the atmosphere was great. Clean and nicely decorated. We had, paella, grilled fish, garlic bread and pasta. Everything was hot and cooked to perfection. Thank you."
108,Qt min,1 star,I tried making a reservation through phone call to the restaurant multiple times but they didn't pick up my call. …
109,Belle C,5 stars,Every dish was surprisingly good. Food was served hot. Music was nice too.
110,V C,1 star,"Staff lack professional service, kept chasing / rushing to clear plates, can’t give recommendations when asked. Weird music that doesn’t match the environment, to conclude, it’s a tzechar stall with aircon and better furniture. Dishes totally can be found at kopitiam, nothing unique."
111,Chris Dunkinson,3 stars,Nice food but for a premium price restaurant the ambience felt a bit cold and sterile. The venue space is half empty yet you’re placed in close proximity to other customers with a lot of hard surfaces for noise to bounce off. No staff …
112,QBA Canon,3 stars,"food average service so so
private room dining manager to come when asked for.
came said hi and never appear again."
113,Noel Hoe,5 stars,Enjoyable dining experience at Mimi. Fantastic good and excellent service! Really cozy ambience
114,Gabriel Vasile,1 star,"1for1: 44$ for 2 horrible cocktails at ""PROMOTION"". That's not a mojito, no lime, no alcohol, just sirop and sugar. We don't recommend, we're never EVER coming back."
115,conny quek,5 stars,Food was really good! I always love all the dishes I ordered there. Was dining with my mom and my sister whom we are small eaters. Males may feel the portions are small but to us it was great! Most importantly I am impressed by the …
116,Zoe Lim,5 stars,"My family and i really enjoyed the textural vegetable dish that came with a lovely wok hei and a distinct garlic aftertaste. It is a tad pricey for a vegetable dish, but you surely get your money’s worth! The Truffle noodle was one of my …"
117,Daniel Quek,1 star,"I never got to try the food and never will, so technically 0 stars if possible. Allow me to share my experience as a cautionary note to others. Made a birthday reservation 19 days in advance with confirmation. Informed 9 days before the …"
118,zi yan lim,3 stars,"Food is very underwhelming especially cod fish, tasted fishy and portion is way too small, not worth the price."
119,Sherr L,5 stars,"Recommended by a friend, delicious food, amazing service and ambience. Love the kurobuta char Siew and truffle mein!"
120,ksan,5 stars,"Menu is extensive and offers a lot of variety. Love the ambience as well. It was a pleasant dining experience, especially when the waitstaff, Naryssa assisted us with the orders and tending to our table. I feel that she has exceeded the …"
121,Agnes Yu,1 star,"Visited on a Saturday for lunch. Ordered dim sum for lunch, presentation of meals are very decent and really pleasing to the eyes. However, foods are rather tasteless. …"
122,Christina Soon,4 stars,Food nice n menu very unique.  Would come back again.
123,Huixuan Toh,5 stars,"Came by for my husband's birthday lunch. The food is fantastic, I absolutely love the duck confit, beef cheeks and unagi sticky rice. …"
124,Nancy Chan,5 stars,"I had a chance to try their good food during one of the wedding dinners so decided to
celebrate my mother-in-law’s birthday at the same restaurant. …"
125,Luyi,4 stars,Fushion dimsum. A bit too much deep fried food. Good ambiance
126,Takki Yuttayong,5 stars,"We had a great meal on Wednesday night, we came early. So not many table were occupied. All the dishes were excellent. The truffle mien was tasty, Groupa collagen soup very nice and the Typhoon Duck leg confit was delicious, I particularly liked the stuffs that bush around the duck. Service was great, staffs were all very attentive."
127,B,5 stars,Amazing food! Beef cheeks were wonderfully tender. Glutinous rice with cod was super fragrant.   Honestly one of the best Chinese restaurant I’ve tried. I think they should move somewhere quieter though.
128,Lawrence Lee,5 stars,Food was good especially the flaming chicken and also the Kung pow pork.
129,Jodie Seah,5 stars,"Very interesting dishes, different style of presenting the dishes and great use of rice crackers. I especially like the duck confit and mentaiko fried rice"
130,Yew Bond Chee,5 stars,"We had a great time celebrating our friend’s birthday at Mimi. The service is amazing, Keith is very attentive and keep checking on us if we need anything. He also gave recommendations on what to order, food were good. Overall would definitely come back again."
131,Bishan Chew,4 stars,The food and ambience are good! The price is quite affordable too
132,Andrea Finlay,1 star,"We booked online, entered the restaurant and were taken to a table where we sat, invisible for 15 minutes. Extremely poor service. We walked out. Would definitely NOT recommend this restaurant to anyone."
133,yuankang liu,4 stars,"Wedding lunch here. Food is Chinese cuisine, menu include fish maw soup, scallop and brocolli, chilli crab noodles, teriyaki cod. Comparable to most hotel restaurant. Service is decent too."
134,dane lim,5 stars,Food was superb! Very high quality and the taste is really good. Each dish was very well rounded and balanced taste. Nothing was too overwhelming. And the dishes were all very interesting and fresh! Bernard was also very friendly and made sure we enjoyed our dinner. Will definitely come back!
135,Eloi Tay,5 stars,"The food is prettier than it taste. If you look for good tasting food only with no regards to environment or look, this is probably a 4 star considering the price. If you looking for a food experience I think it is fairer to give a 5 star. …"
136,Mark Leong,5 stars,"Food was good, both in terms of taste and presentation.
Ambience wonderful.
Service is top-notch. …"
137,Joelle C (Treasure Unity),5 stars,"The price is so reasonable for the quality of food served! Didn't managed to photographed all the dishes but it's really good, even the appetizers! We totally enjoyed the dinner. Servers are young but good. Just that the music chosen is a …"
138,Puti Ambun Suri,1 star,"THE WORST SERVICE EVER! I made a reservation for Sunday 7pm, 10pax. At 6.30pm they called to say they were not able to accommodate us until 8pm as they had an event going. No apologies whatsoever. Just a simple, “I can put you on a table at …"
139,Celia Ch.G,5 stars,"We booked Mimi restaurant for a team dinner last week and both the food &amp; staff were amazing: all our guests were delighted! Thank you all, and Kai in particular, for their help and advice during the preparations of this event :)"
140,Vijay Nathan,5 stars,"Classic, great food and excellent service"
141,Scott,1 star,"So, where do I start, the 300+ surprisingly positive reviews, and hard to get in led us here.  Lunch, thinking we start with some Dim Sum, before moving onto mains. …"
142,Jayden,5 stars,Great food and ambience! The service staff was very helpful in assisting me in handling the birthday cake to surprise my friend!
143,June Oh,4 stars,"The food was decent however the atmosphere and the service could've been better for the price. It was managed like a low-grade club (dirty bathroom, cigarette smell from downstairs, staff not knowing the menu...) rather than a proper restaurant."
144,Angela Lim,5 stars,"Date of Visit: 24 Dec 2022
Time: 12.15pm - 2pm …"
145,Shizhe Qiao,5 stars,Appreciate staff Keith and team for the good experience! Dishes came out fast and our drinks were always topped without asking. Keith was especially helpful as he explained to us the portion sizes for my group so we don’t under/over order.
146,JT,5 stars,Brought my family here for Mother's Day celebration and it was a pleasant experience! Nice food accompanied by friendly service staff and cozy ambience! Price is reasonable. …
147,D3AR C,4 stars,"Food is pretty good: my favourite is probably the claypot rice and truffles tofu; the duck confit tastes good but was kinda dry. The char siew pao I found too hard and oily. But otherwise, a pleasant dining experience. It does get a little noisy from the live music downstairs. Service can be a little more attentive."
148,Anita Barry,2 stars,"Parts of our meals were inedible.  Service not great, overpriced for quality and portion.  Very sad as the actual restaurant environment was nice.  Management have been good communicating with us over our not so good experience.  Would not recommend until they sort things out."
149,Gideon Yoong,3 stars,"So much potential in this place. Good interior designs, good food, decent service. However could use more effort in the ambiance dept, there was no music playing on a Sat night, and we were seated in a corner although there wasn't many people."
150,TT,3 stars,"Went in a big group, so we get to try alot of their dishes.  Some are unique and almost all are good.  Rate avg becos but I feel is overpriced for tt ambience given, tables really tooooo close, very noisy, staff are friendly but not attentive, light too dim plus that longggg stairs.... Not old folks friendly."
151,Ryan Proctor,1 star,"Food was good but completely ruined by quality of service and lack of basic customer service. Told after we ordered that dish was sold out, and service never returned to see what we would change it to. We were then brought a random dish …"
152,Wendy Lim,4 stars,Had our family dinner there last evening. The family was not pleased with the table arrangement when we arrived to the restaurant and it was not highlighted to us during reservations. …
153,Denise Ang,4 stars,Ambience of the restaurant was nice and cozy and service staff were really attentive as well. …
154,hadel Minguillan,5 stars,"first time to dine here with my husband as we celebrated our 6 years wedding anniversary! staffs are all polite and accomodating, the foods are 5 star as we taste! we definitely recommend this restaurant!  thanks for the services and awesome foods! 👌 …"
155,JW Y,1 star,I made an advance reservation (two months ahead) on new year's eve dinner for my family of six and they cancelled on me. Please be extra careful when placing a reservation with them. …
156,Ariel Tan,5 stars,"Keith was very attentive throughout the dinner to ensure everything was alright. He even went an extra mile to get us the drink. The atmosphere was nice n cozy, food was aesthetically pleasing, and it was an enjoyable dinner overall."
157,Nancy Tan,3 stars,Nice atmosphere but the food is fair nothing to be excited about.
158,Bryan Tse,5 stars,"Decent Quality and sure you can fins seats here while its still new.
Its on the second floor."
159,Si Min Chua,1 star,Very disappointing experience as the restaurant messed up our deliveries TWICE. First was my MIL birthday - gave us someone else’s order instead. Second time was today - ordered for my son’s bday lunch but was shocked to find out that my …
160,May Tang,5 stars,"My 3rd time to this restaurant.
Brought my family to celebrate mothers day.
Everyone likes the food. Chinese fusion. …"
161,Del,5 stars,"Have been here twice, and enjoyed the food both times.
Some people describe this restaurant as ""fusion Chinese"", but to me it is more ""modern Chinese"" than fusion, insofar as they don't try to combine flavours and …"
162,Say Peng Ng,3 stars,"Nice ambience, air con is too cold, it being a wedding reception and we have a couple of empty seats for our table #7, but waiters said the extra food had all been allocated! Allocated to who? Phantom people?"
163,Timothy Ong,3 stars,Restaurant accepted reservation but cancelled without informing last min with no reason. …
164,Jeannette Jackson Yap,5 stars,"Loved it..loved the food,the ambience and with chope good pricing.
Abu provided such a good first impression..trying to accomodate all my questions and dietary restrictions on the phone. …"
165,Keira Herr,3 stars,Update: went back and had the peking duck and it was perhaps the worst peking duck I have ever had - the meat was tough and dry and the skin was not crispy. The wat tan horfun lacked the wok hei I so love - they perhaps had a change of …
166,Kee Chung Low,5 stars,Nice food and ambience. The waiter stopped us from ordering too much when we wanted to order a Peking Duck on top of our set. Such good ethics. Their customer service was also good!
167,BL Tan,1 star,Went to eat in restaurant and thought food was not bad. Wanted to let family tried and ordered delivery through Oddle Eats. Delivery was more than an hour late.. food was delivered cold and tasted horrible. Most disappointing was the ridiculously small portions of food. Would definitely not order again or recommend to anyone.
168,Su Yin Ng,1 star,"The private dining food of the mimi restaurant is ordinary for the price paid. Other than the facade of the conserved mansion,  the entire interior of restaurant is unkempt n untidy. Poorly maintained. I arrived early at 5.45pm and was told …"
169,SJ Foo,5 stars,2023 chinese new year menu
170,Aoyun Peh,5 stars,Amazing dinner on Friday night with my friends here. Experience was elevated by the service from the crew. It is a bit chilly so do bring a sweater if you get cold easily.
171,IVY MU,3 stars,"1st visit dated end of Nov 2021
My Ratings as follows: …"
172,Patria Chua,4 stars,"Innovative Chinese food, good quality. Just that we had fried rice in our set menu.. not impressed with the fried rice. Loves the plum sauce pork ribs... Very very good."
173,A,5 stars,"Enjoyed the dim sum brunch. Would recommend the fried char siew bun (perfectly crispy), the prawn fried rice, vegetarian gyoza and definitely the XO carrot cake. The service was fast and attentive as well."
174,vanvan vanessa,4 stars,There is a very attentive middle-aged server that is excellent and attentive. Nice fusion dimsum and 杨枝甘露. …
175,sneha khurana,1 star,The food was very average and not authentic. Me and my family had a stomach ache after eating here. Don’t know how it is 4.5 stars
176,Zany Liaw,5 stars,"Just ordered their Gourmet Menu Set A, simply delish!! Especially love the truffle mein and mala chicken. $98 for 4 pax, super good value!"
177,Jolene Tay,5 stars,Great food and ambience! It'll be good to come with more friends to try out the variety of dishes. Will definitely be back for more next time especially during special occasion!
178,mingjian tan,5 stars,My group of friends like the ambience. Service staff were prompt and great. The cny dish variety served was refreshing and sumptuous!
179,Glen Chan,5 stars,When over the other day for dinner and the food was amazing! The service stuff was super friendly and considerate. Great place! Will definitely come back.
180,M S,3 stars,Something like a modern tze char with creative dishes. Good place to host but quite pricey.
181,Teo Farn Terng,5 stars,"Mimi Restaurant is a must go place to dine in! Amazing staffs, amazing services and amazing food! I’ll definitely come back again and bring my family over for celebrations."
182,Jason Yek,5 stars,"Went to this place for my reunion dinner today. Great food, everything was just nice, and even the ambience was top notch, together with the good customer service. Will come back again someday!"
183,Lee Ken,5 stars,"Excellent dining experience. Staffs are friendly, slurppp food. May head down to the bar below(Ying if not mistaken), to finish the day."
184,seah sin,3 stars,Ambience is nice.. Food is not bad.. only downside is the waiter didn’t ask us whether we want drinking water or tap water and just open up a bottle of Evian and it costs us $10!We didn’t even have a chance to react and like looking at each other???
185,Sara Cheng,5 stars,"Mimi has a very interesting interior with a heritage background and the chinese food gives a very homely feel.
Recommend for a chill gathering with family or friends."
186,Kelly Y,5 stars,Exceptional well-curated creations of Chef Sam! Service is impeccable. Mimi is so underrated! The ambience is just great for romantic dining to family gathering.
187,Felix Chong,5 stars,"A casual dining space with an amazing culinary team. Loved the idea of dining in a 150 year old building, while being in the heart of Clarke Quay. The best part was being able to head down to Yin Bar for the LIVE band and drinks."
188,Lin K,5 stars,2 times dining at Mimi and we really love their food every time. They serve chinese food with modern touch. Will definitely go back again. Keep up the good service and quality of food!
189,Jerry S,1 star,"Very lousy service. Messages not replied, calls unanswered throughout the day."
190,Zhi Hua Ang,5 stars,We had the dim sum lunch. The dishes were  unique and delicious. Very good service from the staff too.
191,Kelias Quek,5 stars,"Food at Mimi was amazing, I enjoyed their modern take on Chinese cuisine. Bring new flair and taste profile to common Chinese restaurant food. Will recommend for a nice sharing meal with friends and family !"
192,Daven Koh,5 stars,"Great Customer service, order a Large Yu sheng on new years eve, but was delivered a small one, call ask to verified if the delivery was correct. They admin in wrong order delivery and offer a new large yu sheng free on the house to honor …"
193,potato2god,5 stars,"Honestly best Chinese restaurant I have been to. Value for money at its price point. Had the dim sum branch menu, best must try items would be Xiao long Bao which is surprisingly good ( better than Din Tai Feng). Unsubtle truffle mien is …"
194,Li Bing Ong,5 stars,"Enjoyed the birthday celebration at Mimi with fantastic food recommended by Keith, and excellent service by the crew. Definitely coming back again for the awesome experience"
195,Eileen Neo (Sgsohotleh),5 stars,"My friends and I have always wanted to try the food here. Wanted to have the Christmas set lunch, but we decided to go for ala carte after looking at some of the mouth-watering items in the menu that we wanted to try but not in the set …"
196,Pito Lim,5 stars,"Have been here a couple times, and never disappointed! Great food, very helpful and nice staff, and also having a meal with the beautiful interior design...highly recommended for a visit
Mala chicken still a favourite"
197,WEI HUANG,5 stars,"We had a very delicious delivery, the lychee scallops, orh nee were very special. Most dishes were rather sweet."
198,Eileen Oh,5 stars,Nice place with great food!
199,Scott Platt,1 star,Terrible service. I can't comment on the food as we never ate. Waited over 10 mins for someone to take our order after being seated. Finally gave up and walked out.
200,Zen Liu,4 stars,"Decided to dine at MiMi, Clarke Quay which was opened in 2019. The restaurant is in a building of it's own, situated on the 2nd level with level 1 being a drinking area. Ambience is great with a great variety of choices. We tried the below …"
201,Jean Low,5 stars,"Really good food and service, brought parents here even they enjoyed it tremendously. Will be back! Recommend!"
202,Carlyn Ong,5 stars,"Wonderful dinner experience, food was amazing. Extraordinary service by the staff, will come back again!"
203,Sean Miller,3 stars,Food was good but the ambiance was terrible… not a place you go on a date for !
204,Wen Cai Tai,5 stars,"The best Chinese Restaurant I had so far, the service is good and the ambience is fantastic"
205,Ying Ling Chou,5 stars,We had birthday celebration at this restaurant and all of us enjoyed the food and service here. Thanks Keith for the cake arrangement!
206,Ming Shao,5 stars,"Great ambience and terrific service from the crew.
Third time here. Would look forward to coming back again. Highly recommended!"
207,Timothy Yee,5 stars,"Truffle noodles was super solid, Peking duck was very enjoyable with plenty of wrapping skin!"
208,K C,5 stars,Food was great. Service was excellent. Shout out to Keith who provided great hospitality throughout.
209,Dr Wee Lyn Teh,5 stars,Delicious food and wonderful service. And super yummy cocktails! Thank you so much for such a wonderful evening.
210,Sangkyu Lee,4 stars,This restaurant is mainly for events. It's not normal. But it's a little hard to find. But good service and food.
211,Brian 18,5 stars,"Menu is Unique and interesting, great service and definitely a good place to dine in. Cheers"
212,Kenny Lau,5 stars,"our 1st anniversary 2022.3.19
nice food ，good drink and excellent service👍 …"
213,Victoria Jane Kiew,5 stars,good food and great service~ i also love the ambience and theme of the restaurant! definitely recommended (:
214,Tarang Mistry,5 stars,The food was so awsome that cannot be explain in words I can just say you will suck your fingers and enjoy till the last bite
215,Lisa Hong,5 stars,Great food with nice ambiance! We will definitely come back again to try other menu.
216,Joceyln Tan,5 stars,The food was soooo good and service from staff was perfect. My fave was the truffle mien - would highly recommend!
217,Joycern Chan,5 stars,Innovative dishes. Good place to come if one is looking for fusion chinese food. Prices are reasonable too.
218,isaac ong,5 stars,Love the dishes. Chinese food with a little twist.
219,Ivan Lim,4 stars,"Had the cny menu, food was generally good especially the soup and prawn ball"
220,Freddy Yong,5 stars,"Fourth time here, food and service standards were still great. Kudos to the team !"
221,Sara N.,4 stars,Nice
222,Nicholas Khng,5 stars,Good food and great ambience! Staff were really friendly and knowledgeable!
223,Jeremy Lim,5 stars,"Food &amp; Ambience is good, price is not bad for 4 + 2. Will come back again to try the other food."
224,Kangyu Chia,5 stars,"Very unique takes on classic Chinese dishes, especially the flambé back kut teh which was fall off the bone."
225,Tara Dan,5 stars,Was a suprise there was a hidden gem in clarke quay that serves really amazing food and service was impeccable.
226,Raihan Gaffar,5 stars,What a great place to hang out with friends and the waiters are very friendly !! Will definitely revisit the place !! 👍🏼👍🏼 …
227,Tiffany Phu,5 stars,"Delicious food, great presentation, ambiance, and customer service was great. Would definitely come back."
228,amelyn ang,5 stars,"Great food , great service &amp; excellent dining experience. Kudos to all 👍🏻 …"
229,PandaPowerx100 MAX,5 stars,"Sammy is a wonderful host, food and ambiance is great. Will be back again 👍 …"
230,Clara Low,5 stars,Great for a date night and wonderful ambience with pleasant and attentive waiter(: Toilet is clean and  pleasant.
231,Maverick Kerk,4 stars,"Was served by Keith, attentive and good hospitality. Food and vibes were good too!"
232,Daryl Lai,5 stars,Great service with patient staff willing to accommodate my handful of a mother and aunt. 5/5 would come back again
233,Lily Tan,5 stars,Sky and Keith are very helpful and made good recommended dishes to us.
234,Dion Lau,5 stars,"Love the place, would definitely go back again! Great ambience"
235,Zheng Shi,5 stars,"Pleasant experience overall, if serving is slightly more would be great"
236,Zhi Kit Ng,5 stars,"Great food, great ambience and friendly staffs. Keep it up"
237,Leo Tan,5 stars,Nice Chinese fusion food. Prices versus food quantity is abit high but definitely nice
238,Josh Yun,5 stars,"Had a great night there, this was my third time there and I had a solid time each time! ✅✅✅"
239,Jolene Lim,5 stars,"Great food, good service, great ambience. Recommended!!!"
240,Zhiyi C,2 stars,Ordered takeaway for a family gathering and we were all disappointed by the standard of the food.
241,x xx,5 stars,Service and food was impeccable. Price was also reasonable.
242,Nicole Tsr,5 stars,"Great food and helpful staff 💯
The clam soup is amazing …"
243,Siam Kia,5 stars,Staff was friendly and attentive. Definitely would recommend to my friends.
244,Marc Wang,3 stars,More suited for tour groups than biz lunch
245,Lim Hwei Ho,4 stars,"Asthetically, the place looks great. Food is nice and IG worthy."
246,Lin Yuan ming,5 stars,Ambience and service were great ! Highly recommended. Would visit again.
247,Fiona Tee,5 stars,"Great food, great ambience. Great service by Darren 😁 …"
248,Joyce Lim,5 stars,"Ambience is good, staffs are helpful. Wonderful experience!"
249,Jaloliddin Hakhberdiyev,5 stars,Narisah service is perfect actually ofcours I recommend for everyone will come back
250,Fel G,5 stars,Yummy food and great service. Keith was really helpful!
251,Vincent Tay,5 stars,Nice ambience to have dinner and photo shoot.
252,T Wee,5 stars,Excellent food and service.ambiance is great and quiet
253,Ng Junjie,5 stars,Food was great especially the truffle mein.
254,Jianhui Tan,5 stars,Nice
255,CHUA WEN FANG,5 stars,Great place! Service &amp; food was excellent.
256,Stephy Tay,5 stars,"Service is crew is good , food is delicious."
257,Jin Jie Lim,5 stars,Went there in the afternoon the food was very nice
258,吴静柔,5 stars,"quite nice👍🏻
just come n try and u will know👍🏻 …"
259,Kai Xiang How,5 stars,"Impeccable services, great food and wonderful crew"
260,David Gan,3 stars,Good service. Pork dish is delicious.
261,Kiang Teck Goh,5 stars,Hidden gem
262,Wei Yi Chua,5 stars,Nice restaurant with pleasant and savoury Chinese cuisine !
263,hazel lim,5 stars,"love the ambiance and service, staff well trained"
264,Sheena Lau,5 stars,Awesome food and beautiful venue!
265,Wil lim,5 stars,Loved the food and dining experience!
266,Hisham Zainal,5 stars,The fried rice is very clean! LOVE IT
267,Kris Toh,5 stars,"Food was nice, and good service."
268,Dominic Tay,5 stars,"Amazing food and staff, would recommend"
269,Esther Lim,5 stars,Good food and excellent prompt service. 👍👍👍 …
270,S Jack,3 stars,Portion is small but food is tasty
271,Sok Cheng,5 stars,Kieth is Friendly and very good service.
272,Claire Tan,5 stars,"Great food, service and ambience."
273,Ahmad Yong,5 stars,Good place to dine in... Cheers 🥂 …
274,Lily F,4 stars,The food is nice price is responsible
275,Chia Yet Lim,5 stars,Nice food and great service!
276,maulik Makwana,5 stars,Wonderful experience to have a dinner here
277,Shayne Lee,5 stars,"Awesome food, services and environment."
278,jAck Cai,5 stars,Service is good and food is great !
279,Big M,5 stars,"Ambience, Food and Service tip top!"
280,Zein Ullah (Zein),5 stars,Hard to find but food is great
281,"Thomas, Hsuan Wen Chen",5 stars,"Nice food, environment and service!"
282,Ramkesh Rizzo,5 stars,Awesome service and friendly waiters
283,Lai Jye Sing,4 stars,"Fine dining of Chinese food, high price and high quality"
284,Liu Hong Yu,5 stars,Good food
285,Danny Ng,4 stars,Good food but not easy to find
286,redell lol,5 stars,Great food amazing supervisor
287,Abu Sufian Yap,5 stars,Great food and ambience!
288,Smurfie Stinson,5 stars,The food is good and the service is good too
289,Phoon Weng Seng,5 stars,Good food and excellent service
290,Jerrold CYJ,5 stars,Service and food is excellent!
291,Alvin Chua,5 stars,Great place and great service!
292,Patel Ronit,5 stars,"Great food, service &amp; ambience"
293,Teo Celyne,5 stars,Ambience and service is good!!
294,Sima Punjabi,5 stars,Good food and great service
295,J L N,5 stars,5/5 would come again
296,김대오,5 stars,MUST TRY
297,dharampal singh Yadav,5 stars,Great food and service
298,Tony Lee,5 stars,Food is great here
299,Aloysius Lim,3 stars,So so
300,shaik Misba Ali,5 stars,Great dining experience
301,GUJJU PLAYERS,5 stars,Good food and service
302,O TL,5 stars,Will come again.
303,Amriddin Ergashev,5 stars,Just perfect!
304,SEAH POH DEON KOH,5 stars,Great ambience and food.
305,Jiaqi Goi,5 stars,Great service
306,Wong Wei Xian,5 stars,Food is good .
307,venu kotari,5 stars,"Great Service, food &amp; ambience"
308,Weiqi Setoh,5 stars,Great ambience and food
309,Belle Ost,5 stars,"Forget about N years, ever since I stumbled into this restaurant with my friends for the first time, it has been one of my most recommended restaurants in Singapore. …"
310,Lil sy,2 stars,"We ordered the 8-course dining menu, Peking duck, and other food.
In the 8-course set meal for two, the cod fish sauce was disappointing, the broccolli+mushroom sauce was too salty, the pork ribs were also too salty, and the …"
311,Andy Chen,4 stars,"The taste is okay
Exquisite and creative Chinese cuisine
In terms of price, atmosphere and portion …"
312,bella kim,1 star,"I made a reservation 3 weeks in advance and came here with high expectations.
Other menu items were edible.
Duck confit is really bad …"
313,xuexin wang,5 stars,The food is very nice! The service is also very good ~ the environment is also very good. I will bring my friends here next time~
314,yingyi chua,5 stars,The presentation and taste of the food are great👍 and the environment is also very good✨ Recommended👍👍👍 …
315,Jane Tan ee,5 stars,The food tastes good and the service is good
316,sara zhao,5 stars,tasty! The waiters are very considerate. Thumbs up!
317,Kelly Ho,5 stars,The food is delicious. I recommend giving it a try! ! !
