,Name,Rating,Review
0,Cat N,4 stars,"Chill ambiance. Variety of wine and beer options. Same goes with finger food. The blue cocktail is really nice and I love it. The food is so so. Chicken wings, pizza is okay. The Spicy prawn pasta is good. …"
1,Kevin Ang,4 stars,"Seems like a really popular place to hang out for the after work crowd in the area. Even on a Monday night, it was pretty full. Pretty chill place to catch up with friends with a wide menu of drinks and pub grub. Prices commensurate with the quality of food in the CBD area."
2,gilberto kunihara,5 stars,Great chill-out place to enjoy a meal and drinks. Beautiful surroundings to soak in the scenery.
3,Srd G Bains,5 stars,"Food is delicious
Service also good
Although peak hours still service was prompt …"
4,Din Neo,5 stars,"Fantastic food with superb ambience. The food were delicious and tasty. The staffs were friendly, helpful, courteous and attentive. A big thumbs up to the staffs there for making us feel so welcoming and enjoyed our meals. Highly recommended!"
5,YC Boey,4 stars,"Our place to go to for team drinks.. decent quality can variety of food and drinks. I particularly like their fried chicken wings, seafood pizza and truffle fries plus tacos.. drinks are decent and they give 15% for the and can card holders.. service is also good and inside they can cater a corner for 15 to 20 pax.. enjoy"
6,Jacelyn Wu,3 stars,"Was there on cny eve, most of the bars in the vicinity were full so service is understandably inadequate . But this staff named akmal (I hope I got his name right) I think he’s Malay , was really attentive and gave us good service amid the busy dinner crowd."
7,Richard Fahy,2 stars,"Gone downhill massively. Live next door and used to go a lot when the staff were friendly and personable. Now have to order via QR code and when trying to do that, approached and told they are closed at 10.15pm for orders. Run of the mill bar, no reason to go."
8,Matt C,4 stars,Nice atmosphere quite laid back. Pub style food and reasonable prices and quality. Service was good - nice outdoor area
9,FY Chan,3 stars,"Got 50% offer from Eatigo.
The atmophere is nice and not crowded even on weekend night.
Mushroom &amp; Truffle Pizza is delicious and rich in flavour of Truffle oil. …"
10,jy yap,5 stars,Fish and chips was nicely done and crispy. Staff were friendly with food ordering even though I was seated just before last order. Staff was also helpful at giving directions to the nearest taxi stand.
11,go pokemon,1 star,"Came for Thursday lunch,for a table for 2.we waited for 50minutes for the food to come out. When we asking for a tap water the waitress aggressively say ""OKEYYY"" and she didn't serve the water as well,then we need to ask again from the guy …"
12,Gilberto Kunihara,5 stars,"A great place to meet up and chill-out. Food is good, so is the drinks. Service is impeccable. A shout-out to one of them named Janet. Thank you for making our trip there so memorable.
⭐⭐⭐⭐⭐"
13,Justin O'Grady,5 stars,Love the atmosphere and the staff. Jarred was the perfect waiter. Keen to come back everyday and enjoy a cold beer and food
14,Joony Koo,5 stars,"Hosted an event. Turnout was amazing.
Great venue, quality food, friendly professional staff and service with full audio video support. …"
15,Kate Turner,5 stars,"Great service and food, we came to watch the Fifa World Cup semi final and the team made sure we got the best table to see the game. Shout out to Stanley, Janet, Jasmine, Yizhi and Susan for a great night and wonderful service!!"
16,Irene Lim,5 stars,Enjoyed the food. Service was good too.
17,Suzanne L.,4 stars,"Organised an event in this place.

The finger food served was so so. Service was pretty alright. The area indoor …"
18,GP Isabida,4 stars,Attentive staff. Selected wine selected. Fries was pretty standard. Ambience was great.
19,Leong Yoong,4 stars,It was crowded ! Friday happy hour. One of the best places to hang out after work at the Marina financial district with a good vibe and beer/pub food. Attentive service and a good place to start off the weekend. Do try their signature fried chicken wings ! A great selection of beers and wine too. Enjoy!
20,Kamal Halim,5 stars,Nice place to hang out after work. Variety choices of food and drinks and they are pretty good. A little pricey though
21,Mabel Tan,5 stars,I loved this place due to the spacious inside the restaurant. The food especially the pizza is great though the portion had reduced slightly.
22,Noelle Lim,4 stars,The food is always good but lunch time is challenging for the limited staff to be able to serve each table attentively.
23,JAK3,4 stars,"Spacious and large seatings suitable for personal dining to team dining. Offer alfresco dinning option and also air conditioning dinning. They have 1 for 1 offer when using entertainer app. Food is served fast and staff are friendly. When weather is not too hot, it's good to go for the alfesco dinning option even for lunch !"
24,Mario Zamora,3 stars,Pretty overrated. The price is pretty expensive for not just the size but lack of unique flavor of the food. The pasta is a huge disappointment. The amount of condiments is for no reason it would probably taste the same with less
25,David Lowe,5 stars,I'm a regular in here and the service from the team is always fantastic.
26,G V,4 stars,The number of drinks I would have had here in the six years I was here is countless. Very popular with the offices there and a very favorite joint for many especially on Friday nights. One star down because their house pour is not the best!
27,Macallan 18Y,4 stars,"Fresh beer,  great fries and nachos!"
28,Clayton Chua,4 stars,"Place was really crowded on a Friday evening. Could see that staffs were really busy, yet trying their best to attend to the needs of customers. …"
29,R Martinez,5 stars,Great food and great service!
30,J B,4 stars,"Nice place, good deals"
31,Rajan Raju,2 stars,"Great location in the heart of the financial district! However, the interiors are a bit run down, the staff, while friendly and pleasant, a bit slow on the service and the food tastes a bit bland. But then, beers and sports remain the big draw for the crowds of office goers who come in just to relax after office!"
32,Eileen K,4 stars,"Food was good.. However the place was quite noisy due to the crowd. Portion is big for a small eater like me. For guys it is probably a decent size.
Damage is probably a medium range.."
33,Ali Chua,4 stars,"Very convenient hang out place. Slightly pricey but the staff are friendly. Food is not bad too, try the buffalo drumlets and wings and the sweet potato fries!"
34,Goh Nai Shin,4 stars,Very chill atmosphere for catch up over a few beers and bar snacks
35,Vivien COTIER,5 stars,This restaurant has really good food and a very large choice. The quality/price is really good. Very satisfied by my experience.
36,Yana B,3 stars,"Usual spot for me, but seriously? That much French fries? I get its a side to a burger, but 4x downsize of a portion is a bit too much (vs portion size 1-2 months ago)"
37,V A Rangarajan,3 stars,"Nice bar, good efficient service. Lots of bar food, lots beers, good selection of wines. Great location if you work in the neighborhood. Cool place to relax and chat after work."
38,CA,1 star,"Came here for drinks, wanted to order. After waiting for 20 mins, no one came to attend to us. Approached the waiter politely to order, but was shown the hand. Very disappointing experience"
39,Ollie Wood,1 star,"Only does happy hour on one drink...only for two days a week.

Beer selection is also dreadful. …"
40,Mandy Tan,3 stars,"Food was served quite quickly..
The same problem with most restaurant..under staffed.. food was ok"
41,Valeni Tay,4 stars,Friendly and cosy ambience. Although the beer that my hub ordered came wrong but the server quickly change to the right one.
42,Danny Chua,4 stars,"Beer is fresh, food is good with awesome atmosphere. Bit pricey unless you're carrying a voucher..."
43,Sam Reeves,4 stars,"Large, plenty of outdoor and indoor seating. Good selection of drinks, including IPA on tap!"
44,Belle,5 stars,"Visited the bar on a Sunday evening.
Good food, attentive staff. Nice view."
45,ravindra kumar,5 stars,I always love to grab a drink and sit and njoy the atmosphere
46,Calvin Leong,5 stars,"We sit the outside side, chill and windy, staff is pretty friendly."
47,yongde Li,2 stars,Tasted their fish and chip...look normal taste comparable to those hawker centre but price is so much more...
48,Angel Tan,5 stars,Good food and drinks
49,Bob Lancelott,1 star,Service shocking had to ask for 2 beers twice then got presented with astronomical bill I.e 30 dollars for 2 small beers won't be back soon.
50,N. H.,5 stars,"Great ambience, superb service staff, drinks are decently priced, and bar snacks are great too."
51,KenC W,4 stars,Great place to meet up in the  business district.
52,Lionel Tan,4 stars,"Good food and ambience. Don't think they have any lunch sets on weekdays, unless it wasn't well publicised"
53,Gordon Clarke,4 stars,Nice atmosphere. Good food. Liked the fish and chips !
54,Evan Leybourn,3 stars,"It's a good place to go after work, but nothing really special. The food is good, but the drinks are pricey."
55,Hui Leng choo,3 stars,"I ordered the fish and chips, but found the batter too thick.. overall a so-so lunch.."
56,Guna C,4 stars,Food is great. Drinks are ok. HH prices a little higher than Erwins
57,Hayden Ching,4 stars,"Great place for team lunch, have to try their beyond meat if you are into vegetarian meat"
58,Zach Li,4 stars,Nice place for lunch as you can see the marina bay sands area. Food is large portion too.
59,Eko B. Karuniawan,5 stars,"Good place to spend time with friends, the food and beverage is great, non halal mostly"
60,SH OZ,3 stars,Easy spot for a quick drink.
61,Matt Foster,4 stars,Nice and cruisy relaxed atmosphere.
62,Michael Grierson,1 star,"High prices and low quality.
You'll probably have a good time but you can do better if you look around."
63,TC,4 stars,Pretty good food but the company was better
64,LiGe Wan,3 stars,Food was okay but service was normal. Staffs are a bit cold.
65,Swati Das,5 stars,Excellent experience with good food and drinks and great friendly staff 😊 …
66,Weiye Tang,3 stars,Nice place for a small group gathering. Bit crowded at times though.
67,정재홍,5 stars,Good place for beer time. But a bit crowded
68,Kar Seng Lee,5 stars,Everything was great! Except the food is a little bit pricey
69,Alex Khaladkar,5 stars,always good. kudos to dipak manager who took care of us.
70,Nilesh Jadhav,5 stars,Good drinks menu n decent finger food
71,Dextter Tang (陳重宏),4 stars,Room are clean and reasonable pricess. However breakfast is horribles.
72,Niraj Khandwala,5 stars,Nice place for drinks after office...try the masala wings !
73,Kumar Ravi,5 stars,Better customer service and specially harrys Spicy fried chicken wings
74,Anirudh Mehta,3 stars,Food not so great but overall okayish
75,David Irawan,5 stars,Great chicken wings! Good match with beer
76,Mikko Kortesluoma,5 stars,Essential post work boozer and lunch pub food place at mbfc.
77,Gautam Das,5 stars,Good place to have a drink and spend the evening
78,Cher lee Chong,5 stars,Have the best view of all Harry's pub
79,Lokesh Rajput,4 stars,Little hyped yet good.
80,AL Arif (Google map),5 stars,I love this place
81,Nisarg Bhagavatheeswaran,4 stars,"Nice ambience, casual and good food.."
82,Jacelyn Tan,3 stars,Cosy... Not crowded during lunch hours
83,Bryan Tan,4 stars,Packed on weekday nights.
84,Sudheer Kotni,5 stars,Beyond the Burger is Yummy! Loved It!
85,Issac Cheew,5 stars,Gd food n nice ambience
86,Gowtham raj,5 stars,Great place to hangout. Friendly service.
87,Tan Li Ming,5 stars,Prawn and seaweed aglio olio was magical.
88,Mark Tay,4 stars,Decent watering hole with rather pricey pints.
89,Ralph Rambausek,5 stars,Nice for work lunch! Bit noisy ..
90,Lauren Ooi,4 stars,Reliable fav of workers from the buildings nearby
91,Norman Gerard Teng,5 stars,"If you have the Britcham card, 10% off!"
92,Jonathan Wu,4 stars,Nice place for drinks after work.
93,Sim,5 stars,Good service... Good food...
94,Mavis Tan,5 stars,Nice place
95,Mary Tan,5 stars,Great service and good food
96,Marco Schaal,2 stars,Beer selection getting wired now!
97,Jibin Broonan,5 stars,Good for evening get together
98,S Q,5 stars,Excellent burgers and sandwiches
99,Kumar Ramachandra,5 stars,Very customer oriented service
100,Boon Hian Tan,5 stars,Gd svc
101,CH Pow,3 stars,Lamb shank rice is good
102,Ren Moslares,5 stars,Great ambience and service!
103,Eying Wee,4 stars,Always consistent with the beer
104,Bharath Bala,5 stars,Great beers on HH!!
105,Brian Wong,4 stars,Great place for gatherings
106,Deema Yanni Ma'at,4 stars,easy access from MBFC
107,Kavarthapu Sudhakar,5 stars,Best bar in Singapore
108,Google Reviewer,5 stars,Good customer service
109,Hariharan Ranganathan,4 stars,Nice place to hang out
110,Zul Salleh,3 stars,Really poor service.
111,David Tate,4 stars,Nice
112,rohit pattnaik,5 stars,Awesome ambience
113,Govind Arajan,5 stars,Good
114,Cláudia Gago,4 stars,Great
115,Alick Friedman,2 stars,Too expensive.
116,Yitch (Yitch),4 stars,Nice location
117,Jensen Tan,2 stars,Nothing spectacular
118,Petrica Nicu,5 stars,Nice place
119,Zizhen Wang,4 stars,"Harry’s, an American restaurant, has many branches in Singapore. There is one downstairs of our company. From five o’clock every day, many migrant workers gather here after work to have a drink and chat. In the afternoon, happy hour beer …"
