,Name,Rating,Review
0,Myles Chuahiock,5 stars,"Lolla offers an exquisite tasting menu that caters predominantly to seafood lovers. The option to choose between crab or uni as one of the main dishes is a delightful dilemma, highlighting the quality and variety on offer. …"
1,Giancarlo Santos,5 stars,"Wow. What a great find in Singapore! They offer tasting menus on Fridays and Saturdays. Everything we ate was well-balanced, inventive and flavorful. The presentation of some of the dishes was also delivered by the head chef. I am also …"
2,Mei Yi Yeap,5 stars,"Absolutely loved the food here. The sea urchin is terrific - we had the 1/2 portion with the pudding and it's more than enough as it's quite rich. The quail is a must order, so tender &amp; juicy. Service is top notch. Although I will say that the cheesecake was just so so. Will definitely return soon. Easy to make reservations online"
3,K F Ng,4 stars,"We had four course lunch on Saturday
1) Avocado, smoked eel consommé, yuzu
2) sourdough bread, kombu butter …"
4,Misha A,2 stars,Went here for Valentine's Day with my wife and I unfortunately did not have the best time. …
5,Sue K,5 stars,"We have been dining at Lolla for a number of years, often with years in between visits. It never ceases to impress. It’s such a lovely restaurant, with amazing staff who are welcoming, friendly, helpful - such a delight. The cocktails were …"
6,Chi-Hang Lee,4 stars,"Overall it was a pleasant bar table dining experience. The dishes were mostly the recommended ones by the waitress. While the food tasted good, the portion was relatively small, especially in view of the high price."
7,Vilhelm Rudberg,5 stars,Very good food and great service! We eat from the a la carte menu and every item was really good! I would happily return! …
8,The Foodie's Diary,4 stars,"The restaurant serves modern Mediterranean cuisine. We ordered grilled octopus dish, burrata, grilled iberico pork, sourdough, grilled potato and cabbage. We would recommend octopus, burrata and sourdough which came with delicious aromatic …"
9,Piet Coelewij,5 stars,"4.6/5 (4.5/5 food; 4.5/5 service; 5/5 atmosphere) Great night out, very good food, good atmosphere and great service. The open kitchen format provided a nice touch in the atmosphere as well. We tried a selection of plates. Each was crafted …"
10,JC JC,4 stars,"all the chef standing there when preparing food are very friendly willing to talk to customers probably is close to all the chef at the counter seat , feeling very close and cozy, when enjoying food there.  floor staff are also friendly, …"
11,Nicole Sy,5 stars,"This restaurant is hands down one of the best, if not the best restaurant we have eaten at. The food was exquisite, the quality of the food was just incredible. The staff were lovely, chef Jo even come out to check on how the food was. …"
12,Sheue Lin Ng,5 stars,The course was very good. I particularly love the prawns and the potato bread. The mushroom with the broth was executed perfectly!  The chairs at the basement was uncomfortable and the room was a bit warm. Service was better when another senior staff took over the table.
13,Nura Béhue,5 stars,"Hands down, Lolla is on my list of TOP 3 restaurants in Singapore. Service is impeccable. A few favourites: sea urchin pudding, pan fried lemon sole with crispy capers, mayura wagyu tri-tip,burnt cabbage with crispy capers. And if you are a …"
14,Han Low,5 stars,"“Ordered more or less the whole menu but still had space for more”

Loved the place, perfect for a date night out or very small groups. …"
15,Ethan Yang,3 stars,"Food - good but for the price I’d expect better quality. It’s way too salty. That being said, nobody comes here for a healthy meal, perhaps
Service - five stars, attentive but not overdoing …"
16,Jennifer Wang,4 stars,Food overall is tasty and staff is friendly and willing to serve. Restaurant ambience is nice and good for friends gathering.
17,Wan Shuen Goh,5 stars,"Celebrated a birthday here last night and both the food and service from the Lolla team really impressed us! Great recommendations from our enthusiastic and knowledgeable waitress, and we liked how the communal table area in the basement was designed, well lit and sufficiently distanced from other groups sharing the table."
18,Andrea Jorge,5 stars,"This is my favourite restaurant in Singapore. We went for a birthday celebration tonight, I had never tried their tasting menu but this time we did - and I can't recommend it enough! The carabinero and the avocado &amp; eel were my favourites …"
19,Cleon Tay,5 stars,"This was a birthday celebration and also a well-deserved rest after months of hard work, and we were thankful it did not disappoint. …"
20,Mia Kan,4 stars,"Was maybe hoping too much? But when food is undercooked, its undercooked (doughnut dessert), and most dishes were lacking taste. Cooks on the otherside, not all, were quite impassive and blasé. Attitude of careless was coming through. Otherwise service staff very professional. I am giving 4/5 only to support a lady chef here."
21,JS YI,5 stars,"Update: I made a second visit and I could experience true lolla with excellent service and amazing food.  My friend really liked sea urchin. I thought all we tried were creative and tasteful. Tomato in burrata was sweet, the miso butter …"
22,Leong San Teoh,5 stars,Been back to Lolla a couple times for Spanish food …. Their sea urchin pudding left me a lasting impression since the first time I visited them. They have a tendency to twig their menus to freshen things up every now …. Very impressed!
23,Sel L,4 stars,"I would totally recommend the lamb and the uni pudding, you must not miss it. Lamb was out of this world tender and not gamey at all.
Uni pudding was rich and umami , really well done and interesting to eat. …"
24,Kerry Lau,5 stars,"Great food — we just kept ordering!! Everything was delicious and paired so nicely with their wines. My favourite dishes were the tomato salad ( so refreshing!), the sea urchin pudding (so yummy), the pastas was really good &amp; so were the doughnuts!"
25,Oscar Franklin Tan,5 stars,"CHEF JO IS AMAZING!!! We had a wonderful, cozy dinner to celebrate a friend moving out of Singapore. We sat by the bar seats, right in front of the cooktop and Chef Jo and crew prepping, from burnt cabbages to sliced carabinero. The food …"
26,Charis,4 stars,Went there for bday celebration. Overall food was good except for the uni pudding which was weird because of the squid ink pudding underneath the uni. Felt it was a weird pairing. But the wagyu and bread with kombu butter were my fav. I sat at the counter but the commune table below was prettier. Will request for that area next time.
27,Jolene,3 stars,"First time at Lolla after seeing all the good reviews. Atmosphere and service were great, though didn’t expect it to be counter seats. Food was good as per expectations but we agreed that we probably wouldn’t visit again because nothing …"
28,Omar Shoman,5 stars,"Excellent tasting menu. The avocado with smoked eel is delicious. Sitting on the counter gives one a good view of the chef at work—a great experience.
The menu changes seasonally."
29,Claire Jiao,5 stars,"Everything is so well done. All the dishes we had were perfectly balanced and so delicious. The ambience is easy and comfortable, the service is top notch."
30,Czaesar Callo,5 stars,"Michelin-quality testing menu. Loved the avocado with uni, caviar in egg yolk sauce and the Hokkaido scallops. Chef Johanne totally deserved the Best Chef in Asia disctinction. Can’t wait to be back!"
31,sophist zhang,5 stars,"""The overall quality of the dishes is quite good, especially the lamb chops, which are extremely tender and worth a try! As for the duck fat potatoes, I suggest the chef could try using high-altitude potatoes. These have a higher starch …"
32,Lauren,5 stars,"Stunning meal!! We did the 8 course dinner based off their seasonal menu &amp; everything was executed perfectly, flavours were well-balanced ✨
Some ingredients were also re-purposed for other dishes, loved that sustainable …"
33,Jen W,5 stars,"The staff have given good recommendations, as the dishes tasted are not overwhelming with spices, and the shared portion is in the right size. …"
34,K M,3 stars,"The food is good. Not great. The price is bad, way over priced. Portions are also bad. Third time dining with them, they seem to have gone overboard with the decoration in the basement with all the “scarves?”  Looks messy. However, the organic wine they had was good"
35,Jenna D. (thejulietmike),4 stars,"Lovely dining experience.

We tried everything from their seasonal menu, which was highly recommended by a …"
36,ichraq Pittman,5 stars,"The food in this restaurant is from another world, his restaurant deserves a Michelin star because I’ve never in my whole life ate something like this it’s magic and chef with the staff and we’re incredible, I highly recommend this ❤️"
37,Ann Cheng,4 stars,"Came here for birthday celebrations
Staff friendly and nice
Food average only or my expectations is too high for the restaurant because it’s …"
38,Pern Chariya,5 stars,"Dining here is liked I’m a part of a secret society. Everything shows such a  confident portray of who Lolla is. Limited menu but full of excellent choices. Well executed, meticulous at presentation. Perfect portion size. Not an everyday kind of place. Worth visiting for sure."
39,Lee Frank,4 stars,"Almost reaching our half a century mark in life, the miser in me somehow experienced a conversion in my gut that is transformative enough to convince me to shell out on a ‘degustation’ dinner treat for my beloved partner on her special day. …"
40,Natalie Haschek,5 stars,Had an amazing dinner here! The wagyu and the cabbage and the olives were all insane. Restaurant is very cute too with most of the tables facing the kitchen which I personally love bc you get to watch the food as it is prepared. I think …
41,Calintz Tan,5 stars,"Tried 4 of their ala carte menu and all were excellent.

The uni goes so well with the squid ink pudding. …"
42,Candy C,5 stars,"I really loved the food here. Every dish we ordered wowed, both times I was here with friends. A lot of restaurants do kombu butter these days but the one at Lolla really makes you want to lick up all the butter. …"
43,Mano Recto,5 stars,"Had the privilege of dining at Lolla, helmed by none other than Asia's Female Chef of the Year, Johanna. The food was spectacular!"
44,Kwong Fei Yee,5 stars,Went there for Mother's day celebration! Ordered lots of food and every single dish is incredibly good. …
45,Joshua Ho,5 stars,"A quaint restaurant selling Mediterranean cuisine on small plates with some underground seating space. The staff is friendly and attentive. Downside, mobile service is intermittent underground and we had a bit of issue connecting to the …"
46,Lina,5 stars,"The food is served quickly, staffs are very friendly and kindly.
The butter is really good.
I like seasonal food beef also the meat is fine grained, tender and lacks fat."
47,sweetpotagoh,4 stars,Cozy place with unique and well conceptualised dishes. The food comes in small portions to share. …
48,Melmeleats,5 stars,It’s really not hard to see why Lolla has raving reviews. Food was great for Saturday lunch menu - added on uni pudding from Ala carte menu and it was so rich and tasty! Would come back for sure!
49,Joseph Ong,4 stars,Lolla is situated in a highly trafficked area in the city &amp; frequented by the many Caucasians working &amp; visiting this city state. The atmosphere in the restaurant is casual chic. Service staff are friendly &amp; make the effort to introduce the …
50,Kelvin Leong,5 stars,Sea Urchin pudding was out of this world. Amazing. Literally every dish was packed full of umami from the butter to the mains. Had the Iberico pork which was cured with koji and it was really good.
51,Mark Tho,5 stars,Perfect to come for lunch on a Monday afternoon. Zero crowd and full attention! Chatted with some of the kitchen members and great insights about their dishes. Perfect birthday lunch treat by the missus! …
52,Royal Pears,5 stars,"Enjoyed all the dishes. Excellent quality and combination of ingredients, and cooking.
Burnt cabbage with crispy capers ($22) - this was perhaps the most outstanding …"
53,Luvena K,5 stars,"Like the homey atmosphere of this cozy restaurant.
Recommend the Kale and Cauliflower as  side dishes and the Fish with crispy capers. Try the sea urchin pudding but do it as a shared dish as the pudding may get a tad heavy."
54,Stephanie Wong,4 stars,"The new special menu is a great addition to Lolla’s regular dishes. We much enjoyed the potato flatbread and oysters. The texture of the uni pudding was creamier than expected but taste was very unique. Desserts are amazing.
Prices are on the higher end though."
55,Kit W,5 stars,"Cutie little Spanish restaurant tucked in along Ann Siang road. The dishes we had tonight was all tasty. The service is really beyond my expectations, staff are super attentive and sweet. Highlight dish goes to the Sea Urchin Pudding, it is …"
56,Veronica Phua,4 stars,"When they first opened about 10 years ago, I visited @lollasg (home of the much-copied uni and squid ink custard pudding) quite a few times. Then a slew of restaurant openings proved a huge distraction for me over a long stretch but lately, …"
57,Alice S,3 stars,"Only 1 receptionist was on the phone when we reached, she was facing the wall and very concentrated on the reservation call. We just stood in the front door for 5 mins with no greetings from anyone, no other waiter nor waitress. Kitchen …"
58,Chita PL,4 stars,"The small dishes, the food creation is there! The quality and the food tasted good. I really enjoyed the Burnt Cheesecake!! Just the portion size is slightly small. Overall, Worth to give it a try!"
59,YM Lee,5 stars,Came for the set lunch (and can’t help the side portion of uni squid ink pudding) and the food and service was impeccable. Lolla’s dishes shine by being perfectly executed with a lot of attention to detail.
60,Mark Yeo,5 stars,"First time to this place with friends. Everything was good. Started with tomato salad, muscles, potato meshed balls, sautéed kale, grilled sole fish and a steak done medium rare. Dessert was a burnt cheese cake and some doughnut puffed …"
61,Amber H,5 stars,"This restaurant is one of the best restaurants we have eaten at. We ate here on a Saturday evening, so we enjoyed the prix fixe menu at the chef's counter! The food was delicious and artfully presented. The staff was lovely, and chef …"
62,K Chong,5 stars,Everything was good about the dinner. The ceviche was my favourite but it is on the seasonal menu.. the tomato salad was so simple but yet refreshing and appetising. The wagyu tri-tip was tender and paired with a very nice sauce. Service …
63,B Tan,5 stars,"Amazing meal. Cozy little place and was assigned a bar seat right in front of the open kitchen so had a full view of the goings on in the kitchen.
We had the sour dough with kombu butter, uni pudding, torn pasta with brown …"
64,T Singh,5 stars,First trip back after years and we ended up ordering the urchin pudding twice! The burnt cabbage and buratta salad were also very good.
65,Emma Liam,5 stars,Lolla Mediterranean food – a classy place to enjoy a good dinner. Lolla is truly one of a kind.  Did I mention I love open concept kitchens?  Do call ahead and request for the counter seats.  Most dishes are served ‘tapas’ style in minute …
66,Jay Koh,5 stars,Food was great! The octopus and iberico was particularly outstanding (for me). Service was excellent and the staff were extremely accommodating as we had out little one with us.
67,Justin Teo,5 stars,"Lolla has just welcomed their new chef, Chef Johanne, former sous chef of Restaurant Andre, who has also staged at Faviken, Noma, and Relae. Food was really good. …"
68,Jiremi Ra-ai,4 stars,"Came here to celebrate a birthday. Didn’t have a thing for the pufferfish pudding, but tried the Pork collar and absolutely loved it. The steamed lava choc and vanilla ice cream is to die for too. Pasta was Soso. Ambience is more casual. We enjoyed the bar seats with a view or live cooking action."
69,Valerie Tan,5 stars,"absolutely enjoyed our dinner. loved the sourdough with kombu butter, sea urchin pudding, san marzano tomato &amp; burrata salad, and pan-fried lemon sole (✨)!! we will be back to try more &lt;3"
70,Joo Hsiu,5 stars,"They do amazing things to interesting ingredients. Highly recommend the hand cut pasta with brown crab and the tender, melting tongue and cheek”. Sitting at the counter watching them work makes you want every dish they are making to be placed in front of you."
71,Minh Nguyen,4 stars,"Third time I'm here and the food is still as good as before. Must-try are the sour-dough (which i think can be a tad more sour), the lamb, burrata and leek. We tried the donuts with lemon curd today and it was declicious. The price; however, is a bit steep (it's Ann Siang). Good for a date night, or team night out."
72,s f boey,4 stars,We were ushered into the dungeon 😆  not quite! We actually sat at a long sharing table downstairs..love the atmosphere.  Must try is their sea urchin pudding ..order full if u like more sea urchin cos the pudding size is the same. We had a few of their chef's special that evening yummy. Not cheap but still would go again. …
73,Wilson Tsang,1 star,"I would avoid this place.
I sat down and the first thing I realized is that the chair is very uncomfortable. …"
74,Christabelle Toso,5 stars,"Out of all the places I ate while I was in Singapore, this one is definitely my favorite. The restaurant is cozy and has an open kitchen. The staff was incredible and the food food was even better. Perfect late night ambiance! Highly recommend!"
75,Xelcius,4 stars,"Good service and environment. The open kitchen concept I like it.

For the food is okay, not fantastic. The greens with anchovies are too salty. …"
76,Chi Hong Hwang,5 stars,"Always enjoy myself here. Great view at the bar counter of the chefs preparing your meal. The food is great, the ambience intimate even though you're out in the open. Service is attentive and friendly. Great for a date."
77,Yenni Shahli,5 stars,Love every single food that we ordered. Each of them is unique and flavorful. Staffs are friendly and attentive.
78,Reiy Teo,3 stars,"There are some hit n missed dishes here. TBH, not great enough for me to wanna come back. There are better Spanish restaurants to go to.
If one wanna check out this place. By the counter are better seats to watch the open kitchen prepping your meal."
79,Tim Wilwert,5 stars,Didn’t have a reservation but the gentleman said I could sit outside if I liked. I got the sea urchin pudding and crab pasta. Both incredible!!
80,Raymond T,5 stars,"The food was fantastic especially the uni pudding which was very unique and out of this world!. Paired with a tender melt-in-mouth beef cheek and tongue. The gnocchi with duck confit was pillowy soft, soak with a unami-filled sauce. The sweetness of the crab in the crab pasta is like eating it fresh from the ocean!"
81,Jamie W,5 stars,"Lolla is doing God’s work here y’all. I was here for lunch with Chef Jo helming up the kitchen, and had a fantastic time watching the team work and savouring their creations on the plate. Its uni pudding deserves all the buzz it gets - it’s …"
82,WEI HUANG,3 stars,"We were the only group sitting at basement but were well attended during lunch. Seems only bar table and big sharing tables are around, so it may be hard to have intimate dining. Food was a bit surprising, we found some ingredients and …"
83,Xiping Zhou,4 stars,"Loved every dish, the seafood are really fresh. Will definitely come back next time! …"
84,Soo Kong,5 stars,A memorable dinner - beautiful ambiance and excellent food. Every dish was spot on. The infamous uni pudding was a small letdown as you can see the uni quality wasn’t the greatest. But the other dishes more than made up for it
85,A A,5 stars,Great place for a dinner date. Service was wonderful as well - cooking us a new plate of pasta when we served the wrong dish (even though we mentioned we didn’t mind proceeding with the dish that was served) and even having it be served as complementary👌🏻. Love the food there especially the roasted potatoes and the duck pasta! …
86,Jane N,5 stars,Great food and attentive service. We sat in the basement (poor phone reception) and they offered wifi. Decent wine selection.
87,Lucy Bennett,5 stars,Had a really enjoyable experience- great service and fun to sit and watch the chef's. Great Mediterranean menu- would benefit from more vegetarian main options though. Excellent wine list.
88,Firas Sarhan,4 stars,"We sat at the bar watching the chefs cooking, nice experience, the food was good, the quantities are very very small to the price we pay, we complained to the boss, he offered us dessert on the house. …"
89,Andrii Kuzmenko,5 stars,Excellent burnt cheesecake! Great service!
90,Fann,5 stars,10/10 meal. Everything was so so good. Even the cocktails were sublime!!
91,Wai Yee Wong,4 stars,My friend and I went to Lolla without a reservation on a Wednesday night. They asked us to sit outside that's meant for smoking as they're fully booked but after much persuasion they found us 2 seats at the basement and by the time we …
92,Raphael,4 stars,"Consistently pretty good, few hits and misses but after all these years innovation and creativity is still there! Great new chef with very interesting claim to fame."
93,Tapash kumar Prasad,1 star,This is 2nd time i had faced this with lollas totaly unproffessional way of treating customer if u order plz be vigilent as they love big orders small orders are treated very casually i think
94,Michaela,5 stars,"Interesting lunch menu and interior. I wasn't sure about the lettuce, but the tuna was very good and the burnt cheesecake as well."
95,Joey Kuan (Odette25),4 stars,Overall food was interesting and nice. Especially love the sourdough with kombu butter! and the service is exceptional.
96,Zi Yan,5 stars,"I love the food here but take note the menu changes. Did not get our chocolate pudding this time. Cosy interior, limited seating and prebooking w downpayment required."
97,ML ML,4 stars,"Very good cooking and delicious food, albeit pricey. The atmosphere is casual and homely."
98,Wenqing Bao,4 stars,Good food and service overall except for the donuts. The frying oil was not very fresh.
99,Gino Abano,5 stars,"Truly enjoyable.
Small plates, flavourful, and well thought dishes. All prepared in front of you and served fresh 👍🏻 …"
100,Martin Verdejo,4 stars,I was at Lolla a year ago but recently ordered their Takeout Set when the covid lockdown started. Ordering process could be improved but still highly recommend the food. I particularly like the octopus stew and the beef tongue from the set. The grilled avocado was also a good side addition.
101,YEN,5 stars,"Back for their good-ol uni pudding.
Still delicious and fresh! Loved this lil restaurant with personalized and attentive service =)"
102,Wesley Wong,4 stars,Food is decent here. But abit pricy…
103,V Yao,5 stars,I thought it’s a Spanish restaurant it it’s not but it’s good ! Sitting in front of the busy chefs and watching how ur food be prepared is fun ! Food is simple but tasty!Recommend the roasted avocado! I can finish two !
104,Andrew Goh,5 stars,Great food with good service ! Enjoy the vibe with great food .. iberico is amazing and the crab pasta was so good! Decent wine selection with acceptable price !
105,Pauline,5 stars,"We came to Lolla for their tasting menu.

We sat along the bench area where the real kitchen happened, so we could see …"
106,Andrew Currier,2 stars,"This place is best treated with a sense of humour. Tapas dishes from a small menu seem like a good start. Hedge-fund-manager bonus pricing accompanies dazzlingly mediocre food that, well tastes fine but is astonishingly average for what it …"
107,Shirley Odelia,4 stars,"Great rib-eye, tuna and sourdough with butter. Red wine and uni for 3 pax was about $92 per pax which is quite pricey"
108,inst 8bit,5 stars,"All very very nice today.  Ribeye was juicy, potato's texture was perfect, uni, dessert..."
109,Farrah Ratnaike,5 stars,"Been here quite a few times, they're rather consistent with taste &amp; quality."
110,Gunnar Beckers,4 stars,"Nice place and good tapas, good service and nice people. We had a mix of things to share and everything was good. The music is a pop mix of the cure and alike. Downstairs is a nice bar and long table for groups. …"
111,Mei Inn Wong,5 stars,"Every dish that I ordered was astounding. The sea urchin pudding was splendid, love the kombu butter, but raya, crab pasta, wagyu and octopus. Will definitely visit again when I’m in Singapore and try other dishes. Well done chef!"
112,KP Chen,5 stars,had a great time for dinner with friends on a weekday at Lolla - great tapas and wine with a beautiful ambiance.
113,Alexia Jean,5 stars,"Romantic &amp; nice place to go to share quality food: a big shootout for their cauliflower &amp; camembert dish!
Wine is a bit pricey there though... but a must stop for foodies!"
114,P sankhum,5 stars,The food was good. The steaks and tomatoes salad was the best. Highly recommend. I like that you can see the chefs making my food. 🤤🤤 …
115,Rini Kartini,5 stars,The place is quaint with really good food. Good food variety and love the seats by the bar.
116,Chi Vu,4 stars,Funky place with decent food. Great service. Their sea urchin pudding is very nice. Food portion seems small for the price.
117,A L,3 stars,had the uni pudding and crab pasta. both started off good but felt overly rich halfway thru...
118,Dan Liu,5 stars,All the plates were very tasty!  Can’t wait to go back to try more
119,Lidia Adaschik,5 stars,"Fantastic food!!! Tuna tar-tar, shrimps carpaccio and rib-eye are must-have!"
120,Vivian Yeo,5 stars,outstanding flavor and full of surprises. good place for business lunch or friends gathering
121,A C,5 stars,Attentive staff and complex flavours. The service was excellent and I will be back soon.
122,Julius Labrador Jr,5 stars,Small but well thought out menu. Best to order a lot of different things and share them all. Sit at the bar to watch the chefs at work. Very high energy but fun. Service was top notch. Good wine list as well.
123,Nathaniel L,5 stars,Conservative menu but all practised to perfection. Lovely dinner
124,Zan J,5 stars,"their burnt cheeeecake is to die for 😍
the best you can ever find
truly authentic burnt cheesecake …"
125,Darren Mok,5 stars,Love the ambience and the food was equally good!
126,Lindsey Chn,3 stars,"For the hefty price point, the chair is very uncomfortable and service was very slow. The famous uni pudding was tasty for one bite but got too rich afterward. My favorite was the lemon grilled fish. But the kale salad was blandest ever. The rest was not memorable 🥲 …"
127,Sara Hornseth-Bates,5 stars,"A friend and I had dinner and Lolla last weekend, and it was a fantastic meal! I dined here years ago for brunch and was wowed by the flavours then, so am glad I finally made it back for dinner. We ordered several dishes to share, and all …"
128,Mishka,4 stars,"Not too busy for a mid week lunch, nice service and good food."
129,La Madame NomNom,5 stars,All I can say is food and service is REAL good! Go try it yourself!! Lovely place
130,XH Tan,4 stars,"Every dish was good.
Burnt cabbage with crispy capers was interesting. My first time taking capers this way. …"
131,Jason Wong,5 stars,Amazing amazing amazing. Thoroughly enjoyed my meal there. Every dish was a hit. Seafood inspired.
132,D3AR C,5 stars,Small and cozy restaurant with open concept kitchen. Amazing food and great service!
133,Tiffany Nguyen,5 stars,"My favorite Spanish restaurant in town; All the dishes are delicious, with great services;"
134,Ronald Tay,3 stars,Celebrated friends' birthday at Lolla with their tasting menu and was underwhelmed by the amount served as well as the pace of the serving. The items are delicate and flavorful but when each item is a small bite and the next one is another …
135,Keat Chan,1 star,"I'll stick to facts.

1. I was charged $162 more for my bill, which I carelessly did not vet the bill …"
136,Fahad Almunifi,3 stars,"Good restaurant
The decoration nice but the seats not comfortable"
137,Wilfred Mong,5 stars,Had an amazing dinner! Food is good and service is excellent. Thumb up for restaurant manager Wandi! 👍🏼 …
138,Emelin Tan,5 stars,"Wonderful place for dinner. Love their Kombu butter - order more bread, you'll want to eat everything. Other favorites are the grilled octopus and duck fat potatoes! Tried the ceviche and monkfish from their seasonal menu and both dishes …"
139,Flora Wong,5 stars,One of my favourite restaurants in Singapore. They never disappoint. Their Uni pudding is the best.
140,KokLeong Tham,4 stars,"Great food! Grilled octopus, pork collar and burrata are must tries"
141,Jay Shen,5 stars,I like the food and drinks served by Lolla. Give a try if you plan visit ann siang hill~
142,Bec,5 stars,"This place is pricey, but it is a good example of getting what you pay for. The food was delicious, the service was great.
We came here for Sunday brunch. …"
143,Stefanus Du Toit,5 stars,"Awesome tapas. A bit pricey but the portions are reasonable and the quality of the food is fantastic. Seating is pretty much all bar seating facing the kitchen, and it's fun to watch the staff do their thing. In addition to their regular …"
144,Kevin Wang,5 stars,We went there with a small group and tried several starters main and dessert to share. Every single dish was good from the duck pasta to the chocolate ice cream and sausage egg. Service was good and decor was nice. The price are on the very …
145,Edwin Ng,3 stars,"Well executed, prime and proper...but nothing memorable for me"
146,Jane S,5 stars,"If I could give 6 stars, I would! Service was top notch - attentive but not intrusive. Chef Johanne and her crew really made sure her customers felt comfortable and at home. Food was excellent. I had my favourites, of course - the kombu …"
147,fum yi,4 stars,I got a burnt burnt cheesecake! The top was literally burnt and black! Inside was still pretty jiggly and creamy though. The sea urchin pudding was not too bad but one cup is a bit too jelat to be finished by one person. The tray of sea …
148,Philippa Ho,5 stars,Great dinner. Good ingredients made delicious.
149,Rafael Lim,5 stars,Love the dining experience. The staff was ever friendly and the food we ordered was so good it's close to being mad. Highly recommend the Toasted Sourdough with Kombu Butter and Uni Pudding! Lamb Rack was grilled to a beautiful perfection and every mouth made us go meeeeeeeeehhhhhhhhh! Definitely coming back!
150,Ajay Powar,4 stars,"Very good simple food. Great steak, nice simple salads and really tasty dark chocolate sponge and ice cream. Would definitely eat here again. Maybe the expense of it makes me hesitate for 5 stars ($19 for a bowl of 10 slides small tomatoes is a bit hard to swallow) but can't complain too much given the flavours"
151,Sydney Brie Schaub,5 stars,"Amazing food -- we had Manchego, lamb, tomato salad, avocado, and bread with butter, and it was all exceptional. The avocado was especially delicious -- it sounds plain on the menu but has feta and bread crumbs and pine nuts, and it's …"
152,YKL,3 stars,"Quantity to price ratio has gone down quite a bit.

I've been here three or four times, and this recent time was a bit of a bummer. …"
153,San Eu Tan,5 stars,"Best meal in singapore thus far. The chef is amazing, super friendly, and informative. Made the whole experience very personal and extremely fun"
154,Clayton Chmiel,3 stars,"The ambience is cool, service is good. Food is fine. Good, not great. Definitely not worth the steep prices. Every dish could be $10 cheaper, and I’d be happier. Especially considering most of our dishes were room temperature when we got them."
155,Vincent Tan,5 stars,Their innovative and creative dishes are a delight to the senses. A must visit for a unique and memorable dining experience.
156,Bruce Yap,3 stars,"Too much olive oil. Didn't know uni was a Mediterranean thing too. Otherwise Spanish with EU influence, modern."
157,Duncan McCance,5 stars,"Always killer.
Definitely on my list titled “need to dine here more often!”"
158,Vijay Jacob,5 stars,"Singapore has so much variety and good food options that we rarely keep returning to any one restaurant. Lolla is one of the few which keeps bringing us back. The food, drinks, service are all great. While it's not cheap, it's worth it. Try …"
159,Vivien Chin,4 stars,"Food is good, maybe a little bit too salty, but still good. Service is good, and it's a little pricey."
160,Anu Nathan,4 stars,Hit Lolla on Saturday for dinner. Food was delish for the most part. Only downer were the prawns. Grilled to perfection but tasteless. Unbelievably juicy but bland as hell prawns. Don't bother with it. Shame cos the grilled avocado and …
161,Parvathi Menon,3 stars,"We ordered around 9 different dishes since we were a group of 6, and shared everything. Each portion is generous. Loved their sourdough bread with flavored butter, and also the grilled avocado - those were the two best dishes on the menu. …"
162,Esther Leng,5 stars,One of Singapore's greatest restaurants. The staff and chef are very friendly.
163,AVA LEE,3 stars,"Portion can be bit small...

And the first floor seating open table should really have better ventillation …"
164,LL Tan,1 star,our first dinner on our trip to SG since the pandemic started &amp; he was the only one who had the iberico pork. he had a really bad stomach ache the next day &amp; for many days.. contacted the restaurant &amp; not even a single apology was given but …
165,Alexander Pariyskiy,3 stars,"Semi-fine dining, as they described themselves. Food is quite good but price quality is not there. $40+ from a crab from a can? Almost $200 nett for a bottle of a basic level champagne."
166,Alvin Moses,5 stars,Had an excellent meal at Lollas. The kombu butter was interesting and delicious. The highlight is the specials: Steamed Crab Meat Lasagna. Please try it while it's still on the menu. Everything else was spot on. Even the drinks. I'll come back again to try everything else for sure
167,Wenjia Fang,4 stars,"Small portion plate to share. Second time here. The first time with a large group and was great to try a variety of dishes. This time was with my daughter, so ordered four dishes including the bread.  Good food but nothing special."
168,Fabian Moa,5 stars,"The Sea Urchin Pudding was the Star. Had the Soft Egg with Chorizo and Mangalica Pork Chop with Grilled Pineapple. All the food were excellent, certainly will come back to try their other items. They always have a different special every day."
169,Ken Phang,5 stars,"Back to Lolla for Chef Jo Autumn/Winter menu. Amazing variety of taste from shellfish to quail and even the dessert is wonderfully different. Pasta dish is still uno numero! Thanks to Wandi and team for providing a friendly, homey service."
170,Oliver Jaroschek,5 stars,Plates to share. Very good food
171,Sylvia Lim,5 stars,Nice food and nice ambience to take pictures.
172,Maya Lee,5 stars,My favorite restaurant in Singspore. Every dish i tried was delucious and very impressive. I like the atmosphere where i can feel comfortable. Highly recommend sea urchin pudding and crab pasta.
173,Patrick Cardoso,5 stars,"Definitely a place to visit while in Singapore. Excellent fusion between French, Italian and Spanish cuisine. All served to the best quality and freshness. Ideal to share either as a couple or as a larger group! One of my favourites!"
174,Bernard Tan,4 stars,Lolla is a small cosy place with bar seating. The food is western but unique and is made for sharing. But the menu is surprisingly pricey. I enjoyed the doughnut with lemon sauce desert. 4 stars means that I would not mind eating here again. 5 stars means that I would need to frequently revisit the joint.
175,Apurva Prasanna,5 stars,Unbelievable food. I can't say enough good things about this place. Possibly one of the best restaurants in SG. We went in a large group and the service was excellent. Got some great recommendations from the staff based on our budget and …
176,Shalini Seneviratne,5 stars,"If you eat one thing, make it the kombu butter. My god!"
177,Leonard Chen,5 stars,"Small plates that are good for sharing. The uni pudding is fantastic, if a tad pricey. Very quiet on weekday nights which makes for easy conversation. Service was great too!"
178,Cheers Mate,1 star,"Tuna tar was a disappointment. Avoid ordering THIS. Most sushi bar in Singapore taste much better.  Overpriced for a small portion.
Dim ambience. Food is cook at the bar counter with tiny space.Didnt finish my rib steak, dry.  Won't patron here again. Food is overrated and over priced."
179,Jim Boh,4 stars,"Good food, pleasant service, empty for lunch on a weekday afternoon. Sat at the counter, had the uni pudding and a bunch of other dishes. Not too bad, but expensive as they dont do lunch sets... Would go back only for a special occasion. Be sure to make reservations for dinner!"
180,William Quek,1 star,"I was terribly disappointed with the service from the resturant, despite the fact that the food was good. The reason of it because first thing not much choices of seating arrangement given to us. Only left with bar counter and table …"
181,Michael Breen,5 stars,"Hadn’t been to Lolla in a while. Remains a top draw venue. Sea urchin pudding is a must, along with smoked eel tortilla. Great wine list that doesn’t break the bank as well. After a good few years of operation standards have not slipped. Lolla is gradually becoming a Singapore culinary institution."
182,Andrew Teh,5 stars,"Great service and food. Must try sourdough with kombu butter, sea urchin pudding and tuna belly carpaccio. You won't go wrong with the tri tip wagyu steak and duck fried potatoes."
183,aaron boey,5 stars,Chef Jo is reinventing Lolla's menu while maintaining the old favourites. New offering is fabulous. Beef tri tip and burnt basque cheese cake with truffle was...wow. Ambiance and experience continue to be superb.
184,Raj Grover,4 stars,"Quality of food was good, the best was the beef ribeye and grilled avocado.  Ambience was warm and cosy, but the chairs were small and uncomfortable. Good service. Food was expensive but the excellent Portuguese Meandro Douro at $80 was good value for restaurant prices."
185,Romain Lachevre,3 stars,"Quite disappointing. We had great expectations as the restaurant is mentioned in a lot of guides. The food was very average and definitely not up to the standards that come with such prices. Service was very slow and barely welcoming. We might give it another try, hoping for improvements."
186,Andy Rey,5 stars,Loved it! Cool place to dine... Must try!
187,Лина Харитонова,5 stars,"One of my favorite places in SG.
The service is very friendly and attentive.
Dishes are excellent, especially grilled octopus and uni  pudding. …"
188,P,3 stars,"Very nice place, nice environnement, and definitely lots of work from the cookers. However, the experience was a bit expensive for the meal. We would have appreciated to be more guided in the choice since the meal was definitely for ""exclusive"" degustation purpose."
189,Qi Wyn,4 stars,"friendly and attentive service. have a scoop of the sea urchin pudding to have a taste of the sea, half portion would be sufficient to share among four. food are well prepared highlighting the fresh produce used."
190,Juan P. Gomez,4 stars,Great food and outstanding service. I think quality reduced a bit from last year but it is still a great place. I don't like the seating arrangement: by the bar and tall chairs on the ground level and a big shared table on the basement. Still I would recommend the place very much.
191,Zhiyi C,5 stars,"Had an amazing time here! Both food (crab pasta, sourdough with kombu butter, burrata, lemon sole) and service were great!"
192,David R,4 stars,"Went for lunch, mixed fealings. The fish in the carpatio was not fresh enough making it too strong, but the beef and lamb were very nice. not sure it's really worth the price."
193,Flower world Chong,4 stars,"Good food, good service,"
194,S. Seow,4 stars,"Popped over for lunch on a Sunday.  Place was quiet.  Tried the Burrata, Sourdough Bread with Kombu Butter, Capellini &amp; the Pork Chop.  All of these dishes were good.  Will be back to try out other dishes next time."
195,Andrew Eldon,5 stars,"Excellent food. I had the aged manchego, duck rillets, pork collar and a cheese board all accompanied by a very delicious Rioja by the glass. Ingredients were top notch, service accommodating and friendly and just a great atmosphere. …"
196,Steven Chew,5 stars,Love the food there.
197,Gilberto Gaeta,1 star,"Expensive to the point of being ridiculous, a 160g ""steak"" (2 and 1/2 small pieces of beef) cost SGD39(++), and the ""larger"" 300g portion is SGD66++. A gin tonic is SGD30++. Wines... Don't get even close. The food is at best average and presentation is poor. Completely a no-no."
198,Tom Tan,5 stars,Everything is good here. Not a single dish I ordered was a disappoinment. Kudo to the chef and the waitress. Very good attentive service. Will come again
199,S K,4 stars,"Dishes were very delicious- grilled octopus, sea urchin pudding, iberico

Very attentive and friendly service. The only disappointment was the burnt cheesecake- overly sweet and lack of blue cheese taste. Not worth."
200,Joel Tan,5 stars,"Love the open concept kitchen. Food was well executed and some dishes were innovative. However, there are many fantastic restaurants in the area providing competition."
201,Ma. Theresa Salvador-Agu,5 stars,Great food made possible by great chefs and kitchen staff.   Impeccable customer service !!!  👌 🥰 …
202,Christie Tanjaya,3 stars,"Very nicely decorated and has great atmosphere. Cooks the steak on the raw side, we had to keep sending it back but they were good sports."
203,Andrei Garbuz,1 star,Although food in this restaurant is good the service and the way clients are treated is awful. Not only that they charge for extra bread what I find unacceptable in Mediterranean themed eatery they switch off the fan on their terrace at 11pm and make you suffer the humidity.
204,Mike Lau,5 stars,The Grilled Avocado is amazing.
205,Sirinit Virayasiri,5 stars,Everything is incredible good !!! A Must to try !!
206,Wern Chiet Siow,5 stars,Must try their Blue Swimmer Crab Tagliolini
207,Richard Hall,4 stars,"High quality food cooked and prepared wonderfully, can get very noisy, and wait staff could be more friendly. Wine and cocktail list is really good"
208,GJ Wee,5 stars,"Thoroughly enjoyed our meal here! Loved the food (especially the carabineros), the music, and the service was great too."
209,Eugene Wii,5 stars,"Nice fusion style, with tasty and unpretentious food. Nice place to chill, provided it's not too crowded! Would definitely love to return, hopefully soon!"
210,V H,5 stars,LOVE the new Lolla under Joanne. Seasonal menu keeps things interesting!
211,Wendy Wakfie,1 star,"Very bad service. We went to the restaurant and it was 9:50 pm and they did not let us in because the kitchen was closed, when they have a schedule outside the restaurant that it said that they close at 10:30 pm, so disrespectful. If I could rate them no star would be perfect they do not deserve anything."
212,Ask Trabble,5 stars,"Lolla offers inspired and simple small-plates combining seasonabl produce and freshest ingredients with Mediterranean influences such as duck fat potatoes, tuna belly tartare and cured meats."
213,Robert Meoli,5 stars,Amazing dinner at Lolla Singapore!!! Thankyou Chef Johanne for your amazing hospitality and degastation menu that's out of this world.
214,Nat N,4 stars,Food is good though price is rather high. The best thing about this restaurant is the Kombu better. Always back for it and will buy it back too.
215,Luyi,5 stars,"More pricy than 2 yrs ago, but still good for the food. Beef tongue is a must order that just blow my mind"
216,CJ Dayrit,5 stars,Good food and personal.
217,Philip Chua,3 stars,"Good food but generally over-seasoned and salty, leading to good experiences on a per plate basis, but tiring as a meal.  Poor value too."
218,Aaron Y,5 stars,Everything is delicious and I want to eat it all. Their dishes are pricey but I rather eat one from here than 10 from another place.
219,Sing Yu Ngooi,5 stars,Nice ambience. Duck fat potatoes and lamb rack are my favourite so far. Worth to visit for second time
220,Mark Barden,4 stars,"Excellent food, variety is impressive, dishes are well thought out and executed.  I highly recommend Lolla."
221,Crispian Leong,4 stars,"Great food as always, but menu hasn't changed much over the past few months though."
222,Jocelyn Gan,5 stars,"My favorite restaurant - excellent service and good food, agree that a couple of dishes can be too salty at times..overall, still a great restaurant."
223,Gregory Waldron,4 stars,"Great food and fun vibe. Good for groups. If going as a couple, reserve spot at bar."
224,Carole Kano,4 stars,Atmosphere of the restaurant was friendly and the foods are delicious.
225,Waang,3 stars,Food is quite nice here. But the seats are uncomfortable. Stool seats only.
226,Darren,3 stars,Ok food but nice ambience and good service - friendly and attentive staff. On the pricey side for the quality of the food.
227,Laura A,3 stars,"nice location, interesting menu and not so the usual but more expensive than most of of the places like this .cafe bistro."
228,Lisa Womersley,5 stars,Delish little Michelin hideaway
229,MC LAU,5 stars,Excellent service and food. Tapas.
230,Karl Duffill,5 stars,5/5!! The food in this place is marvellous and the staff are sply amazing. Could not recommend this place more. Good for smaller groups.
231,Pinhwa Su,5 stars,Loved the sea urchin pudding and the Crab Relleno
232,Matthew Addley,5 stars,Excellent venue for group dining but you'll need to book in advance!
233,Boon Hui Kua,5 stars,sea urchin pudding is awesome. other small plates good as well
234,Michelle Teo,5 stars,I always have a great time eating here. I just wish the menu changed more often.
235,Marcelo Piccioli,5 stars,It’s simply ESPETACULAR!!! My wife and I love this place. Our favorite place in Singapore!
236,Peter Kakulas,5 stars,Very good selection of food and wines ...great flavours and easy to share
237,Brokenboy,5 stars,"Food is not bad staff and friendly and helpful. Ambience was great, chill vibe all around"
238,Nijaya I,5 stars,"Love every full and fresh ingredient ... While writing and rating, I want to go back there... Missing the taste of it"
239,Ivy Esquero,5 stars,"Excellent food, wine and service. Good for date nights and groups."
240,Odette Engelbrecht,5 stars,"Lovely lunch, great seasonal menu"
241,Al Sim,5 stars,"Food was delightful, excellent execution of all the recipes"
242,Pebbly Ho,5 stars,Lovely wines paired with simple food and good produce
243,Kai Tang,5 stars,Excellent food and a nice vibe. Poor phone signal in the basement but small details!
244,Eugene Low,5 stars,Mind blowing gastronomic restaurant. Worth every penny. Friendly staff is a bonus.
245,Tom,5 stars,"Great food, service and atmosphere. Well done Lolla team."
246,Steven Willinger,5 stars,Delicious small parts with unique flavors. Much more European than most and much appreciated.
247,Lloyd Strecker,5 stars,"good food, highly recommended"
248,Som Kapoor,4 stars,Great ! Basement private dining for large groups is amazing
249,Susan Tan,5 stars,"long time fav, with consistently good food and service. always go for their specials!"
250,Russell,1 star,The new tasting Menu is pretty bad.
251,Keith Lam,5 stars,Great food yet again. Every item is well executed.
252,Harry Chen,5 stars,"Awesome Tapas in Sing, one of the best one I've had so far"
253,Erin Wong,5 stars,Yummy! Slightly pricey but good ambience and experience
254,Mind Hacks,5 stars,The food and the place is fantastic!
255,Derek Lee,5 stars,Amazing delicious food!  Everything was as expected!
256,Lm L,5 stars,steak is great. do sit at the bar and watch the cooking
257,E C,1 star,Overpriced small plates of largely average tastes
258,Singapore Foodster,5 stars,"Inventive food, cozy atmosphere, and wait staff is excellent"
259,Kim Jin,4 stars,It is ok. Don’t might go back and try more kinds of food
260,Jereme Chong,5 stars,This place will make you laugh and scream in delight. It's even in the name
261,Chris Tan,5 stars,Amazing food with excellent selection of wine!
262,Mallesh Pai,5 stars,"Small but excellent menu, friendly service.."
263,Neritan Dedja,5 stars,"good food, highly recommended"
264,Kel Tay,5 stars,Quite pricey but worth the food and wait with friends
265,Agnes Tjan,5 stars,Great service and yummy food!  Can’t go wrong.  😍😍 …
266,Hope Ang,4 stars,Come for the uni pudding its stuff that u can dream of.
267,Alex Mier,4 stars,a bot pricy but good Spanish/Fusion food
268,Daniel Kong,2 stars,The grill octopus &amp; Iberian pork was over-burnt.
269,pascal marx,5 stars,A must to do
270,Rey Y,5 stars,I love their cheese cake
271,fanky cheung,5 stars,"Very nice food, and reasonable price"
272,Nico Maurette,4 stars,"Good Western food, but a bit overpriced."
273,Gregory Chan,3 stars,Not the place to be if u r looking for value. Hits and misses.
274,Claudio S.,4 stars,"Delicious food, great service, too expensive"
275,Blues Home,5 stars,Dat cheesecake takes the cake :D
276,Misha Graboi,5 stars,"Excellent Service, great tapas."
277,Dinesh Rissberger,5 stars,Humble food executed to perfection!
278,Terrence Tang,4 stars,a intimate dining experience with awesome food.
279,Phil Wade,5 stars,Excellent food and wine
280,Tonka Lange,3 stars,limited choice and not much space to seat
281,Sophian Abdul Rahman,3 stars,Overpriced and food was nothing to write home about.
282,Mirela Covasa,1 star,"Small plates, huge prices"
283,Emily Williams,5 stars,Amazing in every way possible
284,Julian W.,4 stars,Love the kombu butter
285,Lysha L,5 stars,Delicious food and wonderful service
286,Claudine Kwok,5 stars,Love it
287,Poon Piau Lai,4 stars,Great food and atmosphere
288,Alastair,5 stars,Fantastic
289,CHO TING WONG,5 stars,Nice burnt cheesecake
290,Pamela Lee,5 stars,Great service and food
291,mike c,5 stars,Food is great 👨🏻‍🌾 …
292,Alev Kocabas,5 stars,Nice foods and place
293,Peter Roche,5 stars,Great place!!
294,Nyoman Yudistira,4 stars,Nice place
295,Take Azu,4 stars,"It's a popular restaurant, so it's best to make a reservation early. There were 4 of us this time, so we were seated in the basement, but it was a nice atmosphere that was different from the first floor. The staff was friendly and the food was great.Maybe because of my age, I only left the Iberico because it was too greasy. Excuse me"
296,Y W,5 stars,"One of the best experiences so far this year.
Every bite is full of surprise. Definitely will come back every time I visit Singapore. …"
297,Yuanyi Fu,4 stars,Recommend the sea urchin pudding. It is a must-order for almost every table. The steak is average and does not feel very fresh. The radish is full of sauce. The pasta is full of milk. It is just right for two people. You will get tired of eating one portion by yourself. The overall decoration is retro and the oysters are very fresh.
298,Anna B.,4 stars,"I ate twelve courses and was very satisfied with each one.
Course price: S$238."
299,Echo Wang,5 stars,"It’s delicious, the dishes are creative and unique, and it also looks a little familiar. It turns out that Chef Lolla worked with Chef Jiang Zhencheng before."
300,muriel barra,5 stars,"An extraordinary discovery in a restaurant that doesn't look like much. Warm atmosphere and a chef with magical fingers who creates simply breathtaking dishes. Original wines.
A real moment of pleasure 🥰 …"
301,Daniela Barcia,3 stars,"EXPENSIVE for the portions they offer.
The place is very cozy, and the food is delicious but “not spectacular.”
4 people: 6 starters/side dishes, 2 desserts and 1 wine. $390 …"
302,Hiền Hậu Phạm Văn,5 stars,"Delicious, not all girls"
303,Mikhail Zhigarev,5 stars,"One of the best places in Singapore. Everything is incredibly delicious. The portions are small, the prices are high, but no matter what, this place is just something. 5 points is not enough for this place."
304,Fei Xiao,5 stars,"The food is delicious, the environment is good, and the service is good"
305,sue sato,5 stars,Bistro counter. It's delicious no matter what you eat.
306,Myoga Kaiware,4 stars,Sea urchin pudding is excellent
