,Name,Rating,Review
0,TY Moh,5 stars,Had our wedding anniversary here last night and everything was perfect! Food was amazing and one of the best priced Michelin restaurants in overpriced Singapore. Service was fantastic and they even prepared a special wedding anniversary dessert for us.
1,C T,4 stars,"I visited Reve earlier this year and enjoyed my experience. The food was of a high quality, although there were no real highlights that stood out. If you are looking for a fine dining experience that is executed well, Reve is a good place …"
2,Ryan Ong,1 star,"Awful experience for a 2 time 1 star.

The Amuse-bouche had limp crust that was suppose to be crispy. …"
3,He Hsi Chen,5 stars,"Exquisite food at an attractive price point. Here to celebrate a birthday and we enjoyed ourselves. A minor flaw was the signature sea urchin pasta - felt that the pasta itself was not seasoned enough and bland, it was only relying on the …"
4,Ava Leon,5 stars,"This restaurant is value for money,All the dish are excellent!Must try!Yesterday me and my husband come to Reve celebrating my birthday.Chef Roberto is very attentive and warm.He noticed that my hubby didn’t eat the start salmon and asked …"
5,Mbak Novi,5 stars,Chef Roberto has beautifully orchestrated the Asian touch to his Opera - the symphony of flavors. …
6,liangwei liang,5 stars,"""I'm traveling from Canada, having dined at numerous Michelin-starred restaurants worldwide. I was initially skeptical about Reve's location in Chinatown, but the moment I walked in, it felt like entering another world. Despite my …"
7,John Teo,4 stars,"First time at this one Michelin starred restaurant. Had their Christmas eve dinner. Modern European, well executed dishes, but nothing really stood out as exceptional."
8,Royal Pears,4 stars,"5 course lunch menu ($98 plus $38 for grouper)
1. Black Angus beef tartare, truffle - Good.
2. Scallop, white asparagus, karasumi - Fine. …"
9,Alex xby,5 stars,"Second time here. Black Angus Beef Tartare and A5 wagyu are two of my fav dishes here. Vibe is great, appreciate the choice of music .
Chef Roberto is a very kind and nice person, he’s like your good old friend who’s taking care your appetite well and willing to share his passion with you!"
10,Camille Delauney,5 stars,"A visual delight and a treat for the taste buds. The 9 dishes were all more succulent than the others.
Thanks to Chef Roberto and his teams for this unique experience"
11,Joshua Then,1 star,"The one Michelin Star unfortunately went away, along with the previous head-chef when he departed in January. …"
12,Marley Lemew,3 stars,"The new lunch menu is lackluster at best. For a Michelin starred restaurant, lunch falls short in terms of its taste. I saw many good reviews and expected the same for your new menu. But I was disappointed. Why fix something that isn't broken?"
13,Kit W,5 stars,This is a former one Michelin-starred restaurant Chef Kawano Masahiko’s own Japanese/French fusion restaurant. The dinner omakase menu was really well designed and my words can’t say enough about how much I enjoyed it. As I am writing this …
14,Stephanie Wong,5 stars,French Japanese cuisine at its best. I must say I was really Impressed by the breads and duck consommé noodles. Very good price point for lunch menu. Will definitely return to try the dinner menu next time.
15,Kelvin Wee,5 stars,Best dinner I had in 2022. Truly deserve the Michelin star ⭐️. By far the best pigeon dish I had in my life so far. Meal was very satisfying &amp; service was excellent. Head Chef Kawano Masahiko &amp; Sous chef Yang did an exemplary job to make …
16,Ben Lin,5 stars,"Gathering with friends in this micheline star restaurant for dinner yesterday, we all enjoyed the food, wine and ambience there, the staff is very helpful and responsive, glad to answer our questions about the chef and the food …"
17,Lynn Koh,5 stars,"Had an amazing birthday dinner at Reve. Love the food - specially curated ingredients from Japan, France and the region, put together in French culinary style. …"
18,Sarah Bell,5 stars,"Wonderful food and wine in a sleek setting. The lunch menu with Wagyu, and wine pairing, is great value and the perfect flow and balance of dishes. Of the Michelin restaurants I've recently dined at, Reve is the best by far."
19,Celeste Wong,4 stars,"Reasonably priced omakase lunch. Food was pretty good especially the duck noodles, beef and the bread. Good service too. Chef was also friendly. Heard the chef's recommended dish was pigeon, going to try it next time. Enjoyable meal."
20,VL Kong,4 stars,"Enjoyable 2.5 hours 10-course dinner,  with like two mains.  The star dishes were the pigeon - perfectly done, succulent, bouncy and crispy.  The unassuming bowl of noddle with 7-hour simmered duck consommé was simply super savoury! …"
21,Anthony L Tj,4 stars,"Went during Valentine day, so only tasted the Valentine Menu (not its other usual fares) for 200++, It's a new place and the atmosphere is pretty decent especially the main area. But if you are seated to the side room, do note that it can …"
22,Dee BeeKay,5 stars,"A wonderful find in Singapore. Italian-Asian food done exceptionally well. The fish was some of the best we have had, and Chef Roberto really knows how to mix seemingly simple ingredients to create flavors that really create an impact. …"
23,Edward Low,5 stars,For the price was well worth it. I personally like the cold chawanmushi w scallops and duck soup noodle best. The pigeon was ok for me. Good to see creativity in the food rather then just very expensive ingredients. Wine was a bit pricey I felt but overall highly recommend.
24,Brian ZP,4 stars,"For a Michelin starred restaurant, i found the dishes to be surprisingly underwhelming. We had the lunch set, together with the A5 topup.
The scallops were perfectly cooked but the broccoli sauce was bland. …"
25,Andrew Tan,5 stars,"Had a lovely birthday celebration with my foodie friends. The six course lunch was nicely paced, and packed with flavours while keeping the journey interesting. …"
26,Alex Soo,5 stars,Had the lunch menu. More of a Japanese ingredients with French cooking style. Food tasted and looks good 👍 service were excellent. Price is very reasonable 👍 …
27,NORIHIRO AKIYAMA,5 stars,"I visited this restaurant to enjoy lunch set menus.
All dishes are taste nice and looks beautiful. Most impressed dish is HIMONO grouper. HIMONO is one of the processes of dry-aging. …"
28,Regina Chan,5 stars,"Had a delightful meal at the newly opened French-Japanese inspired RÊVE. I love how Chef Masahiko pays attention to the small details, and every dish was well executed. Definitely will be back."
29,Sammy Chow,5 stars,"I could possibly add this place into my bucket list of fav restuarants for special occasions and lunch meetings. Food is immaculate. Enjoyed the truffle beef tartare, and king salmon appetisers, the gnocchi was flavorful, mains is a tad …"
30,Vinchel Budihardjo,5 stars,"Good place for fine dining. More French than Japanese...kind of like 80:20, but beautifully presented and tasted so good too. Kudos to Executive Chef Kawano Masahiko and the team. Will return. Cheers"
31,David Ireland,5 stars,"Very nice Christmas meal with my girlfriend. Food was delicious, service very attentive. We had a minor issue at our table which was dealt with professionally and quickly by the staff. …"
32,Jazpar Yeo,5 stars,Amazing experience! The staff were attentive and explain well each dish that was served. …
33,Pris,5 stars,Truly enjoyed our flavoursome lunch course at Rêve! Lovely team and great service!
34,Dess T,5 stars,"Not to spoil you with too much details but this place is a must visit. Tucked away in a quite kreta ayer road, this place provides the ultimate intimate experience. The French-Japanese cuisine is crafted by the talented Chef Masahiko and …"
35,Lucy How,5 stars,We opted for the Elementaire lunch and we enjoyed every item served.  Food was exquisite and aesthetically pleasing. Even the 3 different types bread  served and the coffee  (latte/cappuccino) at the end of the meal were really good. …
36,Sanna Roininen,5 stars,We had lunch at Rêve and we were very pleased with the food and the service. The chefs and rest of the staff made a great job. They also took the food preferences into consideration which I was very happy about. Special thanks to Chef …
37,Pauline,5 stars,Enjoyed a lovely 6-course lunch today. The mod European cuisine was delicious in taste and generous proportion-wise. Compliments to the chef and his team! We are returning in late June for a birthday lunch for which we were lucky enough to book the entire restaurant.
38,Choon T,5 stars,Michelin star Japanese-French restaurant. Only fixed menu served. Food was great and the service was impeccable.
39,L H,5 stars,It was a very nice dinner experience:) We really enjoyed the food and service.
40,Tyler Shaw,5 stars,"Whether it is starter, main course or dessert, all dishes are meticulously prepared with fresh, delightful, exotic ingredients and artistic plating. The innovative techniques and fusion flavours calls to mind of traveling across Europe and …"
41,Eric Ramalie,5 stars,"Excellent food and splendid service. For Michelin star experience, this would be my favorite so far."
42,Phil,5 stars,"A great experience: perfect food, amazing service and the wines pairing was the best I had in Singapore."
43,Vera Wang,5 stars,Super friendly staff and amazing food! Excellent place to gathering and celebration !
44,Sexie Sugarine,1 star,"Chose this place as it is newly-minted with one Michelin star to celebrate my boyfriend's birthday on the 20th May. Coming from a service provider myself and my boyfriend, a chef, the experience was way below expectations. He found a …"
45,Pam Kong,4 stars,Lovely cozy place with balanced dishes. Nice touch for birthday celebration.
46,Dongli Lin,5 stars,Excellent food and service. Ample opportunity to improve on the ambienc though
47,Yichen Z,5 stars,Great festive menu! Really enjoyed the meal. Will be back again 😋 …
48,Calvin Ho,5 stars,Celebrated Father's day at this wonderful restaurant. Superb food and service!
49,mei f,3 stars,"lawrence saved the night with his professional, helpful and knowledgeable service ❤️ …"
50,Jarusiri Tumpakdee,5 stars,"Restaurant ambience: soothing and relaxing. Beautiful modern opened kitchen space.
Staffs: attentive and pay attention to details, for example, promptly offer new …"
51,Elizabeth,5 stars,Great food and friendly chef!
52,Winona Quinn Li,5 stars,Celebrate my birthday with my boyfriend here ! Food was amazing 10/10 👍🏻 will definitely come back! Its just super gooooddd that I can't describe 👍🏻 Everything was super fresh ! Amazing …
53,Crystal,5 stars,The food was amazing and the service was even better! This place deserves a 6 out of 5. The staff went above and beyond to accommodate me and clearly takes great pride in their food and creation. Love it!
54,Nicole Low,5 stars,Delicious fine dining with lovely service and atmosphere :) will be back again!
55,Amanda Koh,5 stars,"Absolutely delicious tasting menu!
The pigeon, kinmedai and wagyu beef were amazing!
Service was excellent, the chef is super friendly and very nice!!
Highly recommend 👍👍 …"
56,Jean,5 stars,My second visit here! Food is great.. but it’s the service that is next level! Awesome experience during dinner. But the service stuff actually made the effort to come to a location near my home to pass me the item that I totally forgot and left behind.. super grateful!
57,Irene Pua,5 stars,"Just had a great lunch.
The food was awesome 👏 The chef really make the great effort . Service was excellent. …"
58,keehwang poon,5 stars,"Intimate place for Date night.  Many thanks to Diaz for the attentive service .
Excellent Sake from France. Ooo.. the pigeon, Divine!"
59,Lina,5 stars,It was affordable and delicious!
60,Lilian Chiu,5 stars,Nice food and nice dinning environment. friendly chef.
61,August Hilliger,5 stars,Excellent
62,王士維,5 stars,Michelin-worthy atmosphere and food.
63,Gerard Lai,5 stars,"Great place ! The food is excellent, especially the pigeon."
64,Jon S,5 stars,Great new restaurant with welcoming staff and a talented chef.
65,Shi Leon Hoo,5 stars,Excellent service and even better food! Definitely worth the experience!!!
66,Amir Biran,5 stars,Superb!
67,Zizhen Wang,4 stars,"Reve is a one-Michelin-starred restaurant in Singapore. Morden european fine dining. The lunch price is okay, I chose five courses for 98 (excluding service charge and gst). Compared with the six courses, there is only one appetizer. (You …"
68,ああ,3 stars,"It's delicious, but not very interesting, and the service staff's explanations of the ingredients are incorrect, which makes me uneasy."
69,Shuihong Jiang,5 stars,French and Japanese styles have a unique flavor when combined!
