,Name,Rating,Review
0,Guan Ying Cheah,5 stars,"Came here on a quiet night, but so nice and chill. Service was great, and so was the food. We got the beef and pulled pork burger, recommend the pulled pork. Was soooo nice ♥️ thank you! Pet friendly too, the service staff gave our dog water. Cleared our food. Beer was worth it."
1,Song Ren,5 stars,"Work nearby, came here alone because I had no lunch plan - I liked it. It's relatively quiet for a Wednesday lunch break. However, I enjoyed the me-time for myself just having a plate of pork chop and a pint of amber nectar. …"
2,mag huang,5 stars,"Order the nachos, can’t go wrong. The chips and avo dip was so good! Staff was great, met the founder and he was super chill. Would rec the interesting bloody mary if that’s your thing."
3,Ice Qu,5 stars,"Unpretentious,  casual but in no way a dive bar, the SOS has got the right vibes for a quiet midweek drink with your friends or sweetheart as well as a rowdy, steam-blowing-off beer with coworkers on a distressing Friday or whatever day of …"
4,Oliver Meli,3 stars,"Drinks are okay but very expensive. The staff is friendly but if there are many customers it can take a while till you get your order.
It can be very loud and conversations might be harder."
5,Khor Zi Jian,5 stars,"Food was delicious and service was great!

We ordered the (i) chicken meltz burger, (ii) baby back ribs and (iii) pulled …"
6,T A,5 stars,"Didn’t eat there, just day drank. Great little bar for that. Surrounded and hidden by banking / financial institution skyscrapers, the kind of quiet place local office expats go after a rough day at the office to get loaded. I just visit …"
7,Timo Scott,5 stars,This is kind of our local “watering hole”. It’s close to home and serves great drinks and usually has a good crowd. I don’t have a dog but I love that this place allows people to bring them (and other friendly animals welcome). Staff are …
8,Joanna O,5 stars,"This is a nice Mexican-themed place with nice food and drink. The burgers, fries, nachos and more are good, and the drinks are quite nice as well. It's definitely in the range of comfort food. A good location as well, right near a lot of things in the CBD. And the service is good."
9,Max Van der Pols,5 stars,"Great dive bar with live sports, attentive service and a chilled out vibe. Definitely recommended!"
10,Ashish Bagchi,3 stars,"Good finger food, limited choice . Very slow service . Ok for a late evening bite and drink"
11,Cynthia Lim,5 stars,"Went for lunch on a weekday since they are on entertainer. Service is great, very friendly staff. Food is actually quite decent amd portion is just nice. Exceeded my expectations given that its a popular place for after work drinks! Would visit again!"
12,Melissa Wood,5 stars,"Really good experience ,
Cool concept bar in bottom of I think condo development, they allow some dogs were hanging  out . Busy because of tennis tournament. Staff was kind. Draft beers 11-14$  , bartender messed up order but we got a free pint :)"
13,Reza Sarmadi,5 stars,"Hands down the best bar in town. Well I'm not really from Singapore but once you get here and check it out for yourself you'll know why I think that... The staff is super friendly, drinks are very reasonably priced and the food is 5 star restaurant quality. Enjoy!"
14,John Driscoll,5 stars,Great vibe… serious well-equipped sports bar…reasonable prices and decent breakfast… very friendly owner … great place to watch a game
15,Melissa Ong,1 star,"I ordered takeaway:

Nachos with melted cheese, jalapeños, beef chili and beans. Requested for no …"
16,Yuchen L,2 stars,"Beers are overpriced at $15-20, and not much of a view (facing the street). Seating is fairly limited"
17,Karel Nijs,4 stars,"When I arrived the owner was literally sleeping on his bar. When his colleague woke him up, I got a veggie burger and it was pretty good. Local beers here, only imported ones."
18,Paul Bardeskar,5 stars,"Great place with lovely staff, one of the best location...drink, eat and have fun is what you can best describe this place."
19,Mike Hoffmann,5 stars,Very nice bar with a very good choice of beers from tap and drinks. Also some good food options if you need a bite on a Sunday.
20,xxtn,5 stars,"Amazing place with a true heart and soul! A starkly contrasting experience to your typical insipid bars in the city area, or in the country for that matter. The staff clearly have a true passion for what they do and they never fail to let …"
21,Lilian,5 stars,"Great, cosy place for nice juicy burgers. This is the SOS burger my mobile hadn't done great justice to."
22,Shannon Winona,5 stars,"Not only was the food deserving of 5 stars, the service was amazing as well! When we first got there, they provided my dog a large bowl of iced water and some friendly pats:) We then ordered the beef burger which was well-seasoned, juicy …"
23,Marco Savini,5 stars,"Surprisingly empty on a Friday evening. But the staff was great and the drinks were good. As a colleague had birthday, we got some shots of cinnamon whiskey, a nice first experience. We will continue to come here occasionally and hope it stays this way."
24,Shazni Shoffie,5 stars,"Unusually quiet for a bar in the central business district. Food and drinks were great, perfect setting for a small get together session with colleagues. The crew were friendly and made customers feel comfortable at all times."
25,Christopher Lim,4 stars,"By far the best bar in the CBD area if you're looking for a casual after work beer or three. Staff are friendly, drinks are reasonable, food is good and the place is chill, what more do you need? It's not uncommon to find the super cool …"
26,Ember Shen,3 stars,Slow and mediocre food. Understaffed when I went
27,Karunakaran Oorathi Pathangi,3 stars,"I have been a regular at this bar for years, visiting couple of times a week. I used to go back for the nice and chill place to hang out with friends but the last few visits have been disappointing. Service has been abysmal with rude …"
28,Hui Ling Lee,5 stars,Friendly staff. Came on a Saturday afternoon with my family. The food took a little while but the wait was worth it. Love the salmon and burger! Generous portion.
29,Flo Yeow,4 stars,"It's a nice bar at the heart of CBD, which caters mainly to the banker / corporate crowd quite a fair bit. Ambience is good, and the service is good too. Didnt try the food when I was there, but the drinks are definitely uniquely interesting. Great for team catch-ups and drink catch-ups!"
30,Trena Wah,5 stars,"Went there last tuesday with a group of girlfriends for Taco Tues and the service was prompt and efficient. Beef taco was yum yum. Great location, pretty good place to chill after a long day of work. Prices are reasonable too. Our first and definitely not the last!"
31,Vijay Jeyaratnam,4 stars,Great place for a few cold ones after work.
32,Hafizah Yusoff,5 stars,"Incredible service and staff are friendly AF! Currently drunk, thus the informal language, pardon me. The ambience of the place is soothing as well, perfect for a casual night out! Albeit being located away from night clubs and activities, it serves greatly for people who just want to drink (pay) and go!"
33,Angelo Maniatis,4 stars,A good bar tucked at the back of the Sails apartment complex. It's a handy spot for after work drinks if you're in the Raffles Quay and the Marina financial district. Not much to look at it (unless you enjoy traffic and office buildings) but it makes it up with reasonably priced drinks. The bar snack are pretty decent as well.
34,Jarrett Tan,5 stars,"They had many foreign beers on tap that's rare to find in Singapore. A plus, the bartender and Nani were super friendly!"
35,Théophile Lebrun,1 star,"I went to this place with my colleagues for lunch. The food took extremely long( 50minutes +) to come, french fries were not available, meat of the burger was good but the bun was cold (one of my colleague was less fortunate, his burger bun …"
36,Michael Grierson,4 stars,You feel like home as soon as your arrive. The chicken melts are a must try! Would love the beer to be a touch cheaper. Service can be a bit slow when busy. Only 2 things stopping it from getting 5 stars from me.
37,Dionne Tan,5 stars,"Great service &amp; afforable drinks. A place you would want to hang out with your friends. Definitely worth checking out especially if you're in the CBD area. Amazing Offers for Taco Tuesday, $3 only. And also the sliders are to die for, go try it!"
38,Paul O'Malley,4 stars,"I had my birthday party there recently. They did a great job - attentive service, good drinks selection and the food was great. Flexible and friendly approach. Hard to find a more relaxing venue around CBD."
39,Alicia Tan,5 stars,"It was my first time at SOS last week and to my surprise, they actually offer a wide selection of drinks at such affordable prices. The ambience was pleasant and service was friendly and approachable. Will recce my new hang out spot to frens! :)"
40,Ignatius Ng,4 stars,Really nice vibes and dog friendly. It was fun playing with the puppies that patrons bring along and have a nice catch up with my old friend and chilling outside the bar. It was a really nice and chill atmosphere.
41,N. H.,5 stars,"Pretty cool vibe.. cosy in some ways. Very good service staff. Drinks are priced affordably. Bar snacks are good, mains are good too - particularly like the steak and salmon. Worth trying."
42,Candice O'Brien,5 stars,Loved it! Took my dogs there on Ladies Night with free flow bubbles for $25 from 6-9pm. Dogs were treated like stars by staff and patrons!
43,Katy Perry,5 stars,Nice people nice food!! Loved it.
44,Craig Sahli,5 stars,"The Oregon State Beavers did not quite win the game....but Ed and the crew were fantastic.  Beer was cold, staff friendly...felt like home!
Thanks!!"
45,Chrissa da Gomez,3 stars,"My go-to bar after work. SOS has an okay food and okay drink, but superb music. This place is perfect for an early night chill or afternoon drinks."
46,SuperCashSG,5 stars,"This is my favorite bar in that area with cheap drinks, excellent good and great service. They keep your bottles for a much longer period than any other place in Singapore."
47,Mark Jelinek,5 stars,"Great local bar and brilliant staff. Note,bit doesn't have ""inside space"" but accommodates as it can. Decent selection on tap and food."
48,K S,3 stars,"Ok place for a quick drink after a busy but bring day.  The location is very convenient, but the prices are bit too much. And no convenient place to sit around with friends"
49,Rishabh,1 star,Worst place... I came here with my wife for some good time. These guys ask me to cancel the food order after waiting for 70 min and still not apologetic. I felt very much humiliated. …
50,Geraldine Lee,5 stars,"The service at SOS is impeccable. Cheap drinks, good food and great ambience. Highly recommended especially if you're looking for a great place to wind down after a long work day."
51,Andre Shori,5 stars,"Small bar, staff are fun and the drinks are cold. Great place to relax after work on a Friday night with buddies."
52,Teddy Ho,5 stars,"great after work bar, crowded during peak hours, so you have to stand outside. not good if weather is hot"
53,Joelle Lu,5 stars,Chill bar with amazing bartenders and wait staff. They are one with Miss fitz beside. Do check out both venues! 😍 …
54,Adrian Chua,5 stars,Delicious baby back ribs and salad!
55,chandni gangar,4 stars,Great place to hangout after office. Their cocktails are great!
56,vincent zc,1 star,burger is really bad…
57,Goreva Dasha,5 stars,"Friendly staff, good drinks! Best place for afterwork meetings"
58,Dane Fernandez,5 stars,"Great food, great drinks, and outstanding service. Sports always on!"
59,Mikko Kortesluoma,5 stars,Cool little chill out place in the middle of CBD. Great to escape work for a pint or two.
60,Julien,5 stars,Prefect place for a quick afterwork drink. Nice atmosphere and friendly staff
61,Vincent Li,5 stars,"Great local watering hole showing AFL, Super Rugby, NFL and College Football"
62,ryan chua,5 stars,Excellent food and vibes
63,Zachariya Kahil,3 stars,Burger is nice. Meat well-cooked and very tasty.
64,Trent Eddy,5 stars,"Casual, great service. Easy place to come and chill out"
65,Sharad Pandey,5 stars,Good hangout place behind One Raffles Quay car drop point
66,chan wiji,5 stars,Good atmosphere and awesome drinks!
67,tak monmon,5 stars,Love it
68,KJM Son,1 star,so noisy
69,Ivy Tan,5 stars,"Chill vibe, good selection of finger food and convenient location"
70,Jameson CHIANG - Singapore,4 stars,👍 Tasty chicken 🐔 melt burger. …
71,Cheng Han Kea,5 stars,"Fantastic service, food and drinks."
72,Andrew Boyd,5 stars,Great atmosphere and very attentive service.
73,Brendan Fitzpatrick,5 stars,Great staff and excellent music!
74,Mike Willis (CircleK666),4 stars,Decent bar for an after work drink ...
75,Tapos Thakur,5 stars,Always a good place for an emergency beer
76,Victor Khoo,3 stars,Service a bit slow despite being a bit quiet
77,Jordan H.,4 stars,Good service and great prices.
78,Tony,5 stars,Nice cooling atmosphere with nice surrounding
79,Kavita Patel,5 stars,very nice  place and great atmosphere.....
80,Nathan Scott,2 stars,I dont understand this bar and location on the street.
81,Stefan Pang,5 stars,This place has awesome service!
82,Ashley Woods,1 star,I just didn't like it at all.
83,Jason Pritchard,5 stars,Great to watch rugby
84,David Tate,4 stars,Nice music and drinks 👍 …
85,Andrew Bell,5 stars,Best wings in sg
86,CY T,3 stars,Potato crisps were soggy.
87,Ashutosh Tiwari,5 stars,Great place to hangout
88,Jen Englis,5 stars,4th time here :)
89,Eric,5 stars,Tesh is the best! 👍 …
90,Jitendra Patel,5 stars,Excellent
91,Tornado Edarc,5 stars,Great
92,Shashank Bhavaraju,5 stars,Nice place and nice vibe
93,Desmond Pias,5 stars,Crispy fries
94,shiva shankar,5 stars,Nice bar ..
95,Adriano Anaya,4 stars,It's a small bar. Stopping by to have a few drinks. The bartenders are excellent.
96,Aya Mo,4 stars,"I drank here.

Depending on the day of the week and the time of day, we have some great deals."
