,Name,Rating,Review
0,Stephanie Wong,3 stars,"I echo some reviews below. While the concept of drawing inspiration from the onion was interesting, the execution fell short. Although the dishes were beautifully presented and well executed, we found the flavors a bit repetitive and left us wanting for more (flavours). We still had a very enjoyable night in overall."
1,Eunice,5 stars,Had a very euphoric birthday celebration here with my boyfriend! Don’t be put off by the fact that the menu is centered around onions; they use Cévennes onions that are unbelievably sweet and taste more like a crunchy vegetable than the …
2,Elbert Perez,3 stars,"Had their valentines set menu the day before valentines. I would say the food was executed in an acceptable manner in terms of flavor balance, texture, and preparation technique. Service felt a little rushed with explanations of the food …"
3,Jian C,3 stars,"All the dishes were beautifully presented, but overall the flavor profiles lacked a little depth and soul. And while I really appreciated the story and theme of inspirations from the humble yet lovely onion that carried from one dish to the …"
4,L Chan,1 star,"Food
* Accompanying sauces take centre stage dominating dishes …..
* Striped Jack was stale &amp; fishy. Pork was dry. Beef was tough &amp; chewy. …"
5,Fedor Tolmanov,5 stars,"Wonderful atmosphere, creative menu, kind chef who presented the main course. As for pricing, the S$1200+ price tag (2 people, wine pairing), it is certainly pricey, but worth it If presented the opportunity."
6,Grace Tan,5 stars,"We celebrated his birthday with an euphoric Voyage experience. Service was excellent and we were the awful diners that couldn’t properly enjoy our meal because we had to go off for meetings. Fortunately, as they say, the pictures tell a …"
7,Laurensia A,5 stars,"Had a splendid dinner at Euphoria where we enjoyed the Dinner menu 𝐉𝐨𝐮𝐫𝐧𝐞𝐲 𝐨𝐟 𝐄𝐮𝐩𝐡𝐨𝐫𝐢𝐚 ($𝟐𝟗𝟖++/𝐩𝐚𝐱) back in March! Each dish got us so excited because the presentation was stunning with lots of details, and each mouthful was so delicious. …"
8,Junhong Low,5 stars,"Went Euphoria for my girlfriend's birthday. To start, the service was really good. I been to several fine dining in Singapore and this is definitely one of the good ones. Kudos to the staffs for that! Food wise, the menu have plenty of …"
9,Cole M,3 stars,"The decor is built to resemble an onion and it is often mentioned to be the chef’s overall inspiration. The onion specific dish was the standout. However, while unique and interesting at the start, it lost steam and focus from midway. Also …"
10,Ben Chng,5 stars,"Euphoria was just awarded its first Michelin star 3 days before my lunch reservation.
The whole course was well designed and plated, although it seems maybe the lunch …"
11,Stephen Hon,5 stars,"This is a very nice fine dining restaurant hidden (or rather disguised as an ordinary shop house with no windows, open door or fancy signboard showing it as a restaurant so you'd definitely missed that without a sharp eyesight on its …"
12,Joy KC,5 stars,"Excellent service, and unique experience. Delicate and lovely balance of the legume based vegetable sauces with each dish.
Four course lunch really satisfying with wine pairing. Enjoyed the cheese bread …"
13,Helen Li,5 stars,“Gastro-Botanica” experience. Full of surprises from “bread basket” to petit fours 👍🏻 …
14,Jamus Ang,1 star,"Had high expectations but the taste was only decent (and at times confusing) especially for the price, however plating was great and food looked aesthetically pleasing. …"
15,jason,5 stars,"it deserve a 2-star, it is worth a detour.

Forgive me if i cant praise this restaurant higher and better. …"
16,Royal Pears,5 stars,"Outstanding meal. Finely balanced flavours - often with fruity emulsions to balance stronger flavours. Subtle yet tasty.
Amuse bouche - could taste the caviar on the feuille de brick. The watermelon …"
17,Aaron Siow,5 stars,We had an amazing experience! We love the way the dishes were presented and the unique artistic representation. …
18,Jacqui Windebank,4 stars,@restauranteuphoria is a restaurant which pays respect to the onion. They celebrate onions in many ways throughout the dishes but do well to balance the menu and not over do it. …
19,Eunice Hew,1 star,"This dining experience was meant to celebrate my birthday, but I was disappointed with the way the birthday celebration was handled. It was particularly unfortunate that we opted for the set menu, yet we were served the same dessert, with …"
20,B V,5 stars,Had lunch. All the dishes were good. The desserts in particular were fantastic! Staff were affable and the decor was unique and went well with the food on offer. Definitely get the table under direct sunlight for an even better experience. Hopefully in future they offer cocktail options for non-wine drinkers 😊 …
21,A L,2 stars,Food was decent and definitely in good quality and freshness. What was disappointing was the service. Most of the staff were unwilling to accommodate special service requirements quoting the fact that this is a “fine dining restaurant”. …
22,Genevieve Wong,3 stars,"Decided to try Euphoria since it was the talk among Foodies, which I'm one. Having tried nearly all the Michelin restaurants in Sgp and so many around the world, we decided to go there for Valentine's Day dinner. There are things I like …"
23,Aparna Dubey,5 stars,"This place is mind blowing! The servers and chef were beyond professional, warm, friendly and accommodating. It is rare to find all of these qualities in one person, but everyone at Euphoria was this way. …"
24,Melvin Chan,4 stars,Got their standard set which was absolutely pleasant with good presentation. My food mates loved the selection but i am reserved as I think the overall was not an absolute wow for me.
25,Chiam E,3 stars,"Euphoria -
noun: a feeling or state of intense excitement and happiness.
Was looking forward to try Chef Jason Tan’s new foray into having his new …"
26,Jérôme Godard,4 stars,Nice lunch set (5 course). Amuse bouche were quite enjoyable. Scallop/truffle starter was very good. Fish and shrimp were perfectly cooked. Meat dish was a bit disapointing (pork itself) but maitake side preparation was interesting. Wine pairing was good. Dessert was the less attractive dish.
27,Flo Yeow,3 stars,"Maybe it's just not to my personal taste, but we didn't enjoy the food at all.

Service, ambience, vibes, and people were all amazing. The food plating is very …"
28,Desmond Wong,5 stars,One of my best service experience and food so far since Covid started in April 2020. Chef Jason nail this new joint Euphoria. Went there for my wife birthday and we were very impressed by the food standards as always by Chef Jason and his …
29,Syahirah Halim,5 stars,"Amazing lunch! I had their festive menu which is different from their usual menu. Stand outs would be their Shiro Ebi, Mochishire bread with lobster bisque, Toriyama A4 wagyu and of course the dessert; Milk ice cream with freshly shaved …"
30,Alvin Tan,5 stars,Had an excellent dinner here celebrating the wife’s birthday. We both chose the 8 course menu and every dish was delicious. Chef Jason Tan’s legume sauces were perfect. Would recommend to try for a special occasion!
31,Isaac Ho,3 stars,"Located along Tras Street, the entrance is a pair of wooden doors and without view into the restaurant. Hesitated for a short while to ensure walking into the right place by opening the door. …"
32,Yun-Xuan Ang,5 stars,"a celebration of legumes, in short the vegetable focused dishes were the highlight of the meal.. if i ever revisit i would order the vegetarian option. …"
33,Andanawari Satwika,5 stars,The dining experience was very good. They actually deserve the 1 Michelin Star. Taste of the food was very well managed and beautifully presented from entree to dessert. Service was also good.
34,Phil,5 stars,"Great experience: original dishes, creative, good service and great wine pairing. The only disappointment was the meat (lamb) which was very below the rest of the dishes. Nevertheless, I am sure that Euphoria will get one or two stars at the next Michelin edition."
35,KS,5 stars,"Gastro  Botanica 2.0
We were a little distraught when we heard that Chef Jason was leaving Corner House and we were euphoric when we heard he was opening his own restaurant. Here's …"
36,Chili Pedi,5 stars,"Very down to earth, relatable chef without airs. Really nice guy.
Food was tasty, moochi cheese bread was so glorious that we asked for more. Onions were really quite the star of the show.
Enjoyed the bandung petit four."
37,YY,1 star,"Its our valentines day celebration, went to the website and only 5.30pm slots available. So booked it.  Went there late, all food are rushed out and we manage to finish it by 7.15pm.  We are constantly reminded we have to leave by 7.30pm to …"
38,Lauren,5 stars,Enjoyed everything about my lunch at Euphoria! Amazing service &amp; value. Courses were plated beautifully and such flavour bombs. …
39,C,5 stars,"Fusion cuisine, concept fine-dining, a most creative work of culinary art by local Singaporean chef Jason Tan who has helmed Corner House at Botanic Gardens (1 Michelin Star) or years till he and his wife opened Euphoria. Love his take on …"
40,Fa Dwan,5 stars,"A very complete experience on food creation, preparation, presentation, and serving.   Strongly recommended!"
41,Jiamin Ee,4 stars,"beautiful decor / great service. food wise - stand outs include the mochi bread, the beef and the hazelnut dessert (!!) oh, the bikini sandwich (starter) was not toasted / warm and was difficult to pick up and eat. caneles / madeleines should be warm too! other than that, it was a pretty good meal."
42,Jonathan Kwa,5 stars,Chef Jason has done it again. Awesome flavors all stemming from vegetables. Amazing experience and such a delight tasting new dishes !
43,Kenneth Lim,5 stars,Interesting experience. I am not someone who eat vegetables but the food here was good enough to make me eat the onion-centric dishes along with other flora.
44,Wendy S,4 stars,"Had the 6 course lunch menu. Quite satisfied with the menu, except for the dessert. The mochi was great but the rest were quite mediocre. …"
45,Shay Seng,5 stars,"Lovely dinner at Euphoria. Dishes were precisely cooked and will balanced.
I loved their mochi-yorkshire pudding bread course. Served piping hot and delicious."
46,Samuel Chan,5 stars,Well deserved One Michelin Star Restaurant!
47,cindy k,5 stars,"If you have $500 to spare for 2 people/ or particularly fond of onions this season, it's an interesting culinary experience. Service was excellent!"
48,Hope Ang,5 stars,Really loved the experience here. The service was excellent and the food unique. Chef was really friendly and came out to say hi too. Nice selection of wine in the wine list.
49,Lingyin Tan,5 stars,"An exquisite culinary experience that makes me feel like a child again. Once again, I am walking down the hallway of sensory exploration, and feeling awestruck by the boundless creativity of the human mind. Few restaurants left as deep an impression on me as Euphoria."
50,Sharon Chan,5 stars,"The place is beautiful. Great food with great service and ambience.

Every dish is beautiful curated and plated. One of the top choices for tasting menu in Singapore in my opinion. Will come by again!"
51,Freya Ng,5 stars,"Had the 4-course lunch; it was a thoroughly enjoyable experience. Every plate was delicious, but the gazpacho, and the prawns (that came with the seabass) were particularly memorable."
52,Maria Germasheva,4 stars,"4.5 - 4.7 great experience. Love the presentation and artistic representation. Not sure about onion obsession though. Service was very good, they tried the best to accommodate everyone’s unique tastes and intolerances."
53,Charmaine Wong,4 stars,"The mochishire bread course was the bomb 💯
Restaurant is beautiful, had a zen garden feel to it with a good amount of natural light coming in. …"
54,Rachel Luyi,4 stars,"I quite enjoy the decor, everything looks very cohesive and you're able to tell that much thought has been put behind it. All staff wore the same green shade in perhaps what looks like linen fabric, adding to the botanical vibe of the …"
55,Daniel Phan,2 stars,"Good food with good concepts. After the meal I had a thorough understanding and appreciation of what Chef Jason was trying to accomplish.
Unfortunately, the amazing food was overshadowed by the poor service of the …"
56,Currie Pok,5 stars,"Great food, great service. They even told us the design inspo behind the restaurant. Love the mochi bread so much that we asked for a second serving."
57,Henri G,2 stars,Not a good ambience - could be much friendlier. We felt we were rushed through the meal. Food was good but totally let down by atmosphere!
58,Marcus Lim,5 stars,"Great restaurant, nice cosy ambience and excellent food. Truly enjoyed myself at the restaurant, fine intricate balance in playful presentation. Will let the pictures do the talking."
59,Valerie Lau,5 stars,"True to its name, this was THE dining experience of my year. Highly recommended for caviar lovers, menu was highly inventive, every mouth was a tease of the palette, leaving me wanting for more."
60,Haceletkitovia mirai,5 stars,Beautiful.. truly yumz. Been loving his culinary from the previous restaurant till this one. So proud that we have such talented chef. 好棒棒
61,Bernard,5 stars,"Chef Jason furthers his Gastro Botanica at this new setup. Fine, delicious cuisine; artistically masterful."
62,JJ,4 stars,"This is my second visit. Food is absolutely lovely and I’ll return again. However I’m unable to give 5 stars because of the wine list. For such fine food, wine list has lack of finesse and the mark-up over retail is way too high."
63,Rachapan O.,5 stars,Superb experience. One of the best meal we had this year. Salute to their dedication on the plating techniques.
64,Dato' Jay Ho,5 stars,"The dining experience was splendid!
Food was delicious, serving staffs were friendly and hospitable! …"
65,Olivia,3 stars,Everything is good but the food is just ordinary. We were expecting something more surprising.
66,Alvin Cheng,5 stars,"Very creative, will definitely come back. Before tonight, my wife was not a fan of onion. Now, she has been converted"
67,Carole LV,1 star,"Worst food poisoning of my life

The bad: …"
68,D Y,4 stars,"Posting late.

The food and ambience were very good. Chef Jason was friendly and accommodating. …"
69,David Tan,5 stars,C'mon! Give Chef Jason Tan a Michelin star!!! This is transcendental and inspired cuisine!
70,jamie reyes,4 stars,"Everything was great. Food, ambiance, service - all worthy of michelin. Just a small remark on the pace of the set course - it was too fast to allow you to enjoy and savor the food. The waiters seemed to be in such rush to clear your plate …"
71,Emelia Loy,5 stars,"Chef’s attention to details on the taste, smell and sight of each dish is precise and amazing, down to the plates they get served in. His love for onions needs no introduction but the other parts of the menu which uses seasonal ingredients were also superb. Great service from staff, we were very well taken care off."
72,Mats Lingblad,2 stars,"Food is competent, but not very inventive. It is hard to stand out in a crowded marketplace, but the uniqueness is onion sauces. The menu includes one teaspoon of Russian caviar to justify the price. The gray concrete interior design is a …"
73,Vivian Ng,4 stars,"Interesting topical dining experience featuring onions and sauce. Overall, every dish is delicately made and delicious. However, there is no stunning dish on the menu that reminds me to visit the restaurant again."
74,Simone Khoo,5 stars,"Wonderful gastronomic experience! Chef Jason is a true talent. Very good use of ingredients, especially the vegetable based sauces which lightened the heavier courses  without sacrificing flavour. Every course was a delightful surprise! The …"
75,Yvette Liu,5 stars,"Had a good birthday celebration at the restaurant! All the staffs were amazing and attentive, food met the expectations! The sommelier is very knowledgeable and happy to share with us extra info about the wine, definitely recommended the wine pairing! The Chef was also very friendly to bring out the birthday cake, really appreciated!"
76,Amanda T,3 stars,"Kinda split writing this because you could sense the sincerity behind the food (and service -- so super attentive, thank you Dexter!) But we found the food greatly lacking in balance. Might have really appreciated the space to taste some of …"
77,Chris Thompson,5 stars,"GASTRO BOTANICA 🧅🍴🥬 🇸🇬
• One of themes shining thru from Asia’s 50 Best Awards show is the increasing profile of vegetables as the main event on the world’s best menu’s. …"
78,E. W.,2 stars,"Been to so many fine dinning restaurants this is so far the worst service, food is good but I don’t think I will go back again because why spend the money when there are so many other restaurants which have good food and have better service?"
79,Grace Chan,5 stars,"Excellent restaurant!!!! This is by far one of the best restaurants I’ve been to after Odette. Concept, execution, delivery and ingredients - every dish was exemplary. I’m surprised there is still no Michelin star for this restaurant yet. …"
80,Mandy Ow,5 stars,"Excellent dishes and great wine-pairing.  Delightful and surprising (caviar in dessert?!). Well-deserving of the one star, and perhaps a little underrated! Langoustine dish was very good and made perfect with the Rose pairing."
81,Cassandra Ong,5 stars,"Restaurant Euphoria offers a wide range of meals that appeal&nbsp;to all tastes and preferences, whether you're a meat lover, a vegetarian, or have dietary limitations."
82,Sheng Li,3 stars,"The food, service and armosphere are just okay. But the price is very expensive. To me, what I paid is not worth for the dining exprience."
83,Teh ck,5 stars,"Good environment to have fine dining here, food is delicious."
84,Elaine Lim,5 stars,"Amazing and memorable food , so elegant and beautiful and tasty  . MUST go!"
85,mei f,5 stars,"service: attentive and sincere

even japanese omakase chefs seldom notice that im a lefty and adjust their …"
86,e X,2 stars,"pretty overrated...
1. the ID doesnt feel luxe, the plants in the restaurant are all fake. feels more like a casual cafe. …"
87,James Tai,5 stars,Exquisite fine dining restaurant. Great service and serving sumptuous cuisine.
88,Jean Ng,5 stars,"Fantastic experience. Portions were decent for the tasting menu. The menu is showcase for Gastro-Botanica, a cuisine invented by the celebrated chef Jason Tan. With Restaurant Euphoria, Chef Jason introduces Gastro-Botanica 2.0,&nbsp; the …"
89,Guang Ling,5 stars,"This place is EXCELLENT and deserves two thumbs up. The service was attentive, the food was mindblowing and the overall experience is just well deserving of five stars. Chef Jason Tan, you have done an amazing job, and i would love to be back again one day. I have also recommended to many of my friends on the excellent dinner i had."
90,Wei Yang Ang,5 stars,"Very very good food and experience.

Granted, some dishes were less memorable than others. But easily 3 - 4 dishes …"
91,Albert Lederer,5 stars,"5 stars all the way, the food could not have been better, what a lovely restaurant, great service and atmosphere, we definitely will go back. …"
92,Celeste Wong,5 stars,"Dinner was great. Love the mochishire the most! It's actually very addictive. Chef Jason Tan was very friendly. Maybe it was the design of the restaurant, there seemed to have echo when alot of people talked at the same time."
93,Wenyue Ye (Terrence),5 stars,"A great restaurants featuring innovative / gastronomie cuisine with elegant, delicate Asian touch. The chef called the cuisine ""Gastro-Botanica"". The presentations of a few dishes looks like reflecting some architecture design of the 17th …"
94,Glen Francis,5 stars,"Fits its name
Glad SG food scene is this colourful"
95,Jonathan Phua,5 stars,"Marvellous all-round experience at Euphoria. Great execution, concept and originality. Only open less than two months ago, Euphoria seems clear of any teething problems. Loved the Jamboree, vegetables and lamb, desserts weren’t lacking too much either. A very competent team and an amazing chef. Well done."
96,Cheng-Choon Si,5 stars,"Unique experience. Great creation.
Beautifully presented."
97,Keira Herr,4 stars,Finally tried this restuarant which prides itself in its legume based sauces - french dining that is lighter without losing that decadence of the typical buttery french sauces. Had a great aged spanish dry rioja white wine to complement
98,Andrew Smith,5 stars,"One of the best meals I’ve ever had. Chef Jason is truly a master of his craft, and well deserving of his spot in Asias 100 best restaurants."
99,Nikky Y.C. Lin,5 stars,"Great Services, awesome food."
100,Cray Heng,5 stars,Probably the best food we had in Singapore minus the pigeon which we find it too gamey to our liking. It’s pricey but definitely worth a trip for special occasion! Great service and excellent dinning experience.
101,Sean Weng,1 star,"We came with high expectations, but left with disappointing poor service. Food wise is abit on the jelat side.. what throw us to the floor is their rigid service."
102,ehs s.,5 stars,magnificent sensational transformative
103,Y Lin,5 stars,"Great environment and service.
The combination of different ingredients is quite unique but yet delicious."
104,Derick Teo,5 stars,Best restaurant in Singapore
105,Anshuman Gupta,5 stars,"Innovative, gastronomic, cerebral - five stars all the way. An experience."
106,丁善敏,5 stars,Onion Lovers!!!!!
107,Lina,5 stars,Onion party!!
108,Kenny Yong,5 stars,Nice
109,Nikhil Dhawan,5 stars,Awesome place n food 👍 …
110,KATE Zhang,5 stars,Love the presentation and food!
111,Dass T,5 stars,Menu never change..
112,Gilbert Tan,5 stars,Nice food. Good service.
113,Peter Kakulas,5 stars,Very good food
114,Zizhen Wang,3 stars,"One Michelin star in Singapore in 2022, European creative cuisine, lunch on January 7, 2023. …"
115,v V,5 stars,"Euphoria opened in 2020 and won Asia 41 a year later. It won one Michelin star this year, but I think it deserves two stars.
This is a creative French cuisine with onions as the theme. The ingredients of …"
116,ああ,4 stars,"The taste itself is terrific. The meat is perfectly cooked.
However, the scent inside the refrigerator is transferred to the food.
Probably bacon. …"
117,Cleo W,5 stars,"Now Michelin is getting more and more popular, and Asia’s 50 Best has a good reputation. …"
