,Name,Rating,Review
0,Rhonda Chee,5 stars,"My first omakase experience. Chef was very attentive, made sure to go out of the way so you are comfortable. He shared some lovely anecdotes of his travels and experience setting up his own restaurant. Needless to say the food was …"
1,Lee Wayne,4 stars,"Tried the Omakase lunch 98++ menu and add uni (20+) today at Miyu. Overall I would say the sushi served are really fresh and tasty. However the other non sushi dishes are pretty average, hence rated 4 star as a whole based on price value …"
2,Pesdy Tay,5 stars,Dining at Miyu was such an enjoyable experience. The food was impeccable and the seafood was extremely fresh. Every plate was handled delicately and it was great to have seen the chefs in action - the food and experience is definitely worth …
3,Venus Koh,5 stars,"Second time I got to visit miyu. The Chefs, especially chef Kwan is very friendly and attentive. He even checked with us if the amount of wasabi was good. The servers also explained each dish patiently and well. …"
4,Chinese Moon,5 stars,"Well curated and unique Omakase experience with special touch of Shia of lowers, mini octopus in chawanmushi, melt in your mouth sushi and sashimi.  We ordered the Yuki lunch Omakase.  Can’t really describe the ingredients as mostly …"
5,NATALIE WONG YU LER S3-05,5 stars,"I went to dine at Miyu a week ago, the experience is unmatched. I love the ambience of the restaurant, the birch theme is very comforting. The restaurant is pretty small so it gave a very homey feeling. There are minimal seats by the …"
6,K Wong,5 stars,We’ve followed Chef Kwan for a long time and his sushi skills just keep getting better and better. No description will do justice and when you eat there you will understand why regulars keep going back again and again!
7,Katelyn Chua,5 stars,"I recently had the pleasure of dining at Miyu, a hidden gem that offers an exquisite omakase experience that transcends the ordinary. From the moment I stepped into the restaurant, I was enveloped in an atmosphere that seamlessly blended …"
8,Mei,5 stars,"Other than unagi, they serve salmon set too if you don’t eat raw food. Their yam ice cream is good."
9,Kiona Loo,5 stars,"An unforgettable dining experience. Miyu combines the best of everything: Attentive, prompt service, warm conversations with the knowledgeable chefs preparing our food behind the counter (chef was also very receptive when I requested for …"
10,Alexis Yeo,5 stars,"I have been to Miyu several times and the food is always fresh. The staff are all very friendly and they make the dining experience enjoyable. When presenting the sushi, the chef will say the Japanese name followed by English. I feel that …"
11,Jia Wen,5 stars,We had our first omakase experience here &amp; it was a wonderful one. Everything was very fresh &amp; nicely prepared. Thank you to Chef Kwan &amp; crew for our wonderful dinner!
12,Seok Hean Teoh,5 stars,Amazing Omakase experience! Great flavours and sushi was delicious! Highly revommended. Chef Kwan was very friendly and a gracious host.
13,AP.,5 stars,"Monday night dinner, Chef was nice to inform us that the restaurant only has 1 seating. So we don’t have to rush through dinner, as we may slow down and enjoy the dinner. We go for the Miyu tasting menu. The overall experience is nice! …"
14,Jim T,5 stars,"Went in last minute. Called and walked over. The tamago looked like a cake and tasted like cake! Overall very interesting portions. Chawanmushi tasted nice, different from others I rooked before"
15,Peishi Yeo,5 stars,"Dined here for dinner omakase. Service was warm and prompt. I never needed to request for my tea to be topped up, ensuring my cup remained warm. Food emphasized on bringing the best out of the ingredients. Each dish was well explained by the chef and we appreciated that very much. All in all, an enjoyable meal!"
16,Kevin KW,5 stars,"Really enjoyed our dinner here at Miyu. The staff are extremely friendly and we had a nice chat while they were preparing. They explained each dish in detailed , where it was sourced and how to best eat it …"
17,C M,4 stars,It was a nice relaxing experience. The ambiance was peaceful and quiet. You can really enjoy the soft music piped in while having your dishes prepared. The portion is very thoughtful and tailored to each guest that everyone is satisfied …
18,Shaun Goh,5 stars,Made a dinner reservation for last Saturday. We didn't regret it at all. All the fish were imported from japan and the chef took us on a culinary tour of Japan with this omakase meal. We thoroughly enjoyed the banter and talk we had with …
19,Lily T,5 stars,Delicious omakase for lunch. Friendly chef and very attentive service staff. The crowd is made up on regulars as chef chats with each one of the guests. Very hard to book bar counter seats so need to plan ahead and book in advance. Every …
20,Desmond Wong,5 stars,This place serves very good Japanese omakase at a decent price and it was managed by a Singaporean. I had a different course from my partner. The local chef was very friendly and explain and talk to us throughout our lunch even though it was quite crowded. Will love to come back and try a different course for dinner.
21,Tan Wen Xin,5 stars,2nd Omakase I had and it was amazing! I love how they have a story and instructions for every dish which adds a layer of personal touch to the entire experience. Very fresh and reasonably priced!
22,rachel .subscribe01,5 stars,Yums! I had the Yuki Omakase lunch. Every dish and sushi had its subtle unique flavour. The chefs and staff were sincere in preparing the food and great service. Highly recommend!
23,Shannon Phua,5 stars,loveliest saturday lunch at miyu! i had the $198 dinner omakase while my partner had the $88 lunch omakase and the meal was worth every penny. …
24,Iris Z,5 stars,"Excellent lunch Omakase and services, cozy restaurant atmosphere. All dishes are specially designed. Seafood are fresh and taste great. 👍🏻 …"
25,Melissa Ho,1 star,We visited for the lunch omakase and made a reservation weeks before. We were not asked whether we wanted counter or table seating and assumed it was the counter - so do take note to highlight. …
26,Michelle Chua,5 stars,Celebrated a close friend’s belated birthday yesterday here at Miyu. Well satisfied with the food quality and great service. Both chefs are very warm and friendly!!
27,Aathi Neelan Ganesan,5 stars,What an experience. Was celebrating my wife's birthday and we were treated to one of the best meals we have ever had. We took the 'hiro' menu and each dish of  the highest quality. I enjoyed the octopus dish and that was followed by an …
28,Johnson Tan,3 stars,I have been a lot of Omakase restaurant in Singapore. Miyu definitely provided an excellence service. The chef is very kind and knowledgeable to introduce every dish. The food also very fresh and with the reasonable price. i would strongly …
29,DR DAVY GOH,5 stars,"I was treated an Omakase meal at this wonderful restaurant by my friend.
It was strongly recommended by my friend, and it was definitely worth it, even though I didn’t pay for it :) …"
30,Roar SG,5 stars,Chef and service staff was very friendly. Chef explain each dish to us. Food was very fresh and the price is decent considering the freshness and service. There were sushi as well which i didn’t post it
31,Angela Lim,5 stars,"I have been to a few Omakase restaurant around but was recommended by my friend to try Miyu and it didn't disappoint at all. Food was very fresh and delicious, the Chef is very attentive and checks if we have any dietary restriction and …"
32,Rebecca Heng,5 stars,"Went for the lunch omakase, Hana.
Was a beautiful and simple lunch with delicious and fresh food. …"
33,Shi Qi,5 stars,We chose the Hiro set (SGD 168) and are really impressed by the freshness of ingredients and chef's creativity. …
34,Keika S,5 stars,"Amazing quality fish shipped straight from various parts of Japan, three times a week! No wonder the food tastes so fresh. Chef Kwan is also just incredibly skillful and the overall dining experience was top notch. The appetizer, the cooked …"
35,Danesh Dabu,5 stars,"Had a fantastic experience for lunch, and was floored by the hospitality and the quality of the food. Kwan was amazing, he kept us well fed while educating us on the lesser known details of Japanese cuisine and culture. Highly recommend and LOVED everything we were served."
36,N L,5 stars,"Clean flavours, unbelievably fresh produce - every mouthful was simply delightful. My personal favourite was the grilled tuna - so rich and buttery that it just melts in the mouth! Kudos also to the chef and servers who were friendly and tentative!"
37,Kristin Annexstad,5 stars,"Excellent omakase with very high-quality ingredients and attentive service. My only complaint was that the overall amount of food was slightly on the small side - I would have expected a couple more dishes, particularly at that price."
38,K,4 stars,"A little noisy for me, perhaps it was lunch and everyone’s just catching up during the holiday season. All 3 groups including us were there for birthday lunches lol. Didn’t do alcohol this time round. Pretty casual setting and friendly staff at work"
39,Colin Chan,5 stars,"A lovely and satisfying omakase experience at relatively affordable prices. One unfortunate part of the experience was a bunch of extremely noisy diners who thought the place was more like an izakaya than an omakase restaurant, but I guess there’s nothing to be done other than install soundproof barriers between each table."
40,Chui Yen Poh,5 stars,"A unique Japanese dining experience.
Fantastic omakasa where the chef serves what is good and fresh for the day.
Dishes are well presented and delicious.
Overall, service is good with a cosy dining ambience."
41,Andrew Tan,4 stars,"An interesting restaurant tucked in the eclectic mix of Duxton. The sushi is of good quality. While the chef and the service crew may not be from Japan, they make it up with the right spirit to cater to the locals who want the right mix of …"
42,BK H,5 stars,"The excellence in quality, presentation, and taste was outstanding. The chefs were not only friendly but also took the time to explain the origin of each sushi course."
43,MS Kuan,5 stars,Had a great experience with my partner at Miyu for their Omakase and their special wine pairing event. Food was very fresh and their variety didn't disappoint us at all. We also had a great time understanding the wine and how they pair it …
44,Vanessa Ng,5 stars,"We went as a group on a Saturday and the very friendly Malaysian head chef was engaging throughout the course of the meal. Food-wise, appetisers were alright, nothing notable and the second veggie dish puzzled me a little. But when it came …"
45,Wu Wenfang,5 stars,"Impressed with the quality and freshness of the food. Service provided was also impeccable, special thanks to Leo who took such a great care of us tonight. Will definitely return again!"
46,Stephanie Ng,5 stars,Sashimi is very fresh and the price is very reasonable. Staff is very attentive to notice that my guest is left handed and quickly place all the items to his dominant hand. Will definitely visit Miyu again!
47,Seow Chong Ong,5 stars,A lovely Omakase restaurant with really attentive staff and fresh air flown seasonal Japanese produce. Chef Kwan with his attention to details and the lightly seasoned dishes make us go back regularly for really good fresh Japanese produce.
48,Darren Ng Weizhong,5 stars,"Came for dinner, sashima was fresh and delicious! We tried the Hiro omakase and every dish was good (the only miss was the uni). Service was good and attentive even though we couldn't get counter seats."
49,Julia Florensia Lisalim,5 stars,"Chef was very friendly and food was great! Fresh and flavourful, worth every penny. Staffs were very friendly and attentive too :) will definitely come back again"
50,prick prick,5 stars,Very relaxed atmosphere with excellent food!
51,greenyellow Lim,5 stars,First time at Miyu but definitely won’t be the last time. Fantastically served by Chef Kwan who is super friendly and passionate about creating enjoyment for his guests.
52,rexy Tan,5 stars,"This is my 3rd Omakase experience. It turns out to be an excellent one. Almost every dish never fail to surprise me. The innovative taste and freshness of the food keeps the wow factor going. The ambience is tip top too. Keep it up, my 同乡."
53,Amy Lee,5 stars,"We visited last night, with a friend who has been patronizing the restaurant frequently. We now understood why our foodie friend loved it here. We chose Miyu Omakase and shared a bottle sake. All the dishes were yummy with well balanced …"
54,Irez Strident,5 stars,The staff and omakase chefs were very friendly. The sushi was extremely fresh and delicious. They were sweeter and milkier than sushi I have had at other Japanese restaurants. Will definitely be back again in the future. The lunch prices are also very affordable and good for food of this quality.
55,Heinz Iten,5 stars,"This humble place delivers a lot more than it's promising. Creativity, taste, freshnes and a hospitality service way above Singapore standards. Truly excellent value for your $$$. Will be back for sure!"
56,Han Low,5 stars,"Edit: Check out their wagyu beef bowl, literally heaven in a bowl!!! Also, I really love their tamago 🤣 …"
57,Luyi,5 stars,All the tuna dishes are really good. And other ingredients are of good portion and very fresh. Service is 100 thank u very much
58,S T,5 stars,My family and I had a wonderful dining experience at Miyu. It's an unpretentious restaurant with amazing quality seafood and excellent service! Will be coming back for more.
59,Fabio Scala,5 stars,Very good food quality and friendly staff! Can highly recommend for a special night out. Only thing they could improve is interior design.
60,Fiona Woon,5 stars,"Had a pleasant dinning experience here
Kudos to your staff Minsheng. He provided one of the best services . Will definitely come back again . Thank you !"
61,Huang QiLin,4 stars,Yuki Omakasae. Fresh ingredients. Attentive staff and friendly staff. Explain every single dish and types of ingredients used.
62,Ong Yihen (Avarice),5 stars,"Omakase experience was a 7/10, but staff services and friendly chef made the place a very friendly environment and would definitely come back again for the friendliness environment"
63,L T Koh,5 stars,"Wonderful omakase set, I selected the sushi set, exquisite experience. Chef takes time to explain the food, though I admit I knows little about most, haha. Servers were both super polite and I'm glad they agree to a toast of sake to round …"
64,Tan Alvin,5 stars,One of the best omakase in town. Crew lead by Chef Kwan is friendly and professional. Definitely a place to frequently visit.
65,Andrew Goh,3 stars,"A new opening restaurant since dec 2019. Kind mid to high end Japanese restaurant. Due to covid19, a seat for 3 of us squiring at one corner kind of unpleasant. I sat down and move my self a little to make space. I was strictly told by the …"
66,Bernard Goh,3 stars,"Rather pricey for okay-ish Japanese food, but you'd expect the price given where it is located. Service was pretty good, though."
67,Tiffany Chua,5 stars,Excellent quality of fish served here. Uni could be a little sweeter but it's typhoon season so there might be a little difficulty in getting the stock in. Nonetheless the servings of uni with our omakase were super generous for the price. …
68,low sy,5 stars,"Food was good! I think about half were great and special, while the rest was nice but not wow. Overall still a great experience!! staff was attentive and chef was friendly and nice! definitely get the counter seat for the true omakase experience :-)"
69,imsohhungry,5 stars,"Omakase — Hana Course (Lunch) $88++

Mozuki Seaweed (no photo) …"
70,Sandrine Louvel,5 stars,Love coming here: this is the freshest sushi and most delicate you can find here in Singapore! And they have the most delicious vanilla mochi ice cream for lunch: a rare find in Singapore. Love the service and the friendly chef.
71,Xu Zhuo'er,5 stars,"I had a wonderful time at Miyu. Convivial service, relaxing ambience, and oh-so delicious food make this a place I’d like to revisit!"
72,Leonard Loh,5 stars,"Very good sushi at very affordable prices. The Ebi, tuna and the avocado yuzu was excellent!"
73,Julia Chandra,5 stars,"The food here is incredibly good. If you want a memorable omakase experience, check out this restaurant!"
74,Lanette Chua,5 stars,"Awesome owner and staff, food portions were generous and service was superb! Definitely will come back soon!"
75,Juliet Distant,5 stars,"We celebrated my husband’s birthday at Miyu recently. The Lunch Omakase was truly delightful. The ingredients were very fresh with a nice variety. I especially liked the mini Chirashi. The ambiance was nice too, we were given a cozy corner …"
76,Amelia Peck,5 stars,cozy omakase place serving fresh seasonal ingredients / fish! friendly and experienced chefs. my dad is also a regular as he appreciates the consistent quality of their dishes.
77,Modissa M,5 stars,"Great dining experience. Staff was friendly and attentive, the chirashi was wonderful. Looking forward to try the Omakase next time!"
78,Keeve C.,5 stars,Had a fun experience watching the chef prepare the food. Food was good as well.
79,Kris Trimoeljo,5 stars,"Here's the first real dining after some locked down.  We continued to explore Sushi Omakase places. The place is nice,  not cramped like few others .  We truly enjoyed good fresh fish,  scallop and prawn.  Sushi rice is just nice balance …"
80,S Tan,5 stars,"The food is good, especially the beef tempura which very fresh, staff is friendly and attentive during my time there."
81,rebecca elvis,5 stars,"love all the dishes and kudos to the chef, being  patient to explain all the dishes and how we can enjoy the food better."
82,Fiona Li,5 stars,"The service thoughtful and friendly, we enjoyed ourselves thoroughly. Will look forward to coming back again sometime! 💐 …"
83,Dennis T.A.,5 stars,"Pics doesnt justify the taste and friendly service. A good setting for a casual, fine-tasting meal :)"
84,M Misa,5 stars,Very value! And super yummy! Super worth the price and every fish is super fresh and yummy! Great service as well feel very welcomed! Would definitely recommend and visit again.
85,Dylan Lee,5 stars,"One of the best and most value for money Omakase dining experiences. The courses were well paced, each dish was balanced, chef affable and staff friendly. Miyu embodies what it means to do simple things right - there was nothing fancy, just …"
86,HY Tan,5 stars,"Omakase at really affordable prices!

The oysters are a must have - fresh, huge and flavourful. Briny but not too …"
87,Mi Fon Lew,5 stars,Amazing food and excellent service! Love the guidance from friendly sushi chef and wait staff on what we’re eating and how best to eat them. Loved the chawan mushi and also the handmade sushi- especially the scallop with the floral …
88,Brenda Koh,5 stars,Decided to try Miyu for a lunch Birthday celebration for a friend. We had the Yuki Omakase. Was a great enjoyable overall experience. Simple and sincere food from the Owner chef. Casually mentioned my Friend’s bday and a slice of cake with a candle was presented on the house with our desserts.
89,Shermeen Tan,5 stars,"Extremely fresh Omakase. Beautifully crafted at reasonable prices for the quality. Good for those who appreciate and discern quality Omakase / sushi / sashimi, while enjoying down-to-earth service in a relaxed atmosphere."
90,Alex Qiu,5 stars,"Chef Kwan and Chef Jian, wonderful service, and great food! All at reasonable pricing! And because it was my first time there, they explained the dishes and recommended sake to go with! …"
91,Angie A,5 stars,Lovely lunch set. Chef was nice and friendly. The quality of the food was good. Enjoyed it!
92,Maycia Hong,4 stars,We had Hana set and was delicious. Ingredients were very fresh and fish slices have enhanced sweet tasty flavor. Sake was good with thin sake glass that brings out a round finish. Great experience and great service.
93,Patrick Teo,3 stars,Overall pretty average for this price point. The uni sushi presented this way is quite disappointing. Sushi plates should also be cleared before presenting the next.
94,Bernadette Low,5 stars,"Came here for lunch Omakase and had a great time. Excellent service, the chefs were very friendly and spent time chatting with us. The food quality is awesome too - the fatty tuna was heavenly. Brought my friend here for his first Omakase experience and he was blown away. will be back again for sure!!"
95,Alex Soo,4 stars,Reasonable price with fresh well prepared sushi.
96,Lydia Jing,5 stars,"Had a wonderful and memorable experience in Miyu. Through the conversation with the chef, he learned about the occasion of my visit which is to celebrate my bf's birthday. And subsequently served us a slice of cake and a candle and wished …"
97,Ru Jih Wong,5 stars,Had my birthday lunch here and really happy that we chose Miyu! The food was delicious and reasonably priced. The atmosphere was relaxed and Chef Kwan was a pleasure to banter with. He made sure to ask what our favourite foods are and …
98,Kyla T,5 stars,"Great ambience for dining in! I was at the counter seat and it was a delight to watch the chef preparing his works of art. There are also tables available in a cosy space, suitable for a more private setting. …"
99,hui hua wong,5 stars,"Staffs are professional and attentive. Chefs make good sushi and dishes. Food is extremely fresh, tasty and appetizing. One of the better omakase we have eaten. Will be back."
100,Denise Tan,5 stars,Best Omakase experience ever and the chef was so friendly and engaging.
101,Yu Kun,5 stars,"We came here for lunch and got the hana omakase, and we were blown away by the quality of the ingredients, as well as the friendly and thoughtful service. We will definitely be coming here again soon! Definitely one of the best meals of the year for us :) thank you Miyu team!"
102,Richard Bradshaw,5 stars,"Your favourite Japanese Restaurants’ Head Chefs favourite Japanese restaurant.

Very very good. I find the 178-198 set dinner menu (220-250 for order before you …"
103,Sher Min Tan,1 star,"Nice ambience and space. But coming from Hong Kong, the omakase experience was not up to par. The food was ordinary. Nothing really blew us away. We paid around $200/pax. …"
104,T L Yang,5 stars,Extremely good value for top notch seasonal fish. The lunch Omakase is fantastic and very attentive service which was friendly and engaging. Every dish came with an explanation.
105,Jacus Long,4 stars,Quality ingredients. Traditional aging sushi.
106,Jenn,5 stars,Today is our first time at Miyu and we chose Yuki over Hana becoz of the sashimi and uni. We savoured every bit of our omakase lunch. Kudos to the team of attentive staff and the lively head chef who  introduced each dish to us patiently. …
107,Kit Ow Namiki 並木キット,4 stars,"I have been to ALOT of Japanese restaurants in Singapore and in Japan. I visited Miyu with no expectations and was most pleased! Unpretentious and using the freshest ingredients, my friends and I had an enjoyable time over a lengthy lunch, …"
108,Keith Yong,5 stars,"I had a very good time there with my friends! Food-wise, the quality of the omakase dishes was top-notch - the sashimi was fresh, and even the shirako (something that I would normally feel a lil uncomfortable with) was tasty! …"
109,John Choi,5 stars,The best Edo sushi outside of Tokyo.
110,Guo Hwei Lee,5 stars,great omakase experience! Food was exquisite and impeccable service. Decent price as well. Definitely a must try.
111,Ray Chiang,5 stars,A great dining experience - chef surprised us with his take on some classics with his own twist as well as some exotic items which I'd never eaten before! Chef has great knowledge of his food and his knowledge of the geography and seasonal …
112,zaeid,5 stars,"Cosy environment to dine in, the course by course served were delicious and the staff explained on what was served. Also Chef Wei Jiang has great hospitlity and has a great sense of humour since it was my first experience."
113,Amelia Ang,5 stars,We have a memorable time dining at Miyu. Chef did a great job and the Omakase was awesome! Chef went through the hassle of explaining some of the dishes to us and he has a good sense of humour too. Haha. We will be back :)
114,Daliyana Hamid,5 stars,"What a gem! The restaurant itself is beautifully decorated, clean, neutral pastels - aligned with their approach to food i.e. nature-inspired. You don't have to (and you shouldn't have to!) drown your sushi or sashimi in soya sauce. Every …"
115,Jacqueline Chang,5 stars,"Super fresh and ""sweet"" sushi and Kwan the chef is exceptionally knowledgeable."
116,An Yi ONG,5 stars,"The experience &amp; food quality at Miyu was amazing. The Chef guided us through course by course, sharing how to best enjoy each dishes. It was a very personal experience and it was very enjoyable to see the surprise that comes in each omasake dish!"
117,Kar Meng Chan,1 star,"If there was a half star or none, I would have preferred giving that.  The number on the website is different to that of the shop.   Guess what, my wife and I reserved our anniversary lunch but did not even get a seat after we arrived. …"
118,Yah Leng Goe,5 stars,I booked Miyu at a short notice for lunch. The pandemic has prevented us from travelling and i particularly miss Japan. …
119,Yu Han Goh,4 stars,"Most dishes tasted good and a couple pleasantly surprised us. The service was largely good as well. But this is hardly authentic Japanese, with rather cheap interior deco, small portions and overall pretty overpriced for the experience."
120,Smiling Warriors LLC,5 stars,My husband and I absolutely loved Miyu!  Amazing amazing food in a simple setting .. it felt very authentic.  Fantastic restaurant!!!!
121,Grace Low,5 stars,The set up of the place was simple and spacious and we got our seats up front with the chef owner. …
122,A M,1 star,"My husband and I came here last month. We booked the counter seats 1 month in advance. When we arrived, the staff had mistakenly given our counter seats to another couple. The floor manager/staff (chinese guy with specs) insisted that we …"
123,Tan Thiam Seng,5 stars,"I'm glad I gave Miyu a try. Chef's food is very delicate. Being fairly new, it hasn't gotten a Michelin star yet but Miyu is definitely deserving. Definitely worth a try while you still can get seats."
124,Weisheng Lee,5 stars,"Thank you Chef Kwan and team for a delightful dinner experience this evening, especially for paying extra attention to our daughter and making it a great experience for her. We will be back for sure, no need to wait for a birthday celebration 😀 …"
125,dao chang lim,2 stars,"Disappointing. Had the Yuki set lunch. Laughably poor value for money. Apparently it is catered for those coming for business lunches; the cooked item allows ""room for conversation"". Should have sensed something was amiss when after we …"
126,Amelia Seko,5 stars,One of the best omakase experiences I’ve ever had in Singapore. My favorite was the abalone dish. Chef Kwan made a sauce from its liver that created an incredibly tasty flavour. He also made very small rice balls to taste the sauce with. …
127,Chin chuan Tan,5 stars,I went with an empty tummy but left with amazing experiences from the chefs and wonderful services from the staffs.
128,Cheng-Choon Si,5 stars,"Had Omakase.
Fresh ingredients. Well planned sequence."
129,Patrick Tay,5 stars,"Excellent service and even better food.
We had the Hiro set, which is reasonably priced. We especially enjoyed the tuna chutoro sashimi and the grape sorbet. We liked the grape sorbet so much that we …"
130,Andy Tan,3 stars,Best omakase at this price point.
131,Sharon Yeo,5 stars,Had a wonderful omakase lunch at Miyu with my family on Christmas eve. A very cosy place indeed for a nice meal. The food was superb! Very good quality of fresh sashimi and sushi from chef coupled with nice ambience and great service …
132,Chris Law,1 star,"My review for 8 Jan 2021 dinner
Pluses: staff was patient to explain and attentive. Ingredients were fresh and portions were sufficiently filling for us. …"
133,Wen,5 stars,It was a gastronomical experience.  The taste of fine Japanese cuisine with a welcoming dining atmosphere. Waitb staff are top notch here. Observant n attentive.  Worth many more visit.
134,Keat Fong Tan,5 stars,Chef Kwan is very skilful and his food has a fineness and delicacy about it. The service of the restaurant's staff is also attentive. We loved the experience and will definitely be back soon. Thank you Miyu and team. Two thumbs up!
135,MY Lew,5 stars,Awesome experience. The freshness of ingredients paired delightfully with different aromas and flavours. Friendly chef and staff make it a wonderful evening.
136,Thunderpants Tom,5 stars,"The omakase lunch set there was absolutely amazing. To start of, i absolutely don't like vegetables at all. Yet their starting plate which was a salad following a delectable seaweed bowl absolutely blew my mind. I found myself eating …"
137,Lee Jinq Yi,5 stars,"Nice Foods, Nice Atmosphere, Enjoyable Night !"
138,Daphne Soh,2 stars,Food was average. Lacklustre service. Was asked to go home as they missed out on our reservation confirmed in much advance and offered a seat only when we expressed dissatisfaction. Also not a place you want to come to if you prefer a quiet dining experience.
139,Ming Feng Yeap,5 stars,Had an amazing experience at Miyu. The chef is great and the staff are all very friendly. The quality of the food is quality and price point is reasonable.
140,Crystal Tan,5 stars,"Thoughtful presentation and wonderful selection for omakase lunch. We had a delish sampling of various types of sashimi, some cured and several complemented by a less typical seasoning, as well as crab and lobster dishes. Miyu stands out in the numerous restaurants at the Duxton area, and is well worth a visit."
141,Joshua Chua,5 stars,"The experience at Miyu was fantastic! The ambience, sumptuous food and personalised service and interaction with Chef Kwan made our meal a memorable one. My wife and I thoroughly enjoyed the dinner and highly recommend this place to others!"
142,Davin Chen,5 stars,"Awesome dining experience at a fantastic price! Authentic Japanese ingredients used. Although the chef is not Japanese, the taste was definitely legit. Would definitely be back for more!"
143,Chow Wei Too,5 stars,Went there twice on both trips in December. Food was painstakingly prepared and delicious. Chef went out of his way to fatten us! Soups were especially memorable.
144,Luke Soon,5 stars,"Stacks up with Hiryu, thereabouts. Purist experience, thought spread could be better e.g. shellfish and meats."
145,Aaron Siow,5 stars,We are amazed at the high standard of service and the top quality Omakase coupled with a relaxed and warmed ambience. Parking is convenient and the price is reasonable too. We will definitely come again.
146,Mel Loh,5 stars,"Went for a lunch omakase recently and we will be back for more! Hits the sweet spot between quality and price, plus the chef is v engaging and fun"
147,Christie L,5 stars,"A wonderful Japanese restaurant with cosy setting. Chef Kwan and staff are friendly, professional and attentive. Food was amazingly good and I will definitely visit again very soon."
148,Derek Low,5 stars,"The quality of Shinji at half the price. Thoroughly impressed with the omakase meal and sake selection. Recommended sushi - Tai bream sushi, and sake pairing - the midnight blue sake."
149,Johnson Li,5 stars,"Reasonably priced, fresh ingredients, and good service. My wife and I had a good time celebrating our wedding anniversary there, and happy to support local F&amp;B in this trying time"
150,Jasmine Low,5 stars,"Thank you Miyu and team for giving me such a wonderful night ..... Food filled with Love and Effort, Drinks fill with laughter from the Team of Miyu. I will definetely be back again ...... every dish .... is like going to amusement centre, every dish is .... a WOW ....."
151,Nelson Tsee,5 stars,definitely 5 hearts .. .. .. great food .. great service and great atmosphere! easy to reach (short stroll) via public transport (Tanjong Pagar MRT)!
152,Kay T,5 stars,"Miyu truly lives up to its 5* reviews here. Really fresh and good food, worth every penny of the Omakase. Give it a try if you haven't."
153,jac ROZ,5 stars,"Highly reccomended, honto oiishii desu. Fresh sushi, sashimi. Very friendly chef &amp; staffs serving you. Really enjoyed the food &amp; experience, arigato chef san!!"
154,JC Lew,5 stars,Best Omakase I've ever had! Great service and excellent food. Highly recommended! Great attention to detail.
155,Jogena Ong,5 stars,My 2nd Omakase experience at Miyu. Food is fresh as always. Service is also tip top too! Highly recommended 👍 …
156,Grazel G,5 stars,"Love their launch set,,coz i only have that 😊 this place is nice. …"
157,Jasper Loh,5 stars,"Chef is engaging, food is fresh and delicious. Best sushi was the Tai."
158,solip K,5 stars,I was so glad and impressed that it was just the taste we were looking for.I think it's an exciting sushi in Singapore. thank Chef for his hearty meal.
159,Michelle Tan,4 stars,Delightful experience with their Hana lunch menu. Service was great and interaction with chef was delightful and causal.
160,Yanpeng Si,5 stars,exceptionally fresh and exquisitely detailed
161,C,5 stars,Awesome 👌 …
162,서헌덕,3 stars,"was simple and ok, but variety of sushi for Omakase (higher $ option) was rather low point."
163,Lin Chuan Tan,5 stars,Fresh quality sushi and attentive staff! Cosy restaurant. Had a great lunch! 👍🏼 …
164,John Yeo,5 stars,The food was immaculately prepared by Chef. The staff's attention to detail made it a wonderful dining experience.
165,Michelle Chong,5 stars,"Good experience, will definitely recommend this place to others! The highlight of the meal was the Uni Sushi :)"
166,Xu Da Tan,5 stars,Cheerful restaurant serving delicious sushi at reasonable prices! A great place for a relaxing meal with friends and family.
167,gab Ka,5 stars,Really good omakase the food is amazing and the chef is really friendly and give you a lot of information about the food.
168,R T,5 stars,Hanabi rice is a must
169,Jesyn Ong,5 stars,"Amazing Omakase Experience!
Highly recommend especially for their Raw Food! 👍🏻 …"
170,Yong Bin Tan,5 stars,"Extremely fresh sashimi
+ friendly and great service
Highly recommended for all sushi omakase lovers!"
171,R M,5 stars,"Awesome first experience here :) the service was amazing , the food was of such high quality ! A must try and a rare gem at Duxton !"
172,Kate Leau,5 stars,Awesome food and reasonably priced for the quality of the food served.
173,Kev T,5 stars,"Fresh ingredients, delicious omakase, and warm service. Great place to spend an evening!"
174,Kiko,5 stars,Glad to find another nice sushi place friendly chef good food fair price will be back...
175,Gabriel Sarrazin,5 stars,best Japanese in singapore
176,Nicholas Poon,5 stars,Delicious food. Cosy atmosphere. Perfect for small group hosting.
177,Rob Liu,5 stars,Most authentic edo sushi in singapore
178,Tyler Vasquez-Dorn,5 stars,Awesome Omakase experience with pleasant staff to create a nice and delicious meal
179,WEE E WEN HCI,5 stars,i love miyu it has very nice food
180,PL,5 stars,Good food and good service. Enjoy our 1st omakase experience 👍 …
181,Jerry Yeo,5 stars,Had a great time at the restaurant. Didn’t realize the evening past so quickly while indulging with gooooood food. 👍 …
182,Cedryche Lim,5 stars,"Loved the food, great service. Will definitely come back again!"
183,Calvin Ng,5 stars,"Best Omakase I’ve ever had. Highly recommended!!!
Excellent service as well !!!"
184,H Y Lee,5 stars,great food at a reasonable price enjoyed in a cozy environment. Highly recommended!
185,Wulf Quester,5 stars,The best Omakase in Singapore and very friendly chef!
186,Aiden Leigh,5 stars,Exceeded expectations . Chef was very friendly. I will return.
187,Mark Lee,3 stars,It's a nice place. Food was ok. Not blown away. Worth a try.
188,Jack Young,5 stars,Great experience with Nice food.
189,Zhen,5 stars,"good lunch deal, would try the omakase next time"
190,Tek Yew Chia,2 stars,Noisy crowd - made the place not worthy of a high end Omakase restaurant
191,chen qianqian,3 stars,"The food is not worth the price,  still got more space to improve."
192,jinhyoung park,5 stars,"Well, it might feel expensive, but trust me, every penny you pay would worth."
193,Rebekah Lee,5 stars,Literally been here at least 10 times. SO GOOD
194,Joanne Ong,4 stars,Cosy ambience with good bowl of Chirashi for lunch!
195,HF Wong,5 stars,"Excellent food, amazing service."
196,Yu Jie Wong,5 stars,Good food and great service.
197,Nicholas Yam,5 stars,Really fresh and innovative dishes
198,Alexa Ng,5 stars,yum yum to my tum tum!!
199,wen tan,5 stars,Cosy place with superb food! ❤
200,Jx,5 stars,Freshness and value
201,XY O,5 stars,Was really good
202,Eric Kiew,5 stars,Very nice food
203,Wei Wei Loo,5 stars,"with honesty. It may seem like a simple dish, but it reveals an inexplicable sense of surprise and layering upon entry. Endless aftertaste."
204,Aaron Chiu,5 stars,It’s very good. Everyone should try the food here🤤 …
205,越智亘,5 stars,"Miyu

Everything is delicious! ! !"
