,Name,Rating,Review
0,Ben Lin,5 stars,"All the private rooms to serve the guests, very good place for business dinner with important partners
The dishes we ordered are all very delicious, the chef comes to our room to explain each dish how they cook and why they come out the idea."
1,Jiak Papa,1 star,"I had a very disappointing experience at Chef Kang's private dining on 31 March 2024, which was confirmed well in advance, and I even received a reminder email. Unfortunately, upon arrival for a birthday celebration, the restaurant was not …"
2,Min Loo,3 stars,"We ate here twice with one of their Michelin VIPs and were completely blown away by the excellent dinner. We were showered with VIP treatment. The food was oozing with Chef's talent, craftmanship and passion. 5 Stars. …"
3,Joe Soh,5 stars,5 Stars for this restaurant.. Although they are a Michelin 1 Star restaurant for consecutive years. …
4,John Chong,5 stars,"Chef Kang is a Micheline Star Chinese Restaurant.

His Superior Sharks Fin soup is fantastic. …"
5,Jennifer Cheng,5 stars,Every dish is wonderful and I can’t wait to come back again. No doubt this is a Michelin starred restaurant. Especially love the lobster dish and the crab glutinous rice. There’s a outdoor carpark just right opposite the restaurant and little India mrt station is less than 5mins walk away.
6,Genevieve Wong,3 stars,"Our last 2 Michelin star restaurants to try. I gave it 3 stars because eventhough the food is good, it wasn't exceptional. I don't give 4-5 star easily unless they really deserve it in terms of quality of ingredients, food quality overall, …"
7,yz huang,5 stars,"The dinner was sublime..!! I feel the iconic dishes were the fish soup and crab with glutinous rice, definitely mut try.
Fish soup is light but flavourful,  crab taste very fresh and sweet, glutinous …"
8,SH Ngiam,5 stars,Very humble setting. Food is extremely delicious! Signature dishes like the fish soup and meehoon are heavenly good. Prawn paste pork belly is crispy and tasty too. Steamed egg with foie gras is quite a pleasant surprise. Unfortunately …
9,Hope Ang,5 stars,The food here is amazing. Managed to score a table for 8 in one of their 3 private rooms. The small seating capacity explains is part of the reason why getting a spot may be difficult. …
10,Carol Tan,3 stars,"This is our first time here, and noticing that many ministers have dined at this restaurant, I found that the food is too sweet for my taste"
11,AOFM,2 stars,"There will always be hits and misses and unfortunately, I didn’t enjoy my experience at #chefkangprivatekitchen tonight. Restaurant is pretty run down for a 1 Michelin ⭐️ restaurant. There’s even pandan leaves on the cupboard of the private …"
12,Sze Wee Tan,4 stars,"Celebrated a friend’s new job over dinner here. The food was exceptional, in particular the Horfan at the end, the pig stomach soup was very balanced. Smoked duck, steak prawn with garlic over rice vermicelli high standards. Also a good flight of wines to match the food."
13,Wong Teck Jung,5 stars,"I enjoyed most dishes here. Highly recommend:
1. Signature slow braised marble goby (soon hock) soup with vegetables
2. Garlic steamed crab with glutinous rice (requires advanced order) …"
14,Thomas Cheah,5 stars,"Michelin star restaurant. Reservations fully booked two months in advance. Over 40years of experience, everything prepared by Chef. When Chef is overseas, will just close the restaurant. And Chef travels very extensively with wife for …"
15,Michelle Leong,4 stars,"I pre-ordered the crab glutinous rice, hot plate char siew and pipa duck. These were all very good! Albeit the crab chosen wasn’t meaty, lots of space within the shell. The soon hock soup was amazing, and the egg white luffa was tasty. …"
16,Timothy TB Chua,5 stars,Singaporean Cantonese food cooked with a lot of pork lard. Very limited seating. Usually takes a couple of weeks to secure a table. The fish soup is excellent. Bring a good bottle of wine to complement your meal. Michelin star restaurant.
17,Very Low (Budget Low),1 star,"It is a private kitchen restaurant selling very expensive normal dishes that can be find around Singapore Zi Char store. Ask for a small plate of pork lard and told us cost $6. They must be crazy. Those well known ppl taken with the chef, …"
18,Dzuriami Karmani,5 stars,Nice place to have dinner with family. The chill crab 🦀 is very nice and the chicken wing is good. …
19,Teck Boon,5 stars,"Things to order: The char siew, the crispy pork belly, soon hock soup and the white bee hoon. Reservation is required and certain items need preordering. Pricing is slightly high but it’s more than made up by the quality of the ingredients and also the quality of the food."
20,iamafoodtaster,3 stars,"1st Try... Quite Disappointed Given It's Michelin Awarded... Food Are A Little Overrated I Would Say... But Their Scallops &amp; Asparagus Are Indeed Good, Their Seafood Are Damn Fresh That Deserves e Stars Only..."
21,Diana R,5 stars,"Delicious &amp; rich soon hock soup, melt-in-your-mouth char siew and silky smooth tofu make me understand why Chef Kang continuously got his Michelin star. Price is high but food quality speaks for itself. Highly recommended. …"
22,Harry Soh,5 stars,"Always a treat to return . My second time and the food is still just as amazing . Everything was good , but the crab glutinous rice , chai poh hor fun &amp; the fois grad vegetables was my favorite ."
23,marcus Lew,2 stars,"terribly disappointing. complete ripoff.
a plate of stir fried venison for sgd168 and each person only had 2 strands of meat for a table of 8. …"
24,Banana Nut Crunch,1 star,"Beware of this restaurant who never display the prices in their menu. If you feeling like a broccoli or carrot head, can give it a go. Please do make your own judgement on the prices"
25,David Yip,5 stars,"Attended a wine appreciation dinner and our request was accommodated, which is unusual and often a ""no"" in many restaurants. The fish soup and the prawn paste pork belly were standout. Pro tip. You can arrange for chef to pair your wines with dishes if you let them know ahead of time."
26,FoodieDirectory,5 stars,"Some of the best food in the most intimate setting you can find in Singapore. Every dish is outstanding. Soon Hock fish soup, Patin fish, Crispy pork in Portuguese sauce, steamed chicken from Guangdong were wonderfully prepared. Sweet and …"
27,Ramesh Krish,5 stars,"Very nice looking clay pot soup with
Meats covered with crispy border immersered in a soup like an island. Something unique. Should try guys"
28,Wenna Lee,5 stars,"I recently had the pleasure of dining at Chef Kang's on Mackenzie Road, and I must say that it was an exceptional culinary experience. From start to finish, the restaurant captivated me with its delectable dishes, impeccable service, and …"
29,Cookie Monster,3 stars,Expensive tze char in a pte dining setting. Not for the faint hearted who do not have deep pockets. The food is good but u might feel depressed when u walk out 🤣🤣😂😂 by …
30,Alvin Choo,5 stars,"Ordered their delivery since group dining is not possible now.

The set ($285 inclusive of GST and delivery charges) consists of: …"
31,Zhi Wei Foo,1 star,"Place was old, run down, and had a musty smell (which we reckon might come from the old unwashed wine bottles displayed in the room). Ambience was terrible - each table was in a private room, but the rooms were not soundproof. We listened …"
32,Tan Justin,1 star,"Frankly speaking, it's like normal zi char stall standard and the price is exorbitant. The food is overly rated and nothing to shout about the whole experience. Huge disappointment."
33,Jennifer Setiawan,5 stars,"I recently had the privilege of dining at Chef Kang's restaurant in Singapore, and it was an extraordinary culinary experience that surpassed all expectations. Chef Kang's passion for his craft and his dedication to creating exceptional …"
34,SK Young,5 stars,"Having friends gathering there, not bad and saw Chef Kang when leaving after dinner"
35,M Lim,5 stars,Friendly restaurant with excellent service and food Very down to earth with private rooms. Much better than restaurants in hotels.
36,Md. Borhan Uddin,5 stars,"I appreciate the attentive service team and take good care of us. I thought they did amazing savoury dishes. Innovative, testy and well prepared. They are very friendly. All dishes are nicely decorated. I did enjoyed the portion of each courses."
37,chong anthony,5 stars,"Chef even its Michelin stars the good old way, still labour behind the stove n dishing out extraordinary dishes."
38,Doreen Teo,4 stars,"Chef Kang's Chinese Restaurant is a must-visit for anyone looking for an exceptional Cantonese dining experience in Singapore. The food, service, and ambiance are all top-notch, making it a great choice for a special occasion or a memorable …"
39,Y Chin,5 stars,Private kitchen. Fish soup is the best. Chef will also adjust the menu based on the wines we are having to make sure the go well together.
40,Uzzal Shahidul,5 stars,"I enjoyed most dishes here. Highly recommended
I feel the iconic dishes were the fish soup and crab with glutinous rice.
Fish soup is light but flavourful,  crab taste very fresh and sweet, glutinous rice is fragrant  and tasty."
41,Wayne Louis,1 star,"Please DO NOT come.
1. Food is way overpriced and does not even taste good. $30 for a plain vegetable. &gt;$200 for a very small deep fried fish. A hawker zi char stall serves tastier …"
42,Chien Nguyen,5 stars,"Michelin star restaurant, this place is very unique. It has interesting dishes and out of the ordinary. The setting is very comfortable, cosy and authentic. Fish soup is light but flavourful,  crab taste very fresh and sweet, glutinous rice …"
43,Christopher Eu,5 stars,Really great Singaporean Cantonese food. Like an atas Tze Char. Free corkage. Chef Kang is a boss.
44,Princess,5 stars,"Anytime is always a good time to eat in a Chinese Restaurant. Always loving each favors of the food. The food here are the delicious as expected from a Michelin Star restaurant. So so good. The signature Char siew, yum.."
45,putri quraisyah,4 stars,"the food is very good. the small seating capacity explains the part of the reason why getting a spot may be difficult but we didnt wait that long.service here was good too, really attentive and friendly. had a pleasant time"
46,Dylan Xie,5 stars,Lovely food with a great chef who's so entertaining...if you can get a table that is
47,Ontima Khan,5 stars,"The dinner was sublime..!! I feel the iconic dishes were the fish soup and crab with glutinous rice, definitely mut try.
Fish soup is light but flavourful, crab taste very fresh and sweet, glutinous …"
48,Dhiviya Venkat,3 stars,"Very humble setting. Food is extremely delicious! Signature dishes like the fish soup and meehoon are heavenly good.Overall experience is good, Will go back again!"
49,Maggie Tay,5 stars,Very humble setting. Food is extremely delicious! Signature dishes like the fish soup and meehoon are heavenly good. Prawn paste pork belly is crispy and tasty too. Steamed egg with foie gras is quite a pleasant surprise
50,D Lowe,5 stars,Great food. The crab glutinous rice &amp; bee Hoon in broth was excellent. Char siew was only ok. Service was excellent!
51,Lisa Choo,1 star,"Never think of trying in this restuarant , lousy food without price ?
Daylight robbery. Lousy food , char siew taste like dry log, crab glutinous rice taste like overnight fried rice. 🤮🤮🤮 …"
52,F T,4 stars,Love the soon hock fish soup very much.  You will love this restaurant if you love Singapore's old style cooking with pork lard as Chef Kang is a great believer that pork lard brings out the flavour of the food.
53,jessie rivera,5 stars,"Very delicious! Had many dishes including fish soup, crispy pork belly and white bee hoon. Staff were very attentative and we had an excellent dinning experience!"
54,Leonard Wong,4 stars,"Traditional Cantonese Cuisine. I love the Beef brisket noodles and their roasted meats. Roast bbq pork Char Siew, roast duck.... Crispy skin with a nice aroma.... Do try these dishes. I'm a carnivore!!! RAAAR!"
55,Domingo Naz,4 stars,Chef Kang’s steam crab with glutinous rice is a menu that need to be tried if you want authentic food. The duck ia also equally delicious. Prices are affordable amd worth spending with the quality of food.
56,Marco Leija,4 stars,I really love this restaurant. All of the dishes here is so good. Very Recommended!
57,Kadal Maithan,5 stars,"ChatGPT

Chef Kang's is a renowned restaurant in Singapore known for its exceptional …"
58,Sassy Mabel,5 stars,Food is fairly descent and presentable. Friendly staff and good customer service. Relaxing atmosphere will make you think of bringing family &amp; friends on your next visit.
59,Alim Nordin,5 stars,Great Cantonese restaurant! Steam Crab with Glutinous Rice was really superb. Will definitely make another reservation with friends and colleagues again!
60,Siew Chin Chia,5 stars,"The taste of every dish we ordered was really deserving of Michelin rating. Considering the superb cooking standard and private room setting, the pricing is reasonable.  Just that we needed to book a few  months in advance to get a table. Ample open air parking opposite the restaurant.  Will definitely go back to try more dishes."
61,Najib Mohamad,5 stars,"Chef Kang's is an extraordinary culinary gem. The exquisite flavors, innovative dishes, and meticulous craftsmanship make it an unparalleled dining experience."
62,Moon Night,5 stars,"The dishes are Cantonese style and the wok hei is fantastic!

The staff are very prompt and friendly. …"
63,Jade Lee,4 stars,"This place is very unique. It has interesting dishes and out of the ordinary. The setting is very comfortable, cosy and authentic. Great food and culture."
64,christina santhyagoo,5 stars,"I am a crab lover, one of my friend ask me to go Chef Kang's to try their signature item steam crab with glutinous rice, it's really yummy I love it."
65,Wen Hong Max,5 stars,"A good chef in cooking Chinese cuisines. Great food, good atmosphere, nice service. It is definitely a nice dining experience! Keep it up!"
66,Aisyah Ahmad,4 stars,Booked this place for a company lunch for my clients. Feedback was great and they enjoyed the food and ambience! Recommended for sure.
67,Brian Chia,5 stars,Comfortable and relax place The food are pretty good too. A nice restaurant for couples or gatherings. highly recommended. Location is easy to find and access
68,S,5 stars,Hands down the best chinese restaurant in Singapore!
69,hi there,5 stars,The atmosphere at this restaurant was so cozy and inviting - the food was delicious and the staff was so friendly and helpful. I would definitely recommend this place to others!
70,S L K,2 stars,Food is better than your regular zi char stall but I wouldn't say it has wowed me. Definitely very much overpriced.
71,Angel Huang,3 stars,"Very small restaurant, that’s the reason prior reservation is a must. The environment is not cosy like other Michelin star restaurants, kind of run down. Food wise is ok, the fish soup and crispy pork are delicious. Their braised bee Hoon …"
72,Mona66liza Abu Bakar,3 stars,Quite easy to get a booking despite being a Michelin star restaurant. Food was well-deserved of the Michelin star. Parking is also near.
73,Solomon E,5 stars,Steamed Crab is the must try dish in the restaurant. A highly recommended restaurant for seafood lovers. Recommended.
74,Guan Quan Ong,1 star,"Overrated and overpriced. I wouldn't recommend the place even for half the price. Fish soup is mediocre, doesn't have the wow factor. i have tasted better fish soup at kopitiam that cost 10 times lesser. Fried pork slices are good, is …"
75,Jerry Teo,5 stars,"He has the ability to combine a few simple ingredients such as lard, rice noodles, dried radish, to create a perfect dish that has such wok hei and depth."
76,Vignesh,5 stars,"food is very goodimmersered in a soup like an island.long.service here was good too, really attentive and friendly. had a pleasant time"
77,Grace Ho,5 stars,"Had a fantastic lunch were with colleagues today. Ordered the Soon Hock soup, fried egg plant, deep fried pork belly, Portuguese styled pork chops, bean curd with broccoli, salted egg prawns and the bee hoon. All dishes turned out really …"
78,Clarabelle Foo,5 stars,Good place for hang outs and good food. Definitely will recommend to friends and relatives this restaurant. 5 stars!
79,Val G,2 stars,We ordered the soon hock soup but found it overly sweet. The kailan was also too hard. The fried pork belly was crispy on the outside and tender on the inside. However we were charged $4.50 for plain water which we felt was ridiculous . …
80,Chiang Yin Wong,5 stars,Always an awesome experience dining here
81,XIN TANG,5 stars,"decent Chinese food, worth paying a visit but be prepared to wait if you donot book in advance, especially peak hour."
82,Charles Lim Tee Soon,5 stars,"Excellent food, with great taste 😋 👌 😀 …"
83,Mapatuna,5 stars,I went there recently and I really recommend the crab glutinous rice and fish soup. Would definitely go back again.
84,Leng Hoe Lon,5 stars,"Chef Kang is great. This is a small restaurant so please book ahead. The Chef like to serve what's freshly available to you. Steam fishes, huatiao steam crab and the KL Hokkien noodles are the favourite. Generally the dishes are heavy in taste. Some like it, some will think too salty. We love it."
85,Su-Sanne Ching,3 stars,Been anticipating a visit to Chef Kang; tried to book it but failed on a couple of occasions. Finally tried it today. …
86,Tan Hui yi,3 stars,"Fish soup - very good
Prawn paste pork belly - very good
Char siew - mediocre …"
87,Rachel Ou,5 stars,"it is a small restaurant with small seating capacity. food is cooked by Chef kang and one other assistance. food is amazing. some highlights include crab with glutinous rice, homemade tofu, deep fried pork belly with prawn paste and recommended to end the meal with a bowl of fish soup!"
88,CL Chen,5 stars,"Very delicious food and very good environment whether with the family or friends…
Thumbs Up to Chef Kang !
Highly recommended"
89,Nur Mastura,4 stars,The food here are cantonese style and the quantity of dishes are worth the price.
90,Waang,3 stars,Some of the dishes are hit and miss. The white beehoon is good. But the other dishes are just okay. Their signature crab with glutinous rice is nothing special. The char siew also just average.
91,Rachel Ng,4 stars,Great place for yummy Chinese food. Reservation recommended as it's always full.
92,Cerez Joy Viray,5 stars,Great restaurant offering so many delicious and good foods. The service too was outstanding.👍👍👍 …
93,Phudhat Netsuwan,1 star,"The service was truly bad, they kept me waiting for the dish of signature tofu for 1.5 hrs. It's not apitized anymore when the food was served. Actually, the tase was above average, very wondered why they got Michelin star, maybe it's the poor standard of Michelin."
94,Ryphh Wgman,4 stars,Really skillful chef. The food is top notch. Wonderful experience.
95,Hein Htet Aung,5 stars,All foods are fresh and delicious. I love seafood and coconut milk juice.
96,William Chia,4 stars,"A wait of 2 mths for a table is way too long. Dishes are unique and very nice. No msg as I don't feel dry and thirsty hours after meal. Prices would be more reasonable if they start at $20, instead of $28 for most dishes. Conclusion: Not worth waiting 2 mths for appt."
97,WU GUOWEI JACK,4 stars,"Small restaurant so you must book ahead. Serve Cantonese cuisine.
In my view, the best dishes are:
-Soon Hock Fish Soup …"
98,Wide2Narrow,5 stars,The crab with glutinous rice is so unique and tasty would definitely come back
99,Josh San,4 stars,TOP tier Chinese food. Slightly more expensive than usual ($100 per pax without alcohol) but it affirms that Singapore still has quality Chinese cuisine. Strongly recommended for special occasions.
100,Ian Tan,4 stars,"Must order the Soon Hock fish soup and the coconut jelly dessert! Solely based on these 2 items I'd say yes yes yes to Michelin star. The other items I've tried today I won't necessarily say are very star worthy IMHO. The dishes are Fried bee hoon, prawn paste pork slices, fried eggplant, Mei Cai Kai Lan. #ThomtoriEats"
101,A C,5 stars,Best Char siew and prawn paste pork belly I've tried in Singapore so far. Overall good was amazing and totally deserves Michelin star.
102,Angela Koh,3 stars,Really expensive and very underwhelming given the price. Some of the dishes were interesting but the basics like the hor fun and pork dishes that can be found in most zi char stalls did not stand out to us
103,Ho Nam,5 stars,"Absolutely amazing place to eat, we will be making a reservation for our next visit."
104,NVIDIA VS AMD,5 stars,"they did amazing savoury dishes. Innovative, testy and well prepared."
105,Angela Chen,4 stars,Service was not up to the standard
106,Siva P,4 stars,"The food was good and the attitude of the people was good,A lovely place to go with friends and family ☺️"
107,yogesh waran,5 stars,Always a treat to return . My second time and the food is still just as amazing . Everything was good
108,Weixu Low,5 stars,"Private kitchen with very friendly chef . Dishes are catered to your age, health , taste liking etc"
109,Felix Wong,5 stars,Very nice food combination!! Definitely deserves it’s one star!!
110,Glenda Seah,4 stars,Nice Chinese delights and pleasant experience. Food is good and staff are nice.
111,Robin Tan,3 stars,Well it's some what on the other side of expectations. $1119 for only 12 pax. Steam Fish $250.  Fried chicken wings $65. However if you are in the mood for spending by all means. No cockage. No GST.
112,Teddy T,5 stars,Innovative Singaporean Cantonese food. All the dishes were prepared with extraordinary care and attention. The restaurant really deserves its Michelin Star.
113,selvA,4 stars,"I had great time in this restaurant, One of the best restaurant in Singapore with nice atmosphere with great drinks and delicious food.. most of people like have breakfast and dinner in this restaurant regularly.. weekend food will be very good.. chef kang for family night dinner was good"
114,Nina Simone,5 stars,Best fish soup that guarantees a sense of homely bliss with every bite.
115,Mageswaran Vivo27,5 stars,"The food is really good, I like crab the most"
116,Faheem Ahamad,5 stars,"Amazing food, amazing service, not too crowded. Can’t wait to go here again!"
117,Victoria Soh,5 stars,Staff and chef are friendly. Nice Cantonese cuisine
118,LS H,5 stars,Right up there as one of the top Chinese restaurants in Singapore. Each dish is lovingly and skillfully prepared by the man himself with ingredients second to none.
119,Apple Apple,5 stars,Had lunch there today . Really tasty and lots of new ideas and innovation in the menu. Love everything ordered today ! Definitely will go back.
120,Zhen Z,5 stars,Great fish soup
121,Sujon R,5 stars,"Their Scallops &amp; Asparagus Are Indeed Good, Their Seafood Are Damn Fresh.🫰 …"
122,Palash Roy,5 stars,Awesome food and great taste. Go and spend with your family
123,Ong Joycelyn,5 stars,Serving yummy Cantonese dishes.
124,Pris SG,1 star,Overrated. Service is lousy. The boss is so arrogant. Food is only mediocre. Better spend your money elsewhere that’s more worthwhile.
125,Gerard Lai,3 stars,Food is above average and not worth for the price tag.
126,Matas T,1 star,"close but not update, wasted time"
127,Stteven Siow,4 stars,A private dining restaurant with good innovative food. The chef and owner Chef Kang has one Michelin star. Good place for private dining.
128,S M,5 stars,"Excellent Cantonese dishes. Special mention to the fish soup, char siu and the truffle venison"
129,DragoonsaN Lee,5 stars,"The food is nice, the boss is friendly, the staff is also friendly. Love the fish soup &amp; bee hoon there."
130,M,5 stars,The food was so good and service was top-notch
131,Liufang Liu,5 stars,The food is yummy. The price is acceptable!
132,HB Tan,4 stars,"Definitely the best Chinese food I've had since a long time. I can't say is value for money, but it's definitely exclusive !!!"
133,Francis Aw,5 stars,"Second time being there, really enjoying the food"
134,alyssa danielle,5 stars,great michelin star restaurant- highly recommended!
135,Merry Lianawati,5 stars,Whole fsmily Loves the steam crab and fish soup.
136,JOHN JACK,5 stars,The food very delicious especially the Horfan yummy
137,emjaywhatson,5 stars,"nice michelin star restaurant, worth it!"
138,Woon Clarence,5 stars,The restaurant deserve its Michelin star award
139,Grace,5 stars,"Cosy restaurant, tasty food. One of the best private dining experiences. High recommended!"
140,Andrew Tan,5 stars,Superb food.  Simple dishes but so passionately prepared. Great Job
141,Anand Shankar,4 stars,Good one. Worth.
142,wong wan yuan,1 star,Overprice &amp; the food was mediocre. And waited so long for each food to served. It is Our 1st time &amp; will be the last too.
143,Kenneth Sim,5 stars,Delicious Chinese cuisine.  Price is not cheap but it is justified by the quality of the food.
144,YL,2 stars,Food tasted okay but too overpriced. Limited variety of dishes in menu. Not worth the money at all..
145,Omar Nazzal,5 stars,Nice ambience! Must check out this place!
146,YunKyung Kim,3 stars,Many menus are not available. Restaurant's interior and facilities are a bit old now.
147,Joel Tan,3 stars,Some hits and misses. Love the soon hock. Very pricey but the service is very good.
148,FLO BEAU,5 stars,Innovative Singaporean Cantonese food. The restaurant really deserves its Michelin Star.
149,Saranjay Manohar,5 stars,"Good ambience, good food, professional staffs"
150,Vikram Balachandran,5 stars,Good varieties of food with better service
151,Sammy Leong,4 stars,The food and its service are excellent but the price is on very high side
152,Abby Ong,5 stars,The fish soup very very delicious
153,Vasanth,5 stars,It's a friendly place ....very nice
154,Iva P,4 stars,"Wanton without the black fungus,would have taste better."
155,Zen Tan,5 stars,Love it! Great eating place!
156,Fook-Meng Chan,5 stars,Marvellous Cantonese cuisine. We really enjoyed ourselves.
157,Keshav Raj,5 stars,Really chill place to get some grub.
158,Stacy Lim,5 stars,Chef Kang rocks my socks!
159,Yan Wang,5 stars,"delicious Chinese food, will come again"
160,vakada surendra,5 stars,The food is amazing here.
161,Yin Tom,5 stars,enjoyed the meal very much
162,Wod Shya,2 stars,Thin noodle with succulent char siew and wanton in a great broth.
163,Teo Kia Meng,2 stars,Extremely overpriced.
164,Amit Halder,5 stars,Very good
165,Ming Hoe Tan,5 stars,Decent food for meal with family
166,Chong Chong,5 stars,It is good food and service
167,Cleo W,4 stars,"Good but not super nice, two people for lunch spand 240, too expensive."
168,Sri Subashini SRRY,5 stars,Delicious Food and Awesome place
169,KHAING NYEIN THU,5 stars,"Yummy foods,
Nice ambience"
170,Samudrala Jagadeesh,5 stars,Nice place to too yammy
171,Sian Tan,5 stars,New dishes done creatively using old-style Wok Hei.
172,harith haikal,3 stars,recommend to my Chinese friends.
173,Permsiri S.,4 stars,Nice and can feel a lot of effort he put in to this wok
174,Danny Koh,5 stars,1 star Michelin restaurant
175,Haidi Sky,5 stars,Nice food love it
176,Gim Peng Soh,4 stars,the food and service are great
177,ocatb tina,3 stars,Nice!
178,Regina Poon,5 stars,Public parking opposite of restaurant.
179,L XM,5 stars,good !
180,SIVAN ENTERTAINMENT,5 stars,Very nice food
181,Rodney Loh,5 stars,Dedicated chef who puts his heart into his food!
182,Kelvin Hoo,5 stars,"Good food, good service"
183,Patrick Teh,5 stars,Great food and friendly chef.
184,Hazrul hazrul,5 stars,Nice and clean place
185,DZOLA BALBOA,5 stars,The noodle is fantastic
186,Ricky Lee,5 stars,Great cuisine and good ambience !!
187,Suhail Salim,5 stars,Michelin worthy!!
188,Mike Lee,5 stars,Great
189,yew ping Chun,5 stars,Awesome
190,Keat Jin Goh,4 stars,Unique food good service
191,Gerald Lee,5 stars,Delicious but pricey
192,Angeline Ng,5 stars,Fd is special worth trying!
193,Thanawin Ahwin,5 stars,Great food
194,Ting Ming Yeo,1 star,Good food
195,N.L. Ho,4 stars,OK
196,Shan Priyan,5 stars,Good taste
197,ka charr almacen,5 stars,Culinary experience 🫡🫡🫡! …
198,Stormzy Na,5 stars,Best place.
199,William Chai Kwong Yaw,5 stars,Nice
200,TK Royce,4 stars,Good
201,Reiy Teo,3 stars,Overrated private dining.
202,Crystal Losijana,4 stars,Exceptional!
203,Nandha Kumar,5 stars,Great place
204,A L,1 star,* first &amp; Last ... very disappointed .
205,James Lim,5 stars,Excellent quality
206,Boominathan R,5 stars,Delicious 😋 …
207,Jerry Ong,5 stars,Very good food
208,nur fawra,5 stars,good seafood
209,Mun Hwa Loke,4 stars,Nice food.
210,Qiaoli Jin,3 stars,Overpriced.
211,Zhirong Chen,4 stars,tasty food
212,Bryan Wee,5 stars,Nice food.
213,Doctorzh Zhang,5 stars,"If evaluated by food, service and atmosphere. It must be a five-star review. Well-deserved reputation …"
214,Xb Chen,3 stars,"The taste is above the standard, but with the dishes, environment and price, it is difficult to make people feel amazing, especially the pricing of some dishes, it really feels like Michelin"
