,Name,Rating,Review
0,I T,5 stars,Good service and quality food. Serving size is not big enough probably because of the brunch deal. The pasta was really well cooked and it’s my favourite. Service by the staffs were exceptional as they took care of us properly. Definitely recommend this place for a romantic meal with partner for a memorable day.
1,Rikun,5 stars,"Lovely experience with Gunther's.
Tried the discovery menu with a glass of wine each, one of our starters were taking abit longer than usual and we were offered a complimentary dish of caviar …"
2,Albert Foodie,4 stars,"Nice ambience, service is good. Food is good  but not surprising. Recommended the pork jowl, well cook, very soft, moist and tasty. Angel hair pasta texture is very good except the truffle oil fragrance overpower the pasta. …"
3,Brandon Low,5 stars,Delicious food and excellent service. We had the angel hair pasta and Alaskan king crab legs and they were cooked to perfection. Highly recommend!
4,Ying Yuen,5 stars,"Love the angel hair pasta with caviar! I literally licked the plate!!! So good. The Apple “tart” is really good, so crispy and top a little ice cream on each bite sent me to heaven. It’s worth the price, the whole experience is exquisite and I was there for lunch. I have to go for a dinner next chance I am back in Singapore."
5,Tingting,3 stars,"I had high expectations of this place. Our meal started off very well, the bread was fantastic. Appetiser was great, the best being the cold truffle pasta. Mains was a letdown. Carbonara is mere 3 pieces of pasta sitting on a generous …"
6,Joel Tan,3 stars,"Fantastic service, albeit slow pacing by the kitchen. Our simple set lunch lasted around 90 minutes. Cold angel hair pasta was excellent, everything else was rather unmemorable. The restaurant was packed for lunch and the atmosphere was …"
7,Kira Yvonne Lim,4 stars,"Celebrated our wedding anniversary here.

The restaurant and service staff are attentive to our dietary request, and the …"
8,Cyndi Poh,5 stars,Actually wanted to give only 4 stars but since the service was so excellent it deserves the 5th star. Gunther’s was one of the restaurants on my must try list and happy that I got to do that for my birthday. It’s fusion French cuisine using …
9,Ngj313,3 stars,"Standard has dropped :( they did try to keep to the same affordable prices. But but, the beef portion was small! And everything has to be topped up! Can’t stand that! Also they don’t serve normal water. Have to buy still water ! And they …"
10,Jolene,2 stars,"Despite being raved for being one of the best French fine dining in Singapore, we unfortunately did not have a good experience. Would like to start off by first complimenting the service staff for their impeccable hospitality, for being …"
11,Amb,3 stars,"went day for valentine’s day in feb, chose ala carte rather than the overpriced vday menu.
would not go back , generally overpriced for a la carte too.
Also tried to charge us for two portions of uni when we only ordered one 🙄 …"
12,Yean Fay Khoo,4 stars,"We ordered 2 appetisers - cold angel hair pasta with caviar and the day’s special of fish and 2 mains - roasted Alaskan crab with tomato rice and Miyazaki wagyu ribeye. Their signature dish, the cold angel hair pasta was certainly delicious …"
13,Flower world Chong,5 stars,"First time visit Gunther, they provide Valet service so do not worry about parking. The greeting from the reception is very pleasant, the ambience is simple yet elegant. The good we ordered is timeless dishes, all the dishes is very well present, do order a soufflé at the end of the course, that is my favorite for French restaurant."
14,Melvin J.,4 stars,"Sat for the 4 Courses Chef's Signature Series $148++ per person, quite good but not filling for the greedy me lol! Anyway joke aside, even through the taste is good but I think it's just normal, there's no wow factor, it's just expensive …"
15,Kian Tong Ho,4 stars,After three visits my favourite dish is still the angel hair pasta... Some of the dishes were hit-and-miss though.... I didn't particularly care for the beef and my friends' plates were not consistent with mine (some were medium rare while …
16,Chi Ling,5 stars,Had the angel hair pasta with caviar lamb and the tart for the set meal. All was too class and absolutely fantastic.
17,Viv Chua,2 stars,"Service nominal, food nominal, priced too exorbitantly for its food quality. Environment is too cramped up. Not recommended. Degustation menu was not great too. We tried all the signatory dishes like Angel's hair, Alaskan crab, quail, Apple …"
18,Maria Gonzale,5 stars,"The restaurant week was an opportunity to explore and test out restaurants that l ordinarily would not be drawn to. The menu allowed me to top up for signature pasta with caviar, which was great. …"
19,Kanokporn L.,4 stars,Upscale French restaurant with a unique ambience. Food was a hit or miss for me… …
20,Kelvin Wee,5 stars,"Excellent service &amp; food quality 👍🏻
Everything was top notch.  The cognac flambe tomahawk was delicious. Pleasantly surprised to have such good beef at a French restaurant. …"
21,Cynthia Lim,5 stars,Went to Gunther's for restaurant week. Food quality is fantastic. Beef was done perfectly and even the corn was grilled well and tasted really sweet. The only thing is the really random plating of the dishes but I guess that's also because it's a restaurant week menu.
22,Michelle N,5 stars,"Had the chance to dine at Gunther’s during restaurant week! Nice experience, though the place could be a little intimidating with the lighting and low talking volumes 😂. Enjoyed the Cold Angel Hair, as well as the Apple Tart at the end. …"
23,Sam L,5 stars,Gunther's has always been one of my go-to restaurants for the past 12 yrs. I've yet to be disappointed with them all the times I've been here. …
24,derek neo,5 stars,Back after 2 years.  Top class French cuisine and excellent service.  Cold angel hair pasta with caviar is the my favourite today.  King crab leg is excellent also.  Dissapointed they couldbt serve the grilled foie gras today but still on the whole its a  good experience.
25,Y Pun,2 stars,It’s our first and definitely our last visit there. The steak which I paid a top up for was food-court standard thin. The chef has a tendency to add caviar to many of the offered dishes and demand a higher price as a result of that. …
26,Evirna Teo,5 stars,Cold angel hair pasta w caviar is their popular item and it’s a must try if you are dining here. Oysters are big and fresh! Love it!
27,Daniel Chew,5 stars,Set lunch is very good value for money. Signature angel hair pasta for $60++ is a must try. Prices can go skywards if u order off the menu.
28,DIVA Yang,5 stars,Absolutely amazing cuisine. 9 course tasting menu with wine pairing and the experience is to die for. Each course just got better and better and made you go wow.
29,Leon Tay,5 stars,"It has been quite  a long time since we came to Gunther's for dinner, the last time my wife was expecting our boy and now the boy is in P2.  So it was with great anticipation that we looked forward to the meal. …"
30,minjoo kang,5 stars,It's my second time visiting Gunther's. I love their surprise course menu. Price is responsible and u like they don't charge for corkage fee for 1 bottle every 2 customers
31,Bishan Chew,5 stars,The service is great and the food is very flavourful. We had the lunch chef's menu and definitely worth every penny we paid. Thank you!
32,Brian Mak,2 stars,"Above average food, very small portions, with a big price tag. Overvalued with very low value for your money. Spent 400+ for 2 pax on a 4-course meal and both my wife and I left hungry. Take your hard earned dollars elsewhere."
33,XY Lim,5 stars,Had a wonderful lunch experience here - booked a set lunch to celebrate my parents' anniversary and the staff brought out a nice little cake to surprise them. Very attentive waitstaff made up for the inconvenience from the dining restrictions!
34,Eve's Curios,4 stars,"Each dish was prepared very well and fresh. Ordered 6 course degustation and the portion was just nice. There were mixture of Japanese cuisine n modern French cooking. Hence, was slightly confused.."
35,Ng Ng,5 stars,Pleasant Lunch with Great Service and Tasty food. Portion just nice 👍 …
36,P TAN,1 star,I have been patronising Gunther’s for the last 12-13 years and have totally enjoyed my experience but NOT today. I do understand the increasing cost in running restaurants and changing your corkage policy for regulars. I have opened …
37,Fawn Teng,3 stars,The service staff thought I was trying to do a dine and dash. He ran out to the reception area with all his might when I was with his colleague checking on some voucher I had bought. …
38,J ang,5 stars,"Excellent service-the waitress was attentive, sensitive, and professional. They enquired about our food allergen and the service was prompt. The food was delicious and the presentation was pretty. The overall dining experience was enjoyable."
39,Plada Glow,5 stars,"A very delightful restaurant week lunch. Gunther’s cold angel hair pasta is as usual sublime . I enjoyed the pork jowl , melt in your mouth tender . Service was attentive . I don’t know why it took me so long to come back ."
40,B Ong,5 stars,"Haven't been back in 5 years, but food is still as good. We do miss the part where the  staff brings out a trolley of fresh food items for selection. That was a big part of the Gunther's experience."
41,Daniel Wylie,5 stars,Wow! What can I say other than a beautiful evening with a dear friend. The maître d' welcomed us with a warm and sincere greeting. We started off in the bar for a glass of champagne and Jamón ham. …
42,Angel Tan,4 stars,"Had the Restaurant Week set lunch menu at Gunther’s recently. Food and service were pretty good, and I have marked my top 3 favourite items below:
- Cold Angel hair pasta, truffle flavoured 🥉 …"
43,L Chan,4 stars,Friendly &amp; attentive staff. Owner Chef came out of kitchen to greet each &amp; every guest. Dining hall is cozy &amp; neat.
44,Raymond Ching,5 stars,Love it! Finally understand the hype about this place after trying them out. Amazingly delicious food with a very attentive service staff to cater to your needs!!
45,Dean Tan,5 stars,"food was amazing, not forgetting the recommendations from the staff! wonderful service! enjoyed our anniversary dinner"
46,Candice Yu On On 余安安,5 stars,"Very cosy , elegant ! Super nice food ! That every tome I visit Singapore I will go back ! Also good service and simple but nice deco!"
47,Judy Booi,4 stars,I love the Angel's Hair with Caviar the most. Food are all delicious. Thanks Jeff &amp; staff for making our dining a wonderful one. Thank you for the cake and sweets.  The only down side is a group of people from the other table talking too loud.
48,Kris Trimoeljo,5 stars,"I like the menu selection at Gunther. Came as party of 3, we ordered several appetizers and had cote de boeuf as our main. I dare to say the steak can compete with any top notch steakhouse in the city . Really good ."
49,zhafri jaafar,4 stars,Prefer the old interior of Gunther's. Food is delicious. Love the signature cold angle hair pasta with caviar.
50,Jaehee Choi,5 stars,"Unforgettable dining experience! Food, service and selection of wine! Everything was perfect"
51,Jessica Won,4 stars,Great place but the taste is a bit lacking and plain compared to the reputation
52,S,5 stars,Perfect food once again! Highly recommended. Best french restaurant in Singapore.
53,Joanne Teh,5 stars,"Food is perfectly curated. Enjoy the seasonal set lunch. Value for money $88++
Love the ambience. It's a boutique restaurant."
54,Jeffrey C,5 stars,Perhaps my favourite lunch and dinner restaurant. Their angel hair pasta is always good. Every dish is exquisitely prepared. Meals always end of with a superb array of sweets (Petit Fours) like their mini financiers.
55,Paul Ryan Soh,5 stars,"The signature cold angel hair pasta with oscietra caviar was heavenly.
Had the Roasted Pyrenees milk fed baby lamb, Grilled sirloin steak medium well which was done to perfection, …"
56,Lee WK,4 stars,Great place to dine. Nice ambient.  Great staff and great food. Good gathering place
57,Terence Ng,5 stars,Well known for their cold angel hair pasta with caviar and uni. Lives up to their specialty. A bit too much pasta for a starter though.
58,Sion Wijaya,5 stars,Best french restaurant in Singapore. The cold angel hair is a MUST!
59,El,5 stars,"Lovely uni and alaskan King crab, and most of all, the service personnel!"
60,Javad Namazie,5 stars,"Food was amazing, service was friendly and attentive, and the cold angelhair pasta with caviar is to die for. Not a great fan of the bluish purple lighting though"
61,Erick Weston,2 stars,"It’s hard to know where to start a review on such a so called “high end” restaurant that disappoints on so many levels. The first impressions are good, looking like it should have a Michelin star, but that’s the end of good, it just goes …"
62,Henri Julien,2 stars,"We went for Valentine’s Day. The food was ok but not amazing, &amp; for the price very disappointing. The worst was the service, it was simply awful. We won't be going back and we won’t  recommend this restaurant to our numerous friends. We …"
63,Sascha Bäggli,5 stars,"Our all time favourit french restaurant in Singapore. With set lunches as low as $38, it is definitely great value for money. During our most recent visit, Chef Gunther was so kind to tailor a fabulous dinner menu for us and every dish was …"
64,Aaron Kreuscher,5 stars,"Wonderful service and atmosphere. Food (6 course menu) was creative and very high quality. Dessert could have been better, and clams were a bit tough. Highlights were the caviar pasta and steak."
65,Pratyush Rastogi,5 stars,"Gunther's food is incredible, and that in itself is worth the visit. Starting with the piping hot bread with perfectly salted butter - to the truffle pasta we shared, to the 4 course meal of more pasta, langoustine (best I've very had), to …"
66,Janise Lee,1 star,The most highly anticipated restaurant on our list yet the most disappointing. I am not sure if Gunther's realise that tossing together numerous expensive ingredients does not make a good meal. We had the highly-raved angel hair pasta and …
67,DJ,5 stars,"Been here multiple times. The food is always good, crazily consistent and delicious. The staff are also top notch, friendly and professional. It's one of my favourite places to treat myself and loved ones to a good time."
68,Lincoln Cheng,5 stars,My favourite Western restaurant in Singapore. The food and the service is consistently excellent. Charming decor. Menu is only a-la-carte which I prefer over a set menu.
69,Jasline Hong,1 star,We enjoyed it the first time so we decided to head back for lunch but the lunch experience was blah. Ordered a set lunch. Found quite a long piece of curly hair inside my scampi mains. Gosh. We did not complain as we did not want to appear …
70,Juliane Wullert,5 stars,Great french restaurant with an elegant atmosphere. The cold angel hair pasta was our favourite - very special and super delicious. They were part of the set dinner menu. I can definitely recommend this place.
71,Michael Sidaway,4 stars,"Great service, decent food. Overall a pleasant experience. Especially enjoyed the dessert."
72,Vivek Nair,3 stars,"Good: Service, especially the restaurant manager. 5 stars to him.

Can be better: Food taste and quality was above average at best. Presentation …"
73,Renee Chettle,5 stars,"Exquisite food in a picturesque historical street in Singapore city!
Had lunch here. For the main dish i had the angel hair caviar. Never had anything like it before. A real treat for the taste buds. This is fine dining in a …"
74,Ranjit Murugason,4 stars,Excellent degustation menu. Nice way to have dinner on a Friday evening letting the very talented chef and team make all the decisions for you. They served some of the classics and even more new surprises. Perhaps a larger cheese selection and more balanced portions would round off the excellent food and service.
75,Sonya Chen,1 star,"One of the worst fine dining experience i have. I m not sure if it's because of i purchased 200 chope voucher or they just treat everyone the same, but from servive to food, nothing feels worthy. The most senior waiter came to us only …"
76,Neil Karkera,5 stars,Excellent food and service. Highly recommend the set chiefs menu.
77,Chili Pedi,4 stars,"Calm, sophisticated ambience. Finely prepared food that was tasty and cooked just right. My dining partners had the $80 seasonal set lunch menu while I tried the regular lunch set, topping up for wagyu steak and apple tart. All of us chose …"
78,Alex Gil,3 stars,"Great... but not fantastic
Food is good,  but not so french
Little choices for starters …"
79,S M,5 stars,Excellent meal and definitely worth coming back
80,Patrick Aeschbacher,5 stars,Great lunch...the angel hair pasta with caviar is👍👍👍 …
81,Daryl Evasco,2 stars,"AMBIENCE - 2.5 stars -dine in area is a bit cramed with awkward lighting.

SERVICE - 3 stars - The staff answering phone call should be trained on basic …"
82,Sharon Seah,5 stars,"The food here is amazing!! Especially the angel hair pasta with truffle, lightly smoked Alaskan King Crab with bon bon pasta filled with the most amazing conte and must try tiramisu. Chef Gunther really mindblows with his cuisine. It truly is the most enjoyable experience I've ever had in a French restaurant  in Singapore! Must Have!!!"
83,Waang,4 stars,Really good modern French cuisine in SG. The pasta dishes are really amazing especially the cold angel hair with caviar. However they need to update their menu. Always the same.
84,Lee Kevan,4 stars,Angel hair cold pasta still the main draw. But less cosy atmosphere since their recent renovation
85,merey tan,5 stars,"My 3rd visit there, and the food and service never failed to deliver. Loved the signature cold angel hair pasta. Enjoyed the freshly baked baguette and French coffee was a highlight not to be missed"
86,Yinxi Chen,5 stars,"Amazingly delicious dinner, we had 6 course and classic wine pairing.  Every dish has wonderful combinations of food and sauce. Wine pairing are flawless.
I definitely will visit again whenever I visit Singapore."
87,Dominic Baptist,5 stars,"Wow! This place is perfect. This was my first visit to Gunther's and I wondered why I never visited this place sooner. The food was fantastic, especially the Cold Angel Hair pasta, the seared toro belly and foie gras. The service was …"
88,Bob Lee,2 stars,Corkage is now 1 for 1 but the wine prices is unreasonable. Water is charged now. I would appreciate if you ask me before opening another bottle of Evian. $12++ for a bottle of Evian is really ridiculous ...
89,Su-ann Tay,5 stars,Excellent high end French cuisine with an impeccable service and a knowledgeble sonmelier. Shavings of truffle offered to the dishes bring it to new heights. My favorite dessert of all time is still their apple pie. It has a certain chewiness and an unbeatable flavor.
90,D Ver,5 stars,"I had the most amazing experience at Gunther's. The degustation menu with paired wines was superb. Every dish was exquisite, the presentation wonderful and the service excellent. A must do when visiting Singapore."
91,C B,4 stars,"Consistent food, good service and the best cold pasta dish you can find in Singapore so it's easy to see why gunthers has been a mainstay in the local fine dining scene. Just a minor criticism, the new interior reduces the warmth and charm of the establishment and perhaps some lighting adjustments could alleviate these issues."
92,Nick Connor,5 stars,"We had a lovely experience here, where we gave the chef Carte Blanche to create us a menu based on specific ingredients, it did not disappoint! Special word for the staff also, they were engaging, fun and friendly - lovely place."
93,Rachel Ou,5 stars,The food never disappoints in Gunther. We always enjoy the food and service whenever we are here. 😁 …
94,Polo C,4 stars,"Nice ambience. Free valet parking which is great for the location. Had the salmon for the lunch set and the skin was burnt which left an awful after taste. Apart from that, it was all very nice!"
95,ross mackay,5 stars,Excellent food and service and surprisingly filling given the size of the portion sizes. …
96,Benedikt Gander,3 stars,Gunther's is a small and cosy restaurant. The food was within expectations for an establishment of this level. The hard upsell attempt to the fancier menu made the experience a bit awkward. Overall I don't think I will return.
97,Mandy Tan,5 stars,"Wonderful experience. Impressed with the service too. Food and wines went well together seamlessly, great recommendations. Bill was a little high but was happy to pay because of the great efforts of the staff"
98,Shaun Lim,5 stars,Newly renovated and the food is as good as ever!
99,YC L,5 stars,"I enjoyed the quality of food and service provided by the team. Some friends have shared with me their opinion on creativity, but I have no complaint about it given such a reasonable price - S$200 for a 4-course degustation."
100,Adam Lim,5 stars,Great food and excellent services. The valet parking was really helpful. Definitely will return soon. Keep up the good work folks 👍🏼👍🏼👍🏼 …
101,Glen Francis,5 stars,Always a fav place for their cold pasta
102,Yu Wang,5 stars,Wonderful dining experience!
103,Bernard,5 stars,"An institution for reliable, high quality french food"
104,TJ Sie,2 stars,They’ll toss your food out - which you’ll still pay in full for - from the takeaway if they decide portions of your poor suckling pig doesn’t ‘look presentable’ in their plastic container. Their word.
105,Paniti Junhasavasdikul,4 stars,Nice - white truffles
106,Manu Andre,5 stars,"I had the set lunch at $80, all the dishes were excellent. I'll definitely be back"
107,Kurt Wagner,5 stars,"Best cold pasta Ive even eaten.  Best apple tart Ive ever eaten, one of the best service Ive ever experienced.  Wonderful"
108,Chloe Fisher,5 stars,Food was great and the staff were excellent. We had a lovely evening dining at this place!
109,Mich C,3 stars,Luke warm experience for my husband's birthday. Not the standard I was expecting for the price.
110,Christopher Seow,4 stars,Very stylish presentations and easy to like cooking but it comes with a high price. Close after 2 for lunch.
111,ms jona,5 stars,"Bread was awesome.
Dishes are well-made, simply delicious"
112,Nicholas Leong,4 stars,"Revisiting this restaurant, top notch service with an almost OCD attention to detail. Extremely good meal !"
113,Mayank Rao,5 stars,Great food and service - the seasonal produce cart offers excellent variety
114,Cleo W,5 stars,"Nice food,  too much garlic thou. Room decoration could be better."
115,Erik Iss,5 stars,Delicious French fusion foods.
116,Chandra Sekaran Karuppiah,5 stars,"Excellent food, exquisite service and superb ambience.  A must try eatery."
117,T O,5 stars,Impeccable service. Fresh seasonal produces for you to pick every time.
118,Norman Neo,5 stars,Great food with excellent and attentive service in a very nice environment.
119,stella li,4 stars,Fantastic food in a cozy environment. Good to bring a date
120,he zhou,5 stars,"Tonight,my family feel nice and good food.it special!"
121,ashwanth raghavan,3 stars,Not good for vegetarian food. Too much echo at the restaurant.
122,Tommy Tan,5 stars,"The food is very good, staff is friendly."
123,Ben Ben,5 stars,Amazing French food
124,Danny Park,5 stars,Simply outstanding. Best lunch in Singapore.
125,Daphne T.,5 stars,Food as well as the atmosphere was amazing
126,Anouchka Bee Forey,3 stars,Food is good but restaurant needs a refresh.
127,jssc,5 stars,Food was mind blowing fantastic.
128,Eelee,5 stars,Excellent food and service! Highly recommended 👍🏻 …
129,Dr Xander C,5 stars,Had a wonderful meal celebrating a birthday
130,cze low,4 stars,"Nice place, quiet elegant"
131,Johan Karlström,5 stars,"Very good food and service.
Very expensive..."
132,Eugene Man,5 stars,Angel hair pasta is sublime.
133,Julien,4 stars,Amazing French food .
134,Alex Martin,5 stars,"Service was exceptional. Food, to die for."
135,Max Collins,5 stars,The Lamb rack for lunch is surperb.
136,Helen Koh,5 stars,Good modern French cuisine.
137,정종범,5 stars,Very good
138,David Siah,4 stars,Fabulous
139,Frans L,4 stars,good service and friendly staff
140,My Holiday Series,5 stars,tasty :^)
141,广廷,5 stars,friend’s recommended!
142,Mabel Sim,5 stars,Food and service are good.
143,Lye Jing Xuan (friedchickenboi9),5 stars,Gooed
144,P Smith,5 stars,Lovely food.
145,Thierry Janaudy,5 stars,FantastIc
146,Chi Nguyễn Tuấn,5 stars,I love food here.
147,Tan Jason,5 stars,not worth the price ~
148,Erik M,5 stars,Superb
149,Shahid Chowdhury,4 stars,great
150,Adrian Ho,4 stars,French cuisine with a class
151,avinash pandey,5 stars,Great food
152,Jacques Cocollos,4 stars,Great cuisine
153,K M,4 stars,The Belgian owner gained experience at one of Singapore's top French restaurants before setting up his own restaurant for over 15 years. …
154,Sun Rei,5 stars,"If you want to eat cold pasta with caviar and sea urchin, this is the place. Overall, the restaurant offers consistently delicious food and high-quality service, making it a great restaurant for business, friends, and family gatherings.
The interior is very simple, so it might not be suitable for a romantic date."
155,이다섭,5 stars,"Both service and taste were good. I used it for lunch, and the basic price was $38, plus 20 extra wagyu steaks, 8 extra apple tarts, and 16 extra glasses of wine, which came to 80 dollars excluding tax. It was delicious and well priced. …"
156,Gina Kim,1 star,The fact that a dish like this appeared on the course says a lot. ‘Fried shrimp’ and ‘Truffle on boiled egg’.
157,이미리,1 star,Never order a Sacling Pig. It was so salty that I thought it would have been better to just buy a pinch of salt. It was a bad meal for an expensive price... Tooo salty. The most salty food in my life :(
158,jungsun kim,4 stars,"$38 lunch course ends~
Experience a 3-course lunch for $80
Cozy and stylish French restaurant"
159,NOBUHIRO SHIMOBAYASHI,5 stars,"I came here to celebrate my parents' wedding anniversary.
It was my first time to go to an overseas restaurant, so I was worried about my English skills, but the Japanese staff took care of the table, so I was at ease …"
160,호니버터칩 (호니버터칩),4 stars,"I visited for the first time in 2014 and ate caviar pasta, and I can't forget the taste.
I was thinking about coming back to eat again someday. …"
161,しんshinshin,5 stars,The cold caviar pasta was awesome!
162,SuChul Kang,3 stars,"It's a famous restaurant in Singapore. Lunch is cheap, so be sure to make a reservation for lunch. You can make an online reservation on the homepage. Just make sure to eat lunch. Lastly, don't order water at first."
163,KH Kim,5 stars,This restaurant is enough to make you decide to go on a trip to Singapore after seeing this place. You can experience very friendly service.
164,Jason Yoon,5 stars,I had a delicious lunch set at a reasonable price and the service was very good.
165,HJ LEE,5 stars,"Although it is expensive, you can dine in a nice atmosphere."
166,shi syan Ng,5 stars,Recommended restaurant with good service.
167,Jesse Vecchione,5 stars,Michelin esque.
