,Name,Rating,Review
0,A S,5 stars,Loved the ambience !
1,Aaron Tan,5 stars,"Food was great . Salted baked fish , prawns and their dips.
The size of the fish was sold by weight. However the smallest fish they have was still too big of a portion for a couple on date night.
Staff was friendly and does explain the dishes to customer well."
2,Aaron Y,5 stars,The food is spectacular. We were sharing about 5 dishes and every single one was fantastic. I'm definitely coming back.
3,Abber Tan,5 stars,Yummy authentic Greek food. The dips were really tasty. You will have a good time enjoying the food and the company of the crew here! Do give it a try.... ambience is awesome too.
4,Adam Siew,4 stars,Pretty good food. =)
5,AdventureFair,5 stars,"Great food, ambience and service, what more to ask for.

I loved the Mantinia wine, Halloumi salad, grilled Milokopi fish ( Greek shi drum), grilled prawn and grilled lamb cutlets."
6,Africa Hart,5 stars,Friendly service and delicious food.
7,Ajay Sadana,4 stars,"5 star for the quantity and taste of food but 1 star reduced for cost to it.
Expensive but worth spent . …"
8,Alex Pap,5 stars,Haute Greek cuisine. Enjoy
9,Alexandra Dimitriadou,5 stars,The best Greek chef Vadym in Singapore!
10,Alice wen,5 stars,"Apart from being expensive, there is really nothing wrong with it~"
11,Alixia Boulet,5 stars,Best Greek restaurant in Singapore! Excellent food and great service.
12,Allan Ang,5 stars,This food is amazing but venue and ambience is best for a romantic meal vs a casual meal. Greek salad is best I’ve ever had and the quality and freshness of ingredients was top notch.
13,Allen T,4 stars,"I tried 3 dish
1) Melitzanosalata with pita - its loke a mashed up eggplant  .. i like the subtle smokey n burnt flavors in the eggplant when paired with the pita. I can go …"
14,Allos Kostas,3 stars,Not the best Greek food in town. Overpriced for the quality compared to other Greek restaurants in SG.
15,Amanda Chng,4 stars,good dips and fish! i like the seabass and seabream. finished my meal with the greek fried donuts.
16,Amy Mayer,5 stars,"Sooo good!!!  My husband and I have been here at least a half dozen times now and love it so much!  Get the tzatziki dip, Greek salad, and salt baked fish (we prefer the sea bream)."
17,Amy Shah,3 stars,"From what I could tell the Greeks who work here are simply wonderful! Truly made my friend and I feel welcomed. Unfortunately the wait staff was downright rude. They barked orders at us the whole night (""give me your water glass"" when we …"
18,Anastasia,5 stars,Amazing! Delicious! And a lot!
19,Anchisa Pongmanavuth,4 stars,Good Greek food spot on Amoy Street – would recommend the seafood selection here from fish to octopus – everything is very fresh. The pita / hummus is ok as well. Very good wine as well …
20,Andrea Cattaneo,5 stars,Probably the best Greek restaurant in Singapore
21,Andrea Goon,5 stars,Really unique dishes n they were all good!
22,Andrew Barber,5 stars,"Food was really good, staff were friendly and knowledgeable and nice relaxed atmosphere."
23,Andrew Stephens,5 stars,Excellent food. Great service. Fantastic wine.
24,Andy Soh,4 stars,Great food and beautiful decor.
25,Angel Tan,5 stars,"Ticking off yet another Greek restaurant off my Singapore to try list. Food was overall pretty good, with my top 2 favourite dishes surprisingly being the starters! I’ll be back to try more items! …"
26,Angeline Heng,4 stars,Attended a wedding here. Dessert was really special !
27,Angelo Maniatis,4 stars,"Greek cuisine with a modern twist. While Alati isn't the best Greek restaurant in Singapore, it is still a fine Greek restaurant. The weekday set lunch menu offers good value with a 3 course meal that should cater to most tastes (there are …"
28,Anissa Margono,5 stars,Really delicious  food!  Everyone enjoyed &amp; praised the dishes.  Can highly recommend
29,Ankita,5 stars,"The food was good. Loved the feta is philo and the lamb.
The last desert on the menu was pretty good too to finish off the meal."
30,Anton 999,4 stars,"I’m surprised I haven’t left a review of this place earlier. There are a number of Greek restaurants in Singapore, all of which I’ve found to be okay in terms of food quality and all of which are a bit pricey. This is no exception but I …"
31,Antonio,1 star,It used to be a great place…not any more
32,Antonio Gatti,1 star,"Come on, this is not a really good restaurant, I would say ‘just eatable’
1. Service doesn’t exist, slow and not friendly
2. Food very well displayed but very low quality: tomato tasteless, sardine with …"
33,Antony Ombler,5 stars,By far some of the best food that we had the pleasure of tasting. Special Valentine's day meal. We ordered a bottle of amazing wine and our glasses were never empty... Until the bottle was but at least that happened at the end of the meal. …
34,Antony Wong,5 stars,Excellent food! I’ll definitely be back.
35,Anwar Jumabhoy,5 stars,Really enjoyed dinner. Ended with their signature desert. A deconstructed Greek dish.
36,Appolina Janice,5 stars,Food is fresh
37,Arjun Neralla,5 stars,"Few vegetarian options, interior looks great and staff are very friendly"
38,Arvind Jhunjhunwala,5 stars,"Great ambience! Excellent food, lots of choice for a staunch vegetarian like me. Had a great evening!!"
39,Ash Ahmad,5 stars,Best Greek food. Salt-baked fish was really delicious.
40,Ashley T.,5 stars,"We were actually looking for Roasted chicken and just walking around Telok ayer and passed by this Greek restraurant. The boss lead us into the restaurant friendly. They have Grill chicken in meditation style ( lemon-ish), the atmosphere is …"
41,Ashnil Dixit,4 stars,Salt baked fish was juicy and tender. Lamp chops were great too
42,Astra Yap,5 stars,"A big shout out to Sofia! Thank you so much for helping me with the planning of a surprise. Sofia has been extremely attentive and patience with me. She could have stopped communicating with me after I’ve made the payment, but she continued to go through the extra mile. Thank you, Sofia!"
43,Au Adeline,4 stars,Food is great but the price on the higher side
44,Avery Adeline,2 stars,"The food was decent tasting but the prices were not very worth for the portions. The restaurant demands a min $20 deposit per person before you come and when you show up, they urge you to buy multiple things/dishes per person. But the …"
45,Avijeet Sen,4 stars,Great food. Good service. Grilled octopus is prob the best of the main courses. Very decent desserts too
46,Azam Ameer,5 stars,On point Greek fine dining
47,BK Lim,5 stars,Aithethic Greek food and friendly staff
48,Bai Esther,5 stars,"The experience at Alati was superb! Food, ambience and service were excellent. Grilled octopus is a must to try. We also ordered a grilled milokopi paired with Fume Blanc. It was so fresh. So yummy that we started digging in without taking any photos. Ended the perfect night with dessert. Will definitely come back."
49,Ben Lin,4 stars,"This is our first time dinner here for 5pax, ordered quite plenty good with one bottle of white and one bottle of red...total costs us $600+. Price is not too bad but the wine is really not appreciated.... …"
50,Benedict Jacob-Thambiah,4 stars,Amazing experience. Thank you to Nesh and his colleagues for your excellent service. The food was great as always but I will give the Lamb Baklava a miss the next time. The minced lamb in the baklava was just too mushy. Everything else was great.
51,Benjamin CZW,5 stars,Niceee
52,Benji Sky,5 stars,"Delicious and really nice atmosphere.
Careful with the fish by weight, can get a little pricey if you don't do the maths."
53,Bhavik Raval,5 stars,Best greek restaurant in Singapore
54,Blu,5 stars,"A 5 star halal restaurant specialized in fish and Greek delights. Fish served with sea salt &amp; olive oil was simply fresh &amp; tasty. We also tried appetizers, lamb chop &amp; white wine which were also great. Pricing was worth it for the quality of food."
55,Boyd,4 stars,"Some excellent service from the waiters who were friendly and pleasant. Atmosphere matches the restaurant name, and the surroundings felt like I was back in Santorini. The food was just as good, with the lamb and prawn being sublime. …"
56,Brenda Bence,5 stars,"Alati is my favorite Greek restaurant in Singapore.  Food is always excellent, service is personable and attentive, and the ambiance is great - the interior colors remind me of Santorini blues and whites. The taramosalata is amazing - a …"
57,Broccolidude,3 stars,"Ambience and setting was nice, food was good but just felt staff was abit snobbish in treating customers. Probably we were a young local couple dining amongst a few tables of middle aged ang mohs in this district."
58,Bruna Deboni,5 stars,"Amazing Greek food! Great ambience. I’ve tried the Salt Baked Fish, the octopus, Greek Salad and Taramosalata paste. All divine. But the surprise is the Bougatsa with Mastiha in the end. From heaven!"
59,C,5 stars,"Decided on this place for lunch because I was craving Halloumi and my colleague is vegetarian. We were both able to get what we wanted and very satisfactorily at that. Food was served fast, which is unlike most Greek places - a testament to …"
60,C JR,4 stars,"Great food but not cheap. Good for special occasions.
Grill fish is very delicious, salad with burnt caramel on cheese was great. Octopus was tender but imo lacked that grilling taste despite it being caramelised well."
61,C. Neo,5 stars,"This is definitely the best greek food I've tried in Singapore. Had the lamb cutlet, feta cheese, moussaka. The dip along with pita bread was amazing as well. Staff were v friendly &amp; service was superb. Highly recommend Alati! 👍👍💪 …"
62,CJ Campbell,5 stars,Very personal service and wonderfull food.
63,CK C,3 stars,"I love the ambience (cosy setting, soothing music and beautiful food presentation) but it was spoiled by the staff (mainly the Indian man in white whom I assume to be the manager) talking loudly among themselves. Throughout our dinner, the …"
64,CP,5 stars,"Chanced upon this place walking along Amoy Street to look for something special to try, and we were very blessed to get a table on a Friday evening. And we had the most amazing dining experience here. We are already a fan of Mediterranean …"
65,Calvin Ho,4 stars,"Good food, good vibes."
66,Cartier,5 stars,"My fave Greek resto in SG. Their fish, wagyu tacos and baklava are a must-try!"
67,Cassandra Lim,5 stars,food was awesome. we had the recommended items from the waiters. will be a place to return! …
68,Cel N,5 stars,"The evening started with a bit of a twist - a reservation made by my friend via a third party app did not show up in the restaurant’s records. Despite being extremely busy and fully booked for the night, Yannis and his team went out of …"
69,Celeste Wang,5 stars,"Lovely dining experience , went back twice in a week. attentive / polite staff, and excellent quality of food, which came highly recommended, and did not disappoint. They have a reasonable set lunch menu at $39++, including an appetizer, a main as well as dessert / expresso."
70,Celia M.Y Chuang,5 stars,"Great place for having delicious Mediterranean cuisine. It was my first time visit this place after saw many good reviews. Ordered Greek salad, grill octopus with eggplant purée, grill sea bass and desserts. Grill sea bass with three types …"
71,Cemile Dilek Ongoru,5 stars,"Extraordinary food, wine &amp; service!
Thank you! ❤️"
72,Chan Yu Long,5 stars,Excellent food quality
73,Charalampos Papanikolaou,5 stars,"The best Greek food I ever ate, outside of Greece!
Real, no wannabe, tasty Greek food, beautiful designed restaurant."
74,Charles Lestari,4 stars,Authentic Greek food and man the setting looks like Greece too!!
75,Chelsea Sim,5 stars,"I come here for any special occasion that I am tasked with choosing a dinner place for! This is THE place for the best Greek food in Singapore. The waitstaff are knowledgeable and the owners try to pop by and make conversation. The salt-baked fish is a must-try, as with the taramosalata, paidakia and their signature dessert!"
76,Cherri Chilton,5 stars,"Wonderful food , fantastic service, never disappoints."
77,Chi Vu,5 stars,The food is very authentic Greek and yummy. Love their octopus and pavlova. Though it'd be nicer if the staff could be more attentive.
78,Chris Ee Ting Wong,5 stars,I had the lamb chops for mains &amp; I’ve tried lambs everywhere in &amp; out of Spore! It’s slight crisp on the outside &amp; done just right tender succulent on the inside! Perfect! My perfect lamb chops now! The mint cream sauce went so well with …
79,Chris Lee,5 stars,Food was extremely good. Will go back again. Best Greek I have ever had in town
80,Christine Guo,5 stars,"The best Greek restaurants we’ve ever been in Singapore. The ingredients are so fresh and every dish is very delicious.
The desert is also the highlight. …"
81,Christine L,5 stars,Nice ambience and friendly owner! Of course delicious food!!!
82,Christos Stathopoulos,5 stars,"During my holidays in Singapore,  it happened to randomly dine in at Alati Restaurant.  (The only one open in Amoy Street or two on new years day!)
Totally delicious dinner,  with excellent service! Tasso, the manager, did his …"
83,Cindy Yeo,4 stars,Great food. Love the eggplants!
84,Cintia Tavella,4 stars,"I love the food at Alati, however they mostly have fish and seafood options now with the same great Mediterranean flavour but I missed some meat options on the menu"
85,Clarissa,5 stars,"Intricate decor, beautiful white space and dim lights. They had 2 dine-in slots, 6pm and 8pm. 6pm was a little early for dinner but it’s a measured and understandable decision on the restaurant’s part especially during covid. …"
86,Cleris,5 stars,Amazing authentic greek food! my favourite were the langoustines and octopus. great service and even though we celebrated my friend's bday and we didn't ask for anything they overheard and surprised her with a dessert and candle !
87,Clinton Jones,5 stars,"Good food, pity that we had to reuse our silverware / cutlery - that's a bit low brow"
88,Coco O,3 stars,"The food was okay, but some of the dips too salty. Not many vegetarian options. There is only one option for wine by the glass and it is VERY resinous. Maybe other people like it, but if you don't, there's sadly no alternative. At 16$, it felt overpriced."
89,Cole M,4 stars,Reliable good food. Would return
90,Cole Tor,5 stars,"My first greek cuisine, definitely love it. Pita bread was soft and fragrance. Halloumi salad is delicious. And finally a delicious grilled octopus in my life, it was tender and has a light sweet and sour taste. Everything is nice to be concluded."
91,Cristea Carmen Elena,5 stars,"Excellent food,  great treatment. Definitely I will return there."
92,Crystal Koh,4 stars,"We had the lunch menu and it’s pretty limited to be honest, and the taste of the dishes were not particularly appetizing to me. Also it did not feature the dishes I saw in other photos from ala carte menu like dips and octopus etc. In fact …"
93,Cynthia Wei,4 stars,Food is better then what I expected. Would come back again?
94,Czek Xing Tan,4 stars,Nice environment
95,D Balaji,5 stars,Very good food. Healthy as well
96,D L,3 stars,"While food is great, it was not really extraordinary for the price. Staff were overall friendly and helpful, but some staff could  improve on their attitude."
97,D S,5 stars,"Absolutely fantastic experience. Wonderful food, friendly service, nice environment. Can’t wait to go back!"
98,Dallas Martinez,5 stars,Love love love! Amazing service. Impeccable food! Owners and servers are extremely pleasant and will recommend beverages and dishes based on your preferences! Everything we ordered was exactly on par. Have to try one of their whole fish!
99,Dalvinder singh,5 stars,Super food
100,Darren Yick,5 stars,Lovely place to dine in and it was the first time my wife and i are having Greek cuisine and the experience is wonderful. The male boss is very sociable too…
101,David Gee,3 stars,"Nice enough Greek resturant. Service a bit slow, food was nice enough but seemed expensive for what it was. Staff very helpful but rushed off their feet"
102,Debbie Teh,5 stars,"Fantastic food, great ambience, superb hospitality! Highly recommend"
103,Dennis ES Tan,5 stars,Excellent experience being first time here and seeing all tables taken with a queue outside! Surash was especially patient with us explaining the menu. Great service and thoroughly loved the food!
104,Derick Ting,4 stars,grilled octopus starter was great - an entire arm well seasoned and grilled to perfection. braised beef risotto was disappointing to me - but only because I do not like my pasta al dente. the beef slices though were heavenly - very …
105,Dian Kartika Ratri,5 stars,Took covid-19 booster here. Very efficient and accommodative.
106,Dimitri Skribias,5 stars,Awesome food and awesome service.
107,Dinyar Ghyara,4 stars,Good ambiance and food.  a bit expensive.
108,Donald Teo,5 stars,Great food and service. Will definitely go back again. Get their octopus.
109,Drew Suthipongchai,4 stars,"The food is very refreshing and good. We had the grilled fresh fish (selected from the front), the halloumi salad and the Greek salad. I liked the Halloumi especially."
110,Dylan Lim,5 stars,"Amazing food, terrific hospitality. First time eating greek food and the waiter explained what the dishes are in an accurate yet simple manner. Had him recommend us dish and he was extremely knowledgeable about the selection of food …"
111,Ed “Kevin Mamarme” Longs,3 stars,"Cheap, so dont expect magic, but clean and staff always in good mood."
112,Edel Sarmiento,4 stars,"The manager, Yanni is very accommodating. Food is great, ambience is also really nice."
113,Edlyn Chong,5 stars,"I’ve never had Greek food before but it was a satisfying 5-star meal for me.

A few highlights that really set his place apart from others: …"
114,Edmond M.,4 stars,"Food was good. Dips are amazing but maybe they could be a little more generous with the pita's, mousakas -sooo little and souvlakis."
115,Edwin S,5 stars,"Good food, especially fresh seafoods.

Tried a few dishes for sharing: …"
116,Elaine Jung,5 stars,Grilled octopus is really tender and nice. Tatziki and the eggplant are wonderful!
117,Eleni Tsianta,5 stars,Excellent shop. Impeccable service. Excellent food.
118,Elie Akiki,3 stars,"Authentic Greek restaurant, however the taste is not amazing except for the biftekia which is really good."
119,Emelia Seet,5 stars,Dips and pita are a must try
120,Emma Moulton,5 stars,"This is our 2nd time dining at Alati divine, we enjoyed the fresh and high quality food &amp; wine, the staff are friendly with impeccable service, and lovely ambience. Overall Alati Divine Greek is absolutely perfect for a date night!"
121,Eric Chan,5 stars,"Very uni Greek food, a must try is the wine “ouzo” if you love alcohol!"
122,Eric D'Angelo,3 stars,"Good, but expensive"
123,Eric Six,4 stars,"Greek food.. the food here is good, for sure. However the service could use some adjustment. I’m not sure if it was only the night I was there, but wait times were painfully long for everything from water to courses."
124,Estefania Corbella,5 stars,This restaurant is fantastic! The food bursts with authentic Greek flavors. The owner's friendliness adds to the welcoming vibe. Service is top-notch. It's where great food and genuine hospitality create a wonderful dining experience.
125,Ethan,5 stars,"Excellent service with equally excellent food. The server was incredibly helpful, assisting us with navigating the menu. The aubergine and pita was incredibly complex but pleasent to the pallet. The fish was pricey, but the experience was …"
126,Evangelos Varvaros,5 stars,"Fantastic food, it's a must when you visit Singapore."
127,Ewok Ewookiee,4 stars,"Alati Devine Greek Cuisine offers an atmosphere which makes you feel like being in Greece with the interior all in calming white, and the staff being very attentive to their customers. …"
128,F Ng,5 stars,"Decided to go for Greek cuisine for my wife birthday and we surely enjoyed it !

A Cosy restaurant filled with lots laughers from the packed dinners . …"
129,Fair,5 stars,"Really nice atmosphere, great looking food and of course very tasty. The dishes deliver on having a surprise element, whilst being traditional and tasty. …"
130,Fan Huang,3 stars,"Interesting Greek restaurant with authentic decor, and immersive vibe. The food, however, suffers from smaller-than-average portions and tastes unsuitable to Asian palates"
131,Fashionista Loves,5 stars,nice ambience and interesting food!
132,Fengling Quah,5 stars,"Great ambience (loved that they didn't play Top 40 music), food was simple and delicious, service was good! Felt like I was in Greece temporarily."
133,Fiona Sun,1 star,"First time here:  salad is very sour, main dish is super sour, dessert is way too much sweet. I couldn’t finish every single dish.and my gum feels sour ever after that meal.  To be honest , I can’t figure out why there’s such a high review …"
134,Firdaus Abdul Malik,4 stars,Seafood was really fresh. Service was great. Too many dishes to recommend. Get the salad to start. Definitely have to try the octopus. It’s cooked a lot tender than most other places. The grilled fish was excellent as well. Done very simply …
135,Francis A. Nirmalan,5 stars,"Total and full-on Greek experience! Ordered the sunset dinner menu, it was rich in flavours. Must try the Bougatsa dessert. They apparently 'break' the dessert in front of you. Will come back for more!"
136,G C,5 stars,The grilled squid and the grilled Sea bream were amazing! Highly recommended these 2 dishes. Both were so fresh and delicious! Thank you Alati!
137,GA DFQ,4 stars,Real and tasty greek food. Much better taste and quality than other greek restaurant in town (Vs Blu Kuzina). Service is ok. Decoration and ambiance really cosy and nice. Went twice and appreciated it twice.
138,Genady Chybranov,4 stars,"Really good authentic Greek food and wine. We were in a large group and sample all the menue. Everything was great and authentic according to my friend from Greece. The service is just ok, for the price I'd expect to be excellent."
139,Geoff Halprin,4 stars,The food was excellent but some of the prices were IMO ridiculous. $18 for a dip?! $21 for baclava?! The lamb (Paidakia) was very good as was the phyllo-wrapped feta. Service was also good.
140,George Angelos,5 stars,Best modern Greek Restaurant in Singapore. Well done Yanni and Sofia.
141,Geraint Cooper,5 stars,Great food. The best Greek food I have eaten
142,Gerardo Vélez,3 stars,"This place was fail proof but has steadily declined in terms of quality and service. The culinary experience is amazing and the atmosphere is relaxing. However the service is just average, there are many dishes which are always sold out and the overall feeling is that it could be better."
143,Gideon Low,5 stars,Very nice greek food. The dips were nice as well as the grilled octopus. Salt baked fish was excellent too. Fresh and tender. Ambience was just nice and cosy
144,Giorgio Castellini,5 stars,"Fantastic place in Singapore, likely the best Greek restaurant in town.
While they have amazing (and super fresh) Mediterranean fish, I also recommend trying the lamb chops!"
145,Giridhar Rao,4 stars,"Lovely food, great interior and cool feeling. Will go back for that food again"
146,Girish Pawar,5 stars,Absolutely delicious strongly recommended
147,Giuseppe Noviello,3 stars,Good authentic greek restaurant.
148,Gladys Tan,5 stars,"Food is on a pricier end but would highly recommend this place.
It’s my first time having Greek cuisine and the staff there were really patient in explaining and recommending us on their best sellers."
149,Golan Sarig,5 stars,"Fantastic food great dinner experience!
Food served and ingredients handled in a professional and highest level.
Definitely a place to come back to. Must try the feta cheese filo pastry! 👍 …"
150,Gordon Tan,5 stars,"Kudos to Andy and his team for making our dining experience memorable. They were accommodating and attentive to our needs. I observed that they were friendly and chatted appropriately with all the guests, even celebrating birthdays and …"
151,Greg Carter,5 stars,"Great food, some fabulous flavours. Friendly attentive staff. The fellow diners from the Singapore Face Stroking club provided endless entertainment, and we didn’t get charged for that!"
152,Guhan Subramaniam,5 stars,"I came here with three other friends about a month ago. We just loved it. The food, wine, recommendations and especially service and ambiance were fantastic. It was quite a magical evening! Thank you. I’ll be back!"
153,Gurjeevaan Singh,4 stars,"Good food, too much cheese in every dish for me. Other than that, it's great👍 …"
154,H H,5 stars,"Very decent Greek food!
Greek yogurt is very creamy but fresh with cucumber dressing.
The Greek salad is the most impressive one tonight with very strong olive taste …"
155,HY Kang,3 stars,"Was there for lunch on a Friday. Food was average (Eggplant dip &amp; pita not in pictures). Service was inconsistent -  generally poor, only a couple of them were attentive and friendly."
156,Hammad,4 stars,Really nice ambience. Felt like somewhere out of Singapore. Portions are huge and they served complimentary breads and olive oil. Had a nice time.. perfect for a nice dinner.
157,Helen,5 stars,Nice Greek Food! The fish and octopus are all good. Strongly recommend the dessert~
158,Hirok Banerjee,5 stars,The service was impeccable. The food was outstanding - particularly the Alati special dessert and Paidakia (lamb chops well done). The decor was lovely - minimalist design. Highly recommended. The serving portions are enough for 2people usually.
159,Hunter Morgan,5 stars,"This place was great. The foods were delicious, the atmosphere was welcoming, and the staff were great!"
160,ILKNUR OSKIPER,5 stars,"The ambience is great, the meals are all delicious, the staff are very welcoming and interested. Mr. Yanni is very friendly, and humorous. We are very happy that we have found this place in Singapore, and we thank everyone who work there.
Noyan-Ilknur-Defne-Damla Oskiper"
161,Ina,5 stars,Great and fresh food especially the octopus but I find it on the slightly salty side
162,Isabel,4 stars,Taramasalata was heavenly. Lamb and octopus were good but not outstanding (I wiped up the couscous in the former). Server was forthcoming with recommendations though could be friendlier. …
163,Ivan Tan,3 stars,Food was nice... But got hit with diarrhoea... Suspect from the carpaccio
164,J Loh,5 stars,"The grilled seafood, pita + dip were fantastic. The portokalopita was a pleasant surprise (no idea what to expect when I ordered it). …"
165,J Toney,5 stars,"Best Greek in Singapore - friends and I agree! Try pretty much everything. After you order 1 or 2 things, you'll watch other people's orders pass you by with envy. Go. Go now."
166,J Yong,5 stars,The grilled fish was fresh and we loved the steamed veg as well as bread and dips. Yum though a little pricey. Beautiful ambience.
167,JC,5 stars,"One of the best Greek food I’ve ever had! The dips are yummy, pitas are warm and tasty, the grilled octopus is one of the best I’ve ever had!!!! The tacos giros are yummy and the beef is of great quality! One more thing to mention is that …"
168,JL,5 stars,"Great experience. Food, service and ambience are above par."
169,JYS,3 stars,average food.  didn’t manage to try the fish.
170,Jack Li,3 stars,Convenient location and quite decent food. Unfortunately the servers are often inattentive when the manager isn't inside the restaurant
171,Jacqueline Chang,5 stars,Aunthentic Greek food with generous portions.
172,Jae Woong Shin,5 stars,"Really good dessert.

Food is high quality. …"
173,JaeEun Oli,4 stars,You can choose your fish and how you want it to be cooked. Our fish was very well baked and delicious. Such fresh seafood!!
174,Jalaine Ng,2 stars,Fully agree with the review from MM Ou. Poor service &amp; staff kept hovering even when we were still eating. It was a birthday dinner celebration &amp; many times it felt like the staff was pressuring/judging us for not ordering more. Food was …
175,James Lim,4 stars,"James L ""would go back"" verdict: Yes for the octopus.

Was recommended the grilled octopus by the friendly waitress who served us. The …"
176,James O'Doherty-Jennings,5 stars,"Not all seafood!

When I first looked at this I was a little put off by the seafood label on …"
177,James S,5 stars,"Impressed. Greek dining companion noted autheticity of dishes and flavours. Meats were surprisingly tender. Sauces rich and delicious. Well done Alati, a standout. Will return and recommend."
178,James Tai,5 stars,Delicious authentic Greece cuisine. Friendly service and nice Greek feel ambiance.
179,Jane Taylor,3 stars,Massively overpriced. Dips $16 for small fish and had to pay extra for pita bread! Come on! Food was good but service a little slow. One dish came out when we had finished our meal- typical in SG but not cool. Bill for 4 (incl 2 kids) only …
180,Janne Lautanala,4 stars,good food
181,Jasmin H.,5 stars,"Great place, nice food and great jokes. Thank you Nash - on behalf of Mila."
182,Jay LuciferDrive,5 stars,The service is impeccable and we have enjoyed the recommended dishes introduced by the waitress. Thank you for making this night an awesome experience.
183,Jenesis Lim,5 stars,"Food is surprisingly not very filling and oily
We’ve tried several Mediterranean restaurants and this is the only one that wow-ed us with refreshing flavors …"
184,Jenny Ng,5 stars,"We had corporate dinner. The portion was very generous and food quality is good. The manager explained everything and good service
I would recommend this restaurant 😋
Food is of good quality and delicious …"
185,Jeremy Teng,4 stars,"Food is really good and friendly staff plus awesome vibes.

The cheese balls are amazing along with the bread and the dips! …"
186,Jesse Norton,5 stars,Incredible. Everything was better than expected. Traditional Greek flavours elevated to another level. The taramasalata and the Wagyu tacos were especially delicious. Save space for their signature bougatsa.
187,Jessica Beaton,4 stars,Good set lunch options in CBD. Usually fills up so suggest making a reservation.
188,Jessica Thong,5 stars,"Great ambience, fantastic food and service."
189,Jian C,5 stars,"The food here is really excellent! Very tasty and high quality, although a bit heavy on the salt and pricey, but still satisfying nonetheless. Their dips are so good, especially the taramasalata, it tastes very fresh and feels like it’s …"
190,Jinny Park,5 stars,"One of my favourite Greek restaurants in Singapore. wine and food are really nice like octopus, beef, appetite etc. price is okay."
191,Jnanesh Kodical,5 stars,Spectacular food. Among the best Greek food I've had anywhere in the world
192,Jo Lim,5 stars,"The best Greek food for me. Slightly pricey but the food was very tasty.

The highlight of my night was the octopus and eggplant dip 10/10 …"
193,Joanna O,5 stars,"A very nice Greek restaurant. The food is fresh and authentic, and the service is very good. We enjoyed everything from the tzatziki to the lamb. The wines and liqueurs were also good. I would definitely recommend it, for a business lunch or a nice dinner."
194,Joanna Qu,5 stars,Amazing food and service. The owner went over extra miles to get taxi for a senior Japanese coworker lady we have in inconvenient hours and made sure she got looked after really well. That speaks volumes about Mediterranean hospitality. I …
195,Joanne Lim,1 star,"Food was fine, ambience too. Got diarrhoea shortly after dinner 🙄; might have been the cured cod roe. …"
196,Joanne Teh,5 stars,"Lovely ambience,  great service. Menu is nicely priced for the amount of food."
197,Jocey,5 stars,"The best Greek food in Singapore!

Slightly pricey but the food taste amazing, simple yet flavorful! …"
198,Jodi Lee,5 stars,Food and service was excellent. Interesting profile of intimate clientele.
199,Joe Carson,5 stars,Really good food and reasonably priced (for Singapore). Order a few small plates to share.
200,Joel O,5 stars,Impeccable food and ambience.
201,John Moore,5 stars,I am a European who has visited Greece. This restaurant offers a little piece of that country. Fine greek food including very fresh fish combined with faultless service. Reasonably priced for food and wine.
202,Johnny Ng,5 stars,"Food and ambience is nice for a business lunch, but pricing is on the high side"
203,Johnson Tan,2 stars,"Arrived pretty late for dinner and was unaware they close at 10pm (on a Friday). They also did not mention when we arrive at 8:45pm. Manager’s service was good but most of the rest of the crew, underwhelming. I can understand your need to …"
204,Jon Y,4 stars,"Food was A+. Grilled sea bream, prawns and octopus were the standout dishes. Baklava, pavlova and doughnuts for dessert were also excellent. Prices and service were average."
205,Jonathan Ho,5 stars,"Octopus was delicious. The food here is on point, staff was super helpful. Couldn't recommend more highly"
206,Jordan Neo,5 stars,"Good food, good service, but maybe skip the soft drinks. For $6, you don't even get the whole can :("
207,Joris Chevaux,4 stars,"Honestly... super good and fresh Mediterranean food.
The dips are a bit heavy, but frankly speaking, they are really tasty and well seasoned. …"
208,Joshua,5 stars,Simply very very good
209,Joshua Chow,5 stars,The squid was very tasty and tender. The olive oil fresh and goes well with the bread. Service is prompt and proper. Good variety of rarer seafood and that makes the restaurant stand above the rest
210,Joy Bhattacharjee,5 stars,Great food and service.
211,Jui Tee Tan,5 stars,Great food! Lamb and grilled octopus is good.
212,Julien Condamines,4 stars,"Good food, defent price, very good service but not an incredible gastronomic experience either."
213,K W,3 stars,"We had the whole grilled fish, prawns and baklava. Seafood was fresh though nothing out of the ordinary."
214,KT Tan,4 stars,Octopus is a must try
215,Kamehameha,4 stars,Delicious Greek food. Appropriately sized portions. Reasonable wine. Service is a bit slow. Overall a lovely lunch. We'll be back.
216,Karen K,5 stars,Very good and authentic Greek restaurant with friendly wait staff who are friendly and tends to your needs and questions. Portions are quite sizable and I love the dips with pita. Will definitely return!
217,Kasen Goh,5 stars,"Staff were all genuinely pleasant and humorous! Did great job explaining the process behind the dishes and recommending the right menu items to us! Food was well worth the price, and got to us within good timing and at good pace. Highlight …"
218,Kate Kendall,5 stars,This place is the real deal. I went here early on a Friday night by myself and was extremely impressed with the service. I accidentally ordered a meal I couldn’t eat and the staff swapped it out no problems. The Greek salad filled me up as …
219,Katy Perry,4 stars,Yummy. Volumy. Love the atmosphere and interior.
220,Kc Tan,4 stars,"Fresh ingredients, food well done. Pricey though"
221,Keith Chung,5 stars,Superb greek restaurant! Very nice ambience. The staff are all kind and helpful. All foods seem to be very fresh and healthy. Must try!!!
222,Keith Lim,4 stars,"Great fish and food.  Was recommended a Greek ""mackerel"" to be grilled and it was delicious.  Go for the grilled octopus and the signature dessert too"
223,Kelly W,4 stars,"Charming service and beautiful space that transports you to Greece. The food is good too — dips fresh and plentiful, and fish perfectly grilled. The only potato on the menu were chips — didn’t know they would actually be thin potato chips. …"
224,Kelvin,5 stars,"Cozy ambience which tries to bring you to Greece!

Food quality: Top notch olives, yoghurt, cheese, flatbread. Very fresh fish air …"
225,Keshi Tan,5 stars,I love the fish and Greek wines here.
226,Kiko,4 stars,I think this is as authentic as it gets in terms of Greek food in Singapore. Service is great. No one for one so minus 1 star for me.
227,Kim Jin,4 stars,Good food
228,Kiran Veeramallu,5 stars,"Great Greek place. Excellent service, very excellent! Good food, not very cheap but quality comes at cost"
229,Kiril Minkov,5 stars,Good greek place.
230,Kirsten Ling,5 stars,The baklava is highly recommended!
231,Koh JK,3 stars,"Great ambience and staff was friendly. For the price point, food was rather mediocre."
232,Koushik Pal,5 stars,Deserves the tag of one of the best Mediterranean restaurants in Singapore. Great food and classy ambience
233,Kris Ong,4 stars,Great service and good authentic greek food. Lovely ambience. Can be a tad too noisy on a busy day.
234,Krison Tan,5 stars,This is a place where you must experience if you like Greek food! It is evident from the photos that the ambience is very conducive for group or intimate dining. …
235,Kristen Zuriel,5 stars,"Our company of 6 were spoilt by Boss Sophia- remarkable from service to food to the intricacies of personalisation required. Trust them, at the drop of the hat 🎩 …"
236,Krystle Church,4 stars,Not a lot for vegetarians but the Greek salad was great!
237,Lai Kuan,5 stars,"The dishes here are lovely, we were impressed with the combination of the ingredients that created this tasty food. …"
238,Larissa Murphy,4 stars,"Great food, nice atmosphere but a little over priced..."
239,Larry Lim,4 stars,"Meat was average, seafood is better, eapecially seabass and prawns"
240,Laura Krajewski,5 stars,"Lovely Greek restaurant with a clean, white interior that pulls the entire experience together. Excellent menu and an owner who is engaging and genuinely excited to interact with customers."
241,Laurent vergain,5 stars,"So nice to rediscover Greek flavors, even in Singapore with an added touch of high class...which explains the prices"
242,Leanne Wang,5 stars,Had a delicious dinner here. SUPERB cheese balls that paired perfectly with the watermelon. Lamb baklava was soooo good as well. Personally feel that I've had better octopus elsewhere. …
243,Leon Tan,4 stars,Awesome experience especially if you are a seafood lover
244,Lianmeng Lim,4 stars,Love the ambient and food were quite authentic. Prices were abit on the high side.
245,Lidia Plotkina,5 stars,"Fantastic and quite authentic greek restaurant in town. Great quality, greek salad and tzatziki, lamb cutlets, prawns are highly recommended. And spinach feta cakes"
246,Lieu Chau,5 stars,Very good choice for halal
247,Lilian Tan,5 stars,"Fresh food, great service. staff has good product knowledge"
248,Lily H,5 stars,"Lunch set at 32++

Arrived a little after 12pm and was able to walk in but by 12:30, the place was …"
249,Lina Danienė,5 stars,Fresh and delicious food and outstanding service!
250,Liow Nighthawk,4 stars,Very Authentic Greek cuisine but a little pricy on their food.
251,Lisa Smith,5 stars,Everything was gorgeous from staff to food to wine
252,Lucy Bennett,4 stars,"Beautiful decor and great service. The menu focuses on classic Greek dishes with fresh seafood and grilled meats. A fine dining experience in a comfortable environment. Not cheap, but worth it for a treat."
253,Luke Lee,4 stars,"Authentic Greek ambience with really very tasty food. Excellent place for a Friday night date.... however, it can get a little noisy when its full. Very little upholstery in the entire setting which causes the excited happy chatter to reverberate around the place."
254,Lydia Wang,5 stars,"Love this place. Ambience is amazing. Clean, classy, casual yet slightly atas.  Service is great. Staff is attentive. Food is served quickly. Portion is big. Will definitely be back. …"
255,M C,5 stars,"Been back a few times. Very good Greek restaurant. Superb quality food and fresh ingredients. Dips are brilliant, fish is fantastic and lamb is awesome! Environment is also great!"
256,M S,2 stars,"Went here a while back with high expectations having heard so much + read reviews, only to leave it feeling a little sad :( …"
257,MM Ou,3 stars,"Made a reservation for a birthday celebration, we were slightly delayed because of the rain and when we called to inform the restaurant, we were told that we would have to give up our table by 8pm. …"
258,Mabel,4 stars,"Beautiful interior decor but the place was a little cramped and noisy due to the proximity of the tables. Food was great, esp the grilled octopus, but prices are on the higher end. Worth a try :)"
259,Madeleine Chan,4 stars,The grilled fish (seabass) was heavenly. Appetitizers: Not a fan of hummus; the fried? feta cheese with honey was good. My companion had the lamb which she commented was delicious as well.
260,Malay Kumar,5 stars,Modern yet traditional... A perfect place for all occasions.
261,Manprit Singh,5 stars,Good food but the staff tries to oversell ... Bit too greedy ha ha
262,Marco Bardelli,1 star,You come to tell me that dessert orders have to be made at 9:40 pm before kitchen closes and I am still working on my main??? - you are one of the worst restaurants I have ever been in Singapore - never again
263,Marco Vismara,1 star,Terrible. It is not a proper Greek restaurant
264,Maria A.,4 stars,As Greek I can certainly recommend this restaurant. The food is very original. They could use a bit less olive oil though. The staff is very polite.
265,Marie-Laure El Sayah,5 stars,"Everything was really well thought out and refined without being too uptight.
The food was very tasty, with high quality ingredients and the right cooking. We had a couple of dips, Greek salad and then the octopus and grilled fish, it was …"
266,Mariella Chen,2 stars,"On Valentine night, some sort of working class set menu canteen with leftovers from the larder (of which only the veal was acceptable) watched by a bunch of guys that looked like either taken from a prison or getting ready for a butchery session for a whooping S$400 for two."
267,Mark Jaffe,5 stars,Excellent food.  Everything was delicious. Staff was very helpful in picking things we would like.
268,Mark Nathan,5 stars,A little piece of Greece in Singapore.
269,Mark Wen,5 stars,"Have gone there a few times now. Good, authentic food (a bit pricey, though), nice atmosphere and friendly restaurant manager and staff."
270,Martine Lecomte,5 stars,"Restaurant where the welcome is very warm. The dishes are varied and delicious from starter to dessert. The service is fast, efficient and attentive.
Absolutely worth discovering."
271,Martinelli Lens,4 stars,"The highs:
Great ambiance, mediterranean vibes, good food and good service.
The lows: …"
272,Marwan Mz (MMYZ),5 stars,"The overall visit is considered one of the best
I have visited this place several times and I believe they are the best in the town …"
273,Mats Lingblad,4 stars,Feels like Greece
274,Matteo Corleone,5 stars,"Delicious food, very attentive and friendly owners offering a really personal service. Absolutely loved the prawn &amp; squid skewer, amazing octopus and the lamb cutlets are heavenly. Really not much to fault, look forward to visiting again."
275,Matthew Hardman,4 stars,"Very nice place, probably the nicest greek food I have had in Singapore since I have been here. Although I missed the fried cheese (saganaki?). I do miss my time in Mykonos and Santorini, the food there was amazing."
276,Maximise,1 star,"I booked a table on 24th December 2020 5.30pm at your restaurant.
I sign in via trace together app at 5.23pm. I went into your restaurant and was told by an indian staff to come back later as your restaurant is still not open. …"
277,Mel N,4 stars,The restaurant has a nice and bright ambience. Food is great but a bit overpriced for the pretty small portions.
278,Melloh Sg,4 stars,"Nice healthy options. Great salted fish.
Pricey."
279,Meryl Zucco,5 stars,"Excellent food, all the condiments are top quality (olive oil from Greece, huge capers, tasty ingredients), portions are a bit tiny"
280,Michael Fein,5 stars,Some of the best Greek food that I have ever had.
281,Mida Hardo,5 stars,Nice food and ambience.. Good selection if you are craving for Greek food.
282,Mimi Pavlevska,3 stars,I didnt like the food or ambience.
283,Mini Driver,4 stars,A little pricey but great food!
284,Mohit Vatsa,3 stars,"Good location and my wife and I had mixed experience. I liked the food (Lamb cutler/chops) and my did not cared much (seafood). This place is pricey, so wish both of us had good experience. Ambiance is good. Wines were expensive but good collection of Greek wines."
285,Monica ZĂVOIANU,5 stars,"When you go inside, the blue and white paint take you to Santorini Island. Food is nice but not cheap."
286,Monique M,5 stars,"First time here with a large group of friends.
Service was prompt (but could be more personable) Outlet looked like it was just repainted...had such a nice Greek vibe. …"
287,Monique P,4 stars,"We got the greek salad, pita bread, with the tzatziki dip and the octopus. Went with a friend, the portions don't seem filling at first but we were stuffed by the end of the meal! …"
288,Murugesan Pillay,5 stars,great food great ambience
289,Muzik Vagabond,4 stars,"Brought my twin nephews for their birthday dinner, the restaurant decor reminds me of Santorini, the staff were friendly and the food was authentically Greek, they even prepared birthday candles on our dessert. A definite recommendation for Greek restaurant in Singapore!"
290,N K,4 stars,"One of the best greek restaurants in Singapore!!
We ordered a few dishes to share and I loved them all!
My favourite ones are definitely the …"
291,N. Alice Kim,5 stars,Great food!!!
292,NAT - Dreamland Book Blog,5 stars,Grilled octopus was my absolute fave! The eggplant pita was fantastic as well. Will definitely be back just for them.
293,NG Ju Lin,5 stars,"#wortheverypenny! We had #1 Pita Bread with grilled eggplant mousse, #2 Grilled Octopus with Caramelised Onion, #3 Grilled Seabass (3 choices of dip - sea salt, lemon honey mustard and olive oil with parsley) #4 Lemon Pavlova. …"
294,Napoleon Pefianco,5 stars,The Salt-baked Lavraki (Greek seabasss) and Macedonian Chardonnay pairing was super.   Kudos to Giannis and Sofia!
295,Neil Mehta,5 stars,"I haven't seen many Greek restaurants in Singapore. This is a terrific one -- pricey, but worth it if you want to splurge. The all-white decor is Santorini-esque and lovely, although the blue aprons look a bit like the Citibank colors. …"
296,Nena Ganesan,5 stars,"A delightful restaurant with great hospitality. Once you enter, you feel like you're not in SG anymore but instead on holiday. Delicious! Start with dips and then either the grilled squid or fish. Finish off with some baklava or the yogurt for that authentic experience."
297,NetServ,5 stars,I've tried all the Greek restaurant in Singapore. Alati restaurant has by far the best quality original Greek food. Must try! No regrets!
298,Ng Eugene,4 stars,"Nice Cozy Restaurant.
Food is Marvelous.
Will be back to try the octopus n salt bake fish."
299,Nick Chin,5 stars,"While it is on the pricey side, the food is great and definitely worth it."
300,Nicole Wang,4 stars,Love the octopus dish. My first time try Greek delicacy. Very nice experience.
301,Nigel Kaw,5 stars,Authentic Greek cuisine. Great stuff
302,Nikos Spanos,5 stars,The signature of alati. Best Greek fish
303,Not igraah,2 stars,"Overpriced. Dishes are over expensive, service and gst comes on top.
10% service , they even don’t change used cutlery between starter and main dish"
304,Nurulnisha yusoff,5 stars,"My first time trying alati, and the experience and service was phenomenal. Aru and nesh were so warm, detailed with the explanations of the dishes, and recommended a couple of  interesting and tasty dishes, and the aroma was tantalising. …"
305,O,2 stars,Good food but service sucked terribly. Recommend to change servers if you want to retain customers.
306,Oliver,5 stars,"Really enjoyed the food. The menu had a great selection of dishes, each packed with flavour and beautifully presented. The service was great, very friedly and efficient. Try it, you won't regret it!"
307,Oliver Hsieh,5 stars,"I was introduced to this place by a work colleague.  The food here is quite nice, but the service was fast but the staff aren't that friendly.  I'd go back to eat, but would not recommend it to friends."
308,Pallavi Misra,5 stars,Awesome food &amp; service
309,Pamela Phang,5 stars,Great ambience. Quality food but expensive.
310,Patricia Lye,5 stars,My friend and I were looking for alternatives as the Korean bbq restaurant we wanted to go was closed. The staff there was very welcoming even though we didn’t make reservations. Food was delicious. No set lunch as it was PH. Very nice ambience.
311,Paul Arendsen,5 stars,"Perfect lunch, very tasty food, will for sure come back here, love the place"
312,Paul S,5 stars,"Had a fantastic meal here just last week, the service, food and drinks were all great, the interior takes me back to my Greek holidays, will come again for sure."
313,Pauline Yoong,5 stars,We had an absolutely divine birthday lunch. Everything was great and perfect and love the food!! Highly recommended.
314,Pedro Sttau,5 stars,"The fish is fantastic, specially if you are looking for the wag Mediterranean people eat fish, simple, grilled, some salt and olive oil. Most importantly it’s fresh, everything is fresh. They seem to rotate chefs from Greece. The staff is clearly proud of working in the resultant as they should be, it’s a wonderful place."
315,Percy Chang,4 stars,"Friendly staff, delicious food and ample portions."
316,Peter Lin,5 stars,"Have been here a few times and always enjoyed it. The food is simple, straight forward, and tasty. However, the main reason I'm reviewing is because of the service. …"
317,Peter Sasi,3 stars,"Like a home cooked meal, nothing special. (I had the lunch set)"
318,Phitchaya T,4 stars,Recommended by a friend. The seafood was fresh and tasted good. The skewers on the other hand was so so. The fries were not crispy.
319,Pierre Noel,4 stars,Great place for lunch. Tend to be a bit noisy
320,Pierre Valentin,2 stars,Below average Greek food and you pay top dollar for it. The place itself is nice. But the dishes are really pretty standard. Mezze and houmous were not great and main dishes forgettable. A lot of room for improvement.
321,Polina,5 stars,"What a wonderful place for a date night!
It truly felt like Greece!
The food is really, really delicious. Lamb chops, cod dip, sea bass and crab …"
322,Pratik Ray Chowdhury,5 stars,Excellent food and service
323,Preethi Kannan,5 stars,The meat chops were noteworthy and the baklava was yummy! Loved the decor..
324,Qing Yu,5 stars,"Best Greek food place I’ve been to in Sg in my opinion. All the dishes we tried were superb and really beautifully done. The desserts were also excellent! Prices are good especially for their set lunch menu which includes a starter, main, dessert, and a drink. Will definitely be back! Do give this place a try, you won’t regret ;)"
325,Qiuyan Teo,5 stars,"Seven is friendly and helpful for the food recommendations. The fish is fresh and we really like the greek salad, dips and grilled octopus."
326,Rachel Grace,5 stars,"Could well be my fav restaurant in Singapore! Good food, good vibes and wonderful people! Lunch sets are very worth it too."
327,Raja Kamal,5 stars,Outstanding service
328,Ramkee Hamilton,5 stars,"Amazing food, great staff! Every dish we ordered was very delicious, and well explained by the staff on what they were and how best to appreciate them. Definitely a must try for truly divine Greek cuisine."
329,Reema Mirchandani,5 stars,Great service and amazing food! Desserts were delicious..
330,Richard Liao,4 stars,"Had the set lunch, the roast chicken with feta cheese and dessert were delicious, but the starter salad was just alright."
331,Rikhil Agarwal,5 stars,Good food and really feels like a restaurant in Greece with white ambience and polite friendly  service
332,Ritika Vatyani,5 stars,Great ambience! The eggplant kofte were so delicious
333,Rob Krumm,5 stars,"Wonderful service, great lamb cutlets, superb baklava"
334,Roha Lee,5 stars,💙 …
335,Rohan Bindal,1 star,Nothing was good
336,Roland BK Ng,1 star,"Our second time back to this place because the food was really rather good. Unfortunately  not only has the quality of the food deteriorated, but the service was non existent. I guess the huge gulf between the first and second experiences just exacerbated the poor perception but won't be back and don't recommend"
337,Roland Hamann,5 stars,I have been at a few Greek restaurants in Singapore before but none that specialises in seafood. Alati Divine is definitely standing up to its name. We asked the waiter to bring us some food without selecting anything special and the dishes …
338,Rotem Battat,5 stars,Exceptional service!
339,Ruchan Baskan,3 stars,Too salty side dishes. Fish was good.
340,Ruchir Srivastava,5 stars,Really good food and excellent service. Everything we had was amazing!
341,Rukshan Almeida,4 stars,Reasonably priced good food! Definitely worth a visit.
342,Rukshan Almeida,5 stars,Our go to place when we need authentic greek food!
343,Ruzana Rahim,5 stars,"Anazing food, great ambiance. Enjoyed the octopus and taramosalata thoroughly. Servers were also really attentive and kept topping up our water."
344,S H,5 stars,Nice not bad
345,S S,5 stars,"Good ambience, decent portions and options for vegetarians"
346,SOFIA THEOLOGI,5 stars,"Excellent restaurant. Greek flavors with quality raw materials &amp; at the same time specially served dishes. Nothing out of the ordinary, with excellent hospitality honoring our reputation as Greeks. Beautiful place with good people and every …"
347,Saf A,5 stars,I could feel like traveling to Greece. Some delicious Mediterranean foods!
348,Sahil Primalani,5 stars,"A very pleasant restaurant.
Fresh &amp; Lovely food.
Great ambiance for Family and to have Business conversations over coffee.
Centralised location and friendly staff."
349,Saket Sarupria,4 stars,Quite expensive but food is great. Authentic ambiance as well.
350,Samantha Chan,4 stars,Nice greek ambience and yummy food! Been to Greece before and the quality here definitely is as good as the authentic ones. The dips platter is worth for sharing~ Highly recommend the octopus souvlaki too! Super tender!
351,Sameer Desai,5 stars,Great food and ambience! The fish carpaccio and sea bream were excellent as was the Greek yoghurt dessert
352,Sami Ammous,4 stars,"The good: great Greek food. Nice selection, and execution is good. The flavors work, and everything is fresh and delicious. Good Greek wine selection, and some Greek spirits as well! The space is nice and white, and service is good. …"
353,Sanghyun Lee,5 stars,"Very delicious. The restaurant owner has great enthusiasm and explains every dish in detail. I am impressed by the delicious, hearty cuisine and friendly service. The wine list is also diverse, with about 20 bottles of red and white each. …"
354,Sara Hornseth-Bates,5 stars,"This has got to be one of my favourite restaurants in Singapore! It was my second time visiting, and once again I was so impressed with both the food and the service. As with my last visit, every dish we ordered was delicious...the …"
355,Sathiyaraja R.,5 stars,"This restaurant exudes Authenticity. From its deco to its flavours, Alati dishes out fantastic Greek plates true to its Mediterranean roots. We had the octopus which was well cooked and not tough at all, with the sweetness of vinegared …"
356,Shaeen Marican,5 stars,Have been here 3 times so far &amp; the food never disappoints. We always go for the dips coz they are so good &amp; most often you'll order more bread but then you'll get too full once the food comes lol. We had their cheese balls with watermelon …
357,Sharad Goyal,4 stars,"Great food, really. The service is a bot slow though, maybe they were understaffed today. But a great experience overall!"
358,Shayne Mathews,4 stars,This is a relatively new place. The food was good and they had a SGD 25 set menu which was very reasonable as well.  The place has been open for months but still had a very strong odour of fresh paint which can be irritating.
359,Sherman Ho,5 stars,Amazing food. Really well prepared and flavours are all well balanced.
360,Sherrine Tan,5 stars,I am in love with their food.😍 A satisfying meal leaving you craving for your next visit. …
361,Shirley Odelia,5 stars,"Mousaka, lahano, spanakopitta, taramasalata for 2 pax. Portions are big. The dip was really good and refreshing esp. With the pita"
362,Shubha Singhi,5 stars,Excellent food
363,Simon Jacob,5 stars,Great lovely place. Awsome food and excellent service by the crew led by Nash &amp; Tinesh. Great vibe to place and accompanied by the superb food. Our 1st time trying out this place and it will surely not be our last. They got a good thing …
364,Sophie Tan,5 stars,Awesome food and awesome service. Staff were friendly and attentive. Will totally go there again.
365,Spiros Kolokythas,5 stars,"I am from GREECE. It was suggested to us by the leader of the group, Sofia Theologia. The food, service and atmosphere were all excellent. I recommend it to you."
366,Steffen,4 stars,Good Greek food and nice service
367,Stephanie Angelos,5 stars,"Food, ambience, service and hospitality was all 5 star! What a modern Greek gem. Could not recommend any higher. Note - don’t leave without trying dessert!!!"
368,Stephanie Condon,5 stars,"Simply superb. Great staff, great decor  great food. And yes! Music is back so atmosphere can't be beaten."
369,Steve Knabl,5 stars,Pretty authentic Greek feed. One of the best in Singapore.
370,Struan Todd,5 stars,Food was delicious - we opted for the fresh seafood which was perfectly charred. The ambience was perfect despite restrictions on music being played and the decor was what you'd expect in Santorini or Mykonos. Special highlight was the …
371,Sulbi Lee,3 stars,"Not sure what happened to the service here, but made us scrunge multiple times during our meal. The placemat needs some cleaning as it smells and he eventually told us all the mats will smell so took it out for us during the meal (???). …"
372,Swen George,5 stars,Came here with friends. The food and service was great.
373,Swetha Sunder,2 stars,food is alright. found that a lot of items on their menu was not available. prices are generally quite expensive which i felt didn't quite justify the quality.
374,T Singh,4 stars,Great value set lunch
375,Takako Gander-Nakashima,5 stars,Very good service and yummy foods.
376,Tan J Ken,5 stars,"Legit place, legit food. The service was really warm too I truly felt welcomed. Beautiful tzatziki, soft pita, succulent olives, fragrant honey. The dishes reflect all that there is to love about Greek cuisine."
377,Tan Swee Teck,4 stars,"Great decor and great food. For the small eater, perfect place to dine."
378,Teddy Ho,5 stars,great food. my friends think the same. its especially nice when enjoyed in group.
379,Teggae Yuan,4 stars,"It quite nice for both the environment and the food. Ordered a whole grill fish and lamb shank, fish is very good, would recommend, but lamb just so so, actually the chef cooked it quite well, guess we just don't like the taste, very sour and salted with thyme. It was a nice try. But don't think.will come back in a short time."
380,Terence Fang,5 stars,Fantastic place with great ambiance and good food. On a pricey side but good for hosting
381,Terri Goh,5 stars,Great food and service by very attentive staff. The salt baked sea bream was my favourite. Will definitely be back
382,Thierry Lecomte,4 stars,"GREAT Greek restaurant...!
Fabulous meat pure white ambiance...
Perfect, cozy service with a smile
In short, a good address"
383,Thines Pandiyan,5 stars,Had lunch here this afternoon and the restaurant was bright with the all-white interior.  Makes you feel like you’re in a cave in Santorini. Had the set lunch with the seabass and it was fresh and tasted good. My fellow colleagues thought the food was delicious too.
384,Thomas G,5 stars,"Lovely and pricey Greek restaurant with delicious moussaka, and fresh squid &amp; prawns. Pita is a little on the soft side."
385,Tiffany Yap,5 stars,Genuine Greek food with fresh ingredients and generous sharing portions in a lovely santorini setting! We had the most amazing experience with saltbaked seabream and grilled octopus. It was accompanied by surprisingly delicious and elegant …
386,Tim Bhatnagar,5 stars,Simply amazing place with perfect GREEK decor. However it's the food that perfectly sums this place up
387,Tin Ho Kong,5 stars,"Amazing food. Really enjoyed the grilled octopus, it was like nothing we've tasted before. The lamb cutlets were very soft albeit slightly too heavily seasoned. The wagyu beef skewers were on point too. Grilled prawns were not exactly worth the price. Overall, we left the restaurant very satisfied and will definitely return again!"
388,Tomoko,5 stars,"The atmosphere of the store is also nice.
The squid ink sauce on the grilled shrimp and squid was outstanding.
The grilled fish in a salt pot was also a nostalgic taste of Setouchi.
Lunch seems to be good too, so I would like to try it next time 😀 …"
389,Tonci Zdunic,5 stars,Excellent food and nice ambient but very pricy
390,Tonka Lange,4 stars,"Not bad, nice design..."
391,Tricia Lam,3 stars,"Tried Alati one Friday evening as our first choice for dinner (Sichuan next door) was packed. Bad idea, because the food was mediocre and portions tiny. We ordered the smoked eggplant dip with pita bread, spanakopita, souvlaki (calamari, …"
392,TwelveInch Chewbacca,5 stars,Simple decor but the food and attentive service makes you forget you're in Singapore. Just outstanding.
393,TzeFong Lai,1 star,"The food and atmosphere was average .
What was shocking and uncalled for was the 2 hour rule to get off the chair even though the restaurant was so empty ….we were literally chased out …"
394,Valery Lam,5 stars,"Very flavourful salt baked fish... chose a full sea bass and it took about 30min to bake. When the fish arrived, there was a thick salt crusted casing over the fish. The fish was done just right and was not overly salty. Every mouthful was …"
395,Vanessa Chuck,1 star,"I regret to share my disappointing experience at Alati.
Our visit was marred by the unnecessary rush to leave, even though the restaurant wasn’t at full capacity. This made me and my friends feel unwelcome and …"
396,Vanessa Ong,5 stars,"Excellent food and service! Seafood is their speciality, so do order the octopus, prawn, &amp; salted fish. …"
397,Vanita Gerard,5 stars,We visited the restaurant and love the ambience &amp; the food. Especially the grilled octopus and the dips with pita bread. It was warm and fresh. Not forgetting the service rendered by Nash was awesome thank you so much for my awesome experience
398,Vennila Balasubramaniam,5 stars,"It was a delightful culinary experience for us. Food was very good. It was our first time trying Greek cuisine. We enjoyed the dips, crispy cheese balls with fresh water melon, prawn Saganaki and the lamb dish -paidakia was divine. The …"
399,Victoria Vilchez,5 stars,Amazing Modern Greek seafood cuisine in SG. I love the Greek salad and the fish is so fresh! A must try in Amoy street!!!
400,Vidhya Elango,5 stars,"A very nice Greek restaurant. Strolled through the neighborhood and stumbled upon this place. The interiors remind you and make you feel like you are in Santorini. The food here is delicious and authentic..! The seafood at this place is so fresh. Though the price is on the Higher side, the taste does it justice."
401,Vishal Thapliyal,4 stars,Good Greek food esp if you are into seafood .. not much vegetarian choices
402,Vivian Wee,5 stars,Dedicated staff - knowledgeable and good with recommendations.  Place gets crowded after 8pm hence suggest early dinner 😀 …
403,Volkan Caglayan,5 stars,Serves really great Turkish/Greek food. Especially mezes. Efharisto re malaka
404,Vyvyen Chia,5 stars,Great service with great food
405,WEI HUANG,4 stars,Loved the cod roe dips.. hope to try the lamp/fish next time.
406,Wayndering,4 stars,Great food. Kind of cavernous.
407,WenD Tan,5 stars,Food were good. Wines decent. Hardly anyone there on a weekday night. I think mostly would be lunch crowd..
408,Wong Teck Jung,5 stars,"My first Greek cuisine, and it was amazing.

Appetizers: …"
409,Worasit Thititanakarn,2 stars,nice bread but not good for non-vet guy like me
410,Xan Chua,5 stars,"5 stars for the service and ambience! Definitely a good place for a friends gathering! Food was great, the staff, especially the boss was super friendly and funny, we really had a good time there! Highly recommend! Food and dessert was good!"
411,Xiao Ding Gao,5 stars,"I tried this place four times already, before, during and after covid. The quality of food has never changed. When eating, could feel the level of dedication the chef puts into each dish. …"
412,YY,3 stars,Came here for a work lunch as the food was supposed to be good! Apparently my friend said that the standards have dropped and the food used to be better prior to their renovation… …
413,Yen Trinh,5 stars,Fantastic Greek place! The dip is so lovely and the beef is to die for. Will definitely be back again
414,Yerg Su,3 stars,We liked the ambiance. Service was alright. Food was alright too - good to share.
415,Yin,4 stars,"I was here for a birthday dinner and it did not disappoint. Appreciated the warm service, the friendly waiter explained the dishes and provided recommendations for starters and wine to better balance our meal. I haven’t had octopus in a …"
416,YuJia Chin,5 stars,"Very friendly staff, cosy atmosphere and the food is  good. Loved the halloumi salad."
417,Yuannie Fishie,5 stars,Food is really great. Do make reservations before heading down as it can get busy even during lunch
418,Yumiko Yamada,4 stars,"A delicious Greek restaurant.
The interior is typical of Greece, so you can enjoy the atmosphere even before the food arrives ︎💕 …"
419,Z. H.,4 stars,Can't judge whether the food is authentic Greek or not since I have never had Greek food. But the food here are quite special. We had the pre-theater set meal. The price is reasonable and our tummy are happy 😊 …
420,Zane Tay,5 stars,"Food’s utterly amazing! The pita bread and salmon mousse are a delightful combination, and the grilled fish alone keeps me coming back. Nash’s recommendations were absolutely on point as well, from how to season our fish to best food pairings."
421,Zizhen Wang,5 stars,"In the past three months, the three of us have had our own affairs and have never had the chance to have dinner together again. This weekend we finally got together. A friend picked this Greek restaurant that was very close to us and it …"
422,Zong,5 stars,Nice Greek food!
423,Zu Cheng Peh,4 stars,"Food was good, slightly on the pricier side but its a step above cheaper local greek offerings"
424,a jm,5 stars,"I have been to Alati Divine for lunch twice, before and after covid, yummy greek food both time. They have a great lunch set include dessert and coffee! The restaurant is very pretty too, highly recommend for business lunch. I will try dinner next time."
425,alma cafino,5 stars,"Superb food, great service."
426,anup vilkhu,5 stars,Good food. Good ambiance. Good service
427,ash raivadera,4 stars,"Good food. Friend had the chicken which was a bit pink, but staff very friendly and no fuss about changing. Bit pricey but not as expensive as Kouzina!!!!"
428,ashwanth raghavan,5 stars,"Interesting restaurant with great selection of Mediterranean food.
Good ambience and quality of food."
429,daph daph,4 stars,Pretty good food and ambience and service. Worth to check it out.
430,derek foo,4 stars,Superb food and great atmosphere!
431,devan,1 star,"For these prices, quality and perception are key. Alati isn't quite there, yet.

With exception to the feta, supermarket-level produce at best. Salad and …"
432,ehs s.,4 stars,"good food and portions! recommends short ribs, and lamb, very well cooked."
433,ervvinn,4 stars,Slightly pricey but good food overall. Ambience and setting definitely 👍 the lamb is a must try …
434,jeremy aruldoss,5 stars,Fun and professional staff and owner Nd the food was amazing. Loved the mains and desserts
435,jon lim,5 stars,"Honestly, best meal i had in my life, order the Grilled Octopus"
436,josin chee,5 stars,"excellent food as always, with great customer service. would highly recommend the lamb rack, octopus and dips (eggplant &amp; pumpkin)"
437,junwen leong,5 stars,"Will give more stars if I could!

This place is hidden gem, once you find it, you’ll keep coming back again. …"
438,k h,4 stars,"Good service and nice atmosphere. Food was delicious, but a little sour for my personal taste. Highly recommend the tzatziki and horiatiki (greek salad). The keftedes melitzanas were also good, but the fried eggplant balls were quite heavy."
439,kinshuk jhunjhunwala,5 stars,Insanely good. Even for vegetarians
440,kurtulus alic,5 stars,"Amazing food great ambience

I am a big fan of Greek food and this is the best in Singapore. I am Turkish (90 …"
441,maggie tan,5 stars,"Good food, good service and very nice ambience"
442,munchkin,5 stars,"You can really find divine greek food here!
Tried the fried cod fish - fish was so moist inside and deep fried to perfection. The green sauce was tangly, fresh and umami and goes so well with the fried …"
443,niraj soni,4 stars,"Great service, good food and decent ambiance"
444,pier bernard,4 stars,good service
445,rakhmine kaur,5 stars,Great place
446,ranthi whesi,5 stars,"All foods were so lovely, a very cozy ambiance too"
447,sarah yasmin,2 stars,"Restaurant itself makes you feel that you’re in greece, but the food was just average. I was very excited to try their lamb chops and wanted it medium well. It came totally rare so we asked the staff to cook it again. The meat came back …"
448,saya b,4 stars,"Lovely greek restaurant, great for dates or girls nights."
449,shariffah dalila,5 stars,"We had dinner at Alati and it was good! Service was really good with the staff suggesting and explaining the food, we didnt have to wait long for the food to arrive and the foods were all very refreshing. Would definitely come back again to try out more!"
450,shehan lakshitha,5 stars,Great place to makan
451,stefanos adamopoulos,5 stars,Divine indeed authentic on top!
452,sugam khosla,5 stars,"Truly Divine Greek food! Loved the ambience, service and THE food. Must try are the dips with pita bread, grilled prawns and kotopoulo (chicken). Would definitely recommend the place as a must visit. Reservations recommended."
453,winson chng,5 stars,"Worth coming back again, dining here is a pleasure. To borrow from what is said on the Internet: “Alati is the Greek word for salt. It prides itself on providing seafood from the Aegean Sea. The fish are packed in ice the moment they are …"
454,ΖΗΣΗΣ ΤΑΧΑΣ,5 stars,"Great food, great service great all.
I tasted fish from Greece more fresh and more delicious than I eat it in Greece. I felt like I was sitting and smelling the incredible Greek Aegean Sea..."
455,Κικη Καραγιαννη,5 stars,Since my niece is a chef! What else but 5 stars!!!! Taste from greece !!!
456,Στάθης Νικολούζος,5 stars,The best restaurant in Singapore! Real Greek flavors!
457,コウSing,4 stars,"First time trying Greek food. I was aiming for the lamb, but there were many people ordering fish dishes.
I wasn't familiar with Greek wine, but it was delicious."
458,박정우 (Noel),5 stars,Really good.
