,Name,Rating,Review
0,Pauline Yoong,4 stars,"Had grilled half saba fish, spinach salad and beef tongue. Fish and salad was great. Esp love the salad with the dried fish flakes. Beef tongue is too much sauce and not so fantastic. They also have some promos on sale going on. Bill was $60. Seems that the place gets busy on weekend nights. Worth a try."
1,Sel L,3 stars,"Very busy during weekend dinner time.
I had called during the week to make a reservation but still had to queue. No one asked or cared about any reservation and when I asked about it, there was no …"
2,Timothy Lim,5 stars,"Came to try their lunch sets, price to quality ratio was good plus portions were generous. Their draft beer price was one of the better priced ones around as well. Service was prompt and fast as I came slightly after peak hours. Will definitely recommend their saba and negitoro don, which were really enjoyable."
3,Marie T,5 stars,"Lunched here on a Sunday and there was a short queue at 1.30pm. 2 of us ordered the March promo at $38 to share and it was superb value! We had the saba fish, grilled miso pork and sashimi which was quite fresh and the set came with 2 rice …"
4,Karin Chan,5 stars,"First time I ate such delicious Saba Fish. Their Saba fish is very different from the usual. High quality!! Smooth nice texture and grilled to perfection.
We also ordered other things and it’s delicious too. The fried oysters is huge …"
5,WS,5 stars,"The juicy texture of both grilled chicken and salmon is maintained by careful preparation.  Rice, pickles, and chawanmushi were included in the set. Delicious and reasonably priced ($15.8++), highly recommended. Another excellent choice is …"
6,Vee Kwok,4 stars,Found this chain restaurant which specializes in toro saba in Japan. This was the only branch outside of Japan. Bumped into going there on SABA day and got friendly recommendation from the staff to order the 2-3 pax value set. You could …
7,Daphne Seow,4 stars,"Love this restaurant for the biggest and freshest toro saba fish in Singapore! You won't why to eat those frozen varieties anymore! Usually patronise them for the set lunch set, which is affordable at $13.80 for a large toro saba fish with …"
8,Steven Soo,5 stars,You have to come try their lunch set - The saba set is good and taste fresh! No fishy taste and its huge potion. Water is $1 but we ordered hot tea @ $2+ each and its match perfectly👍 …
9,Alexander koh,5 stars,"Best Saba shioyaki I’ve had. Fat is perfectly rendered, perfect amount of seasoning. Crispy skin. Amazing …"
10,Wang Poh Peng (Ric Wang),5 stars,"Got the 3 dish set during saba day for $38 before extra charges. Strongly recommend the pork fillet, squid and saba fish. Totally worth the money!"
11,Wendy Yeo,5 stars,Saba is really their top dish. Really nice taste and texture. The sashimi is fresh and the squid is great too. ✌🏻 …
12,ordifolks,5 stars,[Sep 2023] Homely Japanese restaurant tucked in a corner at Level 3 of 100AM. They offer an extensive menu of both cooked food and sushis. Esp enjoyed their saba that was lightly salted that brought out the freshness and natural sweetness of the fish. Service was friendly and prompt. Ideal place for large groups.
13,Daryl Xie,4 stars,"We chanced upon this lovely little joint at 100am mall. This Toro-Sabar was fantastic, grilled and served as is, crisp skin while the meat of the fish remained juicy and tender. …"
14,Eric Ho (xterain),3 stars,"Lunch kakis wanted to have saba for lunch, and not wanting to be a wet blanket, i agreed to follow too as I don't eat seafood. …"
15,Avery Ng,5 stars,"I really enjoyed the food here
Nicely prepared and yummy
I think they have very reasonable price
I will come again for sure"
16,Jace Lee,4 stars,"Ideal place for saba and izakaya lovers. Good for family , friends or colleagues. Good range of alcohol drinks , good grilled and fried items. Operating from daily : 1130am - 1530pm and 1730pm - 2130pm"
17,Yuchen L,5 stars,"They have a set dinner package (3 mains, 2 rice, 2 soup) for $48++ that's fantastic. More than enough food for 2 pax, and can probably feed 3 pax. …"
18,Jimmy Liaw,5 stars,Had a great dining experience here on an early Saturday evening. Most tables are available. …
19,Jamie W,5 stars,"Food and service here are top-notch. You’re in for a night of good food, loud laughters and incredibly chill ambience here! Team of staff made us feel like home. I cannot get enough of their mackerel sashimi and sushi. Not a lot of places …"
20,Kinon Kong,5 stars,"Had their famous $16 Saba lunch set which comes with a huge serving of grilled saba fish, minimum 550g, miso soup and white rice. The fish was delicious with crispy charred skin and moist and well seasoned flesh.Even the head was delicious. …"
21,Tan Teng Heng,4 stars,Enjoyed the grilled Toro Saba and grilled squid.  Will go back again to try the Hokke and Karaage.
22,Justin Teo Y. K.,5 stars,"Biggest freshest grilled mackerel fish.

When you go on special dates with ""3"" or ""8"", you get special discounts for some of the sets. Excellent value."
23,Siang Peng Ng,5 stars,"Tried the set dinner, sashimi is very fresh, braised pork taste so great and the grilled hokke is nice too."
24,Aaron Law,4 stars,"I like to eat saba fish. Usually is those frozen ones from supermarket. So using that as a benchmark, this place changed the whole saba game for me. The signature big saba fish was grilled just nice. The flesh is moist and sweet. The sashimi was like fresh but at the same time having the unique saba taste."
25,Alvin Ho,4 stars,"A Saba (Mackerel) speciality shop from Japan, Sabar Restaurant started in Osaka selling grilled fatty Mackerel fished off the Pacific Coast of Japan. …"
26,Lydia Wang,3 stars,"Overall, I didn't really enjoy my experience here because a lot of things are not included in the menu that needed to be added on. It just feels like a very calculative place. It would be better if they have included everything. …"
27,S L K,4 stars,"Good food. Big n juicy Sabar fish. Fresh sashimi. Good value for the premium Kaisen don. Very good value for their set meals. Short staffed though, hard to get service at times, need to be patient. I can imagine it's worse during peak hours."
28,edward tan,4 stars,"Saba fish is big portion for 1 serving. Fresh and tasty. Karage is different from others, meaty with less covered flour. Juz Sashimi abit pricely. Delicious overall with full content"
29,Ally,5 stars,"Located in 100AM @ Tanjong Pagar.

Aug promotion deal (ends on 31 Aug)  is highly recommended. $38 for 3 main dish, …"
30,Yix Quek,5 stars,"Fresh, juicy, and tender saba fish that is life-changing! Will defo be back! Unagi was yummy too. Generous servings!"
31,Vanessa Lee,5 stars,"The fish dishes served here are fresher than those you find outside. The Saba lunch set was very worth the buck – you get the whole Saba fish, which the chef nicely sliced it in half (such that the whole spine of the fish is on one side of …"
32,B T,5 stars,It’s a MUST TRY! This is my 5th time visiting and I have recommended it to my friends and family who also enjoy it. There is a special promo this month (march).
33,Esther Chang,5 stars,Enjoyed sabar fish during lunch time. Cost abt 16.40 affer plus plus. Totally worth every penny.
34,Mark Ong,4 stars,A good izakaya and fish speciality restaurant . Before the 'lockdown' this place is filled with vibes on a Friday night.  Used to be a soba restaurant at this spot but they didn't adapt to survive . It has the typical izakaya style inside. …
35,Rosemary GE,5 stars,Ordered set menu for two. Fished were so good! More than my expectations. The set was not that expensive and valuable for money!
36,Jean Fung,5 stars,"The best saba I’ve ever had - super fresh, perfectly prepared and great value for money given the size of the portions. The saba “bar” feels very cosy and the service was warm and welcoming despite the place being really busy. We’ll be back with more people and bigger appetites so we can sample other items from the menu."
37,Jeffrey Wang,5 stars,Was headed out to AM100 mall to have lunch at Heijoen for some yakiniku but got there and was told they close at 2:30pm and we’ll have 10 minutes to eat. That was unacceptable so wandered around to see what else was around. …
38,Evelyn Cheong,2 stars,I got my friends to visit this place to try some Japanese cuisine because I have been regular here and the food here is very good. Especially when this female waitress (one with very long hair) serve me. …
39,yurameshin,4 stars,"I went there and had the toro saba set which, if it is on discount, is a good deal at only S$13.80 for a whole saba fish with rice, miso soup, and a salad. The fish is of good quality too, the best saba fish i've had so far in the whole of …"
40,Daneal Hon,4 stars,Still the best in terms of Saba fish offerings. The lunch set is extremely good value for some fresh saba. The service however can be improved.
41,Gerard C,4 stars,Pretty good value and food is fresh. Saba didn’t have fishy taste like those frozen type. This is freshly grilled. There’s a promo in April.
42,Rie,5 stars,"This restaurant is combination of saba restraint and bar.
They have various saba dishes and alcohol choices. …"
43,Audrey Tan,5 stars,Value for money $38++ set for 2 with 3 main courses. Definitely famous for their saba dishes and the must order Johnny karaage.
44,Emmaline Harris,4 stars,Found this place while roaming in 100AM. Tried their recommended set lunch of grilled mackerel. It was good! Portion was a bit too much for me though...will visit again to try other food on the menu.
45,Gem cai,4 stars,"We really enjoy the food here and have visited quite a few times. The saba sushi is thick and delicious and paired with Shiso leaf which adds a very nice fragrance to it. We love the aburi style one the best, although the grilled and …"
46,A O,5 stars,"If you are looking for Fresh Saba fish and good ambience, this is definitely the place to go! Ordered Saba fish, sashimi and some other dishes. It is great for sharing with friends!"
47,Kerwin Tong,4 stars,"Food was good, especially the Saba fish and soy scallop, they're fresh and naturally sweet. Motsu nabe with Ponzu soup base was so so, the soup was too thick and salty. Environment is pleasant and clean. Would like to specially applaud the …"
48,W C,5 stars,Very delicious and satisfied meal. Fresh and good quality. The saba fish is huge.
49,Ivan J,5 stars,"One of my favourite casual Japanese restaurants in Singapore. The highlights are of course, the various saba fishes, but I've had the pleasure of visiting this restaurant about 4-5 times now. …"
50,SierraCharlie,4 stars,"Our first time here at their 100AM outlet since they moved from Wisma Atria. Bigger premises and nice decor.
Mackerel is a favorite fish of ours as it's healthy and tasty and without doubt, …"
51,Jun Hong Kang,5 stars,"Never thought that Saba fish can be so tasty until I tried this. Super crispy skin which felt like crisps, while the flesh is super juicy. …"
52,Black Raven,5 stars,The sashimi is so fresh that the fish seems alive! Love the way it is presented and served!
53,Mei Hwan Sia PropNex,5 stars,Extra fresh sashimi Saba and grilled Saba in town… must try… as good as you can get in Japan… pair with nice sake… reasonable price sake… everything is perfect 👍🏻👍🏻 awesome meal… 😘 …
54,Morph,5 stars,"Long term customer: Consistently excellent menu- Saba, unagi, sashimi, the works. Drink offerings are good too, including draft beer, sake, and highballs. Service is however generally slow as they are chronically understaffed- though it has picked up considerably the last time I’ve been. Budget around $30 per pax, drinks excluded."
55,Nigel Tristan,4 stars,"1st time trying out as i had a craving for shime saba suddenly. Passed by this place a few times but always didnt go in cos of 2 things,a long queue as well as the strong smell of raw fish which was a little off-putting. Glad i did it this …"
56,Jry,5 stars,"The lunch set is extremely good value for some fresh saba, well grilled squid and unagi. Service was great too!"
57,Chai Teo,5 stars,"The fish was fatty and damn shiok. There are always some deals available and it's quite confusing, but the grilled mackerel is fantastic"
58,esther,2 stars,"Went there with my Japanese friend after get recommendations from the seniors, stated it’s authentic Japanese meal.
Ordered $15 lunch Saba meal bento and one green tea. Waited 35 minutes for this …"
59,Kennie Lai,4 stars,"The food is fresh and tasty. Ordered grilled Ika, tori karage (fried chicken) and a kaisen don. Service wise could be better. Would recommended fried chicken."
60,Mats Lingblad,5 stars,Order the big mega mackerel and your dinner might look like the picture. Don't go here unless you like fatty mackerel and are willing to pay $65 for one fish (can be shared by two). They also sell normal mackerel but it is not nice at all. …
61,Alyss Xia,5 stars,"Saba is a serious business here. Come at Sabar Day (any day of the month with the number 3 and 8) and get a big discount on the Toro Saba set. Their saba is succulent, fatty and juicy - definitely a must eat for saba lovers. If eaten as it is, the saba may be a tad bit salty, but a squeeze of lemon will balance everything."
62,"Qing Ze, QZ",4 stars,"Sashimi was just incredible, had the kaisen don. Everything was really fresh and went together well. …"
63,Matt Yoshida,5 stars,"Saba set for $13 (though the deal is on specific months or days), the portion is enormous, coming from someone who loves buffets. The Jumbo sushi roll wasn't that great but the saba was tasty and juicy!"
64,Andrew Tan,4 stars,"Tried their grilled Toro Saba set. Very popular among patrons.
Surprised by the good value and very nice Saba."
65,Jaslyn Ong,2 stars,Place has atrocious service. We were told not to drink plain water as it’s considered “outside drinks”. Staff also refused to take our orders as we were not seated in the area where she’s in charge of but she could come over to stop us from …
66,Wengkit Cheong,5 stars,"Excellent saba fish. Oysters fresh and tender, huge. Best that i have tried. Service is good. That lady lavine her service is top class …"
67,Rafael Tan (Kai Pin),5 stars,"Great Place to experience authentic grill fish of Japan. Specialize in mackerel but it also serve other fishes like salmon and salmon belly. Look out for their seasonal special. Authentic decorations but some seats might be looking into the spot lights. Great offer for 3 mains, 2 rice, 2 miso soup right now."
68,xmeex,5 stars,Very good saba fish. Super fresh! Highly recommend the grilled saba. Come on saba days for promotion!
69,K Lee,4 stars,Nice food and reasonable price. Saba was fresh and delicious. Ooishi!
70,Max Wen,4 stars,the Saba fish was delicious. service was ok but maybe they were understaffed? regardless I will definitely return.
71,Tony Chan,5 stars,"✨Follow me for more great food adventures✨

Best Saba deal in town. Consistently great tender fish and food. Come on days …"
72,Gabriel Teo,4 stars,"5 stars for the food cos they probably have the best Japanese mackerel around. I had the coriander salad with mackerel, mackerel sushi(3types) and grilled mackerel. Yes I love fish. The mains took a while to arrive. So be prepared to wait."
73,Warren Ong,5 stars,"Awesome grilled Toro Saba! Listen to the crisp!
Come on dates with a '3' or '8' to enjoy discounted set lunch!"
74,Mas Hairoman,5 stars,The Saba Sushi and Saba Set a lunch were delectable while the staff was attentive. A  delightful experience dining at Sabar
75,Ernest Yang,5 stars,"Wonderful ambience, authentically prepared food at good quality! Highly recommend the Unagi (Eel) or Toro-Saba Hitsumabushi set!"
76,Azhar Ali,5 stars,This restaurant is tucked away on the 3rd level of 100AM mall. Their lunch specials and set meals are extremely reasonable and the seafood is fresh.
77,Joanne Koo,4 stars,We came here on a monday when there was a 50% promotion. Place is packed..service is prompt and very pleasant. Will return to try other dishes.
78,umake mehungry,4 stars,Sabar is a specialist Mackeral Fish Restaurant in Singapore. It's an Izakaya that serves premium mackerel and other variety Japanese Cuisine. They use top quality mackerel from North Pacific Coast Japan. …
79,Dennis Tok,1 star,Food is super salty. Feedback to the chef. He insisted is ok. Very bad customer service. Please avoid this restaurant at all cost!
80,Andre Ling,1 star,"Was there today and ordered their assorted saba sushi. What a waste of time. The rice portioning was huge and compact and when i ate one, it tasted like I was chewing on a chunk of rice and not tasting the fish. Be aware that they might …"
81,Glo Lim,4 stars,"Peak hour at weekday lunch time , waiting time is about 20-30 mins."
82,LS You,5 stars,"Very juicy and tasty saba fish set, food portions is very generous, service is great too, will definitely come back! 👍 …"
83,C,4 stars,"Saba was great, possibly the best I've had in SG. Service wasn't as great - 3 female staff that all didn't seem keen to serve. It's a pity."
84,Tuck Kam Chang,5 stars,Was pleasantly surprised at the portion of the food. Very big portion at reasonable prices. The food were delicious too.
85,Amelia,5 stars,The portions are huge and extremely worth it. The saba fish is imported from Japan and the  taste is amazing.
86,CK Leong,4 stars,This Japanese eatery used to be in Japan Town in Orchard Road Wisma. Its speciality is Saba fish. Saba sushi used to be really good. Unfortunately nowadays the marinated fish slices don’t seem well made. Fortunately they happened to have the fresh saba which we had as sashimi. 👍. The fried chicken and tofu salad were good too. …
87,Kwang Kow Wan,4 stars,Grilled saba fish their specialty but was amazed at the size of their sushi roll. The sets are worth it
88,chiew yu zhou yu,5 stars,"Excellent saba fish.
Come on SA (3) BA (8) day for value promotions. (3,8,13,18,23,28,30,31 of every month) …"
89,J W,5 stars,Saba is grilled nicely! Healthy meal.
90,Huy Võ,5 stars,"Very fresh oyster, grilled fish is must try"
91,Lanny Tay,5 stars,"The best Saba fish in Singapore ! Crispy outside, juicy inside ! Very big fish for $25 set meal 🙌🏻 …"
92,LHL,4 stars,Great place for saba and other types of grilled fish - I’ve eaten here a few times and have found the quality to be pretty good. It’s also an affordable place to dine at and they regularly have promotions. I’d say to skip the tonkatsu though - the pork was pretty tough and the panko crust was a little too thick
93,Phoebe T,2 stars,"Took the set for 2 at $48++ during dinner where we can choose 3 mains plus 2 rice and soup. Had the torosaba, grilled pepper chicken, and grilled squid. Food was nice but the curt service from the pokerface curly hair aunty, whom most of …"
94,D S,3 stars,We had Ika and Saba sets.  Ika was meant to be grilled but seemed more steamed.  Saba was tasty both the fish and sashimi…but in both sets the miso soup tasted strange
95,Fuji Misato,3 stars,Decent food quality but the drinks felt diluted.
96,Li Hung Pao,4 stars,"Located at a corner of Level 3 of Tanjong Pagar 100AM (extension of Amara Hotel), the slab of grilled unagi was generous yet price was reasonable. I felt blessed when I took the first bite of it. The shop's specialty is saba though. It also …"
97,Kevin Ling,5 stars,Lady staff was great. Think her name is Lervin. Recommendations of sake and food was amazing. Always liked this place and food. Will go back again.
98,Purple voidGM,5 stars,Nice food. Service was good so was special to saw comments on bad service.
99,Andrew P L Ko,4 stars,"My 1st Time !
Very Good Set Lunch Special !
Will be Back for More !!!"
100,Madeline Yeow,1 star,"Unfortunately, our experience was spoilt by the manager, Sam, informing us that condiments (in this case, the radish accompanying the grilled saba) are chargeable. According to Sam, ground radish (a condiment!) is comparable to additional …"
101,Dallas Tay,3 stars,"Food is awesome e.g. the spinach salad and sashimi tuna/salmon. However, the refilling of hot green tea has to be told and the salad was forgotten in the kitchen. Waitress tone is not the best. Could have been almost 5 stars."
102,Marco Ullasci,5 stars,"If you think mackerel is an ""ok"" food or maybe ""not so great"" you should give a try at it here: their mixed saba sushi is a great dish worth every cent they ask. …"
103,Andrew Lam,5 stars,Nice place for dinner. Saba (makerel) fish themed &amp; specialities. Pokemons gave it a thumbs up 👍🐊 …
104,J song,4 stars,"Had set meal of Saba fish, chawanmushi, rice, small salad. Fish took some time to be grilled but unlike those in hawker centres, u get both sides rather than one side of the fish. And bigger fish. Service from the waitress was friendly and it's a place where Japanese go to eat too! Price of 13.80 well worth it! Decor cozy enough."
105,Nancy Ho,5 stars,Loved their food and sake!
106,hui hua wong,5 stars,"Sam, the manager was attentive and provided great service .
Food was delicious and very fresh."
107,Melanie Yang,3 stars,This place seems short staffed. Had to wait awhile outside before being served. One of the servers also rejected us and told us that we do not need wasabi when we requested for some. Isn’t that that up to our personal eating preference? …
108,tak monmon,4 stars,Quality wise I have no complaints. They offer authentic Saba sushi that you can find it basically only in western-Japan area. Just too little waiters and you'll need to be patient.
109,Erik Tan,4 stars,Food quality is good.. the grilled squid is great and sashimi is fresh.
110,Ashley Chan's Official Channel,1 star,"Went to eat many times because the food is nice,  especially the Sabar fish, the skin is crispy and inside is juicy. We always go with 3 persons and order 2 drinks but the Chinese girl quite rude saying cannot refill because many people …"
111,Sky Gor 天哥,3 stars,"One of my favourite Japanese Restaurant. Saba is juicy, Fried chicken also very tasty.
The only thing that I don't understand is self water bottle is not allowed in …"
112,Joo Kheng Ker,1 star,"Nice ambience with good food. However, one of the server is unfriendly and kept emphasised that no topping up of green tea if we shared. In the first place, this was not our intention and hot teas were meant for our parents. She kept …"
113,Yeye Wong,1 star,Super bad experience. They gave us the wrong order and we only realized it when we were looking at the receipt prior to making payment. The old waitress said the food we ordered is not what is being served by accident and we should pay for …
114,Anthony L Tj,5 stars,Nice and great fish at very decent price! Will definitely come again!
115,Benita HY,2 stars,The food is really nice but the service could really be improved upon. It’s surprising since it looked like some of the staff were Japanese and I always imagined Japanese service to be leaps and bounds better than Singapore standards. …
116,Melissa Goh,5 stars,"Awesome place for saba and almost all kinds of japanese food. Their saba sushi was yummy goodness! They have a cute promotion where their mega saba teishoku is on discount, as well as other saba dishes, on days ending with 3 and 8. The queue might be longer but their dishes are definitely worth the wait."
117,Michael Chang,5 stars,"Ordered the grilled Toro-saba set. The fish is fresh. It's grilled until the skin are crispy. Yummy. Definitely will go back again. Some items are discounted on 3rd, 8th, 13th, 18th, 23rd, 28th, 30th and 31st every month. So check out the menu. Ah, don't forget their Johnny's Karaage (fried chicken). Paired perfectly with beer."
118,Jace Ng,4 stars,Service is good. Food is still okie. Price is reasonable
119,Ling Yuan Wong,5 stars,"Grilled Saba or Mackerel... A common dish in Japan but it's lesser consumed locally. The first visit left a craving so went back for a second time. Fish was grilled to perfection. You will see me going back for a third, fourth, and many more visits."
120,Chee Meng Chan,5 stars,"Unique whole grilled saba fish, imported from Japan. One of the kind available in Singapore."
121,Fuhank Buntara,5 stars,"The fish set is amazingly fresh, delicious."
122,John Goh,5 stars,"Delicious and satisfying grilled Saba fish. Lavin, the waitress is exceptionally attentive and friendly. I highly recommend this place to fish lovers."
123,Xingzhi Cai,4 stars,Really specialised in grilled saba. Worth to try.
124,Su xian Lim,3 stars,"Honestly the food here is so bad you're better off eating cai fan

The chawanmushi literally has no taste. You'd be shocked at how tasteless it is. …"
125,WAH KAO,3 stars,"Fantastic place. Liked the deep-fried Camembert and Grilled Saba Oshisushi.

However, I felt that the Chu-hi was too dilute for my liking. …"
126,Dominic Tng,4 stars,"Food was as expected. The fish was fresh and tasty.

We ordered 3 kind saba sushi. The toro saba set and the squid. All the dishes …"
127,Reizo Ang,1 star,"Worst place ever. Rude staff (Barbra?) that reminds guests that even plain water (from water bottle) cannot be drunk. Also refuses to take the orders from our tables as our tables are not managed by her. Subsequently, when Barbra was …"
128,Wayne Ho,1 star,"Had a Kaisen Don here and it was absolutely rancid. Sashimi was not fresh, smelled off and was soft and felt old. Told the waitress, who went in to the kitchen, came out, reported it was fresh, and proceeded to ignore me after that. Terrible service, terrible food, avoid like the plague. Good luck to my stomach tomorrow."
129,H T299 (HT299),4 stars,Awesome sabar fish set. Can skip ordering the normal sashimi. The cut is not thick. Just order anything sabar.
130,Chase Neo,1 star,"Very bad experience as a whole. curly red haired auntie is terrible. gave us wrong order and also charged the wrong order. when confronted, she said 'i know my staff at fault, but eat already must pay for it', 'i charge u cheaper u happy …"
131,steven wong,2 stars,Service is slight rude and even wasabi need to pay 😂 😂 …
132,Caleb Leow,5 stars,Nice restaurant with a homey feel. Service was good and waiters were friendly and accommodating. Food was excellent for the price and the fish was very fresh!
133,Kenji Wong,5 stars,Amazing place. Will definitely visit this place again. Cant believe how empty it is on a weekend night. Probably one of the best saba I have ever eaten. I am a bit sad to see most of the customers there did not order any saba related dish …
134,Amy Sullivan,5 stars,A lovely authentic Japanese izakaya that truly transported me back to Japan! Japanese Mackerel is underrated and Sabar does it so well. Friendly service and a great relaxed ambiance that reminded me of my days going out after work in Tokyo. …
135,Jorene Toh,1 star,"Really terrible experience.
Firstly, we waited for 30mins despite making a reservation but not being attended to. …"
136,Ronnie Hair,5 stars,Great food with good service from staff!
137,Val Tan,5 stars,"Ordered the megar sabar set, the fish tasted so fresh! Love the oysters that were very fresh, fat and juicy! Is a place i will revist again."
138,louis chow,5 stars,Good value during promotion days!
139,Amanda Tan,3 stars,Prawn sashimi was not fresh. Rice is blend. Not japanese grains. Chawamushi was blend.
140,Claude Morales,5 stars,"Grilled Toro Saba is a delicate Japanese delicacy which is a must try, and Sabar is the best place to enjoy it. Definitely not to be confused with your run of the mill ordinary Saba!"
141,Darren Lau,4 stars,"Skin of the saba fish was salty, other than that the food waa great"
142,Agnes Yeo,5 stars,"Best saba fish. Great value on SABA day as well. Warm and friendly, good food. Also has good value alcohol to have a great night out."
143,Gordon Ho,5 stars,It is a very chill place to have dinner and drinks. The staff there is very friendly. Will go again when my group of friends!! Highly recommended.
144,Axiomica,4 stars,Love the cosy feel of this restaurant  suddenly transformed into Japan.  Quite a unique fish based dinner.  Main course being the Sabar fish. Try the recommendation of direct freshly Japanese imported. Located 3rd level.
145,Ray D,4 stars,We were thinking of eating the saba sushi and remembered Japan food town had closed at wisma.     Stumbled upon this earlier in the day in the new location at random and glad we went back for dinner take away.     As good as it was before.   Quick service.   Friendly.  Will go back for sure.
146,Junta Sainoki,3 stars,"Taste is very nice, Saba Sushi Roll and Grilled Saba were awesome.
The price was expensive, considering the volume and quality."
147,Stella Tan,3 stars,Decent place for Saba dishes. Fish was juicy and tasty. Not alot of variety but if you are saba fish fans that should be enuf.
148,Foodie Plan,1 star,"The manager aunty was on the verge of snapping at people. When I called for her while she passed by to enquire on the menu, she just stared a me without turning her body, not a word too. Until I said something. Then when it's time to pay …"
149,See Aik Lim,5 stars,"Saba fish and grilled squid are good, the fish and chip is very nice as well. Goes well with the Sake that is sold here.."
150,Dennis Chai,4 stars,Pretty good with decent price. Will be back to try other stuff on the menu.
151,Henry Ng,5 stars,The auntie are very rude but the food is good.
152,Eugene S,5 stars,"Good quality and price
Quaint Interior :)"
153,Rick,5 stars,Great place and value for money when you come on a 3 or 8. I'd recommend just getting the set as it is the best
154,Bunnie Tan,1 star,"Service ok, foods serve very fast...but need to book 1st before you go. Sabar very fresh..."
155,evelyn low,5 stars,Always a pleasure to come here. The torosaba is worth every penny. All fish lovers must come here!
156,Axel Joly,5 stars,Best saba-based dishes in Singapore with great sake to drink with!
157,Leon Ng,5 stars,Sabar is like a little hidden gem right out in the open. Their grilled mackerel is delicious and it goes very well with sake!
158,Terence Lee,5 stars,Yummy saba
159,Jill Eng,1 star,Staff was rude and not trained.  Treated like uou are there to beg food.  Such terrible attitude.  I wouldn't call it service as there's literally none
160,Lee Gina,5 stars,Staff are friendly and food very affordable and 👍 …
161,Martin Felix,5 stars,I like the Saba fish and the liquor there. Soft and tender fish meat.
162,Yan Ng,5 stars,"Good food,  especially if you like saba. Good selection for lunch menu. Service is good too."
163,vestrology,5 stars,Best place to eat Sabar!
164,WaiLee Yang,5 stars,This place serves fresh food of impeccable standard. Service staff were knowledgeable and friendly. Will visit again.
165,Victoria Cruz,3 stars,I think its popular with the locals but to me food is average
166,Ithiel Liang,1 star,"I don’t usually post reviews. But I have to highlight that the service is extremely bad, especially from the manager himself. Have been regular for quite awhile, but I won’t be coming back again."
167,Jon Voo,5 stars,"Friendly staffs
Cosy dining experience
Previously from W.Atria"
168,Jonathan Ang,5 stars,Best grilled saba fish I’ve ever eaten!
169,Mark L,5 stars,Awesome lunch specials. Loved the food
170,Mighty Phoenix,5 stars,"Was here recently with friends for lunch. Nice cosy place. Reasonable price, good food!"
171,Calista Chen,5 stars,Highly recommend the Toro Saba set.
172,Ant Low,5 stars,"The fish was cooked to perfection.
Enjoyed my meal."
173,Allan Lim,3 stars,Serves decent Japanese food
174,audrey ang,5 stars,"First visit , food is awesome n fresh n  worth to try ."
175,Hazel Tan,5 stars,Yummy and fresh Saba fish. Valuable for money!
176,alan chia,5 stars,Good food and wide range of alcohol selection
177,KR,4 stars,Probably best Saba in SG. Pricey though
178,suckms,5 stars,Service was a bit slow but other than that all was good
179,Lim AS,4 stars,Value for money. Consistent quality
180,Hwee Ching Koh,5 stars,Lavin and team! Kuddos ! Excellent service! I would be back!
181,Xiao chong Guan,4 stars,Nice food and ambient. Lovin' it
182,Winsen Citra,5 stars,"Best Saba, great sake."
183,Spencer Tan,5 stars,The food is nice and delicious.
184,Bernard Soh,4 stars,Menu not as good as it used to be at Atrium
185,Benjamin 01,4 stars,"good food, service was cold"
186,Myoga Kaiware,5 stars,Fabulous
187,Joseph Howe,5 stars,Always fantasic fatty fish
188,Lee Lin Chow,5 stars,So delicious nothing is left.
189,jeffrey yap,5 stars,Yummy!!
190,convertnov,5 stars,"2021/12/18 Store located at AM100. It seems to be very popular with locals as well. Not only mackerel, but also sashimi and fried foods are very delicious. Other than the food, the other interesting thing was that the merchandise, which …"
191,LemonTree,4 stars,"Although it was a bit pricey, it was well worth it. There was a promotion with a sake and oyster set, and it was pretty good. It feels like frozen oysters, but it's delicious so I'll pass."
192,Chloe Soong,2 stars,"The mackerel and fried chicken are delicious.
Chawanmushi has no taste, so it might not be necessary to include it on the set menu. …"
193,Maya,5 stars,"A while ago, I went to eat hotpot. The volume was more than I expected, the price was great, and the taste was delicious. I would be happy if they would do this menu again!"
194,Y A,2 stars,"I received the lunch set. I think the price is reasonable, but the miso soup and chawanmushi, which are the basics of the set meal, are not delicious. The customer service of middle-aged and elderly female staff is also quite arrogant. It …"
195,Yuta T,3 stars,"Good foods but service quality is poor.
The food was very delicious, but the attitude of the middle-aged female staff member (staff leader?) was extremely arrogant, something you don't often find in Japanese-run restaurants, so I was really concerned."
196,うああぁぁぁ!,2 stars,It's just too expensive. I think it's something you have to wait in line to eat. Looks like the half price on the 3rd and 8th is no longer available. I'm not going there anymore.
197,渡部尚,5 stars,The raw mackerel and oysters were delicious. I drank too much sake.
198,Rio Rio,1 star,Worst customer service. Especially the Japanese male staff are the worst.
199,小林達也,5 stars,delicious
