,Name,Rating,Review
0,Suppakit Jeaupetch,5 stars,"Les Amis: A Michelin Star Dining Experience

Les Amis is a fine-dining French restaurant located in Singapore that has been …"
1,Dan Lim,5 stars,"Celebrated my birthday at Les Amis with family, and it was phenomenal! The upscale ambiance and impeccable service set the stage for a memorable evening. Each dish was a masterpiece, showcasing culinary expertise. From appetizers to desserts, a gastronomic delight that made my special day truly exceptional. Highly recommend!"
2,Tiffany Koh,4 stars,Good experience to celebrate our anniversary at a 3⭐️ Michelin restaurant. Great service with good food and wine. …
3,Nicholas Lim,5 stars,The food and wine pairing was excellent. A true gastronomic experience. Everything that we sampled was fantastic. Service was impeccable - special mention to Patrick for making it a better night for us.
4,Seonggyu Kim,4 stars,"The person who seemed to be the manager who welcomed us for the first time was quite rude. (He is not Asian)
I couldn’t understand this restaurant got 3 stars of Michelin because of him. …"
5,Yash Jethwa,5 stars,"Les Amis restaurant is a gastronomic wonderland that transported me to a world of culinary bliss! The ambiance felt like a page out of a Parisian romance novel, with soft lights and a melody of enchanting tunes. The menu, a poetic …"
6,Yap Jason,4 stars,"I would say the food is generally par to a 2 Michelin stars. The chef is generous with the caviar portion. For the wine pairing, I was expecting a bit more of the wine explanation about the region, weather, expected taste. However the …"
7,Olga Maevskaia,5 stars,Let me share our incredible dining experience that truly surprised us. We have a habit of frequently visiting restaurants featured in the Michelin guide across various countries. This establishment marks our fourth encounter with a three …
8,Jules Brookfield,5 stars,"A bit old, but high quality.  Although a bit pricey for what you get.  Good service, great wine selection, the decor could be updated a bit in my opinion."
9,Leo Chen,4 stars,"The best things I remember are bread (which is among the best in S'pore), wine pairing (exceptional collection), caviar (generous and tasty), and service (top notch among high end restaurants). What it means is that I expected more on the culinary experience. Classy for sure, but a little boring."
10,ajleeblog,4 stars,"Les Amis in Singapore is a culinary gem that has consistently upheld its reputation for delivering an exquisite fine dining experience. Nestled in the heart of Orchard Road, this Michelin-starred restaurant is a haven for gastronomic …"
11,L Chan,5 stars,"Those chandeliers. The Mahogany. The Zalto DENK’ ART glasses. The Beosound 9000 with its detachable rotatable control panel &amp; CD 💿 always finish with label up right. Good old days stuff.
And of course the dinner was excellent. …"
12,Ted Chen,5 stars,"Les Amis provided the perfect setting for a memorable birthday lunch.

But the true star of the show was the food. Each course of the four-course lunch …"
13,Z,5 stars,"Ordered the dark chocolate cake and it was so delicious! The cake is placed on top of a tart shell which is very special. Almonds are super fragrant too.
Hope that delivery service can be included in the future and handwriting on the chocolate could be better 😅 …"
14,Jason Anotai (HolyTRINITY),5 stars,"Had a wonderful lunch at Les Amis ... Didnt expect anything when my friend help booked a lunch that turned out really special for both me and my gf... Everything from  the food, service and the attention to detail makes this place special... Will definitely return again..."
15,Richard Cariño,5 stars,"Had a very pleasant dining experience at Les Amis. Patrick, our server, was very friendly, attentive, and entertaining. He suggested a perfect wine to have with the steak. He also patiently explained every dish to us. The amuse bouche …"
16,Fa Dwan,5 stars,"Truly Michelin 3 stars! Excellent food with great creativity,  best service, excellent wine pairing, and the deserts are the best.  Not cheap but it is worth it!"
17,Patrick,5 stars,"Everything was impeccable, the food was great and the portions were generous, great wine pairings and amazing service.
Toni and the team were very kind and took genuine care of us. …"
18,Angie Goh,4 stars,"🐮 was awesome so was my 🦆(med rare)

👍🏻great taste but tooooo much food. 😆😆We rolled home... …"
19,Michael Needham,5 stars,"Les Amis skillfully blends the traditional and modern elements of French cuisine, resulting in a magnificent symphony of flavor and presentation. The culinary expertise is evident in each dish, with the meticulous attention to detail and …"
20,Melvin Lee,5 stars,The sourdough bread and butter is simply the best but beware not to overgorge on them else you'll be overstuffing yourself the second half of the meal
21,David Cunning,3 stars,"Overall rather disappointing. There was no effort made for dietary requirements. It was a case of, you cannot have the tasting menu, these are two options that work for you so have them. Despite notifying them in advance. …"
22,주영우,5 stars,"Staffs are excellently kind. Chefs just pour all the caviar and truffles to the menu. You cannot deny this. Breads are good. I wanted to steal all of them, really. …"
23,Nigel Cai,3 stars,"4 course lunch meal

What’s good? …"
24,claire,3 stars,"first michelin star dining experience.. and it disappointed.

although the service was faultless- special thanks to the lovely Jo- the food …"
25,Chloe Walker,5 stars,This was our first Michelin star restaurant experience and it did not disappoint. It was our honeymoon gift to each other. …
26,Katong Panda,5 stars,"Les Amis has been around for close to 30years. For the most years i have known and as their loyal customer,  it is one of only three restaurants in Singapore with Michelin 3 stars. Their real savory food, the best ever produced, executed …"
27,JY,5 stars,"Although I'm usually not a fan of super fancy food and wasn't sure what to expect when I entered this low-key but elegant restaurant that just won 3-star again, I was completely blown away by the food. From the beginning till the end, each …"
28,Chris,4 stars,Michelin star restaurant hence food standard is good. Every dish is flavourful and the service is friendly. Though I would prefer the servers to be wearing mask as they need to interact and introduce each and every dish. This is hygiene and mutual respect for diners.
29,Tony Tee,4 stars,"A dining experience to remember.

The food was undoubtedly the highlight of all! Quality ingredients from all over …"
30,Deeyiah Teow,5 stars,"Fantastic seasonal tasting menu. The ingredients were fresh and the taste of each dish is so balanced! The breads served were so tasty, we couldn't get enough of it! Love the classique wine selection too! It went so well with the food in the tasting menu. Service at Les Amis is impeccable! Will definitely return."
31,Emily Lek,5 stars,"Delicious meal, especially the special glazed carrots (cooked in orange juice) and the morel mushroom soup. We didn’t get enough of the warm bread so asked for more. The ice cream trolley before the dessert course was also a treat. Finished off with a simple yet elegant and satisfying Mille-feuille with vanilla cream."
32,Nantarat Nun,5 stars,"Had a great anniversary dinner here with my partner. Food is great, service is great. Thank you for such a good memory. ❤️"
33,Brian Chan,5 stars,"Finally! A location and view might not make you think it is a great restaurant but it is. I am not qualified to comment the services and the setup, with a 3 Michelin stars, no need for comment. Want to highlight 2 dishes today, the blue …"
34,Ken Ka,3 stars,"Food: 3/5
Service: 4.5/5
Ambience: 3.5/5 …"
35,Kit W,5 stars,"I have to say, I enjoyed every single bite from the Classique menu tonight. From the starter, to the dessert, the quality and taste of everything was outstanding. The staff (a special thanks to Shawn for his care and attentiveness) is …"
36,Teck Boon,5 stars,Oldest 3-Michelin stars restaurant in Singapore. Food is always consistent and the service is impeccable. There really is nothing more to ask for throughout the entire dining experience. Staff are always around but at no time intrusive. …
37,Ben Chng,5 stars,"This is the first 3 Michelin Star restaurant i have been to and i can see why they are a step above the rest.
First of all, their service was just top notch. Very professional. You could …"
38,Shenny Faith,3 stars,"Very good service but I don’t think we will go back.

Mushroom appetiser, Scallop and the chocolate dessert was good. Beside that   Either too salty, or just mediocre. with &gt;$1k bill for 2, you would expect so much more."
39,Jack Ng,3 stars,"Actually me and my friends were all quite disappointed with the food creation despite it being 3 stars Michelin. It seems the effort is use less and there’s no creativity on the food. Wine is definitely way way way overpriced.
Only the beef and the scallop out of the rest are nice."
40,KashArts Kitchen,2 stars,"Didn't really enjoy my $1400 lunch tbh. Perhaps my expectations were too high. First visit and sadly gonna be awhile before i might give it a go again. Im a frequent diner at places like nouri, sommer, odette etc but imo les amis failed to …"
41,David Chai,4 stars,"Service is excellence and warm. Server are knowledgeable of menu, and response fast to request. …"
42,Vlad Neacșu,5 stars,"After visiting my fair share of Michelin-starred restaurants, I am quite confident that this is my number 1.
It's probably the very first restaurant that made me considered making a regular …"
43,L. A_#,5 stars,"This 3-star Michelin restaurant has remained a fav through the years. You can usually expect a delightful dining experience with a kind of familiar, charming local hospitality. …"
44,Daniel Scythe,5 stars,"Located in the heart of Singapore, Les Amis exudes an aura of elegance and sophistication, offering an exquisite dining experience that tantalizes the taste buds and delights the senses.The angel hair with caviar is a culinary masterpiece, …"
45,Janice Mok,4 stars,"Very high quality food and service was acceptable. An American family was sat near me and they got a lot of attention from the American staff, which is something I didn’t expect at a restaurant of this caliber. We went for the 6 course …"
46,Sean M,3 stars,"If you have $2k laying around to blow, there could be worse ways to do it. However, having eaten at numerous Michelin starred restaurants, I was really underwhelmed considering this has 3 stars and I expected considerably more. …"
47,Noel Toh,5 stars,"To me one of the best food experiences I have had. Even though it is definitely very pricey, I would still come back, especially for special occasions. …"
48,MC 12,4 stars,"A satisfying meal.

Generally good service, but not the best. …"
49,In Rhee,5 stars,"Les Amis really impressed us. Every single aspect from walking in to leaving was absolutely amazing.
When we entered, we were greated by such friendly staff who made us feel …"
50,Jacelyn Yap,5 stars,"Fantastic food and service. Had the 3 and 4 course set lunch (appetizers, main, dessert). Every dish was great, the lobster, huge scallop, ox tongue, lobster bisque, venison, souffle, and pain de genes. Impressed with the complementary …"
51,Rachel Luyi,4 stars,"Service is impeccable, nothing to fault and food is also perfectly presented, every leaf, garnish, mushroom... etc.. face the same direction on the plate. The attention to detail that the kitchen staff has is outstanding. However there's …"
52,JD Fadri,5 stars,"Went here last year, until now the buttery-flaky croissant, and the exquisite white truffle, still haunt me in my dreams convincing me to go back. It was that good!!! This made me fall in love with french cuisine and deserves more to be on the top list! (O yes, I’ve tried the other french restaurant 😉) …"
53,James Tai,5 stars,A well deserves 3 stars Michelin chef restaurant. Professional service from the waiters who are knowledgeable about all the cuisines serve to us and explain in concise and clear manner what are the ingredients and they are from. Was there …
54,Stefanus Du Toit,4 stars,"First off, the service is impeccable. I've never seen such smooth attentive service in Singapore, and even globally this ranks as one of the top few restaurants I've been to in that regard. …"
55,Valencia l,5 stars,"Service from all was great but specially want to mention Cheyenne. We were extremely well taken care of by her last evening. She was attentive, patient and knowledgeable. Made us comfortable and definitely gave a 3 Michelin service. What a …"
56,Alfred Siew,5 stars,"Excellent French restaurant. Possibly the best. So much care and skill involved in each dish. In traditional French style, lots of additional dishes to a simple 4-course lunch with palate cleanser (ice cream) and amuse bouse. Half bottles are great too, from the wide selection of wine."
57,Ondrej,5 stars,"If you are looking for a traditional, world class French fine dining restaurant, look no further! …"
58,Edwin Wong,5 stars,"If you’d like an amazing four hour journey through France, look no further. In my view, this is simply the best 3-starred Michelin experience in Singapore. (Fun fact: this is also probably the oldest fine dining restaurant in Singapore too)"
59,Kiyo,4 stars,"I feel this restaurant should be a 1 or maybe even a 2 Michelin star at best. Whilst the food was good, it wasn’t outstanding and the same applies to the service too. Best course was the dessert. I went with a group of friends and we all felt it’s definitely not 3 star worthy."
60,Kevin Wang,5 stars,"Food: simple seasonal ingredients and extremely effective recipes. We went for the degustation menu and every single dish was fantastic, from the steamed uni, the asperges to the duck duo with foie gras. Plating was pleasant without being …"
61,Kevin KW,5 stars,"Reposting this old review. We went to Les Amis last year and the food was great as you would expect from a 3 star Michelin restaurant. No need to comment on service as well as it is top notch. The location is great as well, just a short walk from Orchard station. Would be looking to visit again soon!"
62,Jessie Chien Yee Lim,4 stars,"I had high expectations stepping into the 3 michelin starred restaurant. While the food was good, the service could be improved."
63,Navin Khanijow,5 stars,"Perfect 3 Star Michelin, fully well deserved
This restaurant has 3 type of course to choose from where the first course you can pick your own appetizer main course and dessert. This is perfect for people …"
64,mvbeard13,5 stars,"Staffs are amazingly kind!
When I had got bread, I realized it's the best bread in my life.
Same for all menu. …"
65,Yean Fay Khoo,5 stars,"My husband and I dined at Les Amis yesterday evening and the experience was splendid. We tried both degustation menus i.e. classique and la truffe noire. Both menus were 5 stars although if you don’t prefer pungent cheeses like myself, it …"
66,Charmaine Wong,4 stars,"Service was impeccable and the food was good but we expected a little more from a 3 Michelin star restaurant. I do like that they had a selection of non-alcoholic wines. Food wise, dishes were all executed well however maybe fell short in the creative aspect. Kinda lacked soul and a little personal touch."
67,Keith Chung,5 stars,"This can be the Best French restaurant in Singapore. The service is really superb.
You can enjoy top class French cuisines here. Also, the price is quite good in …"
68,Kenneth Lee,5 stars,"Celebrated my wedding anniversary at Les Amis. The service was top-notch! Food was also great for the price, which was reasonable considering the excellent quality and quantity of food. However, the ambience could better match the Michelin …"
69,Joshua Mei,5 stars,Had an absolutely amazing and delightful dining experience at les amis. I went there to celebrate a dinner and the service was impeccable. Extremely attentive and friendly staff who made us feel comfortable and welcomed. Tried the …
70,Chi Hong Hwang,5 stars,"My wife and I had been waiting for a good reason to celebrate at this restaurant for almost two decades. It didn't disappoint. The ambience, the service, the food was impeccable from the start to the end. We had great service from Manoj who …"
71,Catherine Oh,5 stars,Food was good. The ingredients was of premium quality and the dishes came out in a good timings. Service was excellent. Staff were extremely attentive yet not intrusive. Really deserves the 3 star rating... If you are in search of a good French restaurant with a good wine list... I highly recommend Les Amis.
72,S T,4 stars,"Overall very special place to celebrate special occasion. Food preparation does worth the dollars. Each dish play the looks, smells, taste and sound experience. Usually these place would get a 5 star from me. My experience were had a hint …"
73,JT Lum,5 stars,Excellent dining experience with top class friendly but not overbearing service. The food does not attempt to bulldoze you with over the top flavours or over engineering their food. Delicate and fresh ingredients coupled with excellent …
74,Rathian,5 stars,One of best French restaurants in Singapore. Very fresh and carefully crafted foods. Great taste. Excellent services. Great wines. A must for revisiting.
75,Johnathan Cheah,5 stars,"My first visit to Les Amis was a hosted event. This restaurant is absolutely charming, with a selection of very exquisite champagne, wine and food. Every dish was prepared with absolute dedication. Teasing every corner of our tastebuds. I enjoyed every moment of the dining and look forward to returning to Les Amis again."
76,Zoe Yang,4 stars,"Good, nothing to pick on, I visit them once a year. But 4 upon 5 coz it takes a wow factor for me to say it’s excellent, spectacular or out of the world kinda experience. No I don’t recall any OMG kinda moments. But yeah overall from …"
77,michael luk,5 stars,"Last week was my wife's birthday, I try to book a table online for Friday night but it was not a time slot available, so I called the restaurant the next morning and the reception lady was very nice to make a accommodation to get us a table …"
78,Patrick Hanna,4 stars,"Good French food - on the traditional side. Excellent wine selection and a knowledgeable sommelier. On the downside, the service is very average - akin to what you would receive at mainstream restaurants. For example, after arriving at the table, nobody would care about bringing water or a drink list until I had to ask for it."
79,Aries,5 stars,"Ordered the 4 course lunch and everything was perfect. Delicious selection of bread, seasonal white asparagus, nicely done beef and duck mains and finally the interesting desserts. Almost 4 hours of eating ....siesta lunch indeed"
80,Tareq Muhmood,5 stars,It never fails.   A perfect place for a special evening.   A choice between 4 course a la carte or a curated menu.  The lemon soufle was the cherry on top.
81,Susanna Ho,5 stars,Loved the food that is prepared with the most care. The roasted duck breast is by far my favourite. The experience is made special by attentive and warm staff like Lady Catherine. Thanks for a most enjoyable and extraordinary gastronomic experience.
82,Feng Tao,5 stars,"Come at Jan,2018, it is a very traditional French restaurant, I put 4.5 here.  All the dishes are very good but no surprise.   The restaurant got the best wine list in Singapore. …"
83,Jun Er,4 stars,Had the degustation with wine pairing. The wine costs more then the food. Overall a very good dinner for a special occasion and our first 3 star experience.
84,J C,5 stars,"It’s definitely the best Michelin 3 star restaurants in Singapore, among odette, Mirazur and Les Amis, not to mention it’s price is relatively more affordable than the rest. …"
85,Li Lin,3 stars,"Had high expectations going on, but feel mildly disappointed coming out.

The food is great in taste and presentation, but lack the wow factor, feels more …"
86,Anrina Z.,5 stars,"Food is really rich and tasty with good layout. Env is conducive for discussions as well as casual chats. Staff, Patrick and team, are humorous and really attentive + helpful. Made our day! #easeAndRest #accompaniedByDeliciousFood Sweetness level is just nice as well!"
87,itsrui,5 stars,"Cosy, comfortable ambience. Beautifully executed cuisine. Favourites were the foie gras starter, lobster and beef. The fish was slightly strong in taste though. Loved the bread but variety could be improved. The desserts were nicely done …"
88,koala bear,4 stars,"For a 3 star restaurant, I think the dishes lacked flair and uniqueness and I was not particularly impressed. I believe other French restaurants can do those dishes equally well. However, their ice cream provided the spark to my experience. …"
89,Ajay Powar,5 stars,"Well worth it. Am not a fun of truffle typically (because of how much truffle essence some places use) but this was fantastic. The truffle caramelized onion tart was a great taster, fantastic salmon tartare and perfectly cooked venison with …"
90,Jimin Lee,5 stars,"Les Amis was an experience for French cuisine, not just a mere restaurent.  Everything was perfect. I liked every dish there, except for the main dish. The waiter recommended the deer steak to be medium-rare, but it was too undercooked for …"
91,Chern Chung,5 stars,"Needless to say the service is excellent and their attention to details are to be praised. Lotsa perks were thrown in, extra dessert, even 2 loaf of olive infused orange cakes to be brought home, the cakes are superb! All ingredients are …"
92,David Wong,4 stars,"Bit pricey for what you're given, even amongst fine dining places; servings are large &amp; will fill you up, but we found ourselves hoping for a little more range in the course menu. Still, some might enjoy the sheer luxury of having an entire …"
93,lovelynettetan,5 stars,"I celebrated my 43rd birthday at Les Amis.
🎂
Great ambience. Staff was very attentive to our every need. The food …"
94,Brian Loh,5 stars,"Michelin 3 star French fine dining restaurant, very nice setting, delicious course meals made my day.
Polite and kind staffs too. …"
95,Teh ck,5 stars,"This is the best 3star Michelin restaurant in Singapore. The food is fantastic and the service crews are knowledgeable to answer and explain to customers on each dishes.
Definitely will visit again"
96,Isaac Ho,3 stars,Food: 5/5. Giving this 3 star for missing out on cleaning the tables of bread crumbs which is quite surprising for a 3 Star Michelin. Hopefully this 3 star review will catch the mgmt attention for improvement. …
97,Henry Low,5 stars,"This is one fancy place with prices to match. Staff are ultra friendly. I will be back, but for special occasions only. Can't wait to test out the rest of the Les Amis restaurants. Gives me the impression that the boss has a different definition than us when he wants to do a takeaway. Amazing!"
98,Paula Cheng,5 stars,"It’s been a very long while since my last visit to a 3-starred Micheline restaurant, and the last one was all the way in Saint Sebastian, Spain. Thus you could imagine my excitement when @singapore_cowboy surprised me with the chef’s table …"
99,Genevieve Wong,3 stars,"My husband and I have been trying all the 2019 listed Michelin restaurants in Singapore since we cannot travel. We used to travel and try other Michelin restaurants around the world like Fat Duck (3*), Restaurant Gordon Ramsay (3*), Joel …"
100,Marie,5 stars,"Amazing service and friendly wait staff.

We ordered the classic set menu. Food was amazing, really good combination of …"
101,La Madame NomNom,4 stars,Food tasted real good♡. However we sat there for some time and nobody bring us the menu until we asked for it. My friend commented on the lack of attention when she arrived at the restaurant. The waiter who attended to us was good though.. Service standard need to be consistent.
102,CYL Z,3 stars,"This restaurant is for someone who wants classic and familiar dishes, and can pay top dollar for it. …"
103,James Lee,4 stars,"Overall an enjoyable dinner, a little small hiccup here and there since I carried high expectations for a 3 star establishment. …"
104,Djohan Sutanto,5 stars,"Great experience! The food is superb especially accompanied  by a bottle of red wine. From selection of breads, lovely crafted appetizers, tasty creamy  asparagus soup, lobster as main, appetizers of unique golden ball filled with …"
105,Jeremy Smart,5 stars,"Incredible dining experience. The food, service, atmosphere are impeccably delivered in a manner that is warm and inviting. Easily one of Singapores finest restaurants that continues to shine through the decades of service."
106,Yuvraj Singh,3 stars,"The service and presentation at this place was absolutely fantastic. However, the dishes lacked flair, originality, and flavor. At the price and for the 3 Michelin stars, I was left a tad disappointed with the flavor profile and the quality of the dishes presented."
107,Johnson Tan,4 stars,"Execrllense services, the food are fresh and great taste on the cheese.

However nothing excited me on the taste wise, even the cavier and truffle. I …"
108,Hoho Sik,5 stars,"The best experience as always, food was divine.
The service was very attentive and friendly.
The best sourdough ever, probably the best in town
Strongly recommended !"
109,Eats More Fun,5 stars,"Les Amis
One of the premier fine dining French institutions in Singapore currently holding three Michelin stars. The menu rotates seasonally and features the freshest in …"
110,Meow Lip Lip,5 stars,"3 star Michelin!

Best place to enjoy FOOD! Excellently environment and service! Mean U pay for …"
111,Ruby Crystal Chen,5 stars,"Les Amis has been on hot for 27 years in Singapore 🇸🇬 And also is the one only restaurant in Asia with the coveted “Three Pillars”, covering the three main aspects of any dining experience -  3 Michelin Stars (Food), 5 Stars by Forbes …"
112,Shay Seng,5 stars,"Excellent dinner at Les Amis, truly gorgeous meal. Unapologetic old school french dining, a trio of amuses, bread service with the most amazing butter, four course that is perhaps slightly modernised but still very true to traditional …"
113,Chili Pedi,5 stars,Returned again to try the autumn menu recently. They never disappoint! Favorite course was the gorgeous lobster chartreuse with fishbone sauce (rich and buttery). The Japanese omi beef main course was also splendid. I really enjoyed the …
114,Lelaina Lim,5 stars,Lovely BD lunch with a good partner and the 3 course set meal is exquisite! One of the better place for good service ; impeccable displays and loads of lovely breads and brioche! To die for really! Will be back for more !
115,ML ML,5 stars,Was a cheapo and went for their set lunch instead of full degustation that we normally do. …
116,Clement Ng,5 stars,A wonderful experience and a great fine dining place. The service was superb and the dishes were creative and more importantly able to bring out the true flavors of the ingredients. It was a wonderful experience.
117,Anchisa Pongmanavuth,4 stars,"Two Michelin star French cuisine in Orchard. Serves traditional French cuisine. We went there for lunch which was a relatively good price for fine dining (~130/pax). The courses include: amuse bouche, cold soup, salmon tartare, langoustine, …"
118,lynn tham,5 stars,"This Michelin restaurant needs no recommendation. Second time here and still a perfect party for our tastebuds! Service is impeccable, top quality food, well balanced flavours with their must try caviar dishes!"
119,Dwk Y,3 stars,"Had the taster menu, whilst I thought the food was quite good did not meet the overblown expectations that came with the price tag and Michelin stars. …"
120,Winnie W,4 stars,"Had my Bday dinner here
Food is great except the “sweetbread” something
After be served this dish, I realized it was the throat of lamb. The waiter …"
121,Shannie Lu,5 stars,"One of the fine dining restaurants in Singapore I keep coming back to. Menus are changed regularly so I get to try something different each time. Impeccable service, outstanding food and wine. Love their le ponclet butter - goes best with …"
122,Bishan Chew,5 stars,The service and the food presentation is very detailed and pretty. The servers are very attentive. The food is full of umami taste and definitely worth my second time to experience different menu this time
123,Christopher Frey,5 stars,"Great French restaurant just off Orchard Rd. I enjoyed my dinner here from start to finish. After the truffle crisp snack, the amuse bouche was light and fluffy topped off with aromatic truffle shavings. Next the foie gras was rich and …"
124,Errol,5 stars,"They have a lot of complementary appetizers and desserts to give, and almost all are exquisite. Best dish is that angel hair pasta. The sea bass was cooked perfectly, and the wagyu's medium rare was perfect. Choose the baba rum to cap off the meal."
125,Igor Sadovyi,4 stars,"Great food but slightly underwhelming - besides the tangerine dessert and the amuse bouche, nothing stood out very much. Very well executed dishes and a very impressive wine list though."
126,mickey klai,5 stars,"Me and my wife had a really good time here! We really understand why it is a 3 Michelin ⭐ restaurant.
The service was extraordinary, the ingredients felt of premium quality, and the dishes came out in a good timings. It's an expensive experience but very memorable:)"
127,Miss_ LHX,3 stars,"Expected a mind-blowing experience but the dishes were really ordinary. A little disappointing as the roasted asparagus could have been roasted with sauce since the asparagus itself are light tasting by nature, instead of just only the …"
128,Melanie Ho,4 stars,"Good lunch spot for team lunches, or dinner for 2 in the evenings. For classic French cuisine, I this is a good spot. Quality food and presentation. The lunch menu is value for money. There are 2 appetizers (1 cold, 1 hot), a main dish, …"
129,Meng Yang Ng,4 stars,"Had a lovely lunch here and some dishes such as the cold angel hair pasta with caviar, and the tomato tart was excellent. Latter courses on the other hand were not as exciting and perhaps gearing towards to more classical French but lacking acidity."
130,Peter Mason,5 stars,"Exceptional service like none you have received before.  The food has a classical French foundation.  Restaurant is one of Singapores' most established fine dining places, having served the Singaporean elite (and old money) over many, many years."
131,Joel Tay,5 stars,"Food was deserving of the full 3 stars, not trying to take anything at all away from that, but the service was even better. Reminded me of the Maitre d' at Gordon Ramsay Hospital Road - the folks here were really right up there, absolutely faultless."
132,Ahsengseng,4 stars,"Visited September’20

Les Amis is good, but if I were to be really honest - I did not leave the …"
133,Mei Hwan Sia PropNex,5 stars,"JINGO 👍🏻
Hidden gem…in town… indeed a well deserved meal… mid week chillax… awesome dinner… great food, unique food presentation… just taste so good 😋
Always love the brand!!! …"
134,Pikuan Susanto,5 stars,"They kindly sat us in the private room with a window to the kitchen.
Had the Le menu crustacés $250 and Le menu printemps $320 and a few bottles of wine (Domaine Charvin - Chateauneuf du Pape 2007; Marchesi Di Gresy - Camp Gros …"
135,Sarah soong,5 stars,Visited again in Feb 2023 and still find it really nice. There’s a new dessert made with clementine and earl grey jelly which is really refreshing after the full meal. We also ordered the Rum baba again and was abit disappointed that the …
136,Christine Guo,5 stars,"We celebrated our anniversary here. Its totally worth it’s 3 star Michelin ranking!Everything is perfect.
Need to come back again!"
137,Joubert Uriarte,5 stars,"As a birthday celebration, we booked the Chef's Table at Les Amis.  Having the view of the very clean kitchen and watching the chefs do their work was a joy to behold! You can see how each dish is carefully prepared, so much so that we …"
138,Peter Gan,5 stars,A very pleasant meal with impeccable service. The courses complimented each other very well. Highly recommended for lunch. I have no complaints
139,Cole M,3 stars,"All dishes were well prepared, but personally I don’t think it matches up to other 2 &amp; 3 Michelin Star restaurants for the heavy price."
140,Ivan Bien,5 stars,"What can I say - I gave it a 5 stars, based on the whole experience. The service and atmosphere were excellent. The food was good - however, on its own and for the price, I would say that it wasn't as standout as I expected."
141,M CHEN,5 stars,"Clementine dessert x2 and duck breast 😋👌🏻
cheese master 👍🏻
service 😃 …"
142,Daniel Chew,5 stars,Food taste and presentation was very good. Canapes and amuse bouche was served at start. 4 course lunch was actually quite filling.
143,Ankita Bose,5 stars,"Set in an old-world charm ambience, attentive and sensitive staff made the entire dinner experience worth remembering, not to forget their 3 Michelin stars. Great service, exotic food and wine, fairly steep price, overall worth visiting for a special occasion."
144,Peak Sen Chua,5 stars,Had an excellent lunch here. The service was warm and friendly and the food was excellently cooked with ingredients from France and Japan.
145,Simon Zelmanowicz,5 stars,"Highly recommend, divine place to go with “les amis”. An exquisite French fine dining experience in Singapore.
From the ambiance, to the service, to the food and even the sommelier, the …"
146,ElaineLim,5 stars,Fantastic Michelin started restaurant. Great service  tasty food which matches the high price and therefore considered value for money. Definitely going back for more
147,Michael Tan,5 stars,Always a wonderful experience my go to for French fine dining . The venison was incredible and excellent wine pairing. Thank you
148,Sock Kian Lim,5 stars,French fine dining restaurant with Michelin Two Stars. Exceptionally good pastries and dessert by award-winning pastry chef Cheryl Koh. 10/10 dining experience!
149,Yew Chung Chee,5 stars,Came here for dinner. Great food. Great service. The friendly and enthusiastic staff will give a brief description of each dish served.
150,JS Kim,5 stars,Very special dishes. Thank you for the kind service after lunch. We received lemon pound cake it was also very very nice. …
151,Sofia C,5 stars,Had a memorable anniversary meal in Les Amis. The service from Patrick was excellent. Great price for a French 4-course 3-star Michelin meal.
152,Xin Hui Helder-Eng,5 stars,"Just such a lovely restaurant. 26 years and still going strong. Exquisite food and top-notch service, totally deserving of its Michelin stars."
153,swathi ramalingam,5 stars,It was a great night of food and such an amazing service. The passion was evident and the quality of ingredients used elevated the overall taste and experience of the food. Very joyous memory.
154,Randel Chan,2 stars,"Disappointing 3 Michelin star dinner. Less the caviar and black truffles which were served in generous portions, probably to justify the price of $510 per person, the food was lacking in refinement expected from one of the world's top restaurants."
155,Jérôme Godard,5 stars,"One of the best addresses in Singapore. Lunch menu is a good deal considering the quality, and dinner doesn't disappoint (wine pairing is very reliable)."
156,Chilli Padi,5 stars,"Very well deserved 3 stars. Well executed food, top quality service. Zero faults."
157,T. Young,4 stars,"Exquisite and delicious food, immaculately presented. Service lacks finesse and grace though, and was somewhat rough around the edges."
158,JL Wang,4 stars,"Impeccable service and attention to details
Presentation of food was also very beautiful and precise
Very generous with caviar and complement dishes …"
159,Emily Hopson-Hill,5 stars,"Excellent lunch tasting menu, faultless service, the langoustine and the cold angel hair pasta in particular are standout dishes, but all were excellent."
160,A C,5 stars,Amazing dining experience! Food and service was amazing. We had the Chef’s Menu that costs SGD420 and had six courses of their signature items
161,Sathita Amnuayskul,4 stars,Smooth experience. The service was good. There was no lowlight on the food. Ingredients are fresh and great cheese selection.
162,Nicole Wang,5 stars,"Excellent service, satisfactory cuisines/breads with plenty of varieties. That's definitely more than just 3 courses seen on the menu."
163,Martin Wikstrom,1 star,"Have had three bad experiences in this restaurant.

1. …"
164,Juliet Lok,5 stars,Great food and excellent service.
165,Alyssa Tran,5 stars,Very typical fine dining restaurant which is fine however decor may be considered a little outdated by now. Food is delicious but be warned it’s very heavy French food and for a degustation it might be too much for some (like myself however my husband loved it!). I preferred Zen and Odette. Definitely worth a try!
166,William Ho,5 stars,A charming restaurant with excellent service and great cuisine. Definitely recommended for the special occasions.
167,Phil,2 stars,"A big disappointment from the atmosphere to the food: the place looks like an hotel lobby from the 90s, old marble, tired wallpaper, sad looking small chairs ... Then the food came and we were very surprised to see old fashioned french food …"
168,Mon Jol,4 stars,"We were there for lunch. We had a bubbly and very friendly server  with impeccable service. However, we found the restaurant a little warm in temperature and having to pay for a coffee in a 3 Michelin Stars restaurant seems very odd when …"
169,Yale Chen (陳頁真),4 stars,The staff were fantastic. We went for birthday. Good place to impress. Food was good in general. …
170,Minho Choi,5 stars,All the foods were incredible. Full of black truffles. Worth it
171,Alvin Choo,5 stars,"Wonderful experience, the ingredients used are really world class. You will definitely leave Les Amis full."
172,Vincent Tan,5 stars,"Les Amis is a true gastronomic gem. With its impeccable service, elegant ambiance and exquisite french cuisine, every visit is a culinary delight. From the expertly crafted dishes to the extensive wine selection, this restaurant offers an unforgettable dining experience that will leave you craving for more."
173,Kris Trimoeljo,5 stars,"As Covid started to get under control,  i continued  my culinary journey to Les Amis, a 3🌟 Michelin Restaurant   Needless to say they live up to their reputation for serving finest food with artful presentation and exquisite complex taste .  Well done .. …"
174,roy leshniak,5 stars,"High end 2 michelin stars restaurant
I took the truffle menu and it was amazing as you can see in the photos"
175,Chris Lee,3 stars,Overrated. Serve cold and dusty bread without cover.
176,jenny chua,5 stars,Great and attentive service. Server explained the the origin of food source.  Food portion just right.... not overwhelming.  Will come again!
177,alon shmiel,5 stars,"The best restaurant! Our first time in 3 michelin stars, and WOW!!!!"
178,Chung Tsai,3 stars,"Service are absolutely three stars level
Class French style cuisine
But not much surprise"
179,FT,4 stars,"Services expectedly first class. For those whom loves rich food. It’d be a 5. I find it slightly too salty and rich. But ambience, services, attentiveness. First class"
180,Caroline Reichardt,3 stars,"Good service, but food a bit overated for the price. I had fish with mussels, ok but nothing to rave about . Ambiance /decor ok, need a bit more indirect lighting, one feel like beeing in a hotel restaurant"
181,Yang,5 stars,Impeccably perfect service and food
182,Johnny,4 stars,Nice ambience. Great service. Superb wine list. Good food.
183,O,1 star,"Mediocre food at astonishing prices.

The first two courses were okay - passable. The duck was awfully bloody even at …"
184,Johnathan Tan,5 stars,"Lovely French fine dining that deserves it's highly regarded reputation in Singapore. Great service, great food..."
185,Elle Yeow,5 stars,"Love the wine pairing recommendation by the team, and it really elevate the lovely dishes served. The mixture and balance of taste for each dish is perfect in every way.  My fav has to be the lobster in spinach and strawberry dessert, while …"
186,Sheldon Grizzard,5 stars,This resto offers an exquisite dining experience with its impeccable service and delectable cuisine. A true culinary gem worth savoring!
187,Dominic Baptist,5 stars,I have to say that I was blown away by the food and service at Les Amis. This was our first visit and we decided to try the Degustation menu which was 6 course. Portions were small enough so that you do not get over-stuffed. The food was …
188,Leslie Teng,5 stars,"Great food (menu changes periodically, but it is always good). Lovely staff."
189,Tinsley,5 stars,Amazing food! It truly deserves the accolades it has received over the years!
190,universe _,5 stars,"Authentic french dining.
Savory, excellent cuisine."
191,Cheng Choon Teck,5 stars,Really enjoy the hospitality of the restaurant staff as they will explain to you the food they are serving &amp; we enjoy the fine dining there.
192,Marek Dawidowicz,5 stars,"By far the best restaurant in town. Classic and seasonal menu, impeccable service, wonderful and unpretentious atmosphere. World class in all aspects (including the wine list). Special shout out to Sean who served us this time, both in English and Mandarin - xie xie 🙏 …"
193,Andrea Labelle,5 stars,Always enjoy this place.  Food's great and the service is impeccable.
194,Chen WeiLun,4 stars,"Updates -
Receive apologize from general manager and will still make the order happening.
Overall is a good experience when talking with the manager. …"
195,A S,2 stars,"Ambience 8/10.
Service 3/10.
Food taste 7/10. …"
196,Claire H,5 stars,"Returned for a lunch menu on a Friday afternoon (ate here last in Sep 2018). While the decor looks slightly dated, the menu was delightful, and the food consistent to what I remembered three years ago. Chef and his staff incorporated …"
197,sam a,5 stars,It was a Saturday and I purposely chose lunch so that we could have natural lighting to enjoy the dishes and surroundings….and we both chose the 4 course La Carte ete dejeuner. …
198,mary rauff,5 stars,I have dined at Les Amis on various occasions since their opening many years ago. …
199,D Y,4 stars,"Service was excellent. Their breads were delicious, warm and had great texture and were the star of the meal for me. The main courses were good, but not excellent, which is what you'd expect from a restaurant of this calibre. Odette, some would argue, poses better value."
200,Don Lim,5 stars,"Their breads taste really good with butter and the number of course meals is just right to make me full. Personally, the mini croissant is my favourite!"
201,bruce Wong,1 star,DO NOT COME! Worst ever restaurant in singapore and rejected for an important anniversary lunch when I was fully dressed up but in my fully covered crocs.  And I see customers in T-shorts and shorts and sports shoes eating in premises. …
202,Vincent Chew,5 stars,High quality with fantastic service. Wines selection of more than 700 variety!
203,Anni Anni,5 stars,"Impressive! Be it the service, food and experience, it’s worth called as 3 Michelin Stars restaurant. The blue lobster is splendid. We celebrated our one of the biggest achievements in our life, we received extraordinary service and complimentary. Thank you Les Amis team."
204,Suri Balu,5 stars,Les Amis is the most fanciest restaurant in Singapore the best food experience you can get. Les amis the one of the only three Michelin me star restaurant in Singapore the food is fantastic they have a 6 course degustation and it was mind blowing. 30/10
205,Casey Chen,5 stars,"Excellent lunch experience here! Dine alone and servers are really kind and warm, made good recommendations for the menu. …"
206,Shayantan Debbarman,5 stars,Fantastic food! Great service. Once in a lifetime experience.
207,Fei Mao Mao,5 stars,Absolutely amazing experiencing with great service! Fine dining at its finest
208,bruce wong,1 star,"DO NOT COME!!! The most pretentious underserved Michelin star restaurant ever! I am surprised that they took out my reviews posted on December 2, 2022 when I was rejected for my reserved wedding anniversary lunch planned months ago in …"
209,Jing Jing Teo,4 stars,"Went for a birthday celebration in their private room. Been a few times over past few years . Food always amazed me , the brioche bacon and the beef blows me away this time round . They no longer have their signature patented butter . …"
210,Edward,5 stars,"Awesome French restaurant from the black truffle, lobster, waygu and everything else price is very reasonable for the quality and service they provide. Can't wait to come back again!!"
211,Howie Tan,4 stars,The food is good and service is top notch.
212,AdJ Yee,5 stars,Service and food presentation are great! Food is yummy as usual!
213,Riccardo Balzarini,5 stars,"Excellent food, excellent service, creative menu, exclusive food selections, they definitely fully deserve their three stars. Wine pairing option definitely worth the experience. Since the first moment you step into the restaurant until you …"
214,Riya laksmi,5 stars,Service and food in this restaurant is beyond believe amazing! Price is so reasonable for a 3 Michelin Star restaurant. Really impressed
215,Kh Lee,3 stars,Higher than normal standard French food with emphasis on seasonal change of menu and presenting the freshest Ingredients. Food was not mind blowing good but above average. The ox tongue and duck was good. Some of the desserts were interesting too. Overall an interesting dinning experience.
216,Simona,5 stars,I don't really get these bad reviews as I've probably had one of the best meals and experience of my life. The service is amazing as well. Recommend!
217,Nadir Benaissa,4 stars,"Starters were surprising and tasty. Very technical work, you can notice the french touch, the passion for details. Service is first class. But I was quite puzzled by the salmon and bar, they were served with just a sauce. Main dish is …"
218,miguel rod,5 stars,"Very nice and quiet place to enjoy the food. I really went once to experience the fine dinning French Food, and I did it!. Food was great and service very very very polite. We enjoy the food at lunch, so was a very quiet service, the food …"
219,C T,3 stars,"I'm giving the three stars to service, and to the experience..I'm not normally a fan of French cuisine but I thought if a 3 star michelin restaurant can't get me like to it then none will lolll whilst I was able to eat all dishes, …"
220,Nathania Chan,5 stars,"Les Amis is my favourite French restaurant. Their service is top notch. Always very observant and will attend to your every need.
Food wise, the quality is superb. …"
221,Jude Kasijo,5 stars,"One of Singapore's first high class French restaurant, and still one of the best. Michelin starred and it shows. Be prepared to empty your wallet or sell your left kidney however. …"
222,Min Tan,5 stars,"Classic haute French cuisine executed superbly and without stodginess. The kitchen is generous both in the quality and quantity of food, and the service is professional, unobtrusive and warmly familial. Unpretentious yet elegant dining—this restaurant has soul. A joyous experience."
223,And Roid (TY),3 stars,"As the saying goes, ""much ado about nothing"" pretty much summed up the entire experience. I honestly expected much more for the price they are charging. …"
224,Grace Ho,5 stars,Their third Michelin Star is deserved and Les Amis is a big city restaurant oasis to dine and relax. The staff is down-to-earth and professional without pretense or guile. The dining room is on the modern extreme but the menu is more …
225,Peter Nguyen,4 stars,Food was great. The ingredients tasted fresh and the flavours are balanced. Service was efficient. Staff were extremely attentive yet not intrusive. Have an extensive wine list. My only comment it is a bit pricey.
226,Julie Lim,5 stars,"My daughter took me here for Mother's Day and I was blown away, one of the best restaurants in town. The waitress who served us was so welcoming, thank you."
227,Daryl,5 stars,"Lived in Europe for about a decade and dined lots - and this is about the best restaurant there is out there. Service is excellent too. In particular, Patrick was super knowledgeable, keen and skilled as a waiter - very rare to experience such good service in Singapore / Asia. Amazing."
228,Glenda Love songs Leong,5 stars,Well executed food and presentation. Attentive staff and nice ambience. Will return.
229,IVIV Latin,1 star,This restaurant feels like it received its star in 1989 and they just forgot to take it off the list. …
230,Anna Rodnarine,5 stars,"First class restaurant, by far THE BEST service I have ever encountered in Singapore. Food prepared by the chef is a true piece of art on a plate, wonderfully served and scrumptious. Unbelievable harmony of taste and joy every single time I return. Top standard restaurant worth every dollar spent."
231,M deVente,5 stars,Excellent presentation and service with great wine list.
232,Cox Joseph,4 stars,"Loved the waiter and food here! I will say, make sure you don’t wear sandals or shorts. They will REFUSE to give you a seat. I had a strong debate with the host on this matter. I had to speak to the manager to get a seat, even though my …"
233,Sudipto Guha,5 stars,"Les Amis is an exquisite french restaurant on Orchard, serving up French classics in a decadent setting. We went there for lunch, and got the 3 course tasting menu. We started off with a cheese puff bread followed by an amuse bouche of a …"
234,Suzie Smith,5 stars,Travelled from Australia to celebrate a milestone birthday. Try this fabulous restaurant. The food was sublime. The service was attentive and charming (thank you Natalie!). A memorable night. Thank you!
235,Kenny Hay,5 stars,Very delicious and a lot of complimentary food!
236,Sylvain Deslandes,5 stars,"Excellent service, food is more in the traditional side, but you'll get better value for money than other 2 michelin stars in SG.
no nitrogen or other fancy looking dishes, just flavours, caviar, truffle and …"
237,Joanna O,5 stars,"This is an extremely nice restaurant, and I recommend it highly. Every dish was excellent, from the potataoes with caviar to the sea bass and wagyu beef. The sommelier's wine picks were absolutely great. And the service was top-notch. …"
238,C L,5 stars,"High-end ingredients, beautiful detailed plating, sincere service especially from Sean, the server assigned to our table. …"
239,Jason Villanueva,5 stars,"One of Singapore's long standing and veritable French culinary establishments that goes back to the 1990s when Justin Quek was the man in charge of the kitchen. Sebastien Lepinoy, a Robuchon alumni, now does the honours, producing very good …"
240,Yu Hang Lin,4 stars,Great service and good. The steak was awesome!
241,Jamal Al Suwaidi,5 stars,"Excellent 3 michelin star french resturant, offering world class service and delicious creations"
242,Isabel Efroni,1 star,Started with serving the wrong water my husband get the sparkling I get the regular...then they change it with trying to give my husband my cup after I told them I drank out of it .. …
243,Nellie Tan,5 stars,Very nice mixing. Not too salty. Noodles springy. I chose a hard egg which was done very well. Egg white was soft and egg yolk was not runny. Exactly how I love it.
244,Eugene Teo,5 stars,Service was genuine and attentive. The food served was really good. They serve classic french cuisine with high quality ingredients. Price is steep but you pay for what you get. Will definitely return!
245,Sandro Rugel,5 stars,"our dinner on March 25, 17 (4 persons) was outstanding from the very first dish which was an amuse-gueule to the very last which was en excellent piece of cake as a give-away and a sweet memory! The service was second to none, the Lady Sommelière knows her business but never importunate nor pushy! We all felt very welcome!"
246,Jeremy Ng,5 stars,Les Amis never fails to impress with their seasonal creations and impressive wine list. The service is great; staff are super warm and friendly. Highly recommend this institutional restaurant.
247,Joris Chevaux,5 stars,"Great experience. Interesting culinary journey throughout several courses. A touch of french cuisine with high quality products. Refinement et precision. I definitely recommend this place if you want to discover new things, and enjoy a memorable moment."
248,Kelvin Ong,5 stars,"Went for birthday lunch, had 1 starter, main and dessert. The service and food was extraordinary, really enjoyed each dish as well as the free chef tokens. Well deserving of 3 stars."
249,Eunice,5 stars,"We had a short trip from Msia to Singapore and made a visit to Les Amis. When we walked in through the door, staff was extremely friendly and guided us to our table. We ordered the 3 course + 1 dessert lunch set menu. Loved all the small …"
250,Mark Zuckerman,5 stars,"Absolutely a tremendous experience.  It's not something you can have on a regular basis, but each course was uniquely remarkable and the service was perfect."
251,Raymond Purwanto,4 stars,Had a fantastic birthday lunch with wifey
252,Kenneth Wong,1 star,"Caveat first: This is from account of wifey’s lunch experience at the place.

1. The staff are ill informed …"
253,Ian F.,5 stars,Excellent food and service. Lovely presentation.
254,Marta M,1 star,I eat at fine dining all the time- around the world and I have never encountered such arrogant people on the phone. Get your game together. Much better 3 star around- go to Odette…
255,Brenda Aguilar,5 stars,"I absolutely loved this buffet. I came here for everyday for breakfast and lunch. I'd say the lunch is more spectacular than the breakfast spread.They have sushi, Singapore food, juices, meats/cheeses, Chinese food, Indian food, a whole bread station, and a beautiful dessert section. Lunch is special because you can get crab legs."
256,Bchd Hdhd,2 stars,Doesn’t deserve 3 stars tell Michelin to reevaluate
257,Omnisciens Lim,5 stars,Staff at Les Amis are very attentive and knowledgeable about what goes into and how the food is made. My partner and I had the 2 course+ 1 dessert set lunch. We were glad we didn't order more because it gets very filling when you take into …
258,Stuart Thornton,5 stars,"Impeccable and genuine service complementing a hearty menu , amazing food and incredible ingredients. All aspects of the experience delightful. Thank you to all the team for our wedding celebration."
259,An Wang,5 stars,Nice experience and good food quality. Higher than my expectation.
260,ray perera,5 stars,One of my top 5 quintessential experiences of Singapore fine dining and definately not to be missed. The food is exceptional and the service is outstanding.
261,Katia,4 stars,"Good service and good food. Quite expensive and some dishes didn't reach to expectations, you'll have great time if you stick to signature menues. And, loved wine collection with delicacate recommendations by sommelier!"
262,Megan Ng,5 stars,Hands down my favourite fine dining restaurant in Sg.
263,Nishant Davidoss,4 stars,"Having been to some of the very best restaurants in France, I think this place falls slightly short of being spectacular. Food was decent, service was wonderful. But no real ""wow"" factor."
264,Wang Shui Lan,5 stars,"The Le Homard Bleu En Salade (supplement $60) was a spin on blue lobster salad with pearls of crunchy watermelon and vegetables. It was so fresh and light. La Noix De Saint-Jacques Aux Herbes, or scallop served in a creamy sauce, was …"
265,Michelle Dunner,4 stars,"one of the original and best fine dining experiences in singapore, les amis has carved itself a niche for interesting, well-executed food in a quiet, refined setting with excellent service. the set lunch is probably better value than the dinner menu but a wonderful evening out."
266,Vicky Tan,5 stars,"Amazing service
Best challan duck 👏 …"
267,Adam Siew,1 star,Unfortunately when I last tried Les Amis it was really disappointing as the Chef was not around. The food was not prepared in his usual standards. …
268,Ramine Tinati,5 stars,"Beautifully cooked, low-key, no false pretences. Price reflects the quality of the food and service"
269,Julien,5 stars,Super awesome French cuisine with Jap influences. Some pretty authentic and strong flavours here. Loved the desserts alot. Met the delightful chef Sebastian too.
270,N啊嫖,1 star,"We had a reservation made for a private room on a Sunday evening to commence at 7.00pm. We arrived at 6.45pm, but the restaurant doors were closed, though its website suggested an opening hour of 6.30pm. The manager (i presume) inside took …"
271,Batkhuu Chinbat,5 stars,"Oddly, dessert was the highlight"
272,Olivia Lee,5 stars,"Best french restaurant in singapore.
Food is incredible delicious.
Chef. sebastien exactly show what is french cuisine. …"
273,Adrien Claude,5 stars,"Extraordinay experience. Dishes are less adventurous than in 3-star restaurants in Europe, but perfectly executed. Great win list with affordable options."
274,Jonski Camus,5 stars,"Great food 100%!
Great Service 100%!
Great atmosphere 100%!
One of the best french cuisines!"
275,Nicole Dinh,5 stars,Nice grilled food and nice service
276,Rich Goh,5 stars,Love it
277,Brittany Lee,5 stars,"The Le Homard Bleu En Salade (supplement $60) was a spin on blue lobster salad with pearls of crunchy watermelon and vegetables. It was so fresh and light. La Noix De Saint-Jacques Aux Herbes, or scallop served in a creamy sauce, was seasoned well and super flavorful."
278,Kiat Soon,4 stars,Great food and fantastic service. Only thing to complain about is the lack of variety over the years
279,Ming Sing Chua,5 stars,Very nice delicate French cuisine
280,Ann Golik,5 stars,Definitely will be back!
281,Dennis Chong,1 star,"Place a birthday cake for take away, and was told by the staff, they don’t have a carrier for my cake. 3 Michelin star does not have a carrier or paper bag 🤦🏻‍♂️ …"
282,Bobby Sumarkho,5 stars,"Good food, good wine, good service. This place has all the essential ingredients to be the 1st class restaurant. I came here several times yet always satisfactory."
283,Nishant Nair,4 stars,We tried the four course meal which was quite good.
284,robert kwok,5 stars,Food was good... Service was excellent.. Really deserve s the 3 star rating... If you are in search of a good French restaurant with a good wine list... I highly recommend this restaurant
285,Alwyn C,1 star,Terrible. Bread was hard. Chicken underwhelming and overpriced. Onion soup was meh - nothing I can't do at home. Pate with foie gras mediocre. 30 may 2020
286,Kha Y Yee,5 stars,"nice ambient, affordable price, love it."
287,Lily H,5 stars,😍 came here for our birthday! Thank you !! …
288,Ye Xin Leow,5 stars,"I’m normally quite skeptical of hyped-up places, but les amis was truly exceptional.
Came here for belated birthday lunch with my twin. Good food, good service.. can’t ask for more. 👍 …"
289,winny w,5 stars,"have a good experience for lunch,really good service and especially ms catherine tq for serving and giving me some souvenir come back Malaysia 🙏 …"
290,Will Johnson,5 stars,"Pretty sure that was the best meal I've ever eaten, matching wines are also sensational."
291,Joanne Wade,5 stars,"Food, service and atmosphere superb.

Definately come again and highly recommend"
292,Joyce,4 stars,Pricey but authentic French food with good ambience
293,danny cheung,5 stars,Never disappointed you! We had a wonderful birthday celebration over there.
294,EnJo Thermic,5 stars,It is truly an experience. The food was amazing the service was superb. Would highly recommend everyone to come enjoy the dishes
295,Farrah Ratnaike,5 stars,"Classy place as expected. Food was pretty and delicious too.

Would recommend Les Amis if you're celebrating a special occasion"
296,CFY F,5 stars,What an amazing dining experience here!! The food is so tasty and the service is so nice!! The bloody duck impresses me a lot!!
297,Chenfang Li,4 stars,Good in general. Dishes are quite creamy. Too many waiters walk around when serving the dish.
298,이호준,5 stars,Excellent restaurant for celebrating a business partnership.
299,Dr Xander C,5 stars,The 3 Star Michelin experience
300,XIN TANG,5 stars,"3-Michelin stars restaurant you won't want to miss, but expect the damage at high side"
301,M Farhan,5 stars,Probably one of the best restaurant in Singapore. Service is impeccable and food out of this world. Highly recommended the roasted foie Gras.
302,Yuet Ting Tan,5 stars,"High quality french food. Great service. Menu changes every once in awhile, but always very good."
303,Terry W,3 stars,None of the dishes stood out for me. Price was reasonable but the decor felt a little tired. Service very good.
304,Rajamanikkam Yogeshwaran,5 stars,"Everything was exquisite, from the atmosphere, to the service and ending up with the food!"
305,Sophia Liew,5 stars,"Pleasant experience. Food, drinks and service are worth all the accolades and awards they won."
306,Bruno REVERSADE,4 stars,I will write a full review shortly
307,KH Ang,4 stars,Service was good. Amount of food was more than adequate but no wow factor.
308,Sergio Galzerano,5 stars,"Loved all the details! Service, ambience and super food. Highlights: terrine, venison, ice creams and baba al rhum"
309,Ez T,4 stars,Less theatrical but better food than Odette. Venison and ice cream were great!
310,hiwenhuan,5 stars,"Great service. For my mother’s birthday, she was very pleased."
311,Maureen De Silva,5 stars,"Classy, elegant and fin dining.  You get what you pay for."
312,Souheila Ackerman,1 star,They stole the Algerian culture and they write as a morrocan
313,Chiang Yin Wong,5 stars,Still great after all these years
314,Wilfred Loy Yong Kang,5 stars,Service from the staffs was great! Very prompt fast and attentive! I had a good time here! Food was good as well!
315,Cynthia Rauen,5 stars,Absolutely amazing.  The most beautiful and delicious food!!
316,Martin Benda,5 stars,Exceptional food and exceptional staff willing to go the extra mile. High class fine dining at its best.
317,Vaneet Dadra,1 star,One of the most overrated and overpriced restaurant. I spent 200+ bucks for a dinner and was hardly able to finish my dinner. Really regret going there.
318,Jeffery Ong,4 stars,"Fantastic Service. Price is definitely on he higher side, but definitely worth it!"
319,Jaehee Choi,5 stars,Top notch food and service
320,YL Chong,5 stars,Really good quality food. Great execution. Attentive service staff. Overall excellent!
321,Valentine Sophie,5 stars,"Only three words for this restaurant :
Stunning
Detailed …"
322,Phanerochaete,5 stars,Amazing food and service
323,Dhruv Kaji,5 stars,"Exceptional food, non-intrusive service, good wine list. Excellent by any standard."
324,Jazz Green,5 stars,"Delicious food, attentive service and good ambience. Fully deserve its Michelin stars."
325,이현선,5 stars,"It might be one of the best restaurants in Singapore. Food, service &amp; atmosphere all can be any better!"
326,Hyun Min Lee,5 stars,Extravagant ambience with great staff.
327,Shane Chew,5 stars,"Was there recently for lunch.

Everything is executed perfectly - food, service, ambience, the extras - everything together made this a very good experience."
328,Nicole DeWitt,5 stars,"One of the best French restaurant. Great food, good wine and excellent service."
329,SJ TEO,5 stars,Great tasting menu and wine list. Impeccable service and out of this world experience...
330,Dave Thompson,3 stars,"First time back in a few years, definitely gone backwards. Dishes well executed but nothing exciting, service ok but a little perfunctory."
331,VL Kong,5 stars,"Great food and wine selection. Fantastic service, from start to finish, as always."
332,Ranjit Murugason,5 stars,Always the best French restaurant in Singapore.  And impeccable service. Never a let down
333,Brenda Bence,5 stars,Exquisite. Food was outstanding and service impeccable.
334,Michael Lang,5 stars,Great as usual!
335,Joseph Havely,4 stars,"Spent SGD450 for lunch, with wine and supplements. It was delicious, but for the price I expected a little more."
336,Daryl Goh,4 stars,"Best place for authentic fine dining French cuisine in Singapore, but prices are extremely high."
337,SM Goon,5 stars,Definitely worth a visit. Had a lovely experience here. Great food and really recommend this place.
338,Francis Chen,4 stars,Not as good as I thought.
339,FLO BEAU,5 stars,Service was superb. Staff were extremely attentive yet not intrusive. Service was very warm and friendly not stuffy and uppity
340,Jie En Tit,5 stars,"Impeccable service by its well trained staff, great selection of dishes, well balanced flavour."
341,Kevin Hee,5 stars,Simply fantastic overall. Deserving of 3 stars.
342,Monica Jakobsson,5 stars,Absolutely amazing food and professional and friendly staff! Well worth a visit!
343,Chetan Mehra Photography,5 stars,"Best experience, great service, lovely staff"
344,Jane N,5 stars,Come here for an outstanding meal and excellent service. Order the cheese at the end of your meal.
345,Alwin Citroen,5 stars,"Fantastic Dinner.

Great service great food. …"
346,Terence Ong,5 stars,3 Michelin Stars Worthy.
347,Cassandra Lee,5 stars,Wonderful food and decent service.
348,Danny Tan,3 stars,nice selection of french cuisine. The staff was really friendly too.
349,M J,5 stars,Everything was perfect!  I’d love to go back every year!
350,Jerald Lim,5 stars,"Lovely cuisine, superb service, well-deserved three stars."
351,Luke Ashley,5 stars,Excellent food. Attentive service but somehow lacks personal touch.
352,Jennifer Scott,5 stars,Always good. Top notch food and service consistently.
353,Valerie Kuah,5 stars,Love all the courses and take home dessert box at the end of the meal
354,Mara Ruzena Banson-Reyes,4 stars,Great service. Best veal I've ever had in my life but be prepared to pay the price.
355,Young-Jay Paik,5 stars,Amazing French food and great service. Great for special occasion!
356,Jim Giam,5 stars,Great experience! Highly recommended.
357,Tiny T,5 stars,Amazing experience
358,Jae Hyon OHM (Sean),5 stars,Must place to go and try.....
359,Shanying Wang,4 stars,Did not try the food but nice ambience
360,Alexander Irvine-Fortescue,5 stars,Superb food and wine. Discrete service. Exceptional quality.
361,Ricky Chen,5 stars,Superb dining experience!
362,Zt,5 stars,good meal and good ambience . The consistency of this restaurant is always there.
363,good BOB,5 stars,absolutely delicious
364,Tilitili l,5 stars,The butter indeed is amazingly good! Service also excellent~
365,Lichi Wu,4 stars,Expensive but great French food. Good for important occasions.
366,william ong,5 stars,Wonderful experience.
367,Jacq,5 stars,👍 …
368,Danny,5 stars,Amazing food.
369,Sally Eades,5 stars,"Food was incredible, well priced and service was excellent"
370,JOYCE KOH,5 stars,Food are delicious! Will definitely come again! Kudos!
371,N,5 stars,Most amazing Tasting Menu and exemplary service. Well done
372,Wendy Kek,5 stars,The food was presented like a piece of art. Truly inspiring.
373,Dan Liu,5 stars,"Awesome meal, amazing service, can’t wait to go back"
374,Michelle Tan,5 stars,Service was great and cake was so pretty!
375,Joanna Ng,5 stars,"Great food, great atmosphere! Can't ask for more!!!"
376,Anson Chee,5 stars,Great food and ambience! Excellent customer service!
377,Tamsyn Chai,4 stars,good service. the place to go if u want to impress a date.
378,Yx J,5 stars,Great French food with reasonable prices
379,Pashuk aset,5 stars,Amazing experience! Top notch service and food
380,Mr Voodoo,1 star,My maid cook better than them.
381,Lalita Bes,5 stars,Fine food in private room.
382,k T.,5 stars,Beautiful food and impeccable service as always.
383,Zico Yung,5 stars,Best dessert ever
384,Richard Lawn,5 stars,Outstanding experience
385,Xperia Vikram,4 stars,Visited several times... Good service and tasty food.
386,PY Wang,5 stars,Service is very good.Food is superb.
387,T Singh,5 stars,Reliably one of the best dining experiences in the country
388,Fook-Meng Chan,5 stars,"According to me, this is the best restaurant in Singapore."
389,Keith Lam,5 stars,Great experience. Perfect food and service.
390,devan,5 stars,Great value &amp; service. Try the lunch specials.
391,Kah Chew,5 stars,Truly 3 Michelin Stars.
392,C (C),3 stars,Food is underwhelming but service is good.
393,Willy Tan,5 stars,"800 bucks for 2 person, worth it? well why not."
394,Winston Tan,4 stars,"Food was good, pasta was great"
395,Irene Kim,4 stars,"Underwelming food.  Unmatched, excellent service."
396,Harvey Lam,5 stars,Awesome service and excellent food!
397,mike huang,5 stars,Fantastic journey and consistently good.
398,Sim Sokheng,2 stars,The food taste off and it took so long !!
399,mordan life,5 stars,Very good quite place nice position
400,Joseph Quek,4 stars,Still the best french dining in town
401,Yeoreum Bae,5 stars,Amazing experience! Very very good!
402,Alamin Hossain Alamin Hossain,4 stars,Overall was a good experience
403,Neil Karkera,5 stars,Excellent Service. Very Professional Staff.
404,iw yang,5 stars,lovely decor. Yummy chow.
405,Patrick Lee,5 stars,Takeaway tastes as good as eating in
406,tereen hough,5 stars,Exquisite food with exemplary service.
407,Pebbly Ho,5 stars,Classical French done well
408,Frewin Tan,4 stars,The place has a nice ambient
409,Jerome Wong (JW),5 stars,Great food and great atmosphere
410,Jason Kynoch,5 stars,Expensive but stikl great value
411,Christophe Tournerie,5 stars,Just perfect. Service with style.
412,Rayan Wong,5 stars,"Beautiful place, good food"
413,Sutatno Sudarga,5 stars,Best food &amp; service in town
414,Hoo Cheong Fong,5 stars,Excellent service and ambience.
415,Rosa Oria,5 stars,Amazing food and service.
416,Steven Margolin,5 stars,Flawless three-star cooking
417,Lee Jessie,5 stars,Yummy 😋 …
418,Lim Cher Khiang,4 stars,This place look nice and food.
419,pascal bauwens,5 stars,Maybe the best restaurant in Singapore
420,leslie goh,5 stars,The most 3 star of the lot!
421,Wiki H,5 stars,Excellent food and service
422,Yuen Ho Chow,5 stars,Awesome service and food...
423,J S,4 stars,Great for a business lunch
424,Jeremiah Ng,5 stars,Nice
425,Nikhil Dhawan,5 stars,Fantastic 👏 …
426,Mark Peh,5 stars,Good French food.
427,John Jo Jo,5 stars,Love this place!
428,Wonky games,5 stars,Amazing
429,Steve Dubois,4 stars,I had higher expectations
430,Jordi Hidalgo,5 stars,awesome
431,Adrian Teng,4 stars,Good food as always
432,Roy Geva Glasberg,5 stars,Brilliant
433,WENWEN si,4 stars,nice
434,Nicolas Marchand,5 stars,As expected. Spotless.
435,Catherine Lescak,5 stars,Totally divine.
436,Vincent Wong,5 stars,A work of art
437,Jimmy SZETO,5 stars,Excellent!
438,Michel L,5 stars,Fabulous !
439,Yenni Chong,5 stars,Nice experience
440,Ester Wales,5 stars,Excellent 😚 …
441,Ahmad Raja,4 stars,good restaurant
442,Alex Urso,5 stars,"An exceptional experience when we arrived in Singapore.
The maître d’ was French and the service was impeccable.
The cuisine was really high quality and we had the opportunity to taste some …"
443,Zizhen Wang,5 stars,"2022 Singapore Michelin three stars, French cuisine, lunch on January 29, 2023 to celebrate the upcoming birthday. …"
444,Charoen Prompagdee,5 stars,Excellent experience with Michelin 3 stars
445,Xin Shen,5 stars,The taste tends to be between the richness of local French cuisine and the refreshing Japanese French cuisine. It is an iconic high-end restaurant that can represent the local style.
446,Bear Melon,5 stars,"5Star Negative
Michelin 3Star …"
447,N S,4 stars,"This is a restaurant I went to while on an Asian food tour. Reason for not getting 5 stars
1. I should have had a lobster salad.When I asked the staff about the option to …"
448,alice park,5 stars,"All the food is very good
I highly recommend experiencing it at least once.
Koreans, if you have spare time, have plenty of time. …"
449,ぴよばしjetsetter,5 stars,"French fine dining that has long represented Singapore. I've been there several times and the taste, appearance, and service are perfect. The store is surprisingly small. It might be good for anniversaries of people living in Singapore."
450,Sun Rei,5 stars,"For my meal, I chose the truffle course. Since the dishes use a lot of truffles, I end up getting a little full of truffles during the meal... There are times when I feel like I need something to freshen up my palate... The main dish is …"
451,Sachi,4 stars,"This restaurant is often used by Japanese residents in Singapore for welcome and farewell parties.
On this day, nearly half of the seats were Japanese. There were Japanese madams …"
452,Teresa Chen,5 stars,"A very wonderful dinner, an ideal French fine dining experience in my mind.

The chef is very insistent on ingredients. Today there is sea bass caught in …"
453,肚圓人團圓（肚到中秋分外圓 每逢佳節倍吃冰）,5 stars,"The food and service are both satisfactory and worth a visit.
However, if you only have one French meal to choose from in Singapore, I would still recommend Odette. …"
454,Dongwan Kim,5 stars,"Just because a restaurant has a Michelin star does not mean that all restaurants are delicious and wonderful. Lesami is absolutely fantastic. If Google doesn't give me 5 stars, I'd like to give it 10 stars. There was nothing lacking in any …"
455,Congyun grace Fan,5 stars,"We wanted to enjoy the meal. The waiter was friendly and took good care of our dining mood. When we learned that this month was my husband’s birthday, he even gave us a mini cake."
456,Kim순대,5 stars,"Perfect place unless the course time is over 3 and a half hours.
Thanks to this, we were able to talk a lot and experience a proper French meal.
The food feels more special as an entrée than as a main meal."
457,Chulmin Choi,5 stars,"The photo cannot be shared as I am writing this review.
They use truffles and caviar like crazy here.
All foods are salty, sweet, and spicy. …"
458,Seung Hyeon Lee,4 stars,"Reservation was very easy. The restaurant itself is not large, but it is clean and the wine cellar next to the bathroom is impressive. I had the most expensive course menu for lunch, and the main beef and mango dessert were very satisfying …"
459,Joyce1004,5 stars,"It's a great dining experience. Every dish is made with great care, and I don't want to eat it! Highly recommended ~"
460,M F,3 stars,"The restaurant advertises itself as having three Michelin stars, however it lacks many things: the service is not up to the standard of a Michelin star, the food was decent and the location was nothing special. I honestly wouldn't go back"
461,sobin kim,5 stars,"The service is great and it’s really delicious👍🏻🫶🏻
I want to eat it every day😭 …"
462,슈퍼나비,5 stars,"I just randomly ordered it and it ended up ruined haha. I asked for a recommendation before hahahaha. It was a bit disappointing, but it was delicious haha."
463,EUNMIN OH (오알라),5 stars,"The service, taste, atmosphere, everything was great. thank you"
464,kuro mick,5 stars,Everything was delicious. I would like to go there again if I go to Singapore.
465,yun young choi,5 stars,Everything was good except the price. The food service and atmosphere are all excellent.
466,Cleo W,5 stars,"The style is simple and unpretentious, traditional French food is not mixed with other concepts, and even the plates are extremely plain, which shows that they are quite confident in what is on the plate - hibiscus emerges from the clear …"
467,suzie L,1 star,"Delicious food was really delicious, but food that didn't suit my taste didn't suit me at all. The important thing is that there was almost no good food in the course I chose. I also left behind the main duck dish. Since it was our …"
468,호니버터칩 (호니버터칩),2 stars,"I visited in 2014 and haven't visited since.
If I were to write about my feelings at that time,
Everything was good except the main dish. …"
469,Erika,4 stars,"It was a little disappointing. The service is okay, and the seats have a good atmosphere depending on the location.
The taste is quite normal. The roasted duck didn't look very appealing and was a little disappointing."
470,Field Green,4 stars,"The atmosphere is in line with the price and the taste is good. There were people taking pictures during lunch, so it became a bit of an internet celebrity. The asparagus is a bit old, I don’t know if it’s the style or the ingredients."
471,Monica H,5 stars,the food is wonderful! the service is exquisite! the dessert is spectacular!
472,Fabien Ghys,5 stars,"Great service, succulent dishes, elaborate and well presented. Nice experience!"
473,이용선,4 stars,Good restaurant with wicked prices but recommended
474,Koichi Asaami,3 stars,"Great selection of wines
Beautiful shop and food
It would be great if this tasted good, but... it's a shame"
475,Jordan White,5 stars,Best Pistachio Mille-Feuille
476,jenny ben,4 stars,It was a very delicious lunch
477,うえのちえこ,5 stars,"I didn't understand English at all, but everyone was kind, the food was perfectly delicious, and I was able to have a happy time."
478,:고스미,5 stars,Good restaurant with wicked prices but recommended
479,bj th,3 stars,Great food in a great place
480,오명선,4 stars,"It's a cozy space, but...
It doesn't seem to live up to my expectations of a restaurant."
481,Wei Lun Ho,5 stars,Delicious and expensive 😂😂 …
482,Fei Xiao,4 stars,The restaurant overall is okay. The food tastes good.
483,punchdrunker,5 stars,The service was excellent
484,Anita Keijdener-Doijen,4 stars,Awesome👌👌👌 …
485,le ms,3 stars,Eat a lonely
486,Muhammad Faruq Basuri,2 stars,Busy
487,Carmen Lizarraga,5 stars,Good French food
