,Name,Rating,Review
0,Aaron Tan,5 stars,"Walked into this place, not knowing its Michelin starred. Meats are cooked at their finest, the Iberian pork jowl is fantastic, so is the Hungarian goose. Must try the petit fours. Changes your perception of beetroots. For those who like appetizers, the Jerusalem artichoke will blow you away."
1,Adelia Huang,5 stars,Nice food &amp; dining experience
2,Adrian Eu,5 stars,Their services is as brilliant as their dishes
3,Afolayan Amos Oluwasanmi,5 stars,This restaurant is the best... trying getting something from them
4,Aidah L.,5 stars,Alma is a place that one can come back again and again (with different seasonal desserts) with the same expectations fulfilled. Easily one of the best one-michelin lunch sets in Singapore. Kanpachi appetizer is absolutely refreshing. Tofu …
5,Aileen,5 stars,Excellent food and service.
6,Alicia Ho,4 stars,Pretty affordable lunch sets here! Bread was amazing and I almost got myself full on bread if my bf hadn’t stopped me.
7,Ameer Jumabhoy,5 stars,A lovely place where we spent our anniversary lunch. Food was YUM. A mix of different cuisines rolled into something I'd call contemporary European. Presentation of dishes was spectacular with the beef tartar showcased in a delightfully unusual way!
8,Amirul,5 stars,Had set lunch. It was a good meal
9,Anchisa Pongmanavuth,4 stars,4.5 stars. One Michelin star fine dining at the Goodwood Park Hotel. Food is modern European with an Asian touch. …
10,Andrew E,5 stars,"Lovely Pre-Valentine 5 course lunch. Chef Haikal &amp; Sufian have amazed us again with a wonderfully woven tapestry of flavours that just unravels in our mouths. To top it off,&nbsp; Manager Saravana and his team elevate the dining experience to a …"
11,Andrew Goh,4 stars,I didn’t give them 5 stars rating due to their service attentiveness despite the food was excellent. We have a big group for dinner last night and several times we have to waive our hands for wines and drinks. It was a one star Michelin and …
12,Angel Huang,5 stars,This is my favourite to go place of western food. I really love everything from food to wine to the ambiance and service. Totally relax and everything is done like an art and so tasty! Their lunch set is really value for money and a great experience who like to sample before spending more for dinner! Highly recommended!
13,Anna Tan - De Hert,5 stars,"My dearest friend held her wedding solemnisation ceremony in the Whiskey Room at Alma, and we thoroughly enjoyed a truly fabulous meal and top quality support and amazing service from the staff there. …"
14,Anthony Poon,5 stars,"Excellent food, great service, value for money. our party of three chose the 6 course tasting menu and two of us switched 3 of the 6 courses for different reasons. the restaurant took that without any issue and all of our courses are …"
15,Belle C,5 stars,Excellent service. Spacious place with good food and private conversation l.
16,Benjamin Soh,5 stars,Food was great! Expected of a Michelin restaurant.
17,Berland Shaw,5 stars,"I visited Alma during my hubby’s birthday(the menu may different due to seasonal update), service was perfect, wine paring was perfect. I would say this is the best Michelin restaurant I ever had(better than some 2 star one). Spent few hours here, enjoy the all course. Definitely I would back again."
18,Bernie Chin,5 stars,Both food and service are top notch!!! Presentation is equally impressive. Highly recommended. Definitely deserves the Michelin Star!
19,Bishan Chew,5 stars,My second time here and still enjoy the food. The wine sommelier is friendly to introduce the wine to pair for our food.
20,Blaze23y,5 stars,Greater restaurant
21,Blues Home,5 stars,Every single dish was perfect.
22,Boyd Wentworth-sheilds,5 stars,"great night, food was tasty and well presented. Service and wine was amazing, matching wines for 8€ a course and they are perfect"
23,Brenda Aguilar,5 stars,"I expected Rhubarb to be a traditional French restaurant. I ordered the set menu for dinner paired with red wine. Overall, the dishes were surprisingly tasty! The foie gras entrée was the fish that amazed me the most. Usually in France we do not mix foie gras with fish, or we try to be minimal when it comes to foie gras."
24,Brian Manley,1 star,Bad customer service
25,C. Neo,4 stars,"went for the 7 course meal - our favourites were chutoro, hamaguri toast, oyster and the mains (lamb / beef). The dessert was pretty special as well (w the jin xuan tea). we found the other dishes to be quite similar (cold dish, with sour/citrus taste). service was great - staff was very attentive and friendly."
26,C. P. Justin,4 stars,"Like you eat the Thai French food. Good place to  have a good lunch , nice services and quiet place ."
27,C. Y. So,5 stars,Value for money lunch menu! Totally enjoyable
28,CHEF NIRVANA,5 stars,It is an gourmet experience and  you don’t trample on a restaurant’s soul.
29,CHI-WEI HUANG,5 stars,Worth every penny especially for the Lunch menu set.
30,CK C,4 stars,"Service was excellent, cuisine was slightly adventurous. 3 course lunch menu was $39++. Overall, Alma deserves the 1 Michelin star. Happy to return."
31,CY,5 stars,Lunch set is fabulous!
32,Caleb Liu,4 stars,Alma is a fusion restaurant attempting to combine the flavours and styles of European and Asian cooking. I came here for the lunch - the lunch sets are very reasonably priced at $40. You have to pay a bit extra if you want to choose their …
33,Calvin Ho,5 stars,Lovely dining venue. Great food and staff.
34,Cameron C,5 stars,"The most perfect meal. Very expensive, but that is to be expected for a world class dining experience. All the food was unique in flavor but so delicious. A dining experience that will be remembered!"
35,Carbon Malibu,5 stars,"This is a five-star experience all the way - Alma has a Michelin star in the guide that just came out for Singapore, and deservedly so. They were happy to accommodate vegetarian food for the prix fixe menu, which is great value. The …"
36,Cedric Fiorentino,3 stars,"We went there for a special occasion, while the service, ambiance and food presentation were amazing, the food itself was hit and miss. We had the watermelon crab gazpacho, which had an exquisite presentation, but was way too sweet, it …"
37,Channatsha Chotithanakunakul,5 stars,"Delicious food, very friendly service."
38,Charles Phillpot,5 stars,Great place
39,Cheng Huann Yeoh,5 stars,Great value for set lunch. Basic cost $39++. Expect to spend $60-70 because the supplementary top ups for dishes are just too enticing. ($6-9 each). Excellent value for the quality of the meal.
40,Chia Jesper,5 stars,Very good snacks and main courses.
41,Chili Pedi,5 stars,"Came back a year later for lunch:
Very reasonable pricing for the quality and quantity of food. Enjoyed the signature fried tofu in foie gras sauce. …"
42,Choon Ng,5 stars,Wonderful flavours. Nice presentation.
43,Choon T,5 stars,The restaurant name sounds a little Spanish not the food though. It has an Asian twist to it. …
44,Chris Sumedca,5 stars,Good food! Tasty and several hints of different flavours
45,Christopher Chartier,5 stars,Really good and surprising. Price/quality probably one of the best option in Singapore for a Michelin star.
46,Chuan Yong Ho,5 stars,Nice food presentation and delicious food
47,Chyan Phang,5 stars,Fabulous fusion concoctions well complemented by good service.
48,Cintia Tavella,4 stars,We enjoyed Mirco's chef 7-course menu who was visiting from Water Library in BKK. Good ambiance and delicious food!
49,Claire Priestley,5 stars,"Wonderful lunch - worthy of its Michelin rating. Flawless service, delicately balanced and well curated menu. Delicious wine recommendations to accompany the food."
50,Claire Tan,4 stars,Had the lunch set. It was interesting. However maybe need more work on the entree which tasted like dessert
51,Cleo W,4 stars,"Taste is not very well balanced. All the food are sweet taste base. Service is good, environment a bit old but decent. 6 dish set 160++ and most of the wine under 100 per bottle, a cheap chose for Michelin star restaurant but don't hope too high for the food."
52,Cony Wong,5 stars,"Nice environment for any celebration
Friendly staff will take care of all the guest
And the food is very nice too …"
53,Crystal Chan,5 stars,"Tried the 8 course menu.
With Zuwai kani (Avocado.Caviar.Celery)
Petuna Ocean Trout (Degustation of Vegetable. Dashi. Sorrel) …"
54,Cynthia Wei,4 stars,Delicious food and wine with good service. Don't forget about the dessert menu. Worth it.
55,D D,5 stars,Had the 5 course meal and was impressed by Chef's great combination of sweet and savoury in each dish. …
56,Dan Stryker,5 stars,Marvelous! Memorable! I came here last Wednesday with my family. We all took the Executive Lunch course. Every dish had multiple layers bursting with unique flavours when we savoured them! The staff were all attentive and polite too. I was …
57,Daneal Hon,5 stars,Great food and great service every time. Price was also reasonable for  the quality of served.
58,Daniel Ong,5 stars,Had a lovely lunch at Alma over the weekend. The lunch set was affordable and the food was great. Service staff were friendly and attentive. Would definitely return again!
59,Darren,4 stars,"4-course lunch set for $65++ which I thought was quite a steal for a Michelin restaurant. Impeccable and attentive service with professional staff. I wouldn’t describe the interior as new or luxurious, but definitely befitting for a fine …"
60,Dass T,5 stars,Unique selection menu. Very creative
61,David Chang,4 stars,Very nice place n food. Set prices decent unless u opt to add on. Like the complimentary potato bread. Enjoyed tbe barramundi n lychee desert.
62,David Henderson,5 stars,"Great food, great staff. Our first time at a Michelin star restaurant, and this is a fantastic example of the quality that comes with that standard"
63,Diane Lin,4 stars,Nice ambience with great food
64,Didier Barbas-Victorien,5 stars,Amazing food and service
65,Divakar Bal,5 stars,"Attentive, impeccable but not overbearing service, GREAT food and wine. A delightful evening. Bravo!! Well deserving the Michelin star."
66,Dominic Baptist,4 stars,My first visit to Alma on 30 Oct. I have to say that the staff was attentive and professional. We had the 5 course set dinner (menu in photo) and the portions were nice and decent. Had to pay extra for the beef main but the beef was very nicely done. Compliments to the chef!
67,Doreen,5 stars,Went there for a birthday celebration. Fine dinning. Portion too small for me.
68,Drbean,4 stars,"A european asian fusion, the plating are beautiful and pleasing to the eye. One of the cheapest one Michelin star fine dining restaurant you can have, food quality did not disappoint most of the time, been there a couple of times, so ive …"
69,EJ Ong,5 stars,beautiful food. Great service
70,EL Wong,5 stars,"I had the 9-course vegetarian dégustation and it was an experience for all the senses — the ambiance, service, personal touches, presentation, quality of the meal, and combination of elements, ingredients, and textures were incredible. …"
71,Eats More Fun,5 stars,"Alma
European Spanish restaurant that also showcases a mix of Asian fusion. Service is great though space looks a bit dated. Prices have gone up to the steep side. …"
72,Edel Lala,5 stars,"Came here during Phase 3 where only max 2 persons per table are allowed. Surprisingly on a weekday, there were at least 10 tables of 2 occupied. Starter foie gras toast though tiny is bursting with flavour. The bread is warm and crispy. I …"
73,Edward Eng,4 stars,"3-4 stars for the food, 5 stars for the wine menu. Some really lovely stuff like the bread and the red meats. But not particularly inspired."
74,Elaine Lim,5 stars,"A timeless classic
Amazing Michelin star food, very course was amazing.  Staff were thoughtful and recommended great wine. Simply divine and perfect"
75,Elisabeth Chan,1 star,"Wow where do I start?
From the very sweet eggy amuse bouche to the nasty wasabi coconut jelly, Alma had delightful staff but the worse food ever. I can't believe I paid to be …"
76,Elle Lee,5 stars,My partner brought me here for my birthday lunch and we had a lovely time here. We ordered the 2 course lunch with an add on of extra serving of potato bread &amp; steak. …
77,Ellie Sue,5 stars,It was a little hard to find the place. Overall good food and service.
78,Elly Morgan,5 stars,The Fine Dining at Alma was Amazing. Staffs were Friendly and Professional. Every course meal was exquisite and mind blowing.Kudos to Chef Haikal &amp; his crew for bringing exceptionally good fine dining food to Singapore. Highly recommended!
79,Emma Liam,5 stars,Enjoy A 3-Course Michelin Star Set Lunch For Only S$39++ At Goodwood Park Hotel.  You won’t miss the eye-catching sign of this one Michelin Star restaurant that serves European food with an Asian twist.  The interior of the restaurant looks …
80,Eric Chua,5 stars,We love the food presentation n was yummy. Shout out to the service staff Syed. He went the extra miles to make us enjoy the entire dining experience exceptional in Alma. Thanks n cheers
81,Eric Goh,4 stars,"Lovely food, lovely place"
82,Esther Lim,5 stars,Returned again for their lunch set. Value for money and amazing food. Their bread was also a crowd hit.
83,Ettore Palazzi,5 stars,"We were there on a special promo day with a dinner cum wine tasting.
Service meds more attention for a one star Michelin one expect more.
The food is good and well presented."
84,Eugene Tan,5 stars,Loving the strong flavours and great service. Worth a return anytime.
85,Eugene Teo,5 stars,Second visit to Alma. Service was good. What particularly stand out was their dishes. Each and every dish really delights! Well executed and innovative mixed of flavours! Would visit soon!
86,Eze Prince a,5 stars,This is a nice one
87,FLO BEAU,5 stars,"Very unique and excellent food. Service was also discreet, yet attentive."
88,Fahad Almunifi,4 stars,"Good restaurant and suitable for lunch, they have bread with very tasty coffee beans
A good restaurant and suitable for lunch, they have very delicious coffee bean bread"
89,Federico Michieletto,5 stars,Love the food thanks to the Chef and the manager  you both are stars
90,Fiona RQL,4 stars,I would like to give 4.5 stars. The missing 0.5 star is for the renovation/decor not that stunning compared with other Michelin star restaurants. …
91,Florence Lee,5 stars,Creative and delightful vegetarian takeaway set meal.
92,Flower world Chong,4 stars,"The total experience is no disappointment but of course can be improve. The food is good, presentation is nice, and not so heavy for lunch.
It is good to have a try but not like something outstanding."
93,Fran Fern,5 stars,"Excellent place, it is on par with the great international restaurants,"
94,Francis Yap,5 stars,Wonderful experience! Full of surprises for every dish.
95,G E Ng,5 stars,"The food is really brilliantly created and full of flavor, perfect. The service is very good too. But parking at Goodwood Park Hotel is very expensive."
96,Gary Ho,4 stars,"Every single servings are filled full of flavour layerings. Almost teasing every bite with culinary creativity!
Truly enjoyable!"
97,Gary Liang,5 stars,"One-Michelin-starred meals, the price is quite high but the Michelin-starred cuisine is extremely delicious. The dishes are Japanese-style but the taste also presents the essence of the West. The chef is very attentive to the dishes prepared by the guests."
98,Genesis NΞO,5 stars,Order the adventure and vegetarian dinner set at $298 each. Each of the Japanese fusion dishes has multiple layers of taste that were both intriguing and interesting. …
99,Genevieve Wong,3 stars,"After finishing all the Michelin restaurants in Sgp, I have just started writing reviews of them just a couple of months ago. I ate in Alma in 2019 a couple of times, the food was good. East meets West kind of food. Again there were some …"
100,Geordie Ting,4 stars,One of the better ones :)
101,Georges ROUSSEAU (WINESHED),3 stars,Disappointed compared to Germany
102,Giorgio Castellini,5 stars,"Amazing experience. Perfect service and incredible food.
I would do without the ""happy birthday"" singing to every table though, it's not KFC, guys..."
103,Grace Ho,5 stars,"We had the 3 course set lunch. The meal started with pipping hot Potato Bread served in a wooden box, accompanied with truffle butter. The staff will take an effort to explain the food in each course. We both had the kanpachi for the …"
104,Guan Yong Tan,3 stars,"tried the 8-course menu. overall i think it was a hit and miss. did not really understand some of the dishes and some combinations of ingredients felt lacking harmony. i do like the arctic char, mantou and wagyu. the rest were just okay. no …"
105,Guillermo Fabregat,5 stars,Nice 4 course lunch set
106,HY Teah,4 stars,"3 words to describe - bold. Adventurous. Innovative. Alma’s concept is modern European. They really push the boundaries of culinary. Guess because of their consistency,  Alma received many Michelin accolades and other awards. Dishes were quite not bad. Worth the try."
107,Hake S,4 stars,"A pretty good Michelin-starred restaurant based on both dine-in and takeout experiences, but not the best. The food itself is not particularly exciting. The service can be inconsistent. If you have been to the original Juan Amador it's …"
108,Hana,5 stars,"Very exquisite cuisine with rich flavors that are worth savoring.
I originally thought that the 4-course dinner might not be enough, but in fact there were appetizers and desserts before and after, so it was just right to …"
109,Hartley Clay,5 stars,"My wife and I recently went for our seventh wedding anniversary.  I had seen the menu online (wine and dinner) and it looked amazing.  We got there and I would say it far surpassed all expectations, both with regards to the food and wine as …"
110,Haryanto D,4 stars,Highly recommended
111,Helen Koh,5 stars,Amazing dinning experience!
112,Hilo,5 stars,"Ard $250 for 2 including a small cheese burnt cake.
Food is really nice, one of the best among the restaurants we visited recently.
The red white divider in the restaurant is a bit ugly. Toilet etc not very well …"
113,Hk Kerh,1 star,"This year's Valentine Day dinner here left a sour taste experience for us.

We initially booked for 3 pax to dine.  My daughter has a changed of plan one …"
114,Hoe Bing Lo,5 stars,"Came for the food and was not disappointed.

Great food. …"
115,Hope Ang,4 stars,2nd time here. First time was for dinner which totally blew me away. Spectacular dishes and stunning presentation. The 2nd time however was a set lunch. Food was good but not mind blowing. Value for money sets and wine.
116,Hui-chieh Loy,5 stars,Excellent food and knowledgeable staff who took the trouble to explain each dish as it was served.
117,Hungry Eater,4 stars,"Second time in Alma.
Feels familiar but feels tired and old.
Perhaps they focus on the food and less of the theatre and drama in food …"
118,Ian F.,4 stars,"Some of the food is excellent, including their interpretation of the ham and cheese sandwich. A lot of it is fairly technical gastronomy, including various foams and dehydrations. The maitre d' is excellent, and the staff try hard to please. Worth a visit if you're in Orchard and have tried most of the other top restaurants."
119,Iris Lim (Nomninjas),5 stars,"✨Affordable one michelin restaurant prix fixe lunch in singapore starting from $68+ 2 course lunch (even on weekends!)✨
… …"
120,Isaac Ho,4 stars,A nice degustation menu for both meat and vegetarian. Food is executed well and 9 course is specially planned by Chef and comes with some surprise dishes. Overall balance is good and includes good wine list. …
121,Ivana Pudas,5 stars,"It feels totally different after entering the restaurant. A very good dining venue for special occasion like best friend birthday treat, anniversary or just a treat yourself meal. I chose here for my best friend birthday treat and food is …"
122,Jackson Liu,3 stars,Known to be wine tasting evening but wines served are not impressive and fingers foods only served 1 round only.
123,Jacob Lackenby,5 stars,"Went for a midweek lunch and it was excellent. An extensive set menu, big wine list and the food was really nice. Hard to gauge the atmosphere given it was mid week and seemed relatively quiet which was nice for us. Could be different if/when very busy though."
124,James Cole,5 stars,"Visited for the 4 course set lunch on a Saturday. Absolutely faultless. Sublime food, generous portions and seamless, friendly service. Couldn't have had a better meal"
125,James Tai,5 stars,Totally enjoy the fine cusine  at this 1 Michelin star restaurant. Very friendly and professional service staff.
126,Jasmeet Rehan,4 stars,"Simply a gastronomical extravaganza. Every food ingredient bursts into individual sensorial experiences of it's own, the flavors so unique! Liked the way the chef attended to personal preferences of taste. I Love it when people explore …"
127,Jasmine Adams,5 stars,Excellent place for a private party
128,Jason Lee,5 stars,"Excellence food, service and environment. I ordered the 5-course meal and the portion is just right for me. Price-wise not too overly expensive, will recommend this for people who wanted to have a satisfactory fine dine meal!"
129,Jason Lim,5 stars,"Went in expecting good artistry food with meh service (1 star in Singapore context). The service team, especially, Syed, set up a great dining experience for us. Definitely revisiting."
130,Jason Tan,5 stars,The food here is really great. Had the set lunch. Which i feel is really worth the price. It was interesting seeing asian food elevated (for some of the dishes) look at the photo for atas tahu goreng (fried beancurd)
131,Jazelda Teo,5 stars,Organized a programme/event dinner at Alma for the first time for 45 pax and I must say I will definitely go back again! My first point of contact was Yong Chuen and he made the planning and organising phase smooth and efficient for me! …
132,Jean Bon,3 stars,"Good food, but for this price there are many better places in my view"
133,Jeffrey Goh,5 stars,"Great food,  awesome wine pairing. One Michelin star"
134,Jenelle Wee,4 stars,"Got their mooncakes because it consist of the most creative flavours in the market! I
My husband and I loved everything except for the truffle flavoured piece... it tasted too weird for us. Super loved the yuzu, white chocolate and wasabi flavour!"
135,"Jerry, Zhang Guo",4 stars,"Friendly services, decent food, but the king fish was a bit disappointing. Everything else was very good."
136,Jessy Parker,5 stars,"Michelline 1 star restaurant. Nice food , Nice staffs and they have lunch courses. Reasonable price. Very Yummy"
137,Joanne Ang,1 star,"It was a long awaited birthday dinner at Alma.
We were meant to celebrate our anniversary early November but Alma emailed to cancel due to refurbishment and offered 10% off for next dine-in. …"
138,Joanne Teh,5 stars,A lovely fine dining restaurant with great service and friendly people. Food was very unique and tasteful. Looks like they have many years of being a 1-star Michelin restaurant. Well deserved!
139,Joe McAyr,5 stars,Fantastic dining. Huge Armagnac selection.
140,Joey Boo,4 stars,"Food is exquisite for one Michelin star, service staff are friendly too.. Love the pork and cod fish"
141,John Koo,5 stars,We went for Spanish wine and dinner pairing. The food was very delicious and the services were excellent
142,Johnny,5 stars,Outstanding food and service
143,Johnson Tan,5 stars,"Very impressive, every dishes come with a excellence combination of gravy ingredient, Very enjoy for the wonderful lunch. This restaurant definately deserve for the Michelin star.."
144,Jolthan (Sam),3 stars,"Would give 3.5 stars if I could.

Came for the lunch set. Final bill came up to be around $150 per person. While …"
145,Jonas Hofman,4 stars,"Experienced a great hospitality and culinary experience at my last visit.

Definitely worth a visit - thanks at the whole team to make my lunch at ALMA a …"
146,Jonathan Ang,4 stars,"The dinner was fantastic, lunch set was value but wasn't as good. The bread baked with coffee beans is very fragrant and so delicious with the butter."
147,Jonathan Burg,4 stars,not bad! price a lil steep for value for money
148,Jonathan Wan,4 stars,Great quality food with decent service. Lunch prices are well worth it based on the quality of ingredients. Portions can be small but you’re paying for quality. Had some of the best pork ribs I’ve ever had anywhere. While the restaurant has …
149,Joshua Mei,4 stars,Solid food with hints of Singaporean heritage and flavours. Good service as well. Worthwhile to celebrate a story’s occasion there.
150,Joy KC,5 stars,"Perennial favorite. Loved the wine pairing with the dinner. Always familiar faces at Alma providing excellent service. Enjoy the fantastic effort and warmth exuded from the staff. Horsehair crab, Irish duck, and chutoro were fantastic. The warm bread and petit four's are always a lovely companion to the dinner."
151,Jérémy VIALANEIX,5 stars,Good restaurant one star Michelin guide awarded
152,Kamil Gottwald,3 stars,"Unfortunately I will not be comming back. The ambience is not great and the food is average. Some people might enjoy ice cream in the first three courses. I have no idea how this place managed to get a Michelin star. Lot would have to improve for me to come back. The bread and butter was good, the drinks and our waitress as well!"
153,Karen C,5 stars,"We had the executive lunch set meal consisting of a 7 course set ( adding in snacks, bread, petitie four). Every course was wonderful, our favourites were Shiro Ebi, Boston Lobster Cappelini, Nova Scotia Butter Poached Lobster, Tochiotmome …"
154,Katherine Aiko,3 stars,"Service is good. Unfortunately I doubt I will be coming back. The food presentation is good, but the taste is really pretty average. I really wonder how this is Michelin Star standard. Probably it was better way back then. The only thing I like is the bread and my dessert. Overall. Its a nice place. Food can be improved."
155,Katherine Santiago Alborte,5 stars,"Hubby and I spent our lunch date here for our 1st yr wedding anniversary today, and it was definitely a memorable experience. Every food served in the 5-course meal we tried was delectable and delightful. We loved how well thought every …"
156,Ken Koh,5 stars,Intense flavours and creativity
157,Keng Joon Yeo (杨庆云),4 stars,Good 4 dish set lunch.  Great presentation. Combination fusion like.
158,Kenneth,4 stars,"have been here a few times, had a very good experience this far save for the latest wine dinner where i felt the food and wines were both a letdown, which didn’t pair well either. else, i rate based on my past experiences and the service which i had"
159,Kevin Hee,3 stars,"Probably being harsh at 3 stars but this was an OK lunch which I am comparing to other 1-star experiences. 4 would mean hit the spot, and 5 would be a hidden jem 2 star in waiting. …"
160,Kian Wee Chong (William),5 stars,"Had a great evening here. Food is visually delightful and delivers on the palate. Very creative in the best of way, not pretentious at all. Service staff is some if the best here, warm and attentive, genuinely care to give guest a great …"
161,Kit W,4 stars,We had the ‘Aventure’ (8 courses) menu for the night and it was pretty good. The two memorable ones for me are 1) ‘Hamaguri Clams’ from the snacks and 2) ‘Nodoguro’ King Crab | Glutinous Rice | Negi. The presentation was good but the taste for each course could be a bit repetitive and Service was very good though.
162,Klein Phua,5 stars,"Food is great, environmental is nice and clean. Service staffs are very helpful and cheerful. They make the meal more enjoyable."
163,Laieng Lee,5 stars,The food is sublime. Will come back
164,Lee Derick,5 stars,"Really good experience, had the 4 course lunch set and the flavours were really interesting, quite filling too! Great service also :)"
165,Lena Chui,5 stars,"Held my wedding banquet here. All I want to say is the food, service, people, ambience and location are amazing."
166,Leo Cheang,5 stars,"Birthday celebration for my girlfriend. We took two 6-course set with wine pairing cost $508. Michelin star food very nice (my gal don't like the main course quail, too much bone...) food score 4.5, but the service is awesome! The manager special offer us 2004 wine. service 5.5!"
167,Lisa Ang,5 stars,"The service was impeccable and the food awesome. We really enjoyed ourselves, thank you to all staff especially Saravana. Will be back!"
168,Lisa Tan,5 stars,Like the food and place.  my 5th or 6th visit.
169,Luca Probst,1 star,"Utterly disgusting experience. Avoid this place now if you want Michelin Star cuisine. We dined at Alma several times in the past and went back after the pandemic. Not sure why the cuisine has changed so much, including the restaurant …"
170,Luis Antón,3 stars,"I cannot understand how Michelin Guide could gave this place one star. Food is okay but far from Michelin benchmark, decor and ambience are terrible and service is on par to your neighbourhood restaurant. Disappointing."
171,M Farhan,5 stars,CRISPY TOFU
172,Mad Mathic Cyndi,5 stars,Food is well curated to tantalise the palate. Each appetitizer dish is a mouthful only leading to main dish so u won't be too full. Pricing is on the high side to match the ingredients used. Set menu is more price worthy than ala carte. Customized set menu can be discussed with chef few days before meal.
173,Mahesh Patodia,4 stars,"Excellent food., good ambience pricey"
174,Mark Lee,3 stars,"I really loved this restaurant and been there several times. But the visit last night was unimpressive and I felt food was not deserving for a Michelin Star restaurant. I believe covid had a profound impact on their business, as I was the only table in the entire main dining area of the restaurant."
175,Mat Ser,5 stars,Stunning!
176,Matthew Chia,5 stars,Went there with 2 other at lunch time to celebrate someone birthday. It was raining at that time. Place looks nice with a transparent wine cellar. Lots of pictures for sale at the entrance. Also managed to spot the restaurant iconic …
177,Matthew Tan,4 stars,Great food and service...indeed worthy of that Michelin star
178,May Chua,5 stars,Great food and service ! My guests and I enjoyed
179,Mechie,4 stars,"Good food, cozy place. Not sure if you can visit more than 1x a month though."
180,Mel Vin,5 stars,"Fine Dining Perfection!

Full review in my IG @shiokaholic"
181,Melissa Lee,5 stars,"Well worthy of its star. Came here for the lunch set, about $50 per person. Gazpacho was well-executed, light but flavourful. Lobster angel hair pasta was really rich without being overwhelming, portion size was probably a little too …"
182,Meng Wang,4 stars,Nice good nice service
183,Miaw Goh,4 stars,"Had their $165 dinner set, very delicious, worth the 1 star.
Won’t recommend their Hungarian Goose though.."
184,Mich C,4 stars,Had the 7 course dinner tasting menu. Enjoyed the creative dishes especially the Snacks/Appetizers. The complimentary potato bread and bordier butter is to die for. …
185,Michelle Tan,4 stars,Wild berries is an excellent dessert choice to end off the meal!
186,Mike,4 stars,"One Michelin star, simple menu, 4 course 148++ , 5 course 168++ . Tasting menu only, no other menu. Vegetarian option available. Saw some expensive five figure wine on the menu around 25K. Decor not the best, not sure what style they are …"
187,Mike Pearson,5 stars,"The Tarte Tatin is stunning - if you go for anything, go for this. Possibly the best Tarte Tatin in the world"
188,Ming Hong Lim,5 stars,"The chef has concocted an amazing blend of flavors in the menu. The ingredients are very fresh, and the taste is very nuanced and refreshing. The dining ambien is classy and the service excellent. …"
189,Muhammad Aminuddin Zulkifli,5 stars,Very exquisite type of menu offered. A delicious and filling dish.
190,Mustapha Muhammad moshood,1 star,It is very nice
191,Naklapas Watcharapariyapas,5 stars,"I went there 8 months ago
Fantastic food and good service
Everything delicious"
192,Nancy Jiao,5 stars,Great ambient and creative good!
193,Nathan Lam,4 stars,Delicious food! Fantastic Japanese fusion cuisine. Great presentation of everything as well. It is more on the expensive side.
194,Nee Scraw,4 stars,lunch is good value for money
195,Nehal Ahmed,5 stars,Had a very enjoyable 8 course dinner on 24th Sep 2019.  Wonderful food and great service.
196,Neil Karkera,5 stars,Great food and excellent service.
197,Nicholas Sean,5 stars,"friendly server, grat dish!"
198,Nikhil Krishnan,5 stars,"It's pricey but very much worth it if you enjoy fine food. The decor is insipid which is in stark contrast to the food. Go for the food, not for the ambience."
199,Ouz Yaka,5 stars,It is a very beautiful venue that I can definitely recommend for your special occasions.
200,P H,5 stars,Posting my overdue review from before Phase 2HA. The weekday lunch set is good value. Attentive service. Food is plated beautifully. The butter poached lobster was among the best I’ve had!
201,Pam Kong,5 stars,This was my second visit. First was disappointing with extremely lousy service. This time round I was impressed by the food and service. Junkai is such a talented young chef who created the pork jowl and cherry custard tart during our service. Impeccable hospitality. Commendable teamwork! Keep it up!
202,Patrick Aeschbacher,5 stars,Excellent lunch....👍👍👍 …
203,Patrick Teo,5 stars,"A meal to remember! may not have the classiest decor, but am here for the food! Well deserved Star"
204,Peter Pan,5 stars,Good fine dining experience at ALMA! The staffs are friendly too! Definitely will come back in future!
205,Philip Jackson,5 stars,"Alma doesn't disappoint. The staff are competent, friendly and kind. There is a lot of attention given to details of the food. Particularly love their coffee smoked potato bread and salty butter."
206,Polo C,5 stars,"Humble, unassuming location. And then you try the food - BAM! Mouth-watering dishes, love the play on the traditional kaya toast, sea bug, amazing desserts! One of the best meals I've had in a while."
207,Pranav Moolwaney,5 stars,The food was absolutely amazing. The pork jowl is brined for 6 hours followed by a 12 hour slow cook for a 'melt in the mouth' experience. The presentation is excellent and each bite has a unique flavor due to the various toppings on the …
208,Pratt Joel,5 stars,Very good attending and a nice place to have any kind of meal you want
209,Prerit Mishra,5 stars,Very good food and great service. Definitely worth it.
210,Rachel Au-Yong,5 stars,"Hosted a birthday lunch, and for the ambience, service and quality of the food, the executive lunch is really value for money. I loved the crispy tofu with foie gras sauce, and the Boston lobster pasta was a hit with everyone. The staff …"
211,Rachel Lam,5 stars,Our 4th visit to this restaurant. Set lunch menu is reasonably priced and food quality continues to remain great. Staff are very friendly and service is attentive. Highly recommended!!
212,Rahul M.Patil,5 stars,Amazing food! especially the pumpkin soup with crab meat.. Great service
213,Raphaël Peyret,5 stars,"Exceptional food. A pleasure for the senses and really impressive taste experience!
Hats off to the chef!"
214,Rarchelle SY,4 stars,Their starter is good with very creative mix of Singapore flavour twist. The bread serve is one of the best i tried with their butter.. love the lobster pasta and mushroom dish (3rd course) …
215,Ravichandran Dhakshinamoorthy,4 stars,Best place for all
216,Ray Goh,1 star,"Booked this place for a celebratory lunch with friends and we were disappointed. Taste was OK, one of my friends ordered barramundi which was served with center still raw. Server promptly removed the dish without a single word of apology or …"
217,Raycher Lim,4 stars,"Good food but small portion, shld be the same for all fine dining. Attentive staff and great service. The only thing is the building and restaurant is dated and need further improvement work soon."
218,Remco Jonker,5 stars,Went here for Saturday lunch during the Nespresso restaurant week. Enjoyed a very reasonably priced fixed menu. As my partner has an allergy some of the dishes were adapted for her. Food taste is really good. Choice of ingredients is …
219,Richard,4 stars,Had a wonderful detail lunch today. For those who preferred to have layers of flavour in each dish. Worth a visit.
220,Rise&Shine,4 stars,"Had their 4-course set lunch $69. Attentive service. Love their potato bread, tofu, pasta and vanilla creme. Lobster and crab were disappointing."
221,Rodolphe Huret,5 stars,Very good starred restaurant in Singapore.
222,Roland Seh,5 stars,Fantastic food. Excellent Table Services by Saravana and Cecile! Cecile explained the dishes clearly and really made me and my wife felt pampered and well taken care of!!
223,Ronald Choe,5 stars,"Exquisite cuisine, ingredients were fresh, flavours were mind blowing. What an experience!"
224,Royal Pears,3 stars,Didn't enjoy the degustation dinner menu very much during my visit in August 2018 mainly because the meal seemed more Japanese than Spanish.
225,Ruby,4 stars,"For my first meal in Singapore, I experienced fine dining with one Michelin star. The transportation is convenient and it is convenient to book a table. Although it is a Saturday night, the restaurant is not completely full, allowing each …"
226,Ruby Crystal Chen,4 stars,We had decouverte set lunch . Good experience with good service … impressed with the Iberico pork tart
227,Ryan Lim,5 stars,"Perfect blend of taste, high quality ingredient is used too. Will definitely come again."
228,S Foo,5 stars,"We had a very enjoyable light hearted Friday lunch through the good service given in particular by Saravana, Manager/Sommelier. The service was further enhanced with the explanation of each dish served by Syed, Assistant Manager. The …"
229,SE,1 star,"Visited Alma for lunch on Saturday and ordered the four course lunch.

Disappointed that the fish was undercooked. Service was a little tardy. …"
230,SH,4 stars,Was using Haute Citi deal. Interesting creations. Same ingredient (truffle) and decoration flowers appear a bit too frequent.
231,STEPHEN WEE,5 stars,Great service and good food
232,Saka Muhammed,5 stars,It is a very lovely restaurant and their food is the best
233,Samuel Heng,5 stars,"Nice environment and friendly staff.
And the food is great! …"
234,Sangsub Lee,5 stars,"Best ever not only in Singapore but worldwidely.
I  enjoyed every single dish of four course lunch set, which was definitely better than the other one star Michelin restaurants."
235,Saurabh Lakhanpal,5 stars,Great place for a fine dine...!!!
236,Seamus,4 stars,Food was good and I enjoyed the ambience. Ceiling was pretty low so it felt cosy. Had their course lunch menu👍 …
237,Sean Lee,5 stars,Learnt about Chef Haikal and Michelin-starred Alma from Masterchef Singapore Season 1 and finally got down to trying it to celebrate a special occasion. Had a 3-course lunch set and topped up my main to try the Duroc Spanish Pork option. It …
238,Sergio Galzerano,5 stars,"Loved the caneles and the chocolate dessert

Also they have great cheesecake, cheese platter and mushroom emulsion"
239,Sharon Ng,3 stars,"An average eating experience. Food was not up to par, especially the beef. requested for med rare, came up medium well.. had to send it back and came back still med well and tough. The sous chef was nice but it didnt help to remove the …"
240,Sharon WW,5 stars,Great food and service!
241,Shayantan Debbarman,5 stars,Terrific food and highly recommended for gourmet food lovers! They also have a terrific alcohol collection ☺️
242,Shayne Mathews,4 stars,Most of the dishes at the dinner were really good and some of them were awesome. I wasn't a huge fan of their wine collection and service was a tad iffy. All the servers were very courteous but the servers at our table kept changing which meant that we had to repeat some requests.
243,Sheryl Fei,4 stars,"Nice Spanish restaurant. Good wine selection. Food is on average though, nothing “wow”."
244,Simeon Ang,4 stars,"Had the 5-course degustation lunch set. 188/pax. Everything was really good, the food, the bread, the service and even the heron paintings were cool. Took a half star out of a 4.5 star rating mainly because I could not appreciate the foie …"
245,SingWei Wong,5 stars,"Definitely one of the better Michelin starred restaurant I have been. Had 4 starters before my 4 mains came along, each one of them is a pleasant surprise in terms of taste n flavour. Worth coming back here again 👍😋 …"
246,Sng Yong Hwee Sng,5 stars,It's okie
247,Spencer Campbell,5 stars,Incredible food coupled with amazing service!
248,Stteven Siow,5 stars,"Italian restaurant with good service
and good food. Accompanied by good wines."
249,Sudipto Guha,5 stars,"A one michelin star restaurant in the Goodwood Park Hotel, went there to celebrate my wife's birthday for lunch on a weekday. We took the 3 course lunch set which I would say is very reasonably priced for a michelin rated place (although …"
250,Sunyi Precision,5 stars,Outstanding food and service 😊 …
251,Susan Ooi,5 stars,"Great experience. Service is good and staff are friendly. Last visit was in April. This round in July, there's new menu and particularly love the duck, tender and juicy while skin is crispy 👍. Always love their potato bread and the wine. …"
252,Svetlana Joshi,5 stars,"Loved Alma! Delicious food and very balanced portion sizes in the 4-course tasting menu. Good spread in both the veg and non-veg options. I had scallops, lobster and barramundi. The lobster pasta was my favorite course. The apple tart tartin was lovely without being overly sweet. Would definitely visit again."
253,Swaminathan Rajaram,5 stars,"My recent visit to Alma showcased Manager Ali's exceptional leadership, resulting in a professional, courteous staff and meticulous attention to detail. Ali's commitment to excellence is evident in the warm ambiance, efficient service, and …"
254,Syahirah Halim,4 stars,"Decent 3 courses for lunch; had the kanpachi, Boston lobster pasta and brûlée. Service was okay, bread was nice. Would recommend if you’re in the area."
255,Syrym Zhigit,4 stars,A wonderful lunch at value. Attentive staff with good manners. Nice atmosphere and fine presentation of food
256,Sze Wee Tan,4 stars,Was hosted here for dinner and we had the degustation menu. The presentations for each individual Items was done professionally. Food was delicious as well as the dessert. Good experience.
257,T K,5 stars,Really enjoyed our lunch meal here. Definitely Revisit!!
258,T Singh,4 stars,"Great, well priced wine list by Water and Wine.  Good value, interesting food."
259,TC,2 stars,Didn’t like the food this time. Flavors are strong and kinda odd mix. Too heavy too. An hour after the meal I don’t feel so good :/
260,Tarn Siripanichgorn,5 stars,"When I walked in, I felt the ambience was not really nice compared to other fine dining places in Singapore. However the food made the dinner experience better. …"
261,Teo Chloe,5 stars,Great service and love their toast bread a lot. Lunch dishes served were within our expectation. Only a pity that the duck dish was sold out that weekend.
262,Thawit Panyasuttakul,5 stars,Love it . Reasonable price with super delicious dishes
263,Timothy Lo,5 stars,"Very unique and excellent food. Service was also discreet, yet attentive. The private room is ideal for entertaining business associates. Also a very good place for a special dinner with family and close friends."
264,Timothy Winston,4 stars,Service was amazing. Food was really slow even for an establishment like themselves. Food were good.
265,Tom Pope,5 stars,Very fine balance of flavours that surprise you as you go deeper into the layers of their delicacies. …
266,Tryphena,5 stars,Yummy! I’d come back for the set lunch!
267,Tsuyumi Miwa,5 stars,"Always delightful! I have been here 6 times now, and it doesn't disappoint in any way. Exquisite food and fantastic service!"
268,User *,3 stars,"The service was good here, staff was very sincere and tried hard, kudos to them.  Food was bit of a miss, dishes were flat.  Truffle was dry and tasteless.  Many dishes were unbalanced and overly on the sweet side.  Ambience needs a lot of …"
269,Van Law,5 stars,Truly one of the best meals we have had in a while. Food quality is top-notch and the menu concept is refreshing. The staff are very friendly and attentive as well. 10/10!
270,Victor T,5 stars,"Top notch food, great service. Nuff said"
271,Vincent Goh,5 stars,One of the best fine dining restaurant with a good value for money. Keep it up!
272,Volodymyr Sheptukha,5 stars,"A wonderful establishment with a Michelin star. Excellent cuisine, well-trained staff. We were pleasantly pleased with the numerous delicious compliments from the chef. Expensive."
273,Weimin Ong,5 stars,Visited for lunch on a weekday. We had the fish and duck each. Mains weren't spectacular but everything else was great. We loved the Egg dish with mantou and butter. Dessert was interesting as well but the flavours came together well. The …
274,Wendy Douglas-Khin,5 stars,"If you want to embark on a gastronomic food journey, why not try Alama. Recently was there to celebrate a special occasion.  The experience was unbelievable and it really brings your taste buds on a food journey."
275,Wilfred Tay,3 stars,"visited using the citibank prestige dining promo late last year. based on it being a 1-michelin star, I think the food menu and service could be improved. Perhaps, the menu was curated for a discounted citibank menu costing about $200 and …"
276,Wm Emery,5 stars,Very enjoyable Christmas dinner. 6 course dinner is surprisingly filling. Dessert went down a treat.
277,Yan Z,5 stars,A serendipitous lunch experience. Everything is perfect as a spontaneous encounter. …
278,Yanru Guo,5 stars,"This is my second time there. The menu is changed, and the food quality is still impressive. Definitely recommend this place if you are looking for fine dining in Singapore with a reasonable price"
279,Yau Chan Lim,5 stars,Great food! Great collection of wines! Very reasonable price esp lunch!
280,Yee Gary,4 stars,Bread was good but I am not a dessert person
281,Yeo Yong Liang,5 stars,Very good experience!
282,Yixuan Zhong,5 stars,Weekday lunch set is of great value.
283,Yu Chun Liu,5 stars,Flawless! Awesome food!
284,Yu Hang Lin,5 stars,Beet interesting fusion food. Good staff
285,Yu Ying Rachel Wong,5 stars,"Awesome experience &amp; ambience! Attentive service by the staff from the beginning to end. Do not expect huge portion because it's a fine dining however it is filling. With a simple One-Michelin menu, I had a 3-course lunch meal and the food …"
286,Yu-Chieh Hsiao,5 stars,"Great food! The chef handled ingredients very well, and wine made great pairing with food and service was good. I’ll definitely recommend people to come here."
287,Z O,5 stars,"Great food and service. Flavours were on point, and loved the presentation. Loved the personal touch of tableside garnishing. …"
288,Zane,5 stars,We had a weekend 3 course lunch and were blown away by the warm service (started from my phone reservation) and the foods. The couple facing seats was nicely spaced out and the waiting staff kindly pointed out that there's ice tapped water …
289,Zeeyu L,5 stars,"Best dining experience ever! Gorgeous bite-sized food with surprise combinations. Staff were very attentive and chatty. I’d definitely return to the restaurant, Thumbs up!"
290,Zen Soh,5 stars,"Awesome food with sophisticated flavours. 5 stars for ambience, food presentation and food quality!"
291,Zizhen Wang,5 stars,"2022 Singapore Michelin star, went for lunch on January 14, 2023, set menu. The location of this store is pretty good, and the restaurant space is larger than other Michelin restaurants I have eaten at. There are not too many people, and it …"
292,Zy Ho,5 stars,Loved every single dish and its presentation
293,ade__ FriedBrainCells,5 stars,"Farm to table was experience lovely, friendly staff great service and food was creative and gastronomical. The creative fusion of food ingredients was ingenious."
294,alex koh,4 stars,"Had a wonderful experience.
Service was good!"
295,biljana trebjesanin,5 stars,"Very good cuisine, refined and full of flavors
Impeccable and very kind service
I highly recommend"
296,chanel chanel,1 star,"Disappointing and absolutely underwhelming.

First of all the amuse-bouche, it consisted of two small bites. One of which was …"
297,ehs s.,3 stars,pretty looking food but seafood dishes are not fresh
298,gloria lim,5 stars,Nice experience and food were great!
299,grace,5 stars,Great service and great food
300,guillaume poulet,1 star,"Very disappointed by my dinner here, Alma does not deserve its Michelin Star. None of the courses can be considered decent, it was just ingredients put together without inspiration."
301,gujju saba,5 stars,A nice place to visit
302,jason lim,5 stars,went there for cocktail. Quite nice ! Planning to go for their set meals next time
303,johnng huang,2 stars,"one of the highest vacancy restaurant in sg, you will be able to get a table anytime you want basically!!! Due to very limited or almost no customers every day, you can definitely get the most of the service and attention you desire for. …"
304,kewen Tang,5 stars,Love this place very much.came for anniversary dinner with my partner and we loved it!
305,mani waran,5 stars,"One of best restaurants....sara n syed the manager team treat us very good
Thanks to kitchen team for lovely food"
306,mmadonini,1 star,"Super small portions despite a not super small bill. Walked out craving for food. Not exactly what I expected from a Spanish chef. We dine out to eat well, not to taste well. There is a difference Bro."
307,myllck records,5 stars,Highly recommended! We are impressed by the high quality in both the food and service! We really apprecite the excellent service of Ali and his team for making us feel ar home. A must try is the Duck Breast! Super yummy! Great selection of Napa Valley wine too.
308,orange_tree_au,3 stars,"The Executive Lunch set comes with snacks, housemade bread and four courses including dessert. …"
309,penny Sw journal,4 stars,Food very yummy especially the main i don't regret to choose the Hungarian goose as main but i don't really like the ambience its too normal.
310,shaun chong,5 stars,Its a nice environment! Didnt notice their entrance at Goodwood Park Hotel before. Food is unique and delicious. I will be back again for sure.
311,shona,5 stars,"such amazing food, and a wonderful atmosphere! we loved our dining experience here. the waitstaff were so knowledgeable, and the food was so beautifully presented! we got the 'explore' seven course and it was fantastic! our favourites for the night was the sushi snack, and the pork jowl! so delicious, can't wait to return again!"
312,sunday all,1 star,"An incompetent Michelin restaurant

1.Ordered a 7-course set meal. The dishes were served very slowly. It was not …"
313,suzen,4 stars,Indeed a Michelin * service &amp; food served. Went for the set meal 😋 …
314,tiffany tay,3 stars,"Overdue post from Dec 2023.

Went for lunch at Alma. For a Michelin star restaurant within a hotel, the …"
315,xiaoyun yang,4 stars,"Good food, unique tableware, very friendly staff. Not as pretentious as the other fine dining Michelin stars."
316,yongxing Qi,5 stars,Amazing food and excellent service! The durian popcorn is quite unique. The beef is tender and juicy. Definitely worth the price!
317,ぴよばしjetsetter,5 stars,"Singapore branch of a German three-star Michelin chef. Modern French is global, regardless of Germany. I've been there several times and it's definitely delicious. Perhaps because it's located in a famous hotel, it's also open for lunch, so the lunch course is a good deal. Recommended for both tourists and residents."
318,羅曼蒂克克活動企劃團隊,4 stars,"""Alma"" is located in the center of Singapore, a restaurant on the first floor of the Goodwood Park Hotel. From the time I made a reservation to the time I left the restaurant, I felt that the service was very good. The decoration in the …"
319,박순옥,3 stars,"This place got a Michelin star.
It's awesome~ :)"
